text,labels,confidence,source,iab_label
Some people enjoy the creative process of making their own candles and soaps.,,0.19,synthetic,IAB9 Hobbies & Interests
metallica rocks glastonbury heavier side music,,0.19,pseudo labeled,IAB9 Hobbies & Interests
etihads a380 residence lounge double bed ensuite shower,,0.19,pseudo labeled,IAB9 Hobbies & Interests
Candle and soap making can be a great way to relax and de-stress.,,0.19,synthetic,IAB9 Hobbies & Interests
"No matter what your reason for enjoying candle and soap making, there are many resources available to help you get started.",,0.19,synthetic,IAB9 Hobbies & Interests
montreals amaya gaming wins jackpot us49b deal become online,,0.19,pseudo labeled,IAB9 Hobbies & Interests
kim takes chopper instagram,,0.19,pseudo labeled,IAB9 Hobbies & Interests
"The guitar has a long and rich history, dating back to the 15th century.",,0.19,synthetic,IAB9 Hobbies & Interests
video sheffield rare music fans brave cold record store day,,0.19,pseudo labeled,IAB9 Hobbies & Interests
watch sharknado 2 live online see video second one,,0.19,pseudo labeled,IAB9 Hobbies & Interests
profoundly sorry gary oldman apologizes comments playboy,,0.19,pseudo labeled,IAB9 Hobbies & Interests
build favourite space gadgets littlebits awesome nasa kit,,0.19,pseudo labeled,IAB9 Hobbies & Interests
rolling stones richards pens kids book gus,,0.19,pseudo labeled,IAB9 Hobbies & Interests
"Climbing has gained immense popularity in recent years, attracting a diverse range of individuals seeking adventure, fitness, and personal growth.",,0.19,synthetic,IAB9 Hobbies & Interests
game thrones book readers discussion first name,,0.19,pseudo labeled,IAB9 Hobbies & Interests
teens drinking smoking less,,0.19,pseudo labeled,IAB9 Hobbies & Interests
neanderthals loved vegies meat,,0.19,pseudo labeled,IAB9 Hobbies & Interests
wheel fortune host pat sajak takes poke global warming twitter,,0.19,pseudo labeled,IAB9 Hobbies & Interests
record store day hallelujah vinyl alive,,0.19,pseudo labeled,IAB9 Hobbies & Interests
san gorgonio pass amateur radio club event,,0.19,pseudo labeled,IAB9 Hobbies & Interests
obama michelle mourn loss godfather house music knuckles,,0.19,pseudo labeled,IAB9 Hobbies & Interests
The rise of digital scrapbooking in the early 2000s was another major event in the history of the hobby.,,0.19,synthetic,IAB9 Hobbies & Interests
urged snuff ecigarettes,,0.19,pseudo labeled,IAB9 Hobbies & Interests
riding tubular flood darren russell friends conversation,,0.19,pseudo labeled,IAB9 Hobbies & Interests
"Future possibilities for the hobby of collecting stamps and coins include the integration of technology, the expansion of digital collecting platforms, and the continued appreciation of these tangible artifacts as historical and cultural treasures.",,0.19,synthetic,IAB9 Hobbies & Interests
Painting can be a great way to connect with your inner self and explore your creativity.,,0.19,synthetic,IAB9 Hobbies & Interests
daily deals alien isolation sigourney weaver edition godzilla smash bros,,0.19,pseudo labeled,IAB9 Hobbies & Interests
You can also find beadwork classes and workshops at local craft stores and community centers.,,0.19,synthetic,IAB9 Hobbies & Interests
youll need start saving ps4 shooter destinys collectors edition,,0.19,pseudo labeled,IAB9 Hobbies & Interests
abbvie still keen shire pharma wants board recommendation,,0.19,pseudo labeled,IAB9 Hobbies & Interests
xbox one goes sale china september,,0.19,pseudo labeled,IAB9 Hobbies & Interests
chuck e cheeses adds oculus rift vr games,,0.19,pseudo labeled,IAB9 Hobbies & Interests
miley cyrus tells audience smoke weed instead cigarettes,,0.19,pseudo labeled,IAB9 Hobbies & Interests
bachelorette psssst nick loves andi,,0.19,pseudo labeled,IAB9 Hobbies & Interests
Board games and puzzles can be a great way to relax and de-stress after a long day.,,0.19,synthetic,IAB9 Hobbies & Interests
face fandom,,0.19,pseudo labeled,IAB9 Hobbies & Interests
"If you are interested in photography, there are many different ways to get involved.",,0.19,synthetic,IAB9 Hobbies & Interests
ben affleck play blackjack downtown count us,,0.19,pseudo labeled,IAB9 Hobbies & Interests
"After the war, motorcycles continued to be popular, and they remain so today.",,0.19,synthetic,IAB9 Hobbies & Interests
matt damon douses toilet water,,0.19,pseudo labeled,IAB9 Hobbies & Interests
pinterest gets butthacked,,0.19,pseudo labeled,IAB9 Hobbies & Interests
rain making grain,,0.19,pseudo labeled,IAB9 Hobbies & Interests
rhapsody exclusive music streaming service fan tv,,0.19,pseudo labeled,IAB9 Hobbies & Interests
karen gillan wants keep horror movies,,0.19,pseudo labeled,IAB9 Hobbies & Interests
harleydavidson unveils first electric hog,,0.19,pseudo labeled,IAB9 Hobbies & Interests
stock futures sail q2 gdp twitter sprint garmin soar,,0.19,pseudo labeled,IAB9 Hobbies & Interests
theyre crazy iheartradio loop pharrells happy 13,,0.19,pseudo labeled,IAB9 Hobbies & Interests
vintage video bill cosby presents bicycles beautiful,,0.19,pseudo labeled,IAB9 Hobbies & Interests
keeping kardashians klip psychics squats sperm,,0.19,pseudo labeled,IAB9 Hobbies & Interests
keira knightley trades corset guitar begin,,0.19,pseudo labeled,IAB9 Hobbies & Interests
japanese maple bonsai kits,,0.19,synthetic,IAB9 Hobbies & Interests
frankie knuckles house music godfather dead 59,,0.19,pseudo labeled,IAB9 Hobbies & Interests
rowling resurrects potter,,0.19,pseudo labeled,IAB9 Hobbies & Interests
world loses mind uber valued ten beeellion dollars pinterest,,0.18,pseudo labeled,IAB9 Hobbies & Interests
iphone lovers week windows phone 81,,0.18,pseudo labeled,IAB9 Hobbies & Interests
attenborough love indian culture alok nath,,0.18,pseudo labeled,IAB9 Hobbies & Interests
fort myers amateur radio club hosts field day,,0.18,pseudo labeled,IAB9 Hobbies & Interests
filmmaker finds initial trove buried atari game cartridges,,0.18,pseudo labeled,IAB9 Hobbies & Interests
valley shops expect vinyl fans turn record store day,,0.18,pseudo labeled,IAB9 Hobbies & Interests
40000 petition hated person internet texas hunter,,0.18,pseudo labeled,IAB9 Hobbies & Interests
apple plan record music,,0.18,pseudo labeled,IAB9 Hobbies & Interests
wealthier teens likely smoke hookah study,,0.18,pseudo labeled,IAB9 Hobbies & Interests
kim kardashian video game sneak peek fans flirt fall love,,0.18,pseudo labeled,IAB9 Hobbies & Interests
"If you are interested in learning more about beadwork, there are many resources available online and in libraries.",,0.18,synthetic,IAB9 Hobbies & Interests
"The hobby of collecting stamps and coins has a positive impact on the economy, supporting businesses that specialize in the sale and preservation of these artifacts.",,0.18,synthetic,IAB9 Hobbies & Interests
hbo amazon watch first,,0.18,pseudo labeled,IAB9 Hobbies & Interests
typo keyboard iphone 5s agnerds rejoice,,0.18,pseudo labeled,IAB9 Hobbies & Interests
king digital ipo crushed first day trading avoid fate zynga,,0.18,pseudo labeled,IAB9 Hobbies & Interests
neil young start kickstarterfunded music service player 1,,0.18,pseudo labeled,IAB9 Hobbies & Interests
first billionaire hiphop dre boasts apple beats deal facebook,,0.18,pseudo labeled,IAB9 Hobbies & Interests
urged crack ecigarettes,,0.18,pseudo labeled,IAB9 Hobbies & Interests
wollongong groove record store day photos,,0.18,pseudo labeled,IAB9 Hobbies & Interests
vinyl vinyls eve record store day collectors cant seem agree,,0.18,pseudo labeled,IAB9 Hobbies & Interests
china japan blast competition gaming ipos,,0.18,pseudo labeled,IAB9 Hobbies & Interests
There are many different reasons why people enjoy candle and soap making.,,0.18,synthetic,IAB9 Hobbies & Interests
"Sailing can be a great way to get exercise, enjoy the outdoors, and make new friends.",,0.18,synthetic,IAB9 Hobbies & Interests
secret applecomcast confab blab movies streamed tv report,,0.18,pseudo labeled,IAB9 Hobbies & Interests
depth getting know lg g watch samsung gear live,,0.18,pseudo labeled,IAB9 Hobbies & Interests
japan military fair attracts gamers recruiters tokyo,,0.18,pseudo labeled,IAB9 Hobbies & Interests
"Canoeing and kayaking are both relatively easy to learn, and they can be enjoyed by people of all ages and abilities.",,0.18,synthetic,IAB9 Hobbies & Interests
youtube looking acquire twitchtv 1 billion,,0.18,pseudo labeled,IAB9 Hobbies & Interests
vinylly record store day,,0.18,pseudo labeled,IAB9 Hobbies & Interests
munich art hoarder cornelius gurlitt died,,0.18,pseudo labeled,IAB9 Hobbies & Interests
vinyl boom boom record store day,,0.18,pseudo labeled,IAB9 Hobbies & Interests
disgusted minecraft creator rejects oculus rift facebook acquisition,,0.18,pseudo labeled,IAB9 Hobbies & Interests
metallica love dolly parton,,0.18,pseudo labeled,IAB9 Hobbies & Interests
"If you are interested in learning more about sailing, there are many resources available online and in libraries.",,0.18,synthetic,IAB9 Hobbies & Interests
elizabeth olsen dakota fanning go skinny dipping good girls,,0.18,pseudo labeled,IAB9 Hobbies & Interests
ben affleck kicked hard rock casino counting cards,,0.18,pseudo labeled,IAB9 Hobbies & Interests
study hookah smoking rapidly gaining popularity among american teens,,0.18,pseudo labeled,IAB9 Hobbies & Interests
youtube kids pinterest ad sales way week social media,,0.18,pseudo labeled,IAB9 Hobbies & Interests
fire phone amazons direct line data dreams desires,,0.18,pseudo labeled,IAB9 Hobbies & Interests
experience swedish snuff teach us ecigarettes,,0.18,pseudo labeled,IAB9 Hobbies & Interests
whoopi goldberg professes love vaporizer pen ahead 420,,0.18,pseudo labeled,IAB9 Hobbies & Interests
neil young raises 14m kickstarter music player,,0.18,pseudo labeled,IAB9 Hobbies & Interests
"If you are interested in trying cigars, there are many different ways to get started.",,0.18,synthetic,IAB9 Hobbies & Interests
amazons fire phone ignite passions smartphone buyers lacklustre,,0.18,pseudo labeled,IAB9 Hobbies & Interests
coming soon karl lagerfeld barbie doll,,0.18,pseudo labeled,IAB9 Hobbies & Interests
update 1sony shanghai oriental pearl set china playstation jvs,,0.18,pseudo labeled,IAB9 Hobbies & Interests
mara wilson interested mrs doubtfire sequel,,0.18,pseudo labeled,IAB9 Hobbies & Interests
levar burton wants bring back reading rainbow,,0.18,pseudo labeled,IAB9 Hobbies & Interests
japanese yosegi puzzle boxes,,0.18,synthetic,IAB9 Hobbies & Interests
jack white jack white returns number one big week vinyl fans,,0.18,pseudo labeled,IAB9 Hobbies & Interests
lindsay lohan discusses alleged lovers list personal thing,,0.18,pseudo labeled,IAB9 Hobbies & Interests
garfield fan spiderman outfit,,0.18,pseudo labeled,IAB9 Hobbies & Interests
Arts and crafts can be used to promote mental and physical well-being.,,0.18,synthetic,IAB9 Hobbies & Interests
hps whitman pulls chain saw,,0.18,pseudo labeled,IAB9 Hobbies & Interests
valve provides sneak peek dota 2 virtual reality gear,,0.18,pseudo labeled,IAB9 Hobbies & Interests
texas tech cheerleader kendall jones hunting sparks outrage photos,,0.18,pseudo labeled,IAB9 Hobbies & Interests
candy crush bosses set taste sweet success flotation gaming firm,,0.18,pseudo labeled,IAB9 Hobbies & Interests
vietnamese hand woven hammocks,,0.18,synthetic,IAB9 Hobbies & Interests
DIY outdoor fire pit plans,,0.18,synthetic,IAB9 Hobbies & Interests
DIY window frame repair,,0.18,synthetic,IAB9 Hobbies & Interests
whoopi goldberg debuts pot columnist denver posts cannabist site,,0.18,pseudo labeled,IAB9 Hobbies & Interests
mrs doubtfire sequel former child star interested,,0.18,pseudo labeled,IAB9 Hobbies & Interests
watch dogs video parkour reallife hacking demonstrated ubisofts,,0.18,pseudo labeled,IAB9 Hobbies & Interests
"In recent years, there has been a growing interest in martial arts as a form of fitness.",,0.18,synthetic,IAB9 Hobbies & Interests
android burning hellstew malware cackles apples cook,,0.18,pseudo labeled,IAB9 Hobbies & Interests
Painting is a great way to connect with your inner self and explore your creativity.,,0.18,synthetic,IAB9 Hobbies & Interests
ios 8 os x yosemite change way photography,,0.18,pseudo labeled,IAB9 Hobbies & Interests
jagger tribute lover lwren,,0.18,pseudo labeled,IAB9 Hobbies & Interests
cleaning paper lanterns,,0.18,synthetic,IAB9 Hobbies & Interests
voice top 8 recap blind auditions blond ambitions,,0.17,pseudo labeled,IAB9 Hobbies & Interests
need buy new skylanders portal second year row,,0.17,pseudo labeled,IAB9 Hobbies & Interests
yesallwomen trends twitter wake isla vista shooting,,0.17,pseudo labeled,IAB9 Hobbies & Interests
fandom friday lion rose,,0.17,pseudo labeled,IAB9 Hobbies & Interests
facebook cracks likebaiting,,0.17,pseudo labeled,IAB9 Hobbies & Interests
juan pablo bachelor fans bad guy,,0.17,pseudo labeled,IAB9 Hobbies & Interests
swordswiping bonsai slice goes free gets universal support,,0.17,pseudo labeled,IAB9 Hobbies & Interests
arts crafts chain michaels raises 472 million ipo,,0.17,pseudo labeled,IAB9 Hobbies & Interests
Best hoppers recipes to try at home,,0.17,synthetic,IAB9 Hobbies & Interests
james franco underwear selfie fans people want video,,0.17,pseudo labeled,IAB9 Hobbies & Interests
"Bouldering, a form of climbing without ropes or harnesses, has gained popularity due to its accessibility and focus on technical skills.",,0.17,synthetic,IAB9 Hobbies & Interests
liam neesons supportive views horse carriages upsets animal lovers,,0.17,pseudo labeled,IAB9 Hobbies & Interests
headbanging causes brain bleeding 50yearold motorhead fan,,0.17,pseudo labeled,IAB9 Hobbies & Interests
bachelorette andi gets dirty chris watch,,0.17,pseudo labeled,IAB9 Hobbies & Interests
regulation chuck schumer talking like tea partier,,0.17,pseudo labeled,IAB9 Hobbies & Interests
"Canoeing and kayaking became popular recreational activities in the 19th century, and they have continued to grow in popularity ever since.",,0.17,synthetic,IAB9 Hobbies & Interests
house cards star corey stoll set join marvels antman,,0.17,pseudo labeled,IAB9 Hobbies & Interests
abbvies 46b offer shire turned,,0.17,pseudo labeled,IAB9 Hobbies & Interests
jennifer garner favor ben afflecks gambling habits,,0.17,pseudo labeled,IAB9 Hobbies & Interests
arrl field day shows ham radios,,0.17,pseudo labeled,IAB9 Hobbies & Interests
one direction cocaine hear weedsmoking,,0.17,pseudo labeled,IAB9 Hobbies & Interests
"Couponing can also be a fun and rewarding hobby, and there are many resources available to help consumers get started.",,0.17,synthetic,IAB9 Hobbies & Interests
xbox one vs ps4 yes titanfall makes difference,,0.17,pseudo labeled,IAB9 Hobbies & Interests
22 jump street jonah hill calls photographer faot,,0.17,pseudo labeled,IAB9 Hobbies & Interests
boulder rocks record store day,,0.17,pseudo labeled,IAB9 Hobbies & Interests
google glass working,,0.17,pseudo labeled,IAB9 Hobbies & Interests
candy crush maker kings ipo flops,,0.17,pseudo labeled,IAB9 Hobbies & Interests
balinese lontar palm fans,,0.17,synthetic,IAB9 Hobbies & Interests
ive best time elle fanning always dreamed princess,,0.17,pseudo labeled,IAB9 Hobbies & Interests
indian patang paper kites,,0.17,synthetic,IAB9 Hobbies & Interests
bill brownstein hbos normal heart tale aids anguish,,0.17,pseudo labeled,IAB9 Hobbies & Interests
japanese bonsai trimming tools,,0.17,synthetic,IAB9 Hobbies & Interests
cleaning Polish pottery,,0.17,synthetic,IAB9 Hobbies & Interests
facebook tracking online habits advertisements,,0.17,pseudo labeled,IAB9 Hobbies & Interests
philip morris debut ecig real tobacco,,0.17,pseudo labeled,IAB9 Hobbies & Interests
adding kardashians,,0.17,pseudo labeled,IAB9 Hobbies & Interests
growing mint in kitchen window,,0.17,synthetic,IAB9 Hobbies & Interests
one direction members filmed smoking joint,,0.17,pseudo labeled,IAB9 Hobbies & Interests
japanese bonsai display tables,,0.17,synthetic,IAB9 Hobbies & Interests
indoor japanese bonsai displays,,0.17,synthetic,IAB9 Hobbies & Interests
larry magid facebook tries slingshot snapchat,,0.17,pseudo labeled,IAB9 Hobbies & Interests
concrete birdbaths,,0.17,synthetic,IAB9 Hobbies & Interests
getting ready russell crowe noah read wesley smiths war,,0.17,pseudo labeled,IAB9 Hobbies & Interests
harleydavidson teases looks like electric motorcycle,,0.17,pseudo labeled,IAB9 Hobbies & Interests
youtube looks set dole 1 billion twitchtv,,0.17,pseudo labeled,IAB9 Hobbies & Interests
"Motorcycles have a long and storied history, dating back to the late 19th century.",,0.17,synthetic,IAB9 Hobbies & Interests
reclusive german art collector gurlitt dies 81,,0.17,pseudo labeled,IAB9 Hobbies & Interests
jk rowling fanfictionsherself,,0.17,pseudo labeled,IAB9 Hobbies & Interests
facebook readying slingshot take snapchat,,0.17,pseudo labeled,IAB9 Hobbies & Interests
abbvie campaigns win shire holders talking bid,,0.17,pseudo labeled,IAB9 Hobbies & Interests
kanye west enjoys guys night ahead marriage kim kardashian,,0.17,pseudo labeled,IAB9 Hobbies & Interests
facebook ios app listens tv music posting status updates,,0.17,pseudo labeled,IAB9 Hobbies & Interests
lg g3 lg wants make taking selfies simpler,,0.17,pseudo labeled,IAB9 Hobbies & Interests
- Some people believe that station wagons are too boring.,,0.17,synthetic,IAB9 Hobbies & Interests
cancers lifestyle link,,0.17,pseudo labeled,IAB9 Hobbies & Interests
sun city amateur radio club hosts field day,,0.17,pseudo labeled,IAB9 Hobbies & Interests
khloe kardashian kendall jenner hobnob valentino kims wedding,,0.17,pseudo labeled,IAB9 Hobbies & Interests
"There are books, websites, and classes that can teach you the basics of candle and soap making.",,0.17,synthetic,IAB9 Hobbies & Interests
video one direction pair filmed smoking joint,,0.17,pseudo labeled,IAB9 Hobbies & Interests
fans guide broadmoor pikes peak international hill climb,,0.17,pseudo labeled,IAB9 Hobbies & Interests
There are many different ways to get involved in candle and soap making.,,0.17,synthetic,IAB9 Hobbies & Interests
diehard godzilla fans new books offer details citystomping lizard,,0.17,pseudo labeled,IAB9 Hobbies & Interests
"There are many resources available to help people learn how to make candles and soaps, including books, websites, and classes.",,0.17,synthetic,IAB9 Hobbies & Interests
wheel fortune host pat sajak twitter meltdown global warming,,0.17,pseudo labeled,IAB9 Hobbies & Interests
autumn star making,,0.17,pseudo labeled,IAB9 Hobbies & Interests
week geek week big star winks,,0.17,pseudo labeled,IAB9 Hobbies & Interests
hunt easter eggs,,0.17,pseudo labeled,IAB9 Hobbies & Interests
halo tv halo nightfall track despite xbox entertainment studios closure,,0.17,pseudo labeled,IAB9 Hobbies & Interests
"Board games and puzzles can be enjoyed by people of all ages and abilities, making them a great way to bring people together.",,0.17,synthetic,IAB9 Hobbies & Interests
khloe kardashian concerned robs partying,,0.17,pseudo labeled,IAB9 Hobbies & Interests
Arts and crafts can be used to promote a sense of well-being and happiness.,,0.17,synthetic,IAB9 Hobbies & Interests
brian williams huge bachelorette fan,,0.17,pseudo labeled,IAB9 Hobbies & Interests
favoriting habits made public new twitter,,0.17,pseudo labeled,IAB9 Hobbies & Interests
"Woodworking is a great way to relax and de-stress, and it can also be a very rewarding experience to create something beautiful and functional with your own hands.",,0.17,synthetic,IAB9 Hobbies & Interests
shares candy crush maker crumble new york,,0.17,pseudo labeled,IAB9 Hobbies & Interests
record store day shoots vinyl orbit,,0.17,pseudo labeled,IAB9 Hobbies & Interests
Needlework can be a great way to express your creativity and make something beautiful.,,0.17,synthetic,IAB9 Hobbies & Interests
boxcryptor flipkart foundbite app highlights week,,0.17,pseudo labeled,IAB9 Hobbies & Interests
meet bebop parrots oculus riftcompatible drone,,0.17,pseudo labeled,IAB9 Hobbies & Interests
update 1candy crush maker king digital valued 7 bln ipo,,0.17,pseudo labeled,IAB9 Hobbies & Interests
bachelor juan pablo says loves nikki sort,,0.17,pseudo labeled,IAB9 Hobbies & Interests
frog fractions 2 adds stretch goal buy oculus facebook,,0.17,pseudo labeled,IAB9 Hobbies & Interests
facebook adds new way tag updates music tv,,0.17,pseudo labeled,IAB9 Hobbies & Interests
motorola moto x1 x2 different flagship phone,,0.17,pseudo labeled,IAB9 Hobbies & Interests
19yearold texas tech cheerleader says hunts animals help,,0.17,pseudo labeled,IAB9 Hobbies & Interests
wii u continues drag nintendo heres need turn,,0.17,pseudo labeled,IAB9 Hobbies & Interests
neil degrasse tyson loves stoned neil degrasse tyson video,,0.17,pseudo labeled,IAB9 Hobbies & Interests
"You can also find cigar clubs and events in many cities, which can be a great way to meet other cigar enthusiasts.",,0.17,synthetic,IAB9 Hobbies & Interests
pinterest valued s6b funding round,,0.16,pseudo labeled,IAB9 Hobbies & Interests
neil young highfidelity music player launch march 15,,0.16,pseudo labeled,IAB9 Hobbies & Interests
japanese raku ceramic bird feeders,,0.16,synthetic,IAB9 Hobbies & Interests
arts crafts retailer michaels begins trading ipo price 17,,0.16,pseudo labeled,IAB9 Hobbies & Interests
ap music writerapril 12 2014 updated 14 minutes ago,,0.16,pseudo labeled,IAB9 Hobbies & Interests
handwoven african baskets,,0.16,synthetic,IAB9 Hobbies & Interests
like easter pursuit,,0.16,pseudo labeled,IAB9 Hobbies & Interests
opt interestbased advertising facebook,,0.16,pseudo labeled,IAB9 Hobbies & Interests
neil young launching new music player tomorrow,,0.16,pseudo labeled,IAB9 Hobbies & Interests
hookah use increasing appeals mostly wealthier tokers,,0.16,pseudo labeled,IAB9 Hobbies & Interests
navy gets access big titles new ebook reader nerd,,0.16,pseudo labeled,IAB9 Hobbies & Interests
20 million units sold enough make apple tv hobby ceo,,0.16,pseudo labeled,IAB9 Hobbies & Interests
eminem instagrams cowboy photo hints big texasrelated,,0.16,pseudo labeled,IAB9 Hobbies & Interests
facebook slingshot,,0.16,pseudo labeled,IAB9 Hobbies & Interests
homeless zimmerman signs autographs gun show,,0.16,pseudo labeled,IAB9 Hobbies & Interests
relive awkward high school years seeing goo goo dolls tonight,,0.16,pseudo labeled,IAB9 Hobbies & Interests
four hubarea crumbs bake shops shut,,0.16,pseudo labeled,IAB9 Hobbies & Interests
relaxing fun images hookah smoking makes students ignore health harms,,0.16,pseudo labeled,IAB9 Hobbies & Interests
amateur radio enthusiasts big day saturday,,0.16,pseudo labeled,IAB9 Hobbies & Interests
japanese hand blown glass wind bells,,0.16,synthetic,IAB9 Hobbies & Interests
ap music writerapril 12 2014 updated 3 hours ago,,0.16,pseudo labeled,IAB9 Hobbies & Interests
navy nerds getting free ebook readers,,0.16,pseudo labeled,IAB9 Hobbies & Interests
comcast burns netflix snagging house cards,,0.16,pseudo labeled,IAB9 Hobbies & Interests
microsoft abandons xbox tv push order focus games mobile,,0.16,pseudo labeled,IAB9 Hobbies & Interests
treatment plan record store day split ep reckless love,,0.16,pseudo labeled,IAB9 Hobbies & Interests
stargazing,,0.16,pseudo labeled,IAB9 Hobbies & Interests
recap game thrones watch burning house,,0.16,pseudo labeled,IAB9 Hobbies & Interests
harrison fords star wars injury keep millennium falcon two,,0.16,pseudo labeled,IAB9 Hobbies & Interests
oculus getting facebook interface notch cancels minecraft oculus,,0.16,pseudo labeled,IAB9 Hobbies & Interests
jackman eyes wolverine avengers,,0.16,pseudo labeled,IAB9 Hobbies & Interests
review hbos normal heart starring mark ruffalo julia roberts taylor,,0.16,pseudo labeled,IAB9 Hobbies & Interests
cleaning handwoven wool rugs,,0.16,synthetic,IAB9 Hobbies & Interests
landfill atari video games found,,0.16,pseudo labeled,IAB9 Hobbies & Interests
tips playing titanfall,,0.16,pseudo labeled,IAB9 Hobbies & Interests
rocky students organize minirelay life,,0.16,pseudo labeled,IAB9 Hobbies & Interests
lighting ideas for bohemian interiors,,0.16,synthetic,IAB9 Hobbies & Interests
lindsay lohan makes list 36 guys shes hooked,,0.16,pseudo labeled,IAB9 Hobbies & Interests
lady gagas guy video features housewives andy cohen,,0.16,pseudo labeled,IAB9 Hobbies & Interests
longlost atari et game cartridges dug desert,,0.16,pseudo labeled,IAB9 Hobbies & Interests
kris humphries kimye wedding,,0.16,pseudo labeled,IAB9 Hobbies & Interests
hunger games mockingjay part 1 trailer suggests playtime,,0.16,pseudo labeled,IAB9 Hobbies & Interests
courtney loves missing plane theory,,0.16,pseudo labeled,IAB9 Hobbies & Interests
leaked htc one mini 2 photo highlights colors camera,,0.16,pseudo labeled,IAB9 Hobbies & Interests
facebook mobile apps get music tv shows tagging feature,,0.16,pseudo labeled,IAB9 Hobbies & Interests
rubbish gaming atari relics discovered new mexico dump,,0.16,pseudo labeled,IAB9 Hobbies & Interests
want spot earths first cousin look swan sky,,0.16,pseudo labeled,IAB9 Hobbies & Interests
moto 360 almost twice expensive lg g watch samsung gear live,,0.16,pseudo labeled,IAB9 Hobbies & Interests
china vietnam bicker sunken fishing boat,,0.16,pseudo labeled,IAB9 Hobbies & Interests
behati adam lusting life,,0.16,pseudo labeled,IAB9 Hobbies & Interests
motorola moto x exchange offer available flipkart limited period,,0.16,pseudo labeled,IAB9 Hobbies & Interests
mobile messaging app gaming platform tango raises massive 280 million,,0.16,pseudo labeled,IAB9 Hobbies & Interests
lady gagas guy video enlists real housewives beverly hills ghandi,,0.16,pseudo labeled,IAB9 Hobbies & Interests
android tv comes snazzy black game controller box,,0.16,pseudo labeled,IAB9 Hobbies & Interests
stage tube murder two welcomes realistic joneses,,0.16,pseudo labeled,IAB9 Hobbies & Interests
matt damon pours toilet water,,0.16,pseudo labeled,IAB9 Hobbies & Interests
kaley cuocosweeting covers cosmopolitan talks past loves husband,,0.16,pseudo labeled,IAB9 Hobbies & Interests
kaley cuocos breast implants love goes way way back,,0.16,pseudo labeled,IAB9 Hobbies & Interests
ben affleck ruin mark ruffalos friendship jennifer garner,,0.16,pseudo labeled,IAB9 Hobbies & Interests
amazon fire game controller,,0.16,pseudo labeled,IAB9 Hobbies & Interests
one toy commercial goes waaaaay long,,0.16,pseudo labeled,IAB9 Hobbies & Interests
ap music writerapril 12 2014 updated 23 minutes ago,,0.16,pseudo labeled,IAB9 Hobbies & Interests
ap music writerapril 12 2014 updated 56 minutes ago,,0.16,pseudo labeled,IAB9 Hobbies & Interests
bears review year life hibernation salmon fishing back,,0.16,pseudo labeled,IAB9 Hobbies & Interests
read harry potter books hours new tech may make possible,,0.16,pseudo labeled,IAB9 Hobbies & Interests
record store day fuels vinyl comeback,,0.16,pseudo labeled,IAB9 Hobbies & Interests
ham radio enthusiasts gear field day,,0.16,pseudo labeled,IAB9 Hobbies & Interests
google wants love glass,,0.16,pseudo labeled,IAB9 Hobbies & Interests
call licence esmoking,,0.16,pseudo labeled,IAB9 Hobbies & Interests
meets eye fans memories growing transformers,,0.16,pseudo labeled,IAB9 Hobbies & Interests
anticipated gadgets 2014,,0.16,pseudo labeled,IAB9 Hobbies & Interests
record store day vinyl revival,,0.16,pseudo labeled,IAB9 Hobbies & Interests
ham radio field day weekend fire station pavilion,,0.16,pseudo labeled,IAB9 Hobbies & Interests
24 hours inside kim kardashians new phone game,,0.16,pseudo labeled,IAB9 Hobbies & Interests
hbos normal heart resonates matt bomer ryan murphy jim parsons,,0.16,pseudo labeled,IAB9 Hobbies & Interests
revenge nerds,,0.16,pseudo labeled,IAB9 Hobbies & Interests
saturday april 19 record store day,,0.16,pseudo labeled,IAB9 Hobbies & Interests
bunny yeager bettie pages pinup photographer dies 85,,0.16,pseudo labeled,IAB9 Hobbies & Interests
killing poke facebook starting fresh slingshot,,0.16,pseudo labeled,IAB9 Hobbies & Interests
emma stone emma stone loves andrew garfield much,,0.16,pseudo labeled,IAB9 Hobbies & Interests
ryan goslings lost river teaser wants look matt smiths muscles,,0.16,pseudo labeled,IAB9 Hobbies & Interests
manuel noriega sues call duty black ops ii video game maker use,,0.16,pseudo labeled,IAB9 Hobbies & Interests
pacificas ham operators field test preparedness,,0.16,pseudo labeled,IAB9 Hobbies & Interests
record store day buoys resurgence vinyl,,0.16,pseudo labeled,IAB9 Hobbies & Interests
virtual reality goggles hot topic gamers,,0.16,pseudo labeled,IAB9 Hobbies & Interests
new 50 tivo box targets cord cutters aereo refugees,,0.16,pseudo labeled,IAB9 Hobbies & Interests
nasa flying saucer flying saucers cool,,0.16,pseudo labeled,IAB9 Hobbies & Interests
officials cracking drinking boating weekend,,0.16,pseudo labeled,IAB9 Hobbies & Interests
crooked beat dc prepares annual record store day,,0.16,pseudo labeled,IAB9 Hobbies & Interests
field service workers love ipads,,0.16,pseudo labeled,IAB9 Hobbies & Interests
htc interested nokias india plant sale,,0.16,pseudo labeled,IAB9 Hobbies & Interests
- The growing interest in global art history.,,0.16,synthetic,IAB9 Hobbies & Interests
"Scuba diving has a bright future, offering a unique and unforgettable experience for those who seek adventure and exploration.",,0.16,synthetic,IAB9 Hobbies & Interests
watch one directions zayn malik louis tomlinson smoke joint video,,0.16,pseudo labeled,IAB9 Hobbies & Interests
Bird-watching can be a great way to learn about the natural world and the environment.,,0.16,synthetic,IAB9 Hobbies & Interests
You can also find woodworking classes at community colleges and adult education centers.,,0.16,synthetic,IAB9 Hobbies & Interests
The Caribbean is a popular destination for fishing.,,0.16,synthetic,IAB9 Hobbies & Interests
Collecting is a popular hobby that involves acquiring and organizing items of interest.,,0.16,synthetic,IAB9 Hobbies & Interests
Here are some of the controversies in the history of canoeing and kayaking:,,0.16,synthetic,IAB9 Hobbies & Interests
arts crafts store operator michaels lackluster 1st day trading nasdaq,,0.16,pseudo labeled,IAB9 Hobbies & Interests
"Whether you are interested in creating realistic portraits, abstract compositions, or anything in between, drawing and sketching can provide a fun and rewarding way to express yourself creatively.",,0.16,synthetic,IAB9 Hobbies & Interests
harleydavidson project livewire marks first electric hog,,0.16,pseudo labeled,IAB9 Hobbies & Interests
"Waterskiing and wakeboarding have been featured in several movies and television shows, including ""The Big Chill"" and ""Baywatch.""",,0.16,synthetic,IAB9 Hobbies & Interests
The future of chess is bright,,0.16,synthetic,IAB9 Hobbies & Interests
"Despite these challenges, the love of books and reading remains strong, and the future of literature looks promising.",,0.16,synthetic,IAB9 Hobbies & Interests
collab love jennifer love hewitt pea pod,,0.16,pseudo labeled,IAB9 Hobbies & Interests
philip morris international gains first ecigarette,,0.16,pseudo labeled,IAB9 Hobbies & Interests
- 2000s: Station wagons continue to regain popularity.,,0.16,synthetic,IAB9 Hobbies & Interests
"There are many different reasons why people enjoy woodworking, but some of the most common reasons include the satisfaction of creating something with your own hands, the challenge of learning new skills, and the opportunity to relax and de-stress.",,0.16,synthetic,IAB9 Hobbies & Interests
barbara walters likes bachelor juan pablo didnt say love,,0.15,pseudo labeled,IAB9 Hobbies & Interests
These new products and techniques are making it easier and more convenient to barbecue and grill food.,,0.15,synthetic,IAB9 Hobbies & Interests
rob kardashian addicted sizzurp marijuana,,0.15,pseudo labeled,IAB9 Hobbies & Interests
apple interested beats headphones,,0.15,pseudo labeled,IAB9 Hobbies & Interests
vinyl revival celebrate record store day,,0.15,pseudo labeled,IAB9 Hobbies & Interests
minecraft update guardians galaxy skin pack revealed rocket racoon,,0.15,pseudo labeled,IAB9 Hobbies & Interests
"Indoor climbing continues to expand, offering accessible and controlled environments for climbers of all levels.",,0.15,synthetic,IAB9 Hobbies & Interests
These new products are making it easier and more convenient to barbecue and grill food.,,0.15,synthetic,IAB9 Hobbies & Interests
Photography is a great way to connect with other people who share your passion for photography.,,0.15,synthetic,IAB9 Hobbies & Interests
facebook working snapchat rival slingshot,,0.15,pseudo labeled,IAB9 Hobbies & Interests
former executive sues stake beats electronics object apples desire,,0.15,pseudo labeled,IAB9 Hobbies & Interests
victoria beckham becomes unlikely vogue gardener david strips,,0.15,pseudo labeled,IAB9 Hobbies & Interests
david finchers gone girl trailer finchery trailer fincher goodness,,0.15,pseudo labeled,IAB9 Hobbies & Interests
corbett coal working,,0.15,pseudo labeled,IAB9 Hobbies & Interests
He also helped to develop new Cajun/Creole dishes and techniques.,,0.15,synthetic,IAB9 Hobbies & Interests
hobie alter,,0.15,pseudo labeled,IAB9 Hobbies & Interests
facebook serve interest based ads web browsing history,,0.15,pseudo labeled,IAB9 Hobbies & Interests
"The future of barbecue and grilling is bright, and there are many new and innovative products and techniques being developed.",,0.15,synthetic,IAB9 Hobbies & Interests
rory culkin kid read scripts instead books,,0.15,pseudo labeled,IAB9 Hobbies & Interests
facebook offers ad control exchange user interests,,0.15,pseudo labeled,IAB9 Hobbies & Interests
yes seriously shark tara actual perfume tara reid buy,,0.15,pseudo labeled,IAB9 Hobbies & Interests
"Bicycling has a strong cultural presence, with cycling clubs, events, and media coverage contributing to its popularity.",,0.15,synthetic,IAB9 Hobbies & Interests
quentin tarantino uma thurman john travolta celebrate pulp fiction,,0.15,pseudo labeled,IAB9 Hobbies & Interests
how to paint wicker furniture,,0.15,synthetic,IAB9 Hobbies & Interests
upholster dining chairs DIY,,0.15,synthetic,IAB9 Hobbies & Interests
80 years nightsnakes,,0.15,pseudo labeled,IAB9 Hobbies & Interests
"Bicycling has a long and storied history, with its origins dating back to the early 19th century.",,0.15,synthetic,IAB9 Hobbies & Interests
indoor tanning teens 18,,0.15,pseudo labeled,IAB9 Hobbies & Interests
irish thatched roof birdhouses,,0.15,synthetic,IAB9 Hobbies & Interests
november man twists knots,,0.15,pseudo labeled,IAB9 Hobbies & Interests
miley cyrus interested x factor,,0.15,pseudo labeled,IAB9 Hobbies & Interests
south american woven hammocks,,0.15,synthetic,IAB9 Hobbies & Interests
jk rowling reveals grownup harry potter,,0.15,pseudo labeled,IAB9 Hobbies & Interests
lady gagas guy video stars andy cohen real housewives,,0.15,pseudo labeled,IAB9 Hobbies & Interests
subway takes yoga mat chemical bread,,0.15,pseudo labeled,IAB9 Hobbies & Interests
price poaching 325m tab headed apple google adobe others,,0.15,pseudo labeled,IAB9 Hobbies & Interests
motorhead fans brain bleeds headbanging,,0.15,pseudo labeled,IAB9 Hobbies & Interests
ronnie milsap mac wiseman hank cochran inducted country music,,0.15,pseudo labeled,IAB9 Hobbies & Interests
"Whether you're interested in painting landscapes, portraits, or abstract art, there's a style of painting that's right for you.",,0.15,synthetic,IAB9 Hobbies & Interests
move snapchat comes slingshot,,0.15,pseudo labeled,IAB9 Hobbies & Interests
"Motorcycles have been the subject of many songs, including ""Born to Be Wild"" by Steppenwolf and ""Motorcycle Mama"" by Ted Nugent.",,0.15,synthetic,IAB9 Hobbies & Interests
best reactions supposed video solange knowles jay z hiphopdx e dku0uroeehpc9jm1roz4n0fg8cyom 1399983366398 210714 report jayz attacked beyonces sister wsb atlanta e dku0uroeehpc9jm1roz4n0fg8cyom 1399983366584 210715 drunk love 50 cent reacts beyonce defending jay z entertainmentwise e dku0uroeehpc9jm1roz4n0fg8cyom 1399983366926 210716 brawl find happened afterparty sparked radar online e dku0uroeehpc9jm1roz4n0fg8cyom radaronlinecom 1399983367118 210717 sure solange attack memes funny theyre also completely crushable e dku0uroeehpc9jm1roz4n0fg8cyom 1399983367406 210718 50 cent dame dash throw jabs jay z solange fight video atlantadailyworld e dku0uroeehpc9jm1roz4n0fg8cyom atlantadailyworldcom 1399983367691 210719 fox unveils schedule cutting back idol hudson hubtimes e dewon6nzpfa3mqti7qdrpfhqwjm 1399985294553 210720 fox lineup american idol shrinking batman prequel gotham air mondays newsday e dewon6nzpfa3mqti7qdrpfhqwjm 1399985294870 210721 american idol set cut single two hour show week entertainmentwise e dewon6nzpfa3mqti7qdrpfhqwjm 1399985295162 210722 fox upfront scorecard big risks dig big hole variety e dewon6nzpfa3mqti7qdrpfhqwjm varietycom 1399985295432 210723 riddler joker confirmed foxs gotham,,0.15,pseudo labeled,IAB9 Hobbies & Interests
hackers holding dominos hostage obtaining details 650000 customers,,0.15,pseudo labeled,IAB9 Hobbies & Interests
lytros second act 3d photography creative pros,,0.15,pseudo labeled,IAB9 Hobbies & Interests
sf kindergartners doodle googles pick sd,,0.15,pseudo labeled,IAB9 Hobbies & Interests
facebook crushed internets geekiest dream theres hell pay,,0.15,pseudo labeled,IAB9 Hobbies & Interests
"Scuba diving has played a role in promoting cultural exchange and understanding, bringing people from different backgrounds together.",,0.15,synthetic,IAB9 Hobbies & Interests
lets talk channing tatums ridiculous facial hair jupiter ascending,,0.15,pseudo labeled,IAB9 Hobbies & Interests
hbo go problems hit true detective finale,,0.15,pseudo labeled,IAB9 Hobbies & Interests
abbvies uk bid may get easier ride pfizer,,0.15,pseudo labeled,IAB9 Hobbies & Interests
scarlett johansson talks life love work family,,0.15,pseudo labeled,IAB9 Hobbies & Interests
"Card games are a great way to have fun, learn new skills, and connect with others.",,0.15,synthetic,IAB9 Hobbies & Interests
party hard lindsay lohan back hits club la alleged ashton kutcher,,0.15,pseudo labeled,IAB9 Hobbies & Interests
bet short china look copper iron ore answers,,0.15,pseudo labeled,IAB9 Hobbies & Interests
candy crush saga maker king asking friends new life ipo,,0.15,pseudo labeled,IAB9 Hobbies & Interests
social bulletin board pinterest raises 200m 5b valuation updated,,0.15,pseudo labeled,IAB9 Hobbies & Interests
"Over the centuries, candle and soap making have evolved into sophisticated crafts, with a wide variety of techniques and materials being used.",,0.15,synthetic,IAB9 Hobbies & Interests
"There are many different types of candles and soaps that can be made, and the possibilities are endless.",,0.15,synthetic,IAB9 Hobbies & Interests
julia louisdreyfus buff history buffoonery,,0.15,pseudo labeled,IAB9 Hobbies & Interests
hbos normal heart extraordinary tv movie,,0.15,pseudo labeled,IAB9 Hobbies & Interests
Board games and puzzles can be a great way to improve your social skills.,,0.15,synthetic,IAB9 Hobbies & Interests
bungies destiny cost 500 million worth,,0.15,pseudo labeled,IAB9 Hobbies & Interests
"It is a hobby that can connect us to our past, present, and future.",,0.15,synthetic,IAB9 Hobbies & Interests
"If you have a passion for writing, then don't give up on your dream of getting published.",,0.15,synthetic,IAB9 Hobbies & Interests
iran censor wants ban whatsapp zuckerberg jewish,,0.15,pseudo labeled,IAB9 Hobbies & Interests
oculus rift version minecraft,,0.15,pseudo labeled,IAB9 Hobbies & Interests
hbo keeping game thrones shows amazons hands,,0.15,pseudo labeled,IAB9 Hobbies & Interests
classical reading lady gagas guy,,0.15,pseudo labeled,IAB9 Hobbies & Interests
"Board games and puzzles can provide a number of benefits, including improved cognitive function, social interaction, and stress relief.",,0.15,synthetic,IAB9 Hobbies & Interests
kanye west enjoys prebachelor party friends,,0.15,pseudo labeled,IAB9 Hobbies & Interests
jk rowling,,0.15,pseudo labeled,IAB9 Hobbies & Interests
"There are many different ways to smoke a cigar, and each person has their own preferred method.",,0.15,synthetic,IAB9 Hobbies & Interests
The history of cigars can be traced back to the indigenous peoples of the Americas.,,0.15,synthetic,IAB9 Hobbies & Interests
heavy metal fans brain bleeds headbanging,,0.15,pseudo labeled,IAB9 Hobbies & Interests
sweet candy crush creator king undervalued 24 share,,0.15,pseudo labeled,IAB9 Hobbies & Interests
update wwe network subscriber count video lesnar hunting,,0.15,pseudo labeled,IAB9 Hobbies & Interests
Arts and crafts can be used to promote self-expression and confidence.,,0.15,synthetic,IAB9 Hobbies & Interests
dong nguyen return flappy bird im considering,,0.15,pseudo labeled,IAB9 Hobbies & Interests
headbanging caused brain bleed motörhead fan,,0.15,pseudo labeled,IAB9 Hobbies & Interests
guardians galaxy sets marvel pinball free ios,,0.15,pseudo labeled,IAB9 Hobbies & Interests
okcupids love games stack facebooks infamous experiment,,0.15,pseudo labeled,IAB9 Hobbies & Interests
50 cent shows rust animal ambition,,0.15,pseudo labeled,IAB9 Hobbies & Interests
"People of all ages enjoy eating desserts, and baking is a great way to relax and be creative.",,0.15,synthetic,IAB9 Hobbies & Interests
facebook track users tv habits,,0.15,pseudo labeled,IAB9 Hobbies & Interests
harley davidson indicates possible electric bike launch teaser video,,0.15,pseudo labeled,IAB9 Hobbies & Interests
You can also find classes and workshops that can teach you the basics of jewelry making.,,0.15,synthetic,IAB9 Hobbies & Interests
"The preservation and conservation of stamps and coins are essential aspects of the hobby, ensuring that these historical artifacts remain accessible for future generations to appreciate and study.",,0.15,synthetic,IAB9 Hobbies & Interests
"Home recording is a great way to learn about music, and it can also be a lot of fun.",,0.15,synthetic,IAB9 Hobbies & Interests
candy food makers work keep names ecigarettes,,0.15,pseudo labeled,IAB9 Hobbies & Interests
lockheed martin start building space fence,,0.15,pseudo labeled,IAB9 Hobbies & Interests
new tivo cordcutters,,0.15,pseudo labeled,IAB9 Hobbies & Interests
"In the 1990s, cigars began to make a comeback, and they are now more popular than ever.",,0.15,synthetic,IAB9 Hobbies & Interests
video week ahead candy crush ipo,,0.15,pseudo labeled,IAB9 Hobbies & Interests
german art collector gurlitt passes away 81,,0.15,pseudo labeled,IAB9 Hobbies & Interests
johnny weir shoe collection behind imelda marcos shoe tally,,0.15,pseudo labeled,IAB9 Hobbies & Interests
youtube buy video game livestreaming site twitch,,0.15,pseudo labeled,IAB9 Hobbies & Interests
kermit frog takes todays orange room takes twitter,,0.15,pseudo labeled,IAB9 Hobbies & Interests
hbos normal heart heartbreaking hardhitting,,0.15,pseudo labeled,IAB9 Hobbies & Interests
cleaning Japanese iron teapots,,0.15,synthetic,IAB9 Hobbies & Interests
kim kardashians bff jonathan cheban im kanye west food,,0.15,pseudo labeled,IAB9 Hobbies & Interests
human barbie valeria lukyanova shares video beach see,,0.15,pseudo labeled,IAB9 Hobbies & Interests
facebook makes changes track users activity,,0.15,pseudo labeled,IAB9 Hobbies & Interests
kids love cassettes record store day research claims,,0.15,pseudo labeled,IAB9 Hobbies & Interests
biebers buddies subpoenaed paparazzi assault case alleged drug,,0.15,pseudo labeled,IAB9 Hobbies & Interests
us rapper tempest teapot jewish row,,0.15,pseudo labeled,IAB9 Hobbies & Interests
japanese maple bonsai display cases,,0.15,synthetic,IAB9 Hobbies & Interests
could garth gigs saved options,,0.15,pseudo labeled,IAB9 Hobbies & Interests
seth macfarlane pledges reading rainbow,,0.15,pseudo labeled,IAB9 Hobbies & Interests
spurned snapchat facebook builds version called slingshot,,0.15,pseudo labeled,IAB9 Hobbies & Interests
demi lovatos friendship selena gomez trouble,,0.15,pseudo labeled,IAB9 Hobbies & Interests
Arts and crafts can be used to promote a sense of peace and tranquility.,,0.15,synthetic,IAB9 Hobbies & Interests
popcap boss offers advice candy crushmaker eve ipo,,0.15,pseudo labeled,IAB9 Hobbies & Interests
Arts and crafts can be used to develop a sense of accomplishment and pride.,,0.15,synthetic,IAB9 Hobbies & Interests
restoration hardware nails lands end grows twitter axes coo,,0.15,pseudo labeled,IAB9 Hobbies & Interests
Arts and crafts can be used to promote a sense of community and belonging.,,0.15,synthetic,IAB9 Hobbies & Interests
video president snow delivers message hunger games mockingjay,,0.15,pseudo labeled,IAB9 Hobbies & Interests
kardashians head hamptons,,0.15,pseudo labeled,IAB9 Hobbies & Interests
walmart video games exchange thousands playstation 3 microsoft xbox,,0.15,pseudo labeled,IAB9 Hobbies & Interests
abbvie sweetens offer 30bn effort stir shires interest,,0.14,pseudo labeled,IAB9 Hobbies & Interests
regulators facebook whatsapp watching,,0.14,pseudo labeled,IAB9 Hobbies & Interests
motorola moto e launched india available flipkart priced rs 6999,,0.14,pseudo labeled,IAB9 Hobbies & Interests
glastonbury dolly parton big clean worthy farm michael eavis,,0.14,pseudo labeled,IAB9 Hobbies & Interests
mom party girl lindsay lohan,,0.14,pseudo labeled,IAB9 Hobbies & Interests
annual emergency preparations ham radio operators,,0.14,pseudo labeled,IAB9 Hobbies & Interests
"Some people prefer to smoke cigars slowly, while others prefer to smoke them quickly.",,0.14,synthetic,IAB9 Hobbies & Interests
ap photos loves clooney left behind,,0.14,pseudo labeled,IAB9 Hobbies & Interests
"The ORV community is diverse, ranging from casual enthusiasts to professional off-road racers, fostering a sense of camaraderie and shared passion.",,0.14,synthetic,IAB9 Hobbies & Interests
brittany janaszak vacuums dust lifesize model blue whale,,0.14,pseudo labeled,IAB9 Hobbies & Interests
google enlists rayban oakley glass projects,,0.14,pseudo labeled,IAB9 Hobbies & Interests
facebook use online activity advertising,,0.14,pseudo labeled,IAB9 Hobbies & Interests
jon hamm working set dresser softcore porn soulcrushing,,0.14,pseudo labeled,IAB9 Hobbies & Interests
Painting is a great way to express yourself creatively.,,0.14,synthetic,IAB9 Hobbies & Interests
"You can buy cigars online, at a local cigar shop, or at a cigar bar.",,0.14,synthetic,IAB9 Hobbies & Interests
happy birthday hubble,,0.14,pseudo labeled,IAB9 Hobbies & Interests
rihanna shows twitter range freepalestine wendy williams brawl,,0.14,pseudo labeled,IAB9 Hobbies & Interests
abbvies shire push wont face pfizer hurdles takeover,,0.14,pseudo labeled,IAB9 Hobbies & Interests
"There are many different ways to camp, so you can find a style that suits your needs and interests.",,0.14,synthetic,IAB9 Hobbies & Interests
"Cheerleading is a great way to stay active and fit, and it can also be a lot of fun.",,0.14,synthetic,IAB9 Hobbies & Interests
"It is a time to explore new interests, challenge yourself, and discover what you are passionate about.",,0.14,synthetic,IAB9 Hobbies & Interests
"If you're interested in starting painting, there are many resources available to help you get started, including books, online tutorials, and classes.",,0.14,synthetic,IAB9 Hobbies & Interests
get birds eye view parrots new bebop drone flown oculus rift,,0.14,pseudo labeled,IAB9 Hobbies & Interests
Cigars are also a great way to learn about different cultures and traditions.,,0.14,synthetic,IAB9 Hobbies & Interests
lining popcorn bags transformers obvious child,,0.14,pseudo labeled,IAB9 Hobbies & Interests
4 things know tanning,,0.14,pseudo labeled,IAB9 Hobbies & Interests
ben affleck busted las vegas hard rock cardcounting,,0.14,pseudo labeled,IAB9 Hobbies & Interests
petition starts teenage hunter facebook,,0.14,pseudo labeled,IAB9 Hobbies & Interests
carving diane sawyers job anchoring aint used,,0.14,pseudo labeled,IAB9 Hobbies & Interests
transformers one long toy commercial wvideo,,0.14,pseudo labeled,IAB9 Hobbies & Interests
pros cons ecigarettes,,0.14,pseudo labeled,IAB9 Hobbies & Interests
supreme court shoots aereo tv ambitions,,0.14,pseudo labeled,IAB9 Hobbies & Interests
disney taps kinect 20 kidfocused promotional campaign,,0.14,pseudo labeled,IAB9 Hobbies & Interests
jane fonda lily tomlins husbands hook new gaythemed,,0.14,pseudo labeled,IAB9 Hobbies & Interests
youtube acquire videogame service twitch 1b,,0.14,pseudo labeled,IAB9 Hobbies & Interests
rolf harris concedes admiration bikiniclad 13yearold may sexual,,0.14,pseudo labeled,IAB9 Hobbies & Interests
apple officially confirms beats music beats electronics acquisition 3b,,0.14,pseudo labeled,IAB9 Hobbies & Interests
kids putting burts bees eyelids get high something,,0.14,pseudo labeled,IAB9 Hobbies & Interests
build neanderthal,,0.14,pseudo labeled,IAB9 Hobbies & Interests
hear jack whites rowdy lazaretto record store day single,,0.14,pseudo labeled,IAB9 Hobbies & Interests
press column rubio fiddles miami sinks,,0.14,pseudo labeled,IAB9 Hobbies & Interests
appadvice week review watch spotify apple set buy beats,,0.14,pseudo labeled,IAB9 Hobbies & Interests
google want comes diversity,,0.14,pseudo labeled,IAB9 Hobbies & Interests
holy grail comic book collectors action comics 1 sold,,0.14,pseudo labeled,IAB9 Hobbies & Interests
facebooks android ios app able identify songs tv shows,,0.14,pseudo labeled,IAB9 Hobbies & Interests
"Climbing has the potential to inspire future generations, fostering a love for nature, adventure, and personal growth.",,0.14,synthetic,IAB9 Hobbies & Interests
kim kardashians video game stuff nightmares,,0.14,pseudo labeled,IAB9 Hobbies & Interests
"There are many different types of needlework, including embroidery, cross-stitch, and quilting.",,0.14,synthetic,IAB9 Hobbies & Interests
bristol amateur radio club prepares possible disaster,,0.14,pseudo labeled,IAB9 Hobbies & Interests
The Caribbean is a popular destination for stargazing.,,0.14,synthetic,IAB9 Hobbies & Interests
im fing hammered charlie sheen bizarre encounter fans,,0.14,pseudo labeled,IAB9 Hobbies & Interests
monkey head nebula revisited hubble stunning new image,,0.14,pseudo labeled,IAB9 Hobbies & Interests
megan fox shimmers teenage mutant ninja turtles latin american,,0.14,pseudo labeled,IAB9 Hobbies & Interests
brooks moral power curiosity,,0.14,pseudo labeled,IAB9 Hobbies & Interests
"Radio enthusiasts often collect radios, listen to vintage broadcasts, and participate in radio clubs.",,0.14,synthetic,IAB9 Hobbies & Interests
calling fans hobbit movies middleearth,,0.14,pseudo labeled,IAB9 Hobbies & Interests
jk rowling fills us potters graying gang,,0.14,pseudo labeled,IAB9 Hobbies & Interests
sharknado 2 second one 5 reasons watched explained social media,,0.14,pseudo labeled,IAB9 Hobbies & Interests
watch 50 cents new video animal ambition,,0.14,pseudo labeled,IAB9 Hobbies & Interests
legacy statement high school boys smoke cigarettes cigars,,0.14,pseudo labeled,IAB9 Hobbies & Interests
record store day expected rock suburbs,,0.14,pseudo labeled,IAB9 Hobbies & Interests
frankie knuckles house pioneer dies aged 59,,0.14,pseudo labeled,IAB9 Hobbies & Interests
japans antarctic whaling redesigned,,0.14,pseudo labeled,IAB9 Hobbies & Interests
navy nerd ereader lacks ports wifi comes chock full books,,0.14,pseudo labeled,IAB9 Hobbies & Interests
flash boys macbeth choose shakespeare,,0.14,pseudo labeled,IAB9 Hobbies & Interests
There are many different resources available to help people get started with bird-watching.,,0.14,synthetic,IAB9 Hobbies & Interests
cameron wanted make alien 5 ridley scott,,0.14,pseudo labeled,IAB9 Hobbies & Interests
musics one thing funky band names years hangout,,0.14,pseudo labeled,IAB9 Hobbies & Interests
lopez urban connick jr back another idol,,0.14,pseudo labeled,IAB9 Hobbies & Interests
elin nordegren lindsey vonn bonding,,0.14,pseudo labeled,IAB9 Hobbies & Interests
bleszinski notchs cancelation minecraft vr bratty petty move,,0.14,pseudo labeled,IAB9 Hobbies & Interests
hbos normal heart flawed film important one,,0.14,pseudo labeled,IAB9 Hobbies & Interests
facebook adds nearby friends let know partys,,0.14,pseudo labeled,IAB9 Hobbies & Interests
game social thrones facebook twitter google get involved game,,0.14,pseudo labeled,IAB9 Hobbies & Interests
facebook adding shazamstyle music tv tagging smartphone apps,,0.14,pseudo labeled,IAB9 Hobbies & Interests
japanese moss ball kokedama hangers,,0.14,synthetic,IAB9 Hobbies & Interests
"Bicycling has a rich literary tradition, with books and articles exploring the history, culture, and personal experiences of cyclists.",,0.14,synthetic,IAB9 Hobbies & Interests
stargazers stay late see meteor shower,,0.14,pseudo labeled,IAB9 Hobbies & Interests
concern grows ecig advertising seen youth,,0.14,pseudo labeled,IAB9 Hobbies & Interests
japan redesign antarctic whaling 034,,0.14,pseudo labeled,IAB9 Hobbies & Interests
african fairy circles back mystery books termite theory turned,,0.14,pseudo labeled,IAB9 Hobbies & Interests
pinterest gears promoted pins quest ad revenue,,0.14,pseudo labeled,IAB9 Hobbies & Interests
"If you have a passion for writing and you are willing to put in the work, then getting published is a dream that can become a reality.",,0.14,synthetic,IAB9 Hobbies & Interests
drake jokes johnny manziel shrooms video,,0.14,pseudo labeled,IAB9 Hobbies & Interests
rip frankie knuckles godfather chicago house music dead 59,,0.14,pseudo labeled,IAB9 Hobbies & Interests
"Freshwater fishing has a long and rich history, dating back to the earliest civilizations.",,0.14,synthetic,IAB9 Hobbies & Interests
hbos normal heart fails achieve plays emotional power,,0.14,pseudo labeled,IAB9 Hobbies & Interests
neil young take apple pono music player download store,,0.14,pseudo labeled,IAB9 Hobbies & Interests
lordes big role hunger games mockingjay part 1,,0.14,pseudo labeled,IAB9 Hobbies & Interests
frankie knuckles music world pays tribute house dj,,0.14,pseudo labeled,IAB9 Hobbies & Interests
listen kermit frog talks muppets wanted star wars gravity,,0.14,pseudo labeled,IAB9 Hobbies & Interests
photographers mouth watered undersea work cousteau grandson,,0.14,pseudo labeled,IAB9 Hobbies & Interests
"Mountain biking has faced some criticism for its potential environmental impact, particularly in sensitive areas.",,0.14,synthetic,IAB9 Hobbies & Interests
aaron levie owns box think,,0.14,pseudo labeled,IAB9 Hobbies & Interests
record store day proves hit music fans,,0.14,pseudo labeled,IAB9 Hobbies & Interests
building a rustic Appalachian porch,,0.14,synthetic,IAB9 Hobbies & Interests
collectors find deals lines record store day,,0.14,pseudo labeled,IAB9 Hobbies & Interests
dr dre become first billionaire hiphop industry following applebeats,,0.14,pseudo labeled,IAB9 Hobbies & Interests
makers sweet treats work keep names ecigarettes,,0.14,pseudo labeled,IAB9 Hobbies & Interests
hbos normal heart difficult rewarding,,0.14,pseudo labeled,IAB9 Hobbies & Interests
headbanging causes blood clot metal fan,,0.14,pseudo labeled,IAB9 Hobbies & Interests
pinterest valued us5b fresh funding,,0.14,pseudo labeled,IAB9 Hobbies & Interests
sprint customers might get discounts spotify music subscriptions,,0.14,pseudo labeled,IAB9 Hobbies & Interests
high schoolers state smoking drinking less survey says,,0.14,pseudo labeled,IAB9 Hobbies & Interests
paramount uses burning nyc building promote ninja turtles,,0.14,pseudo labeled,IAB9 Hobbies & Interests
2 health teens turn hookahs us citizen tested ebola,,0.14,pseudo labeled,IAB9 Hobbies & Interests
neighbors knocks spiderman,,0.14,pseudo labeled,IAB9 Hobbies & Interests
poker giant lays cards table,,0.14,pseudo labeled,IAB9 Hobbies & Interests
"In recent years, there has been a growing interest in Cajun/Creole cuisine.",,0.14,synthetic,IAB9 Hobbies & Interests
fire phone first handson amazons handset,,0.14,pseudo labeled,IAB9 Hobbies & Interests
greatham mad hatters party,,0.14,pseudo labeled,IAB9 Hobbies & Interests
adrian mole quotes musings life suburban leicester,,0.14,pseudo labeled,IAB9 Hobbies & Interests
popcorn time makes movie piracy easy watching netflix,,0.14,pseudo labeled,IAB9 Hobbies & Interests
bob hastings lt carpenter mchales navy dies 89,,0.14,pseudo labeled,IAB9 Hobbies & Interests
reallife barbie doll valeria lukyanova shares workout video photos,,0.14,pseudo labeled,IAB9 Hobbies & Interests
phone drawing game leads friendship confessions scolding,,0.14,pseudo labeled,IAB9 Hobbies & Interests
"Whether you are a beginner or an experienced jeweler, there is always something new to learn and create.",,0.14,synthetic,IAB9 Hobbies & Interests
rolling stones,,0.14,pseudo labeled,IAB9 Hobbies & Interests
toby kebbell set play doctor doom,,0.14,pseudo labeled,IAB9 Hobbies & Interests
jack white says cut vinyl record time,,0.14,pseudo labeled,IAB9 Hobbies & Interests
"Needlework has a long history, dating back to ancient times.",,0.13,synthetic,IAB9 Hobbies & Interests
become pokémon master google maps new function unveiled,,0.13,pseudo labeled,IAB9 Hobbies & Interests
lookalikes ferrell red hot chili peppers chad smith engage drum,,0.13,pseudo labeled,IAB9 Hobbies & Interests
lindsay lohan terry richardson photos blackandwhite chain smoking,,0.13,pseudo labeled,IAB9 Hobbies & Interests
lwren scott hated rolling stones called yoko ono,,0.13,pseudo labeled,IAB9 Hobbies & Interests
eating clay believing trees best shailene woodleys nature,,0.13,pseudo labeled,IAB9 Hobbies & Interests
everyone seems keen youtube buying twitch,,0.13,pseudo labeled,IAB9 Hobbies & Interests
"Saltwater fishing has a rich history, dating back to ancient civilizations, and has evolved over time with advancements in technology and techniques.",,0.13,synthetic,IAB9 Hobbies & Interests
"Sailing has a long and rich history, dating back to ancient times.",,0.13,synthetic,IAB9 Hobbies & Interests
candy crush takes mobile gaming crown angry birds,,0.13,pseudo labeled,IAB9 Hobbies & Interests
destiny beta dates collectors editions playstation xbox revealed,,0.13,pseudo labeled,IAB9 Hobbies & Interests
decorating with Indian kantha quilts,,0.13,synthetic,IAB9 Hobbies & Interests
korean jogakbo patchwork textiles,,0.13,synthetic,IAB9 Hobbies & Interests
rolling stones oslo,,0.13,pseudo labeled,IAB9 Hobbies & Interests
slingshot facebook snapchat competitor odd sling,,0.13,pseudo labeled,IAB9 Hobbies & Interests
khloe kardashian fire posting gun photo instagram,,0.13,pseudo labeled,IAB9 Hobbies & Interests
chicken hell dinosaur made home dakotas,,0.13,pseudo labeled,IAB9 Hobbies & Interests
students swayed relaxing fun image hookah smoking ignore health harms,,0.13,pseudo labeled,IAB9 Hobbies & Interests
"Card games can be played for fun, competition, or gambling.",,0.13,synthetic,IAB9 Hobbies & Interests
watch video man pretending kanye west front kim,,0.13,pseudo labeled,IAB9 Hobbies & Interests
losses nintendo despite mario kart 8 success,,0.13,pseudo labeled,IAB9 Hobbies & Interests
review amazon phone watches watch,,0.13,pseudo labeled,IAB9 Hobbies & Interests
rupert murdoch wants time warner,,0.13,pseudo labeled,IAB9 Hobbies & Interests
facebook slingshot releasedagain,,0.13,pseudo labeled,IAB9 Hobbies & Interests
Beadwork is a great way to relax and de-stress.,,0.13,synthetic,IAB9 Hobbies & Interests
18 percent high school seniors smoke hookah study,,0.13,pseudo labeled,IAB9 Hobbies & Interests
muppets wanted review everything fans could want,,0.13,pseudo labeled,IAB9 Hobbies & Interests
video need know watching hbos leftovers,,0.13,pseudo labeled,IAB9 Hobbies & Interests
kermit wants hulk role,,0.13,pseudo labeled,IAB9 Hobbies & Interests
aaron paul xbox one ad mess xbox one,,0.13,pseudo labeled,IAB9 Hobbies & Interests
hoarder nazilooted art cornelius gurlitt dies 81,,0.13,pseudo labeled,IAB9 Hobbies & Interests
want netflix thatll 1 extra,,0.13,pseudo labeled,IAB9 Hobbies & Interests
life passion syndication,,0.13,pseudo labeled,IAB9 Hobbies & Interests
pharmalot pharmalittle weekend nears reading abbvie,,0.13,pseudo labeled,IAB9 Hobbies & Interests
morgan freeman always wanted shot working johnny depp,,0.13,pseudo labeled,IAB9 Hobbies & Interests
Arts and crafts can be used to promote a sense of purpose and meaning.,,0.13,synthetic,IAB9 Hobbies & Interests
local ham radio operators conduct annual test,,0.13,pseudo labeled,IAB9 Hobbies & Interests
click like become fan palm coast observer,,0.13,pseudo labeled,IAB9 Hobbies & Interests
jessica chastain wanted true detective season 2,,0.13,pseudo labeled,IAB9 Hobbies & Interests
lea micheles boyfriend hes gigolo,,0.13,pseudo labeled,IAB9 Hobbies & Interests
hilton launches new curio collection independent hotels,,0.13,pseudo labeled,IAB9 Hobbies & Interests
"Collecting can be a lifelong pursuit that brings joy, knowledge, and a sense of community to those who engage in it.",,0.13,synthetic,IAB9 Hobbies & Interests
lady gagas guy features ladies real housewives beverly hills video,,0.13,pseudo labeled,IAB9 Hobbies & Interests
brad pitt leads tank platoon wwii movie fury watch trailer,,0.13,pseudo labeled,IAB9 Hobbies & Interests
teo halm talks aliens bonding cast jjjs earth echo,,0.13,pseudo labeled,IAB9 Hobbies & Interests
Arts and crafts can be used to promote a sense of connection to the world around us.,,0.13,synthetic,IAB9 Hobbies & Interests
- 1990s: Station wagons begin to regain some popularity.,,0.13,synthetic,IAB9 Hobbies & Interests
hold cheese oscar mayer recalls wieners,,0.13,pseudo labeled,IAB9 Hobbies & Interests
"Cigars can be enjoyed in a variety of settings, from formal events to casual gatherings.",,0.13,synthetic,IAB9 Hobbies & Interests
bike work breakfast 2014,,0.13,pseudo labeled,IAB9 Hobbies & Interests
hunger games mockingjay teaser 2 mockingjay lives video,,0.13,pseudo labeled,IAB9 Hobbies & Interests
"In the 19th century, cigars became increasingly popular in the United States.",,0.13,synthetic,IAB9 Hobbies & Interests
vietnamese fishing boat sunk chinese ship,,0.13,pseudo labeled,IAB9 Hobbies & Interests
pm updates status fb coo meet,,0.13,pseudo labeled,IAB9 Hobbies & Interests
keeping kardashians watch season 9 episode 15 online,,0.13,pseudo labeled,IAB9 Hobbies & Interests
home kim kardashian kim kardashian sleeping corset,,0.13,pseudo labeled,IAB9 Hobbies & Interests
national interests hamper complex malaysia jet search,,0.13,pseudo labeled,IAB9 Hobbies & Interests
lamar odom told khloe kardashian loves 30th birthday,,0.13,pseudo labeled,IAB9 Hobbies & Interests
nicole snooki polizzi im girl,,0.13,pseudo labeled,IAB9 Hobbies & Interests
kanye west enjoys bachelor party friends,,0.13,pseudo labeled,IAB9 Hobbies & Interests
lockheed martin selected build space fence,,0.13,pseudo labeled,IAB9 Hobbies & Interests
saskatoon vinyl sales soar record store day,,0.13,pseudo labeled,IAB9 Hobbies & Interests
brazilian hammock chairs,,0.13,synthetic,IAB9 Hobbies & Interests
harvest time farmville 2 launches zynga attempts turnaround,,0.13,pseudo labeled,IAB9 Hobbies & Interests
twitter broadens advertising reach appinstall ads based user interests,,0.13,pseudo labeled,IAB9 Hobbies & Interests
MIDI: Contributed to the Development of Music Software,,0.13,synthetic,IAB9 Hobbies & Interests
creative cloud 2014 revealed photography plan,,0.13,pseudo labeled,IAB9 Hobbies & Interests
lg g3 vs htc one m8 weighin,,0.13,pseudo labeled,IAB9 Hobbies & Interests
pokemon masters wanted google maps launches april fools prank fake,,0.13,pseudo labeled,IAB9 Hobbies & Interests
reading rainbow seth macfarlane match 1 million gifts,,0.13,pseudo labeled,IAB9 Hobbies & Interests
"Net conferencing has enabled the creation of virtual communities and online spaces where individuals can connect based on shared interests, hobbies, or professional affiliations.",,0.13,synthetic,IAB9 Hobbies & Interests
burying hatchet,,0.13,pseudo labeled,IAB9 Hobbies & Interests
one direction members appear smoke joint video,,0.13,pseudo labeled,IAB9 Hobbies & Interests
geeky women break bromance south southwest,,0.13,pseudo labeled,IAB9 Hobbies & Interests
vietnam fishing boat rammed sunk china ship,,0.13,pseudo labeled,IAB9 Hobbies & Interests
"The production, consumption, and appreciation of wine is a testament to the human spirit and our enduring fascination with the natural world.",,0.13,synthetic,IAB9 Hobbies & Interests
get birds eye view parrot drone oculus rift,,0.13,pseudo labeled,IAB9 Hobbies & Interests
cleaning Italian majolica ceramics,,0.13,synthetic,IAB9 Hobbies & Interests
Arts and crafts can be used to create a sense of community and bring people together.,,0.13,synthetic,IAB9 Hobbies & Interests
handwoven jute rugs,,0.13,synthetic,IAB9 Hobbies & Interests
facebook nielsen join forces track tv users habits mobile,,0.13,pseudo labeled,IAB9 Hobbies & Interests
facebook working snapchat competitor called slingshot,,0.13,pseudo labeled,IAB9 Hobbies & Interests
musician william also profit nicely apples deal beats electronics,,0.13,pseudo labeled,IAB9 Hobbies & Interests
hand hammered copper sinks,,0.13,synthetic,IAB9 Hobbies & Interests
6 million living hivaids,,0.13,pseudo labeled,IAB9 Hobbies & Interests
hungarian folk embroidery cushions,,0.13,synthetic,IAB9 Hobbies & Interests
teenage mutant ninja turtles watch teaser,,0.13,pseudo labeled,IAB9 Hobbies & Interests
gadsden amateur radio club sets field day,,0.13,pseudo labeled,IAB9 Hobbies & Interests
nintendo apologises disappointing many people tomodachi life,,0.13,pseudo labeled,IAB9 Hobbies & Interests
youtube building site kids 10,,0.13,pseudo labeled,IAB9 Hobbies & Interests
dragon taming,,0.13,pseudo labeled,IAB9 Hobbies & Interests
DIY rustic farmhouse table,,0.13,synthetic,IAB9 Hobbies & Interests
family guy creator seth macfarlane pledges 1m reading rainbow,,0.13,pseudo labeled,IAB9 Hobbies & Interests
It is a versatile craft that can be enjoyed by people of all ages and skill levels.,,0.13,synthetic,IAB9 Hobbies & Interests
upholster bench seat DIY,,0.13,synthetic,IAB9 Hobbies & Interests
how to paint metal furniture,,0.13,synthetic,IAB9 Hobbies & Interests
bombay bicycle club diss bizarre one direction netmums address zayn,,0.13,pseudo labeled,IAB9 Hobbies & Interests
subway remove yoga mat material bread,,0.13,pseudo labeled,IAB9 Hobbies & Interests
balcony rope and wood hanging chairs,,0.13,synthetic,IAB9 Hobbies & Interests
modelturnedpinup photographer bunny yeager famous shots bettie,,0.13,pseudo labeled,IAB9 Hobbies & Interests
Arts and crafts can be used to develop cognitive and motor skills.,,0.13,synthetic,IAB9 Hobbies & Interests
how to build a Scandinavian sauna,,0.13,synthetic,IAB9 Hobbies & Interests
erie mad men fans gear tv shows final season,,0.13,pseudo labeled,IAB9 Hobbies & Interests
balinese coconut rope hammocks,,0.13,synthetic,IAB9 Hobbies & Interests
japanese maple bonsai display stands,,0.13,synthetic,IAB9 Hobbies & Interests
robert de niro boards idols eye,,0.13,pseudo labeled,IAB9 Hobbies & Interests
lea micheles new boyfriend former gigolo slangin wang,,0.13,pseudo labeled,IAB9 Hobbies & Interests
Arts and crafts can be used to promote social and environmental causes.,,0.13,synthetic,IAB9 Hobbies & Interests
facebook slingshot worldwide release snubs windows phone,,0.13,pseudo labeled,IAB9 Hobbies & Interests
balinese bamboo wind bells,,0.13,synthetic,IAB9 Hobbies & Interests
att hunt netflix killer,,0.13,pseudo labeled,IAB9 Hobbies & Interests
googles musical quest continues songza music streaming app purchase,,0.13,pseudo labeled,IAB9 Hobbies & Interests
happened spongebob squarepants ii,,0.13,pseudo labeled,IAB9 Hobbies & Interests
tech cheerleader draws criticism african hunting photos,,0.13,pseudo labeled,IAB9 Hobbies & Interests
least six current former porn stars appeared game thrones,,0.13,pseudo labeled,IAB9 Hobbies & Interests
hbos true detective heads california season two,,0.13,pseudo labeled,IAB9 Hobbies & Interests
arnold schwarzenegger apparently loves hummers fears global,,0.13,pseudo labeled,IAB9 Hobbies & Interests
one direction smoke two joints,,0.13,pseudo labeled,IAB9 Hobbies & Interests
flappy bird creator considering bringing back,,0.13,pseudo labeled,IAB9 Hobbies & Interests
fruit flies fighter jets common,,0.13,pseudo labeled,IAB9 Hobbies & Interests
motorhead fan suffers brain injury headbanging,,0.13,pseudo labeled,IAB9 Hobbies & Interests
local amateur radio group competes national contest,,0.13,pseudo labeled,IAB9 Hobbies & Interests
chris messina plays cheat dianna agron cries sam smiths im,,0.13,pseudo labeled,IAB9 Hobbies & Interests
easter traditions draw folk customs,,0.13,pseudo labeled,IAB9 Hobbies & Interests
"If you are interested in trying cheerleading, there are many resources available to help you get started.",,0.13,synthetic,IAB9 Hobbies & Interests
maker candy crush saga eyes 613 million ipo,,0.12,pseudo labeled,IAB9 Hobbies & Interests
facebooks slingshot quidproquo version snapchat,,0.12,pseudo labeled,IAB9 Hobbies & Interests
building a Spanish hacienda courtyard,,0.12,synthetic,IAB9 Hobbies & Interests
state video games waiting kings ipo,,0.12,pseudo labeled,IAB9 Hobbies & Interests
watch trailer spongebob movie sponge water,,0.12,pseudo labeled,IAB9 Hobbies & Interests
google comes chrome activate popular personal,,0.12,pseudo labeled,IAB9 Hobbies & Interests
mantis shrimp cool eyes stronger airplanes,,0.12,pseudo labeled,IAB9 Hobbies & Interests
ice bucket challenge morphs rice bucket challenge,,0.12,pseudo labeled,IAB9 Hobbies & Interests
headbanging caused brain bleed motorhead fan,,0.12,pseudo labeled,IAB9 Hobbies & Interests
balinese carved stone birdbaths,,0.12,synthetic,IAB9 Hobbies & Interests
doubts two garth brooks gigs croke park,,0.12,pseudo labeled,IAB9 Hobbies & Interests
balinese stone bathing ponds,,0.12,synthetic,IAB9 Hobbies & Interests
wilde tweets baby left building im building,,0.12,pseudo labeled,IAB9 Hobbies & Interests
day tried jiggle balls,,0.12,pseudo labeled,IAB9 Hobbies & Interests
facebook allow users alter ad profiles,,0.12,pseudo labeled,IAB9 Hobbies & Interests
peruvian textile floor runners,,0.12,synthetic,IAB9 Hobbies & Interests
japanese fan palm pots,,0.12,synthetic,IAB9 Hobbies & Interests
Arts and crafts can be used to develop problem-solving skills.,,0.12,synthetic,IAB9 Hobbies & Interests
kellys records vinyl countdown record store day,,0.12,pseudo labeled,IAB9 Hobbies & Interests
rolling stones rock oslo,,0.12,pseudo labeled,IAB9 Hobbies & Interests
glance electronic cigarettes,,0.12,pseudo labeled,IAB9 Hobbies & Interests
enjoy 50 shades grey trailer much nuttymadam,,0.12,pseudo labeled,IAB9 Hobbies & Interests
tammy director id like work kevin hart,,0.12,pseudo labeled,IAB9 Hobbies & Interests
ecigarette gains popularity,,0.12,pseudo labeled,IAB9 Hobbies & Interests
time warner cable wants ditch cable box 149 fan tv,,0.12,pseudo labeled,IAB9 Hobbies & Interests
six million living hivaids study,,0.12,pseudo labeled,IAB9 Hobbies & Interests
lg g watch coming store near soon,,0.12,pseudo labeled,IAB9 Hobbies & Interests
youtube target twitch got started guy camera strapped head,,0.12,pseudo labeled,IAB9 Hobbies & Interests
flipping bird got better new emoji,,0.12,pseudo labeled,IAB9 Hobbies & Interests
ryan gosling cosies christina hendricks photo call lost river,,0.12,pseudo labeled,IAB9 Hobbies & Interests
rubiks cube google doodle puzzles 40th birthday,,0.12,pseudo labeled,IAB9 Hobbies & Interests
taylor swift spills thoughts future music describes love affair fans,,0.12,pseudo labeled,IAB9 Hobbies & Interests
"Paintball has been featured in several movies and television shows, including ""The Matrix"" and ""CSI: Miami"".",,0.12,synthetic,IAB9 Hobbies & Interests
geekwire radio fun games useful utilities favorite apps,,0.12,pseudo labeled,IAB9 Hobbies & Interests
facebook launch snapchat rival slingshot soon,,0.12,pseudo labeled,IAB9 Hobbies & Interests
joe manganiello stunned friendship childhood hero arnold,,0.12,pseudo labeled,IAB9 Hobbies & Interests
even beats cofounder jimmy iovine thinks apples earphones rubbish,,0.12,pseudo labeled,IAB9 Hobbies & Interests
"The guitar is a versatile instrument that can be used to play a wide variety of musical genres, from classical to rock to jazz.",,0.12,synthetic,IAB9 Hobbies & Interests
fan tv comes time warner cable,,0.12,pseudo labeled,IAB9 Hobbies & Interests
antman recruits house cards star corey stoll,,0.12,pseudo labeled,IAB9 Hobbies & Interests
human barbie takes makeup selfie,,0.12,pseudo labeled,IAB9 Hobbies & Interests
twitter pulls music app,,0.12,pseudo labeled,IAB9 Hobbies & Interests
zucks playground play zucks rules,,0.12,pseudo labeled,IAB9 Hobbies & Interests
trending today google maps needs pokemon master anderson students,,0.12,pseudo labeled,IAB9 Hobbies & Interests
edgar wright quits marvels antman,,0.12,pseudo labeled,IAB9 Hobbies & Interests
levar burton launches kickstarter campaign bring back reading rainbow,,0.12,pseudo labeled,IAB9 Hobbies & Interests
kaley cuoco obsessed haters dishes crazy fling,,0.12,pseudo labeled,IAB9 Hobbies & Interests
home depot may sales rise,,0.12,pseudo labeled,IAB9 Hobbies & Interests
nintendo branded behind times tomodachi life furore builds,,0.12,pseudo labeled,IAB9 Hobbies & Interests
japanese kenzan ikebana pin frogs,,0.12,synthetic,IAB9 Hobbies & Interests
korean ondol floor heating,,0.12,synthetic,IAB9 Hobbies & Interests
"It offers a unique opportunity to connect with nature, experience the thrill of the catch, and create lasting memories.",,0.12,synthetic,IAB9 Hobbies & Interests
bachelorette bachelor chris soules id love ask andi dorfman two,,0.12,pseudo labeled,IAB9 Hobbies & Interests
friends fans welcome central perk,,0.12,pseudo labeled,IAB9 Hobbies & Interests
"Scuba diving has a strong social aspect, fostering a sense of community and camaraderie among divers.",,0.12,synthetic,IAB9 Hobbies & Interests
beats deal defenders cite humanized music subscription service benefit,,0.12,pseudo labeled,IAB9 Hobbies & Interests
Board games and puzzles can be a great way to improve your leadership skills.,,0.12,synthetic,IAB9 Hobbies & Interests
1ds zayn louis smoke joint look curse child star,,0.12,pseudo labeled,IAB9 Hobbies & Interests
fix water hammer in pipes,,0.12,synthetic,IAB9 Hobbies & Interests
carriage horse activists picket liam neesons uws home,,0.12,pseudo labeled,IAB9 Hobbies & Interests
rolling stones remember bobby womack website,,0.12,pseudo labeled,IAB9 Hobbies & Interests
neil young launching 399 highfidelity audio player kickstarter week,,0.12,pseudo labeled,IAB9 Hobbies & Interests
book reader flash boys wall street revolt,,0.12,pseudo labeled,IAB9 Hobbies & Interests
leftovers season 1 episode 1 pilot preview 5 reasons,,0.12,pseudo labeled,IAB9 Hobbies & Interests
best tweets pinterest butt hack 2014,,0.12,pseudo labeled,IAB9 Hobbies & Interests
abramson im boat graduates,,0.12,pseudo labeled,IAB9 Hobbies & Interests
emma stone admits loves andrew garfield gma,,0.12,pseudo labeled,IAB9 Hobbies & Interests
video ferrell drumoff rocker twin,,0.12,pseudo labeled,IAB9 Hobbies & Interests
george rr martin strong message game thrones book worriers,,0.12,pseudo labeled,IAB9 Hobbies & Interests
Happy collecting!,,0.12,synthetic,IAB9 Hobbies & Interests
deadmau5 trolls martin garrix twitter plays animals remixed old,,0.12,pseudo labeled,IAB9 Hobbies & Interests
amazon prime instant video gets hbo sopranos wire netflix,,0.12,pseudo labeled,IAB9 Hobbies & Interests
How to pickle vegetables Vietnamese-style,,0.12,synthetic,IAB9 Hobbies & Interests
meet original big bird,,0.12,pseudo labeled,IAB9 Hobbies & Interests
"There are many different ways to learn how to bake, including taking classes, reading books, or watching online tutorials.",,0.12,synthetic,IAB9 Hobbies & Interests
home movies transformers makes 100 mil 3 days sets record fun,,0.12,pseudo labeled,IAB9 Hobbies & Interests
record store day 2014 240 vinyl shops welcome music lovers seventh,,0.12,pseudo labeled,IAB9 Hobbies & Interests
The guitar is a versatile instrument that can be used to play a wide variety of musical genres.,,0.12,synthetic,IAB9 Hobbies & Interests
5 things know google lg g watch,,0.12,pseudo labeled,IAB9 Hobbies & Interests
"Camping has been a popular outdoor recreational activity for centuries, with its roots in ancient hunting and gathering practices.",,0.12,synthetic,IAB9 Hobbies & Interests
man sues ba flying grenada granada,,0.12,pseudo labeled,IAB9 Hobbies & Interests
neil patrick harris bares rolling stone cover,,0.12,pseudo labeled,IAB9 Hobbies & Interests
nickel gadgets rash connection,,0.12,pseudo labeled,IAB9 Hobbies & Interests
harry potter older man,,0.12,pseudo labeled,IAB9 Hobbies & Interests
thai ranat ek bamboo xylophones,,0.12,synthetic,IAB9 Hobbies & Interests
youtube may buy videogame streaming service twitchtv,,0.12,pseudo labeled,IAB9 Hobbies & Interests
millionaire taps terry crews host,,0.12,pseudo labeled,IAB9 Hobbies & Interests
one direction cleans slimy kids choice awards,,0.12,pseudo labeled,IAB9 Hobbies & Interests
build better easter basket,,0.12,pseudo labeled,IAB9 Hobbies & Interests
latest funding round values pinterest 5 billion,,0.12,pseudo labeled,IAB9 Hobbies & Interests
elle fanning always dreamt princess,,0.12,pseudo labeled,IAB9 Hobbies & Interests
libertarians participate march monsanto tomorrow,,0.12,pseudo labeled,IAB9 Hobbies & Interests
chris martin says geek key coldplays success,,0.12,pseudo labeled,IAB9 Hobbies & Interests
yoga mat chemical nearly removed subways bread,,0.12,pseudo labeled,IAB9 Hobbies & Interests
frankie knuckles pioneer house music dead 59,,0.12,pseudo labeled,IAB9 Hobbies & Interests
peanuts movie trailer charlie brown snoopy get 3d avatar,,0.12,pseudo labeled,IAB9 Hobbies & Interests
record store day highlights aka music creep records liquid vinyl,,0.12,pseudo labeled,IAB9 Hobbies & Interests
"If you are interested in learning more about photography, there are many resources available to help you get started.",,0.12,synthetic,IAB9 Hobbies & Interests
pictured zayn malik louis tomlinson put joint smoking video behind,,0.12,pseudo labeled,IAB9 Hobbies & Interests
twitter revive music app,,0.12,pseudo labeled,IAB9 Hobbies & Interests
human barbie valeria lukyanova shares beach body video watch,,0.12,pseudo labeled,IAB9 Hobbies & Interests
emma watson definitely interested fantastic beasts cameo,,0.12,pseudo labeled,IAB9 Hobbies & Interests
facebook listen identify songs listening iphones,,0.12,pseudo labeled,IAB9 Hobbies & Interests
lady gagas guy video beverly hills housewives brandi,,0.12,pseudo labeled,IAB9 Hobbies & Interests
carriage horse detractors picket liam neesons apartment,,0.12,pseudo labeled,IAB9 Hobbies & Interests
whatsapp banned iran zuckerberg jewish,,0.12,pseudo labeled,IAB9 Hobbies & Interests
facebook launches snapchat rival slingshot,,0.12,pseudo labeled,IAB9 Hobbies & Interests
bamboo wind chimes,,0.12,synthetic,IAB9 Hobbies & Interests
japanese kintsugi repaired ceramics,,0.12,synthetic,IAB9 Hobbies & Interests
cotton crochet tablecloths,,0.12,synthetic,IAB9 Hobbies & Interests
facebook offers behaviorally targeted ads,,0.12,pseudo labeled,IAB9 Hobbies & Interests
apples iwatch mystery continues korean trademark filing,,0.12,pseudo labeled,IAB9 Hobbies & Interests
galaxy note 4 boast youm display,,0.12,pseudo labeled,IAB9 Hobbies & Interests
jennifer lopez weighs fight elevator watch,,0.12,pseudo labeled,IAB9 Hobbies & Interests
jungle book likely lupita nyongos next role,,0.12,pseudo labeled,IAB9 Hobbies & Interests
beats apple becomes bigger streaming music player,,0.12,pseudo labeled,IAB9 Hobbies & Interests
apple still buying beats really wants dr dre,,0.12,pseudo labeled,IAB9 Hobbies & Interests
photogenic moto 360 watch customizable moto g,,0.12,pseudo labeled,IAB9 Hobbies & Interests
"If you're interested in starting painting, there are many resources available to help you get started.",,0.12,synthetic,IAB9 Hobbies & Interests
things excite emma stone,,0.12,pseudo labeled,IAB9 Hobbies & Interests
facebook id youre listening watching tv,,0.12,pseudo labeled,IAB9 Hobbies & Interests
george rr martin fans fk,,0.12,pseudo labeled,IAB9 Hobbies & Interests
balinese penjors bamboo poles,,0.12,synthetic,IAB9 Hobbies & Interests
candy crush maker sees ipo valuation us76b,,0.12,pseudo labeled,IAB9 Hobbies & Interests
quick chat inspiring woman made american ninja,,0.12,pseudo labeled,IAB9 Hobbies & Interests
return flappy bird,,0.11,pseudo labeled,IAB9 Hobbies & Interests
netflix pirates brings streaming video bittorrent users,,0.11,pseudo labeled,IAB9 Hobbies & Interests
youtube wants buy twitch,,0.11,pseudo labeled,IAB9 Hobbies & Interests
watch htc one m8 get tortured knife hammer test video,,0.11,pseudo labeled,IAB9 Hobbies & Interests
instagram pinterest online war whos winning,,0.11,pseudo labeled,IAB9 Hobbies & Interests
rock beats paper fist bumps trump highfives,,0.11,pseudo labeled,IAB9 Hobbies & Interests
beloved candy peeps get movie,,0.11,pseudo labeled,IAB9 Hobbies & Interests
"The guitar is a relatively easy instrument to learn to play, making it a good choice for beginners.",,0.11,synthetic,IAB9 Hobbies & Interests
ringling bros hairialists fall 3545 feet show thought part,,0.11,pseudo labeled,IAB9 Hobbies & Interests
mark list things keep night,,0.11,pseudo labeled,IAB9 Hobbies & Interests
antman hires house cards star,,0.11,pseudo labeled,IAB9 Hobbies & Interests
apple marks earth day 2014 tim cook better ecovideo,,0.11,pseudo labeled,IAB9 Hobbies & Interests
app week eventseeker recommends events based interests,,0.11,pseudo labeled,IAB9 Hobbies & Interests
john c reilly brings personality bears,,0.11,pseudo labeled,IAB9 Hobbies & Interests
kcas 2014 slimed kids choice awards,,0.11,pseudo labeled,IAB9 Hobbies & Interests
twitter rolls new profile design mimics facebook,,0.11,pseudo labeled,IAB9 Hobbies & Interests
facebooks zuckerberg looks use lasers drones satellites bring,,0.11,pseudo labeled,IAB9 Hobbies & Interests
apple confirms booklamp buy swell app said next,,0.11,pseudo labeled,IAB9 Hobbies & Interests
levar burton trying bring back reading rainbow fox carolina 21,,0.11,pseudo labeled,IAB9 Hobbies & Interests
"The future of beadwork is bright, as it continues to be a popular and versatile art form.",,0.11,synthetic,IAB9 Hobbies & Interests
bunny yeager iconic pinup photographer model dies 85,,0.11,pseudo labeled,IAB9 Hobbies & Interests
The guitar is a popular instrument for both solo and ensemble playing.,,0.11,synthetic,IAB9 Hobbies & Interests
puzzle playing cards help fight dementia activities,,0.11,pseudo labeled,IAB9 Hobbies & Interests
"If you are interested in learning more about the history of jewelry making, there are many resources available online and in libraries.",,0.11,synthetic,IAB9 Hobbies & Interests
"You can take classes, read books, watch online tutorials, or join a photography club.",,0.11,synthetic,IAB9 Hobbies & Interests
adam levine likes creepy new blond hair,,0.11,pseudo labeled,IAB9 Hobbies & Interests
liveblogging piketty reading pt ii,,0.11,pseudo labeled,IAB9 Hobbies & Interests
twitters new profile pages available everyone,,0.11,pseudo labeled,IAB9 Hobbies & Interests
facebook goes snapchat slingshot succeed,,0.11,pseudo labeled,IAB9 Hobbies & Interests
rare 1937 film footage shows fdr walking,,0.11,pseudo labeled,IAB9 Hobbies & Interests
skygazers enjoy rare blood moon first 4 eclipses year,,0.11,pseudo labeled,IAB9 Hobbies & Interests
"It is a great way to relax and de-stress, and it can also be a very rewarding experience to create something beautiful and functional with your own hands.",,0.11,synthetic,IAB9 Hobbies & Interests
uh boa constrictor pants hedwig star neil patrick harris,,0.11,pseudo labeled,IAB9 Hobbies & Interests
icj rules japanese whaling,,0.11,pseudo labeled,IAB9 Hobbies & Interests
chinas wheatgrowing north produces individualists ricegrowing,,0.11,pseudo labeled,IAB9 Hobbies & Interests
lanai ceiling fans,,0.11,synthetic,IAB9 Hobbies & Interests
smoked bacon one 7700 new ecigarette flavours,,0.11,pseudo labeled,IAB9 Hobbies & Interests
google taps ivy ross head glass eyewear unit,,0.11,pseudo labeled,IAB9 Hobbies & Interests
hand forged iron hooks,,0.11,synthetic,IAB9 Hobbies & Interests
japanese washi paper lamps,,0.11,synthetic,IAB9 Hobbies & Interests
twitter making profiles look like facebook,,0.11,pseudo labeled,IAB9 Hobbies & Interests
jacko thrill fans,,0.11,pseudo labeled,IAB9 Hobbies & Interests
three different collectors editions revealed destiny,,0.11,pseudo labeled,IAB9 Hobbies & Interests
facebook slingshot requires share viewing,,0.11,pseudo labeled,IAB9 Hobbies & Interests
relatives share nazi trove german collector dies,,0.11,pseudo labeled,IAB9 Hobbies & Interests
drones lasers satellites part facebook vision,,0.11,pseudo labeled,IAB9 Hobbies & Interests
new ipad game connects kids realworld toys,,0.11,pseudo labeled,IAB9 Hobbies & Interests
heres video man blackface pretending kanye west front kim,,0.11,pseudo labeled,IAB9 Hobbies & Interests
ben bernanke cashes speaker circuit,,0.11,pseudo labeled,IAB9 Hobbies & Interests
craft beers rise despite industry decline,,0.11,pseudo labeled,IAB9 Hobbies & Interests
korean hanji paper lamps,,0.11,synthetic,IAB9 Hobbies & Interests
"Barbecue and grilling are often used for social gatherings, and there are many different types of barbecue and grilling parties.",,0.11,synthetic,IAB9 Hobbies & Interests
comcast customers watch house cards without netflix subscription,,0.11,pseudo labeled,IAB9 Hobbies & Interests
offbeat cartoon voice legend casey kasem nwi friend,,0.11,pseudo labeled,IAB9 Hobbies & Interests
hbos sopranos wire deadwood much available,,0.11,pseudo labeled,IAB9 Hobbies & Interests
facebook adopts behavioral ads giving users insight control,,0.11,pseudo labeled,IAB9 Hobbies & Interests
candy crush candyswipe settle dispute,,0.11,pseudo labeled,IAB9 Hobbies & Interests
It is a popular instrument for both beginners and experienced musicians alike.,,0.11,synthetic,IAB9 Hobbies & Interests
"Climbing has been recognized for its physical and mental benefits, including improved strength, flexibility, coordination, and problem-solving skills.",,0.11,synthetic,IAB9 Hobbies & Interests
qa jon hamm draper,,0.11,pseudo labeled,IAB9 Hobbies & Interests
inside look richard linklaters boyhood,,0.11,pseudo labeled,IAB9 Hobbies & Interests
courtney love bad time kurt cobain,,0.11,pseudo labeled,IAB9 Hobbies & Interests
twitter introduces facebookesque profile design,,0.11,pseudo labeled,IAB9 Hobbies & Interests
selena gomez orlando bloom hooked taking revenge,,0.11,pseudo labeled,IAB9 Hobbies & Interests
kim kardashian would rather die curb mobile phone use,,0.11,pseudo labeled,IAB9 Hobbies & Interests
student suspended shaving head support friend,,0.11,pseudo labeled,IAB9 Hobbies & Interests
idina menzel says shes buddies john travolta,,0.11,pseudo labeled,IAB9 Hobbies & Interests
first look quicksilver scarlet witch hulkbuster avengers age ultron,,0.11,pseudo labeled,IAB9 Hobbies & Interests
"Aquariums can be a great way to relax and de-stress, and they can also help to improve your mood.",,0.11,synthetic,IAB9 Hobbies & Interests
mad genius hacks pinterest post pictures butts,,0.11,pseudo labeled,IAB9 Hobbies & Interests
turkish sufilik pottery jugs,,0.11,synthetic,IAB9 Hobbies & Interests
breaking walls make every day record store day,,0.11,pseudo labeled,IAB9 Hobbies & Interests
liveblogging piketty reading pt iii,,0.11,pseudo labeled,IAB9 Hobbies & Interests
indian chakki grinder tables,,0.11,synthetic,IAB9 Hobbies & Interests
College life is a time to find your passion and to pursue your dreams.,,0.11,synthetic,IAB9 Hobbies & Interests
4 10 us homes cellphone,,0.11,pseudo labeled,IAB9 Hobbies & Interests
bachelorettes andi hot tubs season romantic sexy,,0.11,pseudo labeled,IAB9 Hobbies & Interests
andi know boozy bachelor chris soules history alcoholrelated,,0.11,pseudo labeled,IAB9 Hobbies & Interests
monument man,,0.11,pseudo labeled,IAB9 Hobbies & Interests
twitter reason fighting lover,,0.11,pseudo labeled,IAB9 Hobbies & Interests
hbos amazon deal without thrones shows cable loyalty,,0.11,pseudo labeled,IAB9 Hobbies & Interests
demi lovato unfollows selena gomez twitter,,0.11,pseudo labeled,IAB9 Hobbies & Interests
iranian hackers spied us israeli personalities,,0.11,pseudo labeled,IAB9 Hobbies & Interests
adrienne bailon claws kardashians,,0.11,pseudo labeled,IAB9 Hobbies & Interests
new subscribers pay netflix video streaming beginning next month,,0.11,pseudo labeled,IAB9 Hobbies & Interests
handwoven tribal rugs,,0.11,synthetic,IAB9 Hobbies & Interests
japans whaling past,,0.11,pseudo labeled,IAB9 Hobbies & Interests
twitter rolls new profile pages everyone,,0.11,pseudo labeled,IAB9 Hobbies & Interests
smoking rates among youth declining hookah,,0.11,pseudo labeled,IAB9 Hobbies & Interests
installing Himalayan salt lamps,,0.11,synthetic,IAB9 Hobbies & Interests
vinyl countdown record store day near,,0.11,pseudo labeled,IAB9 Hobbies & Interests
toyotas 12b payment could glimpse gms future,,0.11,pseudo labeled,IAB9 Hobbies & Interests
kim jong un james franco seth rogen movie sucks james bond,,0.11,pseudo labeled,IAB9 Hobbies & Interests
bike month calendar,,0.11,pseudo labeled,IAB9 Hobbies & Interests
DIY storage bench for mudroom,,0.11,synthetic,IAB9 Hobbies & Interests
rolf harris jimmy savile joke friendship archive footage,,0.11,pseudo labeled,IAB9 Hobbies & Interests
hot desi fans,,0.11,pseudo labeled,IAB9 Hobbies & Interests
king digital aims ipo win candy crush saga,,0.11,pseudo labeled,IAB9 Hobbies & Interests
Some of the current trends in humor include:,,0.11,synthetic,IAB9 Hobbies & Interests
It is a challenging and exhilarating activity that can be enjoyed by people of all ages and abilities,,0.11,synthetic,IAB9 Hobbies & Interests
planet called biden yes really,,0.11,pseudo labeled,IAB9 Hobbies & Interests
nick viall owns bachelorette andi dorfman chris harrison agree,,0.11,pseudo labeled,IAB9 Hobbies & Interests
Card games can also be a great way to learn new skills and improve your cognitive abilities.,,0.11,synthetic,IAB9 Hobbies & Interests
5 cinco de mayo activities la,,0.11,pseudo labeled,IAB9 Hobbies & Interests
spotify boasts 40m users 10m pay,,0.11,pseudo labeled,IAB9 Hobbies & Interests
facebooks snapchataping slingshot available worldwide,,0.11,pseudo labeled,IAB9 Hobbies & Interests
frankie knuckles influence house music,,0.11,pseudo labeled,IAB9 Hobbies & Interests
"Current trends in scuba diving include the use of advanced diving equipment, the development of new dive sites, and the growing popularity of underwater photography.",,0.11,synthetic,IAB9 Hobbies & Interests
bunny yeager famed pinup photographer dead 85,,0.11,pseudo labeled,IAB9 Hobbies & Interests
"In recent years, chess has seen a resurgence in popularity, thanks in part to the rise of online chess platforms",,0.11,synthetic,IAB9 Hobbies & Interests
celebrate frankie knuckles life warehouse top 50,,0.11,pseudo labeled,IAB9 Hobbies & Interests
columbus ohios zack brown raises 35000 kickstarter potato,,0.11,pseudo labeled,IAB9 Hobbies & Interests
pinterests promoted pins move paid test phase,,0.11,pseudo labeled,IAB9 Hobbies & Interests
heartbleed hits google maps search gmail youtube,,0.11,pseudo labeled,IAB9 Hobbies & Interests
"New card games are being created all the time, and there is a growing community of card game enthusiasts around the world.",,0.11,synthetic,IAB9 Hobbies & Interests
"With the advent of new technologies, card games are becoming more accessible and popular than ever before.",,0.11,synthetic,IAB9 Hobbies & Interests
Card games can be a great way to relax and have fun with friends and family.,,0.11,synthetic,IAB9 Hobbies & Interests
"In the 20th century, cigars continued to be popular, but they began to decline in popularity in the 1960s.",,0.11,synthetic,IAB9 Hobbies & Interests
agent oscar pistorius loved reeva steenkamp,,0.11,pseudo labeled,IAB9 Hobbies & Interests
twitter rolls redesigned profile pages select users,,0.11,pseudo labeled,IAB9 Hobbies & Interests
bears nature close personal cute,,0.11,pseudo labeled,IAB9 Hobbies & Interests
inventor www campaigns open internet called want,,0.11,pseudo labeled,IAB9 Hobbies & Interests
levar burton wants resurrect reading rainbow online,,0.11,pseudo labeled,IAB9 Hobbies & Interests
versailles valentino host kardashian west friends family amid,,0.11,pseudo labeled,IAB9 Hobbies & Interests
Board games and puzzles can be a great way to improve your negotiation skills.,,0.11,synthetic,IAB9 Hobbies & Interests
Drawing and sketching are great ways to relax and de-stress.,,0.11,synthetic,IAB9 Hobbies & Interests
lorde playing important role hunger games mockingjay part 1,,0.11,pseudo labeled,IAB9 Hobbies & Interests
sharleen joynt joins marquel martin bachelor movement,,0.11,pseudo labeled,IAB9 Hobbies & Interests
Board games and puzzles can be a great way to improve your memory and concentration.,,0.11,synthetic,IAB9 Hobbies & Interests
record store day 7in vinyl fore,,0.11,pseudo labeled,IAB9 Hobbies & Interests
Board games and puzzles can be a great way to learn about different cultures.,,0.11,synthetic,IAB9 Hobbies & Interests
de niro pattinson team idols eye,,0.11,pseudo labeled,IAB9 Hobbies & Interests
inspectors halt activity turkeys soma mine,,0.11,pseudo labeled,IAB9 Hobbies & Interests
need laughs judges nerdy gem delivers,,0.11,pseudo labeled,IAB9 Hobbies & Interests
midday movers allergan cocacola netflix,,0.11,pseudo labeled,IAB9 Hobbies & Interests
2k plan steamworks support borderlands civs iii iv postgamespy,,0.11,pseudo labeled,IAB9 Hobbies & Interests
spiderman 2 swings number 1,,0.11,pseudo labeled,IAB9 Hobbies & Interests
candy crush saga launch china,,0.11,pseudo labeled,IAB9 Hobbies & Interests
blackberry plans bbm heartbleed patch friday,,0.11,pseudo labeled,IAB9 Hobbies & Interests
video demi lovato refuses take selfie fan,,0.11,pseudo labeled,IAB9 Hobbies & Interests
latest lover lwren two decades rolling stones junior,,0.11,pseudo labeled,IAB9 Hobbies & Interests
andy cohen asks lea michele rate matthew morrison bed watch,,0.11,pseudo labeled,IAB9 Hobbies & Interests
kim kardashian love affairs,,0.11,pseudo labeled,IAB9 Hobbies & Interests
squash spider man,,0.11,pseudo labeled,IAB9 Hobbies & Interests
record 276 million jadeite necklace sold sothebys,,0.11,pseudo labeled,IAB9 Hobbies & Interests
spotify 10 million subscribers implies 12 billion,,0.11,pseudo labeled,IAB9 Hobbies & Interests
facebooks ask button allows friends bug single,,0.1,pseudo labeled,IAB9 Hobbies & Interests
"Key figures in the history of beer include Louis Pasteur, James Watt, and Frederick the Great.",,0.1,synthetic,IAB9 Hobbies & Interests
juan pablo says hes character bachelor,,0.1,pseudo labeled,IAB9 Hobbies & Interests
50 cents animal ambition utilizes long lost beats makes producers dreams,,0.1,pseudo labeled,IAB9 Hobbies & Interests
facebook adds ask button help flirt people,,0.1,pseudo labeled,IAB9 Hobbies & Interests
balinese ulap doyo fiber mats,,0.1,synthetic,IAB9 Hobbies & Interests
candyswipe candy crush makers settle trademark differences,,0.1,pseudo labeled,IAB9 Hobbies & Interests
kim kardashians posts topless pic honor friends birthday photo,,0.1,pseudo labeled,IAB9 Hobbies & Interests
south african lapa firepits,,0.1,synthetic,IAB9 Hobbies & Interests
indian kundan wall mirrors,,0.1,synthetic,IAB9 Hobbies & Interests
twitters rolling new user profile pages web showing best tweets,,0.1,pseudo labeled,IAB9 Hobbies & Interests
swiss kunstmuseum bern says sole heir collector cornelius gurlitt,,0.1,pseudo labeled,IAB9 Hobbies & Interests
mexican huichol beaded skulls,,0.1,synthetic,IAB9 Hobbies & Interests
"Arts and crafts have a rich history, dating back to prehistoric times when humans created tools, weapons, and other objects from natural materials.",,0.1,synthetic,IAB9 Hobbies & Interests
first look quicksilver scarlet witch avengers age ultron,,0.1,pseudo labeled,IAB9 Hobbies & Interests
bachelorette season 10 episode 5 stream spoilers frenchthemed,,0.1,pseudo labeled,IAB9 Hobbies & Interests
south african nguni cowhide rugs,,0.1,synthetic,IAB9 Hobbies & Interests
google sell glass consumers,,0.1,pseudo labeled,IAB9 Hobbies & Interests
"However, it can also be a challenging instrument to master, providing years of enjoyment for experienced players.",,0.1,synthetic,IAB9 Hobbies & Interests
clean water advocate matt damon takes asl ice bucket challenge toilet,,0.1,pseudo labeled,IAB9 Hobbies & Interests
Birds need a variety of toys and activities to keep them entertained.,,0.1,synthetic,IAB9 Hobbies & Interests
rustic hickory rocking chairs,,0.1,synthetic,IAB9 Hobbies & Interests
apple ibm flipping bird partnership,,0.1,pseudo labeled,IAB9 Hobbies & Interests
vintage glass apothecary jars,,0.1,synthetic,IAB9 Hobbies & Interests
bachelorette season finale andi picks bachelor nick breaks,,0.1,pseudo labeled,IAB9 Hobbies & Interests
It can also be a great way to make friends and connect with people who share your interests.,,0.1,synthetic,IAB9 Hobbies & Interests
emily maynard think america wants next bachelor,,0.1,pseudo labeled,IAB9 Hobbies & Interests
spotify 40 million users 10 million pay stream songs,,0.1,pseudo labeled,IAB9 Hobbies & Interests
candy crush saga maker aims 613m ipo,,0.1,pseudo labeled,IAB9 Hobbies & Interests
balcony solar lanterns,,0.1,synthetic,IAB9 Hobbies & Interests
neighbors gets easily distracted ideas growing gracefully,,0.1,pseudo labeled,IAB9 Hobbies & Interests
Social media platforms have also played a role in fostering collecting communities and showcasing collections.,,0.1,synthetic,IAB9 Hobbies & Interests
balinese teak swing seats,,0.1,synthetic,IAB9 Hobbies & Interests
flood drenches house wooden built,,0.1,pseudo labeled,IAB9 Hobbies & Interests
Arts and crafts can be used to preserve cultural heritage and traditions.,,0.1,synthetic,IAB9 Hobbies & Interests
"Barbecue and grilling can be done with a variety of different fuels, including charcoal, wood, gas, and electricity.",,0.1,synthetic,IAB9 Hobbies & Interests
seth rogen zach efron frat house grossout film,,0.1,pseudo labeled,IAB9 Hobbies & Interests
google give us residents chance buy glass,,0.1,pseudo labeled,IAB9 Hobbies & Interests
jermaine jackson wishes involved michael jacksons xscape,,0.1,pseudo labeled,IAB9 Hobbies & Interests
installing pendant kitchen lights,,0.1,synthetic,IAB9 Hobbies & Interests
kim kardashian two actual assistants rub sand bum,,0.1,pseudo labeled,IAB9 Hobbies & Interests
flappy bird creator might bring back,,0.1,pseudo labeled,IAB9 Hobbies & Interests
futureheads great north passion,,0.1,pseudo labeled,IAB9 Hobbies & Interests
idina menzel benefits john travoltas flub theyre buddies,,0.1,pseudo labeled,IAB9 Hobbies & Interests
elin nordegren lindsey vonn become friends making tiger woodss life easier,,0.1,pseudo labeled,IAB9 Hobbies & Interests
spin musicians feel connection vinyl mark annual record,,0.1,pseudo labeled,IAB9 Hobbies & Interests
costner plays celebrity fan games catch fans,,0.1,pseudo labeled,IAB9 Hobbies & Interests
Climbing has the potential to foster greater appreciation for the natural world and promote environmental stewardship.,,0.1,synthetic,IAB9 Hobbies & Interests
"The Art Nouveau period saw a renewed interest in nature and organic forms, with the use of flowing lines, flowers, and insects.",,0.1,synthetic,IAB9 Hobbies & Interests
How to steam dumplings without a bamboo steamer,,0.1,synthetic,IAB9 Hobbies & Interests
titanfall originally going xbox one,,0.1,pseudo labeled,IAB9 Hobbies & Interests
prescription ecigs,,0.1,pseudo labeled,IAB9 Hobbies & Interests
beats music remain android windows smartphones,,0.1,pseudo labeled,IAB9 Hobbies & Interests
pinterest 200 million,,0.1,pseudo labeled,IAB9 Hobbies & Interests
app downloads mobile timelines promoted twitter,,0.1,pseudo labeled,IAB9 Hobbies & Interests
5 seconds summer cant get enough north america fans,,0.1,pseudo labeled,IAB9 Hobbies & Interests
casey kasem dead 82 remembering friend radio wove,,0.1,pseudo labeled,IAB9 Hobbies & Interests
twitter changes new profile page design unveiled,,0.1,pseudo labeled,IAB9 Hobbies & Interests
Board games and puzzles can be a great way to improve your teamwork skills.,,0.1,synthetic,IAB9 Hobbies & Interests
video trending topics game children games,,0.1,pseudo labeled,IAB9 Hobbies & Interests
facebook ads feel lot personal,,0.1,pseudo labeled,IAB9 Hobbies & Interests
nexus 4 achieves collectors item status costs 2012,,0.1,pseudo labeled,IAB9 Hobbies & Interests
spotify doubles user base 40 million subscribers,,0.1,pseudo labeled,IAB9 Hobbies & Interests
gary oldman defends mel gibson alec baldwins slurs playboy interview,,0.1,pseudo labeled,IAB9 Hobbies & Interests
north korea fumes rogenfranco film,,0.1,pseudo labeled,IAB9 Hobbies & Interests
foxs kevin reilly idol format,,0.1,pseudo labeled,IAB9 Hobbies & Interests
elin nordegren lindsey vonn bffs tiger sighs relief,,0.1,pseudo labeled,IAB9 Hobbies & Interests
youtube apparently working kidfriendly side site aimed kids,,0.1,pseudo labeled,IAB9 Hobbies & Interests
blood moon captured local photographer,,0.1,pseudo labeled,IAB9 Hobbies & Interests
realistic joneses,,0.1,pseudo labeled,IAB9 Hobbies & Interests
afternoon palate cleanser frankie knuckles whistle song,,0.1,pseudo labeled,IAB9 Hobbies & Interests
spiderman iconic,,0.1,pseudo labeled,IAB9 Hobbies & Interests
crude oil aiming higher iraq conflict copper climbs china pmi,,0.1,pseudo labeled,IAB9 Hobbies & Interests
david rosenberg bonds fun probably,,0.1,pseudo labeled,IAB9 Hobbies & Interests
keeping kardashians klips kissed kim,,0.1,pseudo labeled,IAB9 Hobbies & Interests
janet yellen cool calm collectedyet,,0.1,pseudo labeled,IAB9 Hobbies & Interests
tumblr finally embraces smartphones profile customization features,,0.1,pseudo labeled,IAB9 Hobbies & Interests
amazon makes jk rowlings silkworm pen name robert galbraith,,0.1,pseudo labeled,IAB9 Hobbies & Interests
qa emma watson hogwarts prepped noah,,0.1,pseudo labeled,IAB9 Hobbies & Interests
heir naziera art hoard cornelius gurlitt dead,,0.1,pseudo labeled,IAB9 Hobbies & Interests
headbanging causes brain bleed motorhead fan,,0.1,pseudo labeled,IAB9 Hobbies & Interests
lyons mad men ginsberg always struggling hes martian,,0.1,pseudo labeled,IAB9 Hobbies & Interests
hookahs safe alternative cigarettes,,0.1,pseudo labeled,IAB9 Hobbies & Interests
american top 40 radio king casey kasem dies age 82 wvideo,,0.1,pseudo labeled,IAB9 Hobbies & Interests
tim cook slowly defining apple leadership image,,0.1,pseudo labeled,IAB9 Hobbies & Interests
chet kanojias aereo inc case streaming tv row us supreme court,,0.1,pseudo labeled,IAB9 Hobbies & Interests
nate berkus ties knot ny public library,,0.1,pseudo labeled,IAB9 Hobbies & Interests
record store day 2014,,0.1,pseudo labeled,IAB9 Hobbies & Interests
"There are many different ways to play chess, and the game can be enjoyed by people of all skill levels",,0.1,synthetic,IAB9 Hobbies & Interests
candy crush maker earnings 20,,0.1,pseudo labeled,IAB9 Hobbies & Interests
review keeping joneses isnt easy,,0.1,pseudo labeled,IAB9 Hobbies & Interests
"Key figures in the history of board games and puzzles include Howard Scott, the inventor of Scrabble, and Rubik Ernő, the inventor of the Rubik's Cube.",,0.1,synthetic,IAB9 Hobbies & Interests
ecigarettes closer look,,0.1,pseudo labeled,IAB9 Hobbies & Interests
palo alto gia coppolas haunting suburban dream,,0.1,pseudo labeled,IAB9 Hobbies & Interests
abbvie raises bid shire,,0.1,pseudo labeled,IAB9 Hobbies & Interests
"The value of stamps and coins can fluctuate based on factors such as rarity, condition, and historical significance, making collecting a potentially lucrative endeavor for some enthusiasts.",,0.1,synthetic,IAB9 Hobbies & Interests
Scrapbooking is a great way to relax and de-stress.,,0.1,synthetic,IAB9 Hobbies & Interests
google vows increase diversity,,0.1,pseudo labeled,IAB9 Hobbies & Interests
amazon prime music arrives fight spotify pandora,,0.1,pseudo labeled,IAB9 Hobbies & Interests
twitter refurbishes user profile pages,,0.1,pseudo labeled,IAB9 Hobbies & Interests
netflix cable companies even easier watch netflix,,0.1,pseudo labeled,IAB9 Hobbies & Interests
hmm new twitter profile pages look awfully familiar,,0.1,pseudo labeled,IAB9 Hobbies & Interests
seth macfarlane saddles,,0.1,pseudo labeled,IAB9 Hobbies & Interests
mila kunis sort talks engagement,,0.1,pseudo labeled,IAB9 Hobbies & Interests
facebook slingshot takes aim snapchat,,0.1,pseudo labeled,IAB9 Hobbies & Interests
kardashian puckers dolphin,,0.1,pseudo labeled,IAB9 Hobbies & Interests
It's a versatile hobby that can be enjoyed by people of all ages and skill levels.,,0.1,synthetic,IAB9 Hobbies & Interests
facebook tries stop snapchat drain slingshot,,0.1,pseudo labeled,IAB9 Hobbies & Interests
shovel girl aok somehow photos,,0.1,pseudo labeled,IAB9 Hobbies & Interests
back day heavy metal memories alcoa,,0.1,pseudo labeled,IAB9 Hobbies & Interests
useful creepy facebook launches friendtracking feature,,0.1,pseudo labeled,IAB9 Hobbies & Interests
facebooks new ask button new way flirt social network,,0.1,pseudo labeled,IAB9 Hobbies & Interests
draper,,0.1,pseudo labeled,IAB9 Hobbies & Interests
dna similarities help choose friends,,0.1,pseudo labeled,IAB9 Hobbies & Interests
twitter rolls new look user profile pages,,0.1,pseudo labeled,IAB9 Hobbies & Interests
lifestyle choices reduce risk alzheimers,,0.1,pseudo labeled,IAB9 Hobbies & Interests
pinterest pushes promoted pins experiment next phase paid tests,,0.1,pseudo labeled,IAB9 Hobbies & Interests
theres kim kardashian iphone game thats life,,0.1,pseudo labeled,IAB9 Hobbies & Interests
youtube buy streamingvideo site twitch 1 billion variety,,0.1,pseudo labeled,IAB9 Hobbies & Interests
notebook director gosling wanted fire mcadams,,0.1,pseudo labeled,IAB9 Hobbies & Interests
Collecting stamps and coins can foster a sense of accomplishment and pride as collectors build their collections and acquire new specimens.,,0.1,synthetic,IAB9 Hobbies & Interests
facebook messenger adds dedicated groups tab,,0.1,pseudo labeled,IAB9 Hobbies & Interests
rare blood moon casts spell stargazers,,0.1,pseudo labeled,IAB9 Hobbies & Interests
candy crush almost sweetens wall street,,0.09,pseudo labeled,IAB9 Hobbies & Interests
japanese tansu storage cabinets,,0.09,synthetic,IAB9 Hobbies & Interests
human barbie valeria lukyanova mixed races contribute plastic surgery,,0.09,pseudo labeled,IAB9 Hobbies & Interests
indian bandhani wall tapestries,,0.09,synthetic,IAB9 Hobbies & Interests
japanese bamboo rain chains,,0.09,synthetic,IAB9 Hobbies & Interests
"Children can use the internet to learn about a variety of topics, play games, and socialize with friends.",,0.09,synthetic,IAB9 Hobbies & Interests
joe manganiello true blood magic mike xxl,,0.09,pseudo labeled,IAB9 Hobbies & Interests
facebook kills doppleganging duo poke camera,,0.09,pseudo labeled,IAB9 Hobbies & Interests
amazon tops hulu apple still behind netflix youtube,,0.09,pseudo labeled,IAB9 Hobbies & Interests
heir naziera art hoard cornelius gurlitt dead 81,,0.09,pseudo labeled,IAB9 Hobbies & Interests
levar burton brings reading rainbow plea kickstarter,,0.09,pseudo labeled,IAB9 Hobbies & Interests
vape em got em benefits ecigarettes outweigh risks,,0.09,pseudo labeled,IAB9 Hobbies & Interests
facebook global 30minute outage frustates users,,0.09,pseudo labeled,IAB9 Hobbies & Interests
clean water advocate matt damon uses toilet water icebucket challenge,,0.09,pseudo labeled,IAB9 Hobbies & Interests
"If you are looking for inspiration, there are many resources available online and in libraries, including cookbooks, magazines, and websites.",,0.09,synthetic,IAB9 Hobbies & Interests
editorial take precautions shooting fireworks week,,0.09,pseudo labeled,IAB9 Hobbies & Interests
facebooks nearby friends feature might lead one real,,0.09,pseudo labeled,IAB9 Hobbies & Interests
Camping is a great way to learn new skills and challenge yourself.,,0.09,synthetic,IAB9 Hobbies & Interests
venetian glass mosaic gazing balls,,0.09,synthetic,IAB9 Hobbies & Interests
turkish yalıkavak lanterns,,0.09,synthetic,IAB9 Hobbies & Interests
"You can find books, articles, and websites that provide information on camping gear, techniques, and safety.",,0.09,synthetic,IAB9 Hobbies & Interests
dylans like rolling stone lyrics sell 2m,,0.09,pseudo labeled,IAB9 Hobbies & Interests
remembering ruby dee life artistry activism,,0.09,pseudo labeled,IAB9 Hobbies & Interests
new facebook feature lets know friends nearby,,0.09,pseudo labeled,IAB9 Hobbies & Interests
juan pablo really set sticking bachelor,,0.09,pseudo labeled,IAB9 Hobbies & Interests
webby awards show interactive internet sites popular ever,,0.09,pseudo labeled,IAB9 Hobbies & Interests
Controversies in the history of beer include the debate over the use of adjuncts in beer and the role of large breweries in the beer industry.,,0.09,synthetic,IAB9 Hobbies & Interests
mexican barro betus figurines,,0.09,synthetic,IAB9 Hobbies & Interests
summers watch ticks,,0.09,pseudo labeled,IAB9 Hobbies & Interests
watch jimmy fallons fifty shades grey prank roots,,0.09,pseudo labeled,IAB9 Hobbies & Interests
malaysian basket weave lamps,,0.09,synthetic,IAB9 Hobbies & Interests
facebook users say targeted ads,,0.09,pseudo labeled,IAB9 Hobbies & Interests
mrs doubtfire 2 6 sequel ideas wed love see,,0.09,pseudo labeled,IAB9 Hobbies & Interests
kids choice awards 2014 winners complete list one direction jennifer,,0.09,pseudo labeled,IAB9 Hobbies & Interests
veronica mars first eight minutes movie online familiar,,0.09,pseudo labeled,IAB9 Hobbies & Interests
Spas are a great way to de-stress and escape from the everyday hustle and bustle.,,0.09,synthetic,IAB9 Hobbies & Interests
bachelorette andi dorfman choose josh nick plus find,,0.09,pseudo labeled,IAB9 Hobbies & Interests
thirty years hiv,,0.09,pseudo labeled,IAB9 Hobbies & Interests
giraffe bids last goodbye licks dying zoo worker,,0.09,pseudo labeled,IAB9 Hobbies & Interests
puff daddy returns sean combs back original rap alias stints diddy p,,0.09,pseudo labeled,IAB9 Hobbies & Interests
author sue townsend creator teenage diarist adrian mole dies 68,,0.09,pseudo labeled,IAB9 Hobbies & Interests
spotify tops ten million paying users,,0.09,pseudo labeled,IAB9 Hobbies & Interests
Barbecue and grilling are popular cooking methods that can be used to cook a variety of different foods.,,0.09,synthetic,IAB9 Hobbies & Interests
check first clip ryan goslings lost river,,0.09,pseudo labeled,IAB9 Hobbies & Interests
vanessa paradis vanessa paradis nostalgic past,,0.09,pseudo labeled,IAB9 Hobbies & Interests
fridays fx eurusd gbpusd usdjpy audusd,,0.09,pseudo labeled,IAB9 Hobbies & Interests
One of the most important trends in barbecue and grilling is the use of new and innovative cooking techniques.,,0.09,synthetic,IAB9 Hobbies & Interests
judge favors macys jc penney martha stewart conflict,,0.09,pseudo labeled,IAB9 Hobbies & Interests
4 reasons inspired kacy catanzaro,,0.09,pseudo labeled,IAB9 Hobbies & Interests
japanese bamboo water spouts,,0.09,synthetic,IAB9 Hobbies & Interests
"Bicycling has a positive impact on the environment, reducing air pollution and promoting sustainable transportation practices.",,0.09,synthetic,IAB9 Hobbies & Interests
beats dre powerbeats2 wireless cut headphones cord,,0.09,pseudo labeled,IAB9 Hobbies & Interests
true blood 7x02 found dreaming eric,,0.09,pseudo labeled,IAB9 Hobbies & Interests
chilean clay cazuelas,,0.09,synthetic,IAB9 Hobbies & Interests
official images transformers age extinction leader class bumblebee,,0.09,pseudo labeled,IAB9 Hobbies & Interests
rip gwars david brockie,,0.09,pseudo labeled,IAB9 Hobbies & Interests
"In the past, dating was often seen as a way to find a potential spouse, but today it is more common for people to date for a variety of reasons, including companionship, fun, and self-discovery.",,0.09,synthetic,IAB9 Hobbies & Interests
kevin sharp dead country singer 43,,0.09,pseudo labeled,IAB9 Hobbies & Interests
russian khokhloma painted trays,,0.09,synthetic,IAB9 Hobbies & Interests
harry potter married going gray new rowling writing,,0.09,pseudo labeled,IAB9 Hobbies & Interests
notebook director ryan gosling wanted fire mcadams,,0.09,pseudo labeled,IAB9 Hobbies & Interests
best tributes house music father frankie knuckles,,0.09,pseudo labeled,IAB9 Hobbies & Interests
friends share dna similarities,,0.09,pseudo labeled,IAB9 Hobbies & Interests
facebooks slingshot gets official launch,,0.09,pseudo labeled,IAB9 Hobbies & Interests
"Other notable figures in the scrapbooking community include Becky Higgins, Ali Edwards, and Carissa Missildine.",,0.09,synthetic,IAB9 Hobbies & Interests
att crowding hulu netflix online video plans,,0.09,pseudo labeled,IAB9 Hobbies & Interests
bob dylans like rolling stone lyrics top 2 million auction,,0.09,pseudo labeled,IAB9 Hobbies & Interests
"There are many different types of card games, from simple games like Go Fish and Crazy Eights to more complex games like poker and bridge.",,0.09,synthetic,IAB9 Hobbies & Interests
spotify hits 10 million global subscribers,,0.09,pseudo labeled,IAB9 Hobbies & Interests
gary oldman defends mel gibson alec baldwin expletivefilled playboy,,0.09,pseudo labeled,IAB9 Hobbies & Interests
facebook collect users data targeted ads opt,,0.09,pseudo labeled,IAB9 Hobbies & Interests
neil patrick harris strips rolling stone cover,,0.09,pseudo labeled,IAB9 Hobbies & Interests
jimmy kimmels mean tweets best sketch late night tv watch every,,0.09,pseudo labeled,IAB9 Hobbies & Interests
Board games and puzzles can be a great way to learn new skills and improve your problem-solving abilities.,,0.09,synthetic,IAB9 Hobbies & Interests
Others enjoy the satisfaction of using their own handmade products.,,0.09,synthetic,IAB9 Hobbies & Interests
Scrapbooking is a great way to express your creativity.,,0.09,synthetic,IAB9 Hobbies & Interests
Board games and puzzles can be a great way to improve your analytical thinking skills.,,0.09,synthetic,IAB9 Hobbies & Interests
fast 7 use body doubles cgi dub missing paul walker scenes,,0.09,pseudo labeled,IAB9 Hobbies & Interests
"There are many resources available to help people learn how to draw and sketch, including books, online tutorials, and classes.",,0.09,synthetic,IAB9 Hobbies & Interests
facebook lets users ask personal information friends,,0.09,pseudo labeled,IAB9 Hobbies & Interests
Scrapbooking is a great way to create a lasting legacy.,,0.09,synthetic,IAB9 Hobbies & Interests
Board games and puzzles can be a great way to improve your problem-solving skills.,,0.09,synthetic,IAB9 Hobbies & Interests
soybeans lead corn higher tuesday,,0.09,pseudo labeled,IAB9 Hobbies & Interests
red robin monster contains 3540 calories,,0.09,pseudo labeled,IAB9 Hobbies & Interests
used friends veronica mars kickstarter backlash,,0.09,pseudo labeled,IAB9 Hobbies & Interests
34th anniversary mount st helens eruption,,0.09,pseudo labeled,IAB9 Hobbies & Interests
moto 360 gets closeup new video,,0.09,pseudo labeled,IAB9 Hobbies & Interests
google acquires songza attempt learn music streamers,,0.09,pseudo labeled,IAB9 Hobbies & Interests
facebooks new ask button gives whole new way badger friends,,0.09,pseudo labeled,IAB9 Hobbies & Interests
geithner drives liberals crazy donovan ombcastro hud hp slash,,0.09,pseudo labeled,IAB9 Hobbies & Interests
facebooks paper app continues evolve birthdays events groups,,0.09,pseudo labeled,IAB9 Hobbies & Interests
five things,,0.09,pseudo labeled,IAB9 Hobbies & Interests
amazon rolls netflixforbooks style service wboctv 16 delmarvas,,0.09,pseudo labeled,IAB9 Hobbies & Interests
fan favorite chris soules searches love abcs bachelor,,0.09,pseudo labeled,IAB9 Hobbies & Interests
pinocchio rex stealthier deadlier famous cousin,,0.09,pseudo labeled,IAB9 Hobbies & Interests
ginsoaked raisins relieve arthritis video,,0.09,pseudo labeled,IAB9 Hobbies & Interests
google shows many times profile content,,0.09,pseudo labeled,IAB9 Hobbies & Interests
"Collecting can provide a sense of accomplishment, satisfaction, and connection to a community of like-minded individuals.",,0.09,synthetic,IAB9 Hobbies & Interests
"With a little practice, you can learn to create beautiful and unique needlework pieces.",,0.09,synthetic,IAB9 Hobbies & Interests
facebook tinkered users feeds massive psychology experiment,,0.09,pseudo labeled,IAB9 Hobbies & Interests
ecigarette use rises doctors split advice patients,,0.09,pseudo labeled,IAB9 Hobbies & Interests
"And with a little practice, you can learn to create beautiful and unique needlework pieces.",,0.09,synthetic,IAB9 Hobbies & Interests
Board games and puzzles can be a great way to improve your decision-making skills.,,0.09,synthetic,IAB9 Hobbies & Interests
jason bateman talks bad words love directing,,0.09,pseudo labeled,IAB9 Hobbies & Interests
tmobile adds free music streaming free trial iphones,,0.09,pseudo labeled,IAB9 Hobbies & Interests
maker candy crush sees 613 million ipo,,0.09,pseudo labeled,IAB9 Hobbies & Interests
hercules trailer dwayne johnson labors loincloth,,0.09,pseudo labeled,IAB9 Hobbies & Interests
dear diary week life heartbleed bug,,0.09,pseudo labeled,IAB9 Hobbies & Interests
5 seconds summer set burgettstown,,0.09,pseudo labeled,IAB9 Hobbies & Interests
