text,labels,confidence,source,iab_label
google inc goog adds paypal google play buys word lens app maker,,0.49,natural,IAB19 Technology & Computing
microsoft nokia done deal,,0.49,natural,IAB19 Technology & Computing
intel agreement gives googles chrome os massive shot arm,,0.49,natural,IAB19 Technology & Computing
apple boosts macbook pro lineup upgrades ram cpus,,0.49,natural,IAB19 Technology & Computing
apple due release largestever ipad next year,,0.49,natural,IAB19 Technology & Computing
android leader sundar pichai says wearable sdk coming two weeks,,0.49,natural,IAB19 Technology & Computing
nokia x microsoft kill abomination,,0.49,natural,IAB19 Technology & Computing
htc unveils flagship phone htc one m8,,0.49,natural,IAB19 Technology & Computing
samsung launches ipad air killer galaxy tab wqhd resolution,,0.49,natural,IAB19 Technology & Computing
equinix brings microsofts azure expressroute washington dc,,0.49,natural,IAB19 Technology & Computing
Bjarne Stroustrup: The Architect of C++,,0.49,synthetic,IAB19 Technology & Computing
microsoft ceo satya nadella plans spin xbox bing,,0.49,natural,IAB19 Technology & Computing
amds project skybridge unites x86 arm brings android support,,0.49,natural,IAB19 Technology & Computing
google extends intel love affair new bay trail chromebooks,,0.49,natural,IAB19 Technology & Computing
best tab ever samsung 105 super amoled 8core mag app,,0.49,natural,IAB19 Technology & Computing
someone going make googles smart contact lens reality,,0.49,natural,IAB19 Technology & Computing
microsoft office ipad generates rare excitement,,0.49,natural,IAB19 Technology & Computing
intel backs survival pcs world shrinking technology,,0.49,natural,IAB19 Technology & Computing
macbook pros get update today 16gb ram faster cpus,,0.49,natural,IAB19 Technology & Computing
google unveils software smartwatchestobe,,0.49,natural,IAB19 Technology & Computing
apples retina macbook pros get updates doubled ram slightly faster,,0.49,natural,IAB19 Technology & Computing
microsoft working whatsapp notification fix windows phone 8,,0.49,natural,IAB19 Technology & Computing
next phone stream 4k ultra hd tv says qualcomm,,0.49,natural,IAB19 Technology & Computing
apples ipad launching ntt docomo japans largest mobile carrier,,0.49,natural,IAB19 Technology & Computing
new york ny microsoft bills new surface tablet computer laptop,,0.49,natural,IAB19 Technology & Computing
microsoft unveils realtime universal translator skype,,0.49,natural,IAB19 Technology & Computing
apple unveils new software allows control home ipad,,0.49,natural,IAB19 Technology & Computing
microsoft presses ahead office android,,0.49,natural,IAB19 Technology & Computing
review microsofts new surface pro tablet works laptop comes trade,,0.49,natural,IAB19 Technology & Computing
microsofts onenote becomes no1 free mac app one day,,0.49,natural,IAB19 Technology & Computing
macbook air gets refreshed faster processor lower price,,0.49,natural,IAB19 Technology & Computing
htc nexus volantis tablet leaks ahead google io 2014 image specs price,,0.49,natural,IAB19 Technology & Computing
adobe q2 profit 16 strength cloud,,0.49,natural,IAB19 Technology & Computing
havent updated itunes software since 2011 thats apple needs beats,,0.49,natural,IAB19 Technology & Computing
apple offers low priced imac desktop 900,,0.49,natural,IAB19 Technology & Computing
qualcomm inc qcom issues fy14 earnings guidance,,0.49,natural,IAB19 Technology & Computing
qualcomm incs share price posts increasing profit concern,,0.49,natural,IAB19 Technology & Computing
799 right price microsofts surface 3,,0.49,natural,IAB19 Technology & Computing
microsoft takes battle google chromebooks,,0.49,natural,IAB19 Technology & Computing
nokia becomes microsoft,,0.49,natural,IAB19 Technology & Computing
hijackers apple devices demanding ransom australia,,0.49,natural,IAB19 Technology & Computing
microsoft positions surface pro 3 tablet laptop replacement,,0.49,natural,IAB19 Technology & Computing
microsoft unveils new personal office 365 sku,,0.49,natural,IAB19 Technology & Computing
qualcomm inc nasdaqqcom bought startup chip designer wilocity,,0.49,natural,IAB19 Technology & Computing
new macbook air prices cut 100 faster processor,,0.49,natural,IAB19 Technology & Computing
satya nadellas big test nextgen surface tablets,,0.49,natural,IAB19 Technology & Computing
microsoft intel weighing dow today,,0.49,natural,IAB19 Technology & Computing
podcast apple new microsoft,,0.49,natural,IAB19 Technology & Computing
apples 12inch ipad makes sense,,0.49,natural,IAB19 Technology & Computing
samsung googles offer,,0.49,natural,IAB19 Technology & Computing
apple tv get siri voice assistant ios 711 update,,0.49,natural,IAB19 Technology & Computing
closer look titanfalls notsosecret weapon microsofts cloud,,0.49,natural,IAB19 Technology & Computing
intel finally gets inside phones tablets eyes wearables next,,0.49,natural,IAB19 Technology & Computing
funniest thing youll see today kids react old computers,,0.49,natural,IAB19 Technology & Computing
microsoft touts office ipad theres catch,,0.49,natural,IAB19 Technology & Computing
google chromecast goes sale uk exclusively currys pc world first,,0.49,natural,IAB19 Technology & Computing
microsofts xbox one console go sale china september,,0.49,natural,IAB19 Technology & Computing
intels bay trail architecture make chromebooks fanless offer better,,0.49,natural,IAB19 Technology & Computing
apple may unveil 129inch ipad early 2015,,0.49,natural,IAB19 Technology & Computing
theres dangerous bug internet explorer microsoft wont fix,,0.49,natural,IAB19 Technology & Computing
microsoft office rumoured hit ipads 27 march first event new ceo,,0.49,natural,IAB19 Technology & Computing
breaking bad actor jesse pinkmans voice turns microsoft xbox one users,,0.49,natural,IAB19 Technology & Computing
hackers seek ransom remotely locking mac ios devices australia,,0.49,natural,IAB19 Technology & Computing
apple upgrading macbook air laptop lineup faster processors intel,,0.49,natural,IAB19 Technology & Computing
apple unveils new ipod touch line,,0.49,natural,IAB19 Technology & Computing
intel raises revenue forecast strong pcs demand,,0.49,natural,IAB19 Technology & Computing
spritz debuts samsung galaxy s5 gear 2 could app revolutionize,,0.49,natural,IAB19 Technology & Computing
symantec corp symc plunged new low ceo terminated,,0.49,natural,IAB19 Technology & Computing
exmicrosoft employee arrested leaking windows 8 rt secrets blogger,,0.49,natural,IAB19 Technology & Computing
apples marketing pushes iphone 6 protects iwatch,,0.49,natural,IAB19 Technology & Computing
google htc preparing nexus 8 rival apples ipad air,,0.49,natural,IAB19 Technology & Computing
microsoft office ipad 8 facts,,0.49,natural,IAB19 Technology & Computing
behold amazon smartphone,,0.49,natural,IAB19 Technology & Computing
hp invest 1billion opensource cloud computing,,0.49,natural,IAB19 Technology & Computing
adobe shares soar record shift cloud gains momentum,,0.49,natural,IAB19 Technology & Computing
apple refreshes macbook pro retina line faster processors increased ram,,0.49,natural,IAB19 Technology & Computing
microsoft unveils new surface tablet built help intel,,0.49,natural,IAB19 Technology & Computing
windows rising chromebook price war,,0.49,natural,IAB19 Technology & Computing
### 8. Future Possibilities: The Future of PC Support in a Digital World,,0.49,synthetic,IAB19 Technology & Computing
googles price cut made consumer cloud biz lot cloudier,,0.49,natural,IAB19 Technology & Computing
microsoft corporation ceo satya nadella may unveil office apple inc ipad,,0.49,natural,IAB19 Technology & Computing
microsoft office ipad likely launch march 27,,0.49,natural,IAB19 Technology & Computing
microsoft reportedly prepping office android tablets,,0.49,natural,IAB19 Technology & Computing
laptop youre using could part recall,,0.49,natural,IAB19 Technology & Computing
10 facts windows xps enduring pc market presence,,0.49,natural,IAB19 Technology & Computing
microsoft office ipad come late,,0.49,natural,IAB19 Technology & Computing
kim dotcom encryption kings battle make internet world fair,,0.49,natural,IAB19 Technology & Computing
ibettercharge computer tell charge iphone,,0.49,natural,IAB19 Technology & Computing
apple medical tech hiring spree possible hint iwatch plans,,0.49,natural,IAB19 Technology & Computing
lenovo sales 55 million pcs 50 million smartphones nine million tablets,,0.49,natural,IAB19 Technology & Computing
apple reportedly launching iwatch alongside iphone 6 september 9,,0.49,natural,IAB19 Technology & Computing
apples wwdc focus software iwatch new apple tv sight,,0.49,natural,IAB19 Technology & Computing
gta 5 ps4 xbox one pc update lindsay lohan sues makers grand,,0.49,natural,IAB19 Technology & Computing
anandtechs microsoft surface pro 3 review,,0.49,natural,IAB19 Technology & Computing
blackberry ceo john chen blasts new android security knox,,0.49,natural,IAB19 Technology & Computing
microsoft office might coming ipad,,0.49,natural,IAB19 Technology & Computing
apple updates macbook pro retina display cuts price 13inch macbook,,0.49,natural,IAB19 Technology & Computing
major tech companies join forces prevent next heartbleed bug,,0.49,natural,IAB19 Technology & Computing
googles android one project prevent rest world ending,,0.49,natural,IAB19 Technology & Computing
microsoft soon bring realtime speech translation skype,,0.49,natural,IAB19 Technology & Computing
2013 macbook airs get speed bump 100 price cut,,0.49,natural,IAB19 Technology & Computing
office ipad little late,,0.49,natural,IAB19 Technology & Computing
whats question microsofts satya nadella,,0.49,natural,IAB19 Technology & Computing
samsung elec sees tough second half secondquarter profit slips,,0.49,natural,IAB19 Technology & Computing
apple discontinues ipad 2 relaunches 16gb ipad 4 unveils 8gb iphone 5c,,0.49,natural,IAB19 Technology & Computing
15inch macbook pro refresh leak 16 gb ram price,,0.49,natural,IAB19 Technology & Computing
adobe unveils creative cloud updates apps,,0.49,natural,IAB19 Technology & Computing
microsoft office ipad review,,0.49,natural,IAB19 Technology & Computing
third time charm 3 ways microsoft surface pro 3 still fails,,0.49,natural,IAB19 Technology & Computing
"It has led to the development of new technologies such as the computer, the laser, and the nuclear reactor.",,0.49,synthetic,IAB19 Technology & Computing
glowing review new google smartwatch,,0.49,natural,IAB19 Technology & Computing
imminent google inc goog win investors licking chops,,0.49,natural,IAB19 Technology & Computing
tech rivals appleibm ink marketing deal embrace iphones ipads,,0.49,natural,IAB19 Technology & Computing
heartbleed bug found cisco spreads firewalls,,0.49,natural,IAB19 Technology & Computing
samsung chief lee hospitalised heart attack,,0.49,natural,IAB19 Technology & Computing
symantec ditches ceo shares suffer,,0.49,natural,IAB19 Technology & Computing
ethical hackers crack samsung galaxy s5 fingerprint sensor,,0.49,natural,IAB19 Technology & Computing
"Computer peripherals have revolutionized the way we interact with computers, enhancing our productivity and user experience.",,0.49,synthetic,IAB19 Technology & Computing
microsofts satya nadella im charge,,0.49,natural,IAB19 Technology & Computing
laptop tablet deals roundup includes macbook pro ipad mini microsoft,,0.49,natural,IAB19 Technology & Computing
microsoft announce major layoffs early week sources say,,0.49,natural,IAB19 Technology & Computing
samsung reports net earnings operating profits decline,,0.49,natural,IAB19 Technology & Computing
googles new street view image recognition algorithm beat,,0.49,natural,IAB19 Technology & Computing
microsoft ceo satya nadella could lead unveiling new surface models,,0.49,natural,IAB19 Technology & Computing
apple launches faster macbook pro retina display lineup,,0.49,natural,IAB19 Technology & Computing
android tv googles next settop box,,0.49,natural,IAB19 Technology & Computing
amd unveils ambidextrous computing roadmap,,0.49,natural,IAB19 Technology & Computing
video microsoft surface pro 3 tablet aims replace laptop,,0.49,natural,IAB19 Technology & Computing
google developing tablet advanced vision capabilities,,0.49,natural,IAB19 Technology & Computing
microsoft shows realtime universal speech translator skype coming 2014,,0.49,natural,IAB19 Technology & Computing
google inc googl testing drastic gmail redesign,,0.49,natural,IAB19 Technology & Computing
samsung announces highdef tablets fight ipad,,0.49,natural,IAB19 Technology & Computing
apple introduces 1099 imac 5 things know lowcost desktop,,0.49,natural,IAB19 Technology & Computing
microsoft layoff rumor gets mostly good vibes,,0.49,natural,IAB19 Technology & Computing
protests disrupt google io keynote,,0.49,natural,IAB19 Technology & Computing
samsung unveils android tablets,,0.49,natural,IAB19 Technology & Computing
apple ibm give 30year rivalry work together iphone ipad software,,0.49,natural,IAB19 Technology & Computing
apple earnings iphone ipad sales growth key,,0.49,natural,IAB19 Technology & Computing
"Data centers are the backbone of the modern digital world, providing the infrastructure for everything from cloud computing to online banking.",,0.49,synthetic,IAB19 Technology & Computing
microsoft nokia merge microsoft mobile,,0.49,natural,IAB19 Technology & Computing
apple expected release new macbook air tomorrow,,0.49,natural,IAB19 Technology & Computing
apple issues iphone 5 battery recall,,0.48,natural,IAB19 Technology & Computing
googles giving chromebook pixel owners 150 make,,0.48,natural,IAB19 Technology & Computing
apples success china sets stage iphone 6 new products,,0.48,natural,IAB19 Technology & Computing
android l wear take centre stage google races improve security,,0.48,natural,IAB19 Technology & Computing
office ipad marks end platform wars,,0.48,natural,IAB19 Technology & Computing
heres first look yosemite apples new operating system macs,,0.48,natural,IAB19 Technology & Computing
microsoft mini tablet expected surface,,0.48,natural,IAB19 Technology & Computing
apple vs samsung battle resumes,,0.48,natural,IAB19 Technology & Computing
htc launch volantis aka nexus 9 tablet,,0.48,natural,IAB19 Technology & Computing
3d printer saved toddler struggling breathe,,0.48,natural,IAB19 Technology & Computing
dumping windows xp finally slows plummeting pc sales,,0.48,natural,IAB19 Technology & Computing
former microsoft employee arrested windows 8 leaks,,0.48,natural,IAB19 Technology & Computing
medtronic mdt stock surging morning,,0.48,natural,IAB19 Technology & Computing
microsofts surface 2 tablet family gets 100 price cut,,0.48,natural,IAB19 Technology & Computing
apple hit refresh macbook air lineup tomorrow display retina,,0.48,natural,IAB19 Technology & Computing
microsoft reportedly working xbox vr headset,,0.48,natural,IAB19 Technology & Computing
apple engineer wanted make phone normal people,,0.48,natural,IAB19 Technology & Computing
apple google weigh nasdaq,,0.48,natural,IAB19 Technology & Computing
samsung unveils flagship tablet galaxy tab,,0.48,natural,IAB19 Technology & Computing
google mulls wifi rollout google fiber cities,,0.48,natural,IAB19 Technology & Computing
samsung galaxy note 4 leaked specs 4gb ram 2k display 201mp camera,,0.48,natural,IAB19 Technology & Computing
apple inc set unveil iphone 6 larger screen september report,,0.48,natural,IAB19 Technology & Computing
"### 8. Java's Cross-Platform Compatibility: Write Once, Run Anywhere",,0.48,synthetic,IAB19 Technology & Computing
apple hits 52week high growing anticipation iwatch,,0.48,natural,IAB19 Technology & Computing
nokia x goads google work 100 nexus,,0.48,natural,IAB19 Technology & Computing
intel wants sell chips eyes ears wrists torso,,0.48,natural,IAB19 Technology & Computing
cisco joins cloud computing fray 1 billion investment two years,,0.48,natural,IAB19 Technology & Computing
windows xp dies 12 12 long illness,,0.48,natural,IAB19 Technology & Computing
apple earnings report iphone king ipad might well dead,,0.48,natural,IAB19 Technology & Computing
microsoft office ipad whos,,0.48,natural,IAB19 Technology & Computing
google googl developing tablet advanced 3d mapping capabilities,,0.48,natural,IAB19 Technology & Computing
apple seen medical tech hiring spree hints iwatch plans,,0.48,natural,IAB19 Technology & Computing
titanfall release incredibly important microsoft xbox one console,,0.48,natural,IAB19 Technology & Computing
hp bets big openstack cloud foundry,,0.48,natural,IAB19 Technology & Computing
amazon console announced wednesday,,0.48,natural,IAB19 Technology & Computing
techie titans call truce frenemies,,0.48,natural,IAB19 Technology & Computing
htc releases apis new one smartphone,,0.48,natural,IAB19 Technology & Computing
apple inc tops tablet satisfaction survey stock banks catalysts soar,,0.48,natural,IAB19 Technology & Computing
nadella unveils mobile managment suite ipad eventually android,,0.48,natural,IAB19 Technology & Computing
googles secret android tv settop box may finally make appearance,,0.48,natural,IAB19 Technology & Computing
microsoft layoffs means msft stock,,0.48,natural,IAB19 Technology & Computing
12 things know project ara googles amazing modular phone,,0.48,natural,IAB19 Technology & Computing
heres information upcoming htc devices,,0.48,natural,IAB19 Technology & Computing
apple releases ios 71 iphone ipad ipod touch new features visual,,0.48,natural,IAB19 Technology & Computing
heartbleed computer bug threat spreads firewalls beyond,,0.48,natural,IAB19 Technology & Computing
hewlettpackard company given average recommendation buy,,0.48,natural,IAB19 Technology & Computing
fcc chairman cites google fiber model rollout speedy,,0.48,natural,IAB19 Technology & Computing
apples new macbook pro retina spec leaked,,0.48,natural,IAB19 Technology & Computing
5yearold discovered xbox security flaw,,0.48,natural,IAB19 Technology & Computing
windows android together make microsoft google mad,,0.48,natural,IAB19 Technology & Computing
The development of computers and digital technology in the 20th century.,,0.48,synthetic,IAB19 Technology & Computing
microsoft layoffs could see thousands staff firing line week,,0.48,natural,IAB19 Technology & Computing
hewlettpackard company hpq issues fy14 earnings guidance,,0.48,natural,IAB19 Technology & Computing
cisco plans build worlds largest network clouds supporting,,0.48,natural,IAB19 Technology & Computing
microsoft charging 99 year use office ipad,,0.48,natural,IAB19 Technology & Computing
github cofounder responds harassment allegations work,,0.48,natural,IAB19 Technology & Computing
microsoft unveils longawaited office apps ipad,,0.48,natural,IAB19 Technology & Computing
microsoft finally announces office ipad,,0.48,natural,IAB19 Technology & Computing
amazon unveil 3d smartphone tomorrow,,0.48,natural,IAB19 Technology & Computing
microsoft unveils office apples ipad,,0.48,natural,IAB19 Technology & Computing
wait microsoft killing surface rt lineup,,0.48,natural,IAB19 Technology & Computing
apple google formally agree 325m wage settlement,,0.48,natural,IAB19 Technology & Computing
nvidia corp nvda tops q2 eps 10c issues strong q3 sales outlook,,0.48,natural,IAB19 Technology & Computing
microsofts nokia deal closes say hello microsoft mobile,,0.48,natural,IAB19 Technology & Computing
microsoft unveils office software ipad,,0.48,natural,IAB19 Technology & Computing
broadwell expected computex,,0.48,natural,IAB19 Technology & Computing
intel raises revenue forecast strong business pc demand,,0.48,natural,IAB19 Technology & Computing
apple updates cuts price laptops,,0.48,natural,IAB19 Technology & Computing
ibm apple reach deal create apps sell iphones ipads,,0.48,natural,IAB19 Technology & Computing
Current Trends in Mac Support,,0.48,synthetic,IAB19 Technology & Computing
console wars intensify successful launch xbox one,,0.48,natural,IAB19 Technology & Computing
"Animation has played a significant role in the evolution of technology and computing, shaping the way we interact with digital media.",,0.48,synthetic,IAB19 Technology & Computing
protesters tried hijack google io conference killer robots rant,,0.48,natural,IAB19 Technology & Computing
microsoft bills new surface tablet computer laptop replacement,,0.48,natural,IAB19 Technology & Computing
video ios 8 mac os x yosemite features may know,,0.48,natural,IAB19 Technology & Computing
jim cramer great windows purge microsoft,,0.48,natural,IAB19 Technology & Computing
new samsung galaxy ipad killer,,0.48,natural,IAB19 Technology & Computing
intel finally lands tablet wins,,0.48,natural,IAB19 Technology & Computing
operation clandestine fox hackers attacking computers new internet,,0.48,natural,IAB19 Technology & Computing
another intheknow says microsofts wearable wristband watch,,0.48,natural,IAB19 Technology & Computing
htc one m8 handson htcs new flagship phone,,0.48,natural,IAB19 Technology & Computing
5yearold hacks xbox becomes microsoft security researcher,,0.48,natural,IAB19 Technology & Computing
microsofts new new windows cadence year enough,,0.48,natural,IAB19 Technology & Computing
apple preparing launch new smartphone platform,,0.48,natural,IAB19 Technology & Computing
The Introduction of AppleCare,,0.48,synthetic,IAB19 Technology & Computing
intel q1 conference call street asks tablet phone efforts turn profit,,0.48,natural,IAB19 Technology & Computing
microsoft unveils first android phone,,0.48,natural,IAB19 Technology & Computing
facebook buy oculus vr 2 billion firstever hardware deal,,0.48,natural,IAB19 Technology & Computing
nadellas first big task touting new surface tablets,,0.48,natural,IAB19 Technology & Computing
apple launches new macbook air 100 price drop us canada price,,0.48,natural,IAB19 Technology & Computing
leaked images show android tv controller,,0.48,natural,IAB19 Technology & Computing
apple macbook pro 2014 base model 16gb ram full specs leaked,,0.48,natural,IAB19 Technology & Computing
microsoft office finally available ipad,,0.48,natural,IAB19 Technology & Computing
nintendo game boy 25th anniversary history handheld console,,0.48,natural,IAB19 Technology & Computing
adobe launches lightroom iphone updates creative cloud,,0.48,natural,IAB19 Technology & Computing
heartbleed bug spreads cisco juniper network devices,,0.48,natural,IAB19 Technology & Computing
investors back huge job cuts microsoft chief,,0.48,natural,IAB19 Technology & Computing
emc vmax3 goes hybrid cloud,,0.48,natural,IAB19 Technology & Computing
bitcoin cash machine appears londons tech city,,0.48,natural,IAB19 Technology & Computing
apple slices 100 macbook air,,0.48,natural,IAB19 Technology & Computing
microsoft earnings buoyed new ceos cloud vision,,0.48,natural,IAB19 Technology & Computing
microsoft also working virtual reality headset,,0.48,natural,IAB19 Technology & Computing
songza bought google,,0.48,natural,IAB19 Technology & Computing
make safe transit microsoft mulls windows xp,,0.48,natural,IAB19 Technology & Computing
video know microsoft finally releasing office,,0.48,natural,IAB19 Technology & Computing
apple releases faster cheaper powerful macbook air,,0.48,natural,IAB19 Technology & Computing
nokia become microsoft,,0.48,natural,IAB19 Technology & Computing
microsoft ceo nadella toasts success tweet office ipad hits top spot,,0.48,natural,IAB19 Technology & Computing
microsoft office ipad app finding many takers,,0.48,natural,IAB19 Technology & Computing
recode apple announce wearable device september iphone event,,0.48,natural,IAB19 Technology & Computing
microsoft windows xp says time say goodbye,,0.48,natural,IAB19 Technology & Computing
report android tv googles next big settop box push,,0.48,natural,IAB19 Technology & Computing
offline google play movies chromebooks coming soon,,0.48,natural,IAB19 Technology & Computing
microsoft offices china raided antitrust investigation,,0.48,natural,IAB19 Technology & Computing
### 30. The Importance of PC Support in the Modern World,,0.48,synthetic,IAB19 Technology & Computing
itchy rash ipad might blame,,0.48,natural,IAB19 Technology & Computing
video samsung shows us great galaxy s5 without bashing apple,,0.48,natural,IAB19 Technology & Computing
microsoft may biggest job cuts history week,,0.48,natural,IAB19 Technology & Computing
chinese government raids microsoft offices four cities,,0.48,natural,IAB19 Technology & Computing
google develops project tango 3d tablets imminent release,,0.48,natural,IAB19 Technology & Computing
samsung ties marvel,,0.48,natural,IAB19 Technology & Computing
lenovo yoga chromebook shown intel event 360 degree rotating,,0.48,natural,IAB19 Technology & Computing
samsung forecasts slump q2 profits,,0.48,natural,IAB19 Technology & Computing
many atms yet upgraded windows xp says microsoft,,0.48,natural,IAB19 Technology & Computing
office ipad official,,0.48,natural,IAB19 Technology & Computing
lenovo adds first two consumer chromebooks n20 n20p,,0.48,natural,IAB19 Technology & Computing
snag copy microsoft office ipad,,0.48,natural,IAB19 Technology & Computing
microsoft offers users 100 credit new pc switch xp,,0.48,natural,IAB19 Technology & Computing
macbook pro upgrade leaks 28ghz core i7 16gb ram standard,,0.48,natural,IAB19 Technology & Computing
microsoft office ipad isnt toxic intel,,0.48,natural,IAB19 Technology & Computing
heartbleed computer safety,,0.48,natural,IAB19 Technology & Computing
apple inc aapl macbook air faster cheaper,,0.48,natural,IAB19 Technology & Computing
android l cometh everything need know googles latest os,,0.48,natural,IAB19 Technology & Computing
apple updates macbook air drops price 100,,0.48,natural,IAB19 Technology & Computing
apple set release largest ipad ever,,0.48,natural,IAB19 Technology & Computing
microsoft give 100 upgrade windows xp computer,,0.48,natural,IAB19 Technology & Computing
apple inc aapl drops price increases speed macbook air,,0.48,natural,IAB19 Technology & Computing
samsung galaxy grand neo duos comes large display quad core glory,,0.48,natural,IAB19 Technology & Computing
apple samsung race put fingerprint technology tablets,,0.48,natural,IAB19 Technology & Computing
apple devices targeted ransom hack,,0.48,natural,IAB19 Technology & Computing
microsoft setting biggest layoffs ever,,0.48,natural,IAB19 Technology & Computing
verizon google working fix things chromebook pixel owners midst,,0.48,natural,IAB19 Technology & Computing
google unveils modular smartphone,,0.48,natural,IAB19 Technology & Computing
closer look samsung gear live,,0.48,natural,IAB19 Technology & Computing
amazon unveils 3d fire smartphone,,0.48,natural,IAB19 Technology & Computing
brazil bandits steal 63m phones computers july 08 2014 1253 pm,,0.48,natural,IAB19 Technology & Computing
vmware profit sales gain margins shrink,,0.48,natural,IAB19 Technology & Computing
symantec fires ceo shares plunge,,0.48,natural,IAB19 Technology & Computing
intel samsung among founders new iot consortium,,0.48,natural,IAB19 Technology & Computing
excellent microsoft launches office ipad,,0.48,natural,IAB19 Technology & Computing
apple launches 8 gb iphone 5c 16 gb ipad 4 makes return updated,,0.47,natural,IAB19 Technology & Computing
leak suggests microsofts surface mini tablet coming soon,,0.47,natural,IAB19 Technology & Computing
samsung galaxy tab 4 tablets hitting stores may 1st,,0.47,natural,IAB19 Technology & Computing
5 interesting facts microsoft surface pro 3,,0.47,natural,IAB19 Technology & Computing
samsung swap snapdragon exynos intel lte galaxy s5 prime,,0.47,natural,IAB19 Technology & Computing
microsoft surface pro 3 tablet video,,0.47,natural,IAB19 Technology & Computing
microsoft rushes fix browser hacker attacks,,0.47,natural,IAB19 Technology & Computing
facebook buys oculus vr,,0.47,natural,IAB19 Technology & Computing
snapdragon 805 benchmarked kraits last hurrah arrival new gpu,,0.47,natural,IAB19 Technology & Computing
microsoft announces windows 81 bing lowcost pcs tablets,,0.47,natural,IAB19 Technology & Computing
lenovos first windows phone wearable device coming year,,0.47,natural,IAB19 Technology & Computing
hewlettpackard company nysehpq earnings call whats catch,,0.47,natural,IAB19 Technology & Computing
cloud computing helps microsoft beat profit estimates,,0.47,natural,IAB19 Technology & Computing
apple samsung trade barbs debate role search giant google,,0.47,natural,IAB19 Technology & Computing
samsung brings galaxy s5 display tech tablets tab line,,0.47,natural,IAB19 Technology & Computing
surface pro take 3 latest tablet microsoft eyes lap,,0.47,natural,IAB19 Technology & Computing
3 reasons intels tablet move fail,,0.47,natural,IAB19 Technology & Computing
first look preview office ipad,,0.47,natural,IAB19 Technology & Computing
aussie ipads iphones hit oleg pliss hack,,0.47,natural,IAB19 Technology & Computing
htc going make mini version best android phone world,,0.47,natural,IAB19 Technology & Computing
amazon expected unveil new smartphone,,0.47,natural,IAB19 Technology & Computing
microsoft office ipad worth wait,,0.47,natural,IAB19 Technology & Computing
google io conference android future,,0.47,natural,IAB19 Technology & Computing
app detail microsoft excel ipad,,0.47,natural,IAB19 Technology & Computing
apple updates macbook pro line details specs plus price drop old models,,0.47,natural,IAB19 Technology & Computing
office ipad already late,,0.47,natural,IAB19 Technology & Computing
market chatter google incnasdaqgoog microsoft corporation nasdaq,,0.47,natural,IAB19 Technology & Computing
microsoft soars officeforipad report,,0.47,natural,IAB19 Technology & Computing
microsoft shutting windows xp support poses huge security threat,,0.47,natural,IAB19 Technology & Computing
samsung vr headset works smartphones tablets,,0.47,natural,IAB19 Technology & Computing
aereo bringing network tv computers,,0.47,natural,IAB19 Technology & Computing
google glass gets new boss,,0.47,natural,IAB19 Technology & Computing
thinkpad battery pack may pose fire hazard,,0.47,natural,IAB19 Technology & Computing
huawei building dual windowsandroid phone,,0.47,natural,IAB19 Technology & Computing
apple earnings preview iphone 6 launch vs dividend buyback,,0.47,natural,IAB19 Technology & Computing
apples best yet retina macbook pros already,,0.47,natural,IAB19 Technology & Computing
galaxy tab samsungs new flagship tablet,,0.47,natural,IAB19 Technology & Computing
osmo awesome ipad game kids even techwary parents love,,0.47,natural,IAB19 Technology & Computing
microsoft makes azure expressroute hybridcloud networking technology,,0.47,natural,IAB19 Technology & Computing
apple unveils new cheaper macbook air faster processor longer,,0.47,natural,IAB19 Technology & Computing
intel corporation intc unveil broadwellpowered devices,,0.47,natural,IAB19 Technology & Computing
microsoft zeroday reveals windows xp exposure say experts,,0.47,natural,IAB19 Technology & Computing
health kits smarter siri better apple ios8,,0.47,natural,IAB19 Technology & Computing
steve jobs 2010 apple tvs future magic wand apps web browser,,0.47,natural,IAB19 Technology & Computing
samsung working vr headset smartphones tablets,,0.47,natural,IAB19 Technology & Computing
intel launch 20 chromebooks end 2014,,0.47,natural,IAB19 Technology & Computing
chinese regulators raid microsoft offices,,0.47,natural,IAB19 Technology & Computing
top 10 features new apple software,,0.47,natural,IAB19 Technology & Computing
surface pro 3 vs macbook air unlikely conflict,,0.47,natural,IAB19 Technology & Computing
hp foxconn jointly build lowcost cloud servers,,0.47,natural,IAB19 Technology & Computing
android wear new ipad,,0.47,natural,IAB19 Technology & Computing
new macbook airs official improved haswell processor 100,,0.47,natural,IAB19 Technology & Computing
google creator quits,,0.47,natural,IAB19 Technology & Computing
microsoft office ipad debut march 27,,0.47,natural,IAB19 Technology & Computing
live without office ipad,,0.47,natural,IAB19 Technology & Computing
closer look htc one m8s snapdragon 801 allround speed machine,,0.47,natural,IAB19 Technology & Computing
batterybox powers macbook air 12 hours battery doesnt degrade 5 years,,0.47,natural,IAB19 Technology & Computing
homegadgetslaunchesok google google comes desktop pcs en,,0.47,natural,IAB19 Technology & Computing
one college went 10 female computerscience majors 40,,0.47,natural,IAB19 Technology & Computing
microsoft takes chromebook lowcost windows laptops,,0.47,natural,IAB19 Technology & Computing
microsoft office apple ipad five best features,,0.47,natural,IAB19 Technology & Computing
5yearold boy exposes xbox live security bug,,0.47,natural,IAB19 Technology & Computing
apple working 129inch ipad report,,0.47,natural,IAB19 Technology & Computing
adobe report earnings today investors look growth cloud,,0.47,natural,IAB19 Technology & Computing
cisco pledges 1 billion help partners get cloud game,,0.47,natural,IAB19 Technology & Computing
plot kill google cloud well rename windows azure microsoft azure,,0.47,natural,IAB19 Technology & Computing
pricey microsoft surface pro 3 works tablet laptop,,0.47,natural,IAB19 Technology & Computing
apples swift new programming language ios mac,,0.47,natural,IAB19 Technology & Computing
acer dell launch 349 chromebooks year,,0.47,natural,IAB19 Technology & Computing
microsoft xbox one sales hit 5 million,,0.47,natural,IAB19 Technology & Computing
microsoft admits huge security flaw internet explorer,,0.47,natural,IAB19 Technology & Computing
security software bandaid windows xp machines,,0.47,natural,IAB19 Technology & Computing
apple may planning 129inch ipad 2015,,0.47,natural,IAB19 Technology & Computing
rival hackers take credit playstation network attack,,0.47,natural,IAB19 Technology & Computing
microsoft corporation unveils office ipad,,0.47,natural,IAB19 Technology & Computing
nokia drops android phones microsoft cuts 18000 jobs tech,,0.47,natural,IAB19 Technology & Computing
verizon turns 2 years free lte 1 googles chromebook pixel updated,,0.47,natural,IAB19 Technology & Computing
samsung galaxy s5 vs nexus 5 touchwiz get job done,,0.47,natural,IAB19 Technology & Computing
microsoft office ipad ceo may unveil next week,,0.47,natural,IAB19 Technology & Computing
assemble phone choose processor ram camera,,0.47,natural,IAB19 Technology & Computing
people saying samsungs ipad killer,,0.47,natural,IAB19 Technology & Computing
apple teams ibm wants use ipads iphones work,,0.47,natural,IAB19 Technology & Computing
future microsofts xbox one depend titanfall success,,0.47,natural,IAB19 Technology & Computing
googles project tango includes tech appleacquired 3d imaging company,,0.47,natural,IAB19 Technology & Computing
report googles next tablet 3d vision technology,,0.47,natural,IAB19 Technology & Computing
memo microsoft ceo satya nadella announcing largest job cuts,,0.47,natural,IAB19 Technology & Computing
microsoft rushes fix browser cyberattacks,,0.47,natural,IAB19 Technology & Computing
os x yosemite first impressions apple biggest desktop move years,,0.47,natural,IAB19 Technology & Computing
microsoft brings office apples ipad,,0.47,natural,IAB19 Technology & Computing
microsoft aiming new inexpensive laptops googles chromebooks,,0.47,natural,IAB19 Technology & Computing
microsoft corporation msfts nadella mission clement teo,,0.47,natural,IAB19 Technology & Computing
microsoft working lumia 830 smartphone,,0.47,natural,IAB19 Technology & Computing
rumor apple release new macbook air models tomorrow,,0.47,natural,IAB19 Technology & Computing
mellanox introduces worlds first 100gbs edr infiniband switch,,0.47,natural,IAB19 Technology & Computing
nvidia corporation nvda q2 earnings preview least 5 better tomorrow,,0.47,natural,IAB19 Technology & Computing
silicon valley billionaires life insured record 201 million,,0.47,natural,IAB19 Technology & Computing
symantec hits new 52week low firing ceo,,0.47,natural,IAB19 Technology & Computing
intel beats street despite drop firstquarter profit,,0.47,natural,IAB19 Technology & Computing
hps big bet cloud,,0.47,natural,IAB19 Technology & Computing
apple said prepare new 129inch ipad early 2015,,0.47,natural,IAB19 Technology & Computing
next google nexus phone may come budget price,,0.47,natural,IAB19 Technology & Computing
microsoft corporation unveils ipad office app,,0.47,natural,IAB19 Technology & Computing
surface pro 3 targets laptop,,0.47,natural,IAB19 Technology & Computing
samsungs virtual reality headset underway,,0.47,natural,IAB19 Technology & Computing
amazon introduces 3d fire phone,,0.47,natural,IAB19 Technology & Computing
ecig industry awaits federal regs,,0.47,natural,IAB19 Technology & Computing
apple releases new macbook air models faster haswell processors,,0.47,natural,IAB19 Technology & Computing
apple samsung race integrate fingerprint sensors tablets,,0.47,natural,IAB19 Technology & Computing
net neutrality retreat threatens cloud growth,,0.47,natural,IAB19 Technology & Computing
report microsofts chinese offices raided,,0.47,natural,IAB19 Technology & Computing
another hint google chromecast coming australia,,0.47,natural,IAB19 Technology & Computing
microsoft reportedly built 20000 surface mini tablets scrapping launch,,0.47,natural,IAB19 Technology & Computing
microsoft employee responsible windows 8 leaks arrested,,0.47,natural,IAB19 Technology & Computing
newest iphone likely release september,,0.47,natural,IAB19 Technology & Computing
review samsung galaxy core great specs price,,0.47,natural,IAB19 Technology & Computing
better analytics help cms catch fraud,,0.47,natural,IAB19 Technology & Computing
amazon unveils 3d smartphone fire,,0.47,natural,IAB19 Technology & Computing
amazon finally unveils details 3d fire phone,,0.47,natural,IAB19 Technology & Computing
microsoft unveils nokia x2 dual sim muchneeded hardware upgrade,,0.47,natural,IAB19 Technology & Computing
apple launches retina macbook pros faster haswell processors,,0.47,natural,IAB19 Technology & Computing
samsung new tablet gorgeous screen thinner,,0.47,natural,IAB19 Technology & Computing
facebook decided buy oculus,,0.47,natural,IAB19 Technology & Computing
amazon unveil 3d smartphone june wsj,,0.47,natural,IAB19 Technology & Computing
personalized microsoft office 365 arrive soon,,0.47,natural,IAB19 Technology & Computing
samsung aims revitalize tablet line new galaxy tab,,0.47,natural,IAB19 Technology & Computing
razer android tv games console launching later year,,0.47,natural,IAB19 Technology & Computing
amd announces skybridge chips bring together x86 arm,,0.47,natural,IAB19 Technology & Computing
microsofts office apples ipad goes good great,,0.47,natural,IAB19 Technology & Computing
apple products form hub digital life,,0.47,natural,IAB19 Technology & Computing
microsoft office finally ipad available download,,0.47,natural,IAB19 Technology & Computing
apple hails bumper q2 iphone sales,,0.47,natural,IAB19 Technology & Computing
Historical Context: Windows Emerged as a Graphical User Interface (GUI) Alternative to Command-Line Operating Systems,,0.47,synthetic,IAB19 Technology & Computing
watch microsoft ceo satya nadellas office ipad announcement,,0.47,natural,IAB19 Technology & Computing
excited googles nexus isnt dead,,0.47,natural,IAB19 Technology & Computing
google unveils diy virtual reality goggles smartphone,,0.47,natural,IAB19 Technology & Computing
samsung galaxy note 4 coming q3 4k display waterproofing standard,,0.47,natural,IAB19 Technology & Computing
galaxy s5 along samsungs wearable lineup heads att,,0.47,natural,IAB19 Technology & Computing
cisco juniper issue heartbleed alerts,,0.47,natural,IAB19 Technology & Computing
see kids react apple ii computer hard drive mouse video,,0.47,natural,IAB19 Technology & Computing
office ipad heralds brand new crossplatform world microsoft,,0.47,natural,IAB19 Technology & Computing
latest apple reports wearable gadget jumbo ipad soon,,0.47,natural,IAB19 Technology & Computing
apple releasing ios 8 iphone 4,,0.47,natural,IAB19 Technology & Computing
nokiamicrosoft duo starting pay,,0.47,natural,IAB19 Technology & Computing
microsoft shares soar talk office ipads,,0.47,natural,IAB19 Technology & Computing
Current Trends in C/C++ Development,,0.47,synthetic,IAB19 Technology & Computing
nokia microsoft close month,,0.47,natural,IAB19 Technology & Computing
aereo case court shows concern cloud computing,,0.47,natural,IAB19 Technology & Computing
Here are some of the key figures in the history of computer certification:,,0.47,synthetic,IAB19 Technology & Computing
analyst confirms touch id coming iphone 6 ipad air 2 ipad mini 3,,0.47,natural,IAB19 Technology & Computing
project tango makes googles new 3dsensing android phone tick,,0.47,natural,IAB19 Technology & Computing
htc rolls best ever htc one m8 dual cameras improved gesture,,0.47,natural,IAB19 Technology & Computing
office ipad potential bonanza partners,,0.47,natural,IAB19 Technology & Computing
apple users devices hacked forced pay ransom,,0.47,natural,IAB19 Technology & Computing
wwdc 2014 apple event ios 8 os x 1010 coming new macs iwatch iphone,,0.47,natural,IAB19 Technology & Computing
pc classics portal half life 2 get new life nvidia shield,,0.47,natural,IAB19 Technology & Computing
apple hires tag heuers patrick pruniaux ahead iwatch launch,,0.46,natural,IAB19 Technology & Computing
amazon unveils 3d smartphone release later year,,0.46,natural,IAB19 Technology & Computing
"Computer peripherals have significantly influenced the way we work, play, and communicate, enabling us to perform tasks more efficiently and access information more easily.",,0.46,synthetic,IAB19 Technology & Computing
nokia x2 announced microsoft 43inch display androidbased os,,0.46,natural,IAB19 Technology & Computing
samsung unveils flagship tablet duo,,0.46,natural,IAB19 Technology & Computing
microsoft reveals xbox one entertainment console,,0.46,natural,IAB19 Technology & Computing
apple inc releases 8gb iphone 5c,,0.46,natural,IAB19 Technology & Computing
qualcomm inc qcom updates fy14 earnings guidance,,0.46,natural,IAB19 Technology & Computing
peeking inside samsungs product torture chamber,,0.46,natural,IAB19 Technology & Computing
office ipad big deal big yawn,,0.46,natural,IAB19 Technology & Computing
massive computer virus thwarted,,0.46,natural,IAB19 Technology & Computing
amd announces ambidextrous computing roadmap,,0.46,natural,IAB19 Technology & Computing
windows phone isnt going away anytime soon,,0.46,natural,IAB19 Technology & Computing
china regulator invest microsoft,,0.46,natural,IAB19 Technology & Computing
samsungs tizen gear 2 gets paypal app,,0.46,natural,IAB19 Technology & Computing
google nexus 5 vs samsung galaxy s4 specs compared,,0.46,natural,IAB19 Technology & Computing
final details microsoftnokia closing,,0.46,natural,IAB19 Technology & Computing
dotcoms mega seeks 210 mln backdoor listing nzx,,0.46,natural,IAB19 Technology & Computing
surgeons use 3d printer fix mans face,,0.46,natural,IAB19 Technology & Computing
microsoft reportedly cut thousands jobs,,0.46,natural,IAB19 Technology & Computing
silicon valley phone technology battle nears close,,0.46,natural,IAB19 Technology & Computing
watch googles io keynote right,,0.46,natural,IAB19 Technology & Computing
new nexus 7 tablet demonstrated google event dogpatch,,0.46,natural,IAB19 Technology & Computing
microsoft introduces office ipad,,0.46,natural,IAB19 Technology & Computing
hewlettpackard company nysehpq time revamping,,0.46,natural,IAB19 Technology & Computing
android 50 presented google io,,0.46,natural,IAB19 Technology & Computing
Historical Context: Windows Faced Competition from Mobile Operating Systems Such as iOS and Android,,0.46,synthetic,IAB19 Technology & Computing
google develops tablet 3d image capture capability,,0.46,natural,IAB19 Technology & Computing
microsoft kills windows xp security updates turning millions computers,,0.46,natural,IAB19 Technology & Computing
heres nvidia corporation plans enter tablet market,,0.46,natural,IAB19 Technology & Computing
microsoft job cuts rumoured later week,,0.46,natural,IAB19 Technology & Computing
apple inc unwraps healthkit alongside mac iphone features,,0.46,natural,IAB19 Technology & Computing
samsung tells jury 2 billion apple suit android attack,,0.46,natural,IAB19 Technology & Computing
microsoft keeps beating azure hybrid cloud drum,,0.46,natural,IAB19 Technology & Computing
microsoft announces office ipad plus free office mobile apps iphone,,0.46,natural,IAB19 Technology & Computing
htc volantis could last google nexus tablet,,0.46,natural,IAB19 Technology & Computing
apple unveils new ios 8 sdk programming language,,0.46,natural,IAB19 Technology & Computing
amd unify x86 arm systems skybridge,,0.46,natural,IAB19 Technology & Computing
apple plans announce homeappliance functions iphone developer,,0.46,natural,IAB19 Technology & Computing
amazon launch 3dcapable smartphone june,,0.46,natural,IAB19 Technology & Computing
apple upgrades macbook pro retina display range,,0.46,natural,IAB19 Technology & Computing
googles android tv controller leaked photo,,0.46,natural,IAB19 Technology & Computing
pc hacked usb mouse,,0.46,natural,IAB19 Technology & Computing
lenovo begins global recall fire hazard thinkpad batteries,,0.46,natural,IAB19 Technology & Computing
hp foxconn launch cloud server joint venture,,0.46,natural,IAB19 Technology & Computing
everything need know samsungs gear 2 gear 2 neo,,0.46,natural,IAB19 Technology & Computing
amazon launch smartphone,,0.46,natural,IAB19 Technology & Computing
dotcoms company listed new zealand stock exchange,,0.46,natural,IAB19 Technology & Computing
paul walker fast furious 7 help computer wizardry,,0.46,natural,IAB19 Technology & Computing
chmp changes mind ptc therapeutics duchenne drug translarna giving,,0.46,natural,IAB19 Technology & Computing
htcs new one battles best smartphones,,0.46,natural,IAB19 Technology & Computing
intel promotes coming android windows tablets,,0.46,natural,IAB19 Technology & Computing
apple ibm announce landmark deal develop apps,,0.46,natural,IAB19 Technology & Computing
samsung unveils new galaxy tab tablet super amoled screen,,0.46,natural,IAB19 Technology & Computing
samsung galaxy tab handson ipad killer,,0.46,natural,IAB19 Technology & Computing
microsofts office ipad finally get apps free,,0.46,natural,IAB19 Technology & Computing
microsoft brings office suite apples ipad,,0.46,natural,IAB19 Technology & Computing
wifi firm gowex heads bankruptcy,,0.46,natural,IAB19 Technology & Computing
ibm watson ushers new era datadriven discoveries,,0.46,natural,IAB19 Technology & Computing
watch dogs ps4 review gta hacker city,,0.46,natural,IAB19 Technology & Computing
feds free thousands computers hackers,,0.46,natural,IAB19 Technology & Computing
important features microsofts new surface pro 3 msft,,0.46,natural,IAB19 Technology & Computing
new apple macbook air priced 899 new processor better battery life,,0.46,natural,IAB19 Technology & Computing
Here are some of the notable events in the history of computer certification:,,0.46,synthetic,IAB19 Technology & Computing
android tv settop box unveiled google io,,0.46,natural,IAB19 Technology & Computing
intel samsung join forces form open interconnect consortium,,0.46,natural,IAB19 Technology & Computing
spencer youve got sell console sell kinect,,0.46,natural,IAB19 Technology & Computing
surface tablet works laptop tradeoffs,,0.46,natural,IAB19 Technology & Computing
microsoft unveils xbox china,,0.46,natural,IAB19 Technology & Computing
samsung slims galaxy tablet,,0.46,natural,IAB19 Technology & Computing
april fools day joke googles gmail turns big 10 still going strong,,0.46,natural,IAB19 Technology & Computing
apple inc aapl planning 129inch ipad early 2015 report,,0.46,natural,IAB19 Technology & Computing
samsung launch virtual reality gaming headset similar oculus rift,,0.46,natural,IAB19 Technology & Computing
leaked screenshots show google toying radical gmail redesign,,0.46,natural,IAB19 Technology & Computing
ntt docomo launch apple ipad air ipad mini network 10 june,,0.46,natural,IAB19 Technology & Computing
apple google intel adobe pay 325 mln settle hiring lawsuit,,0.46,natural,IAB19 Technology & Computing
googles project ara openup innovation semiconductors,,0.46,natural,IAB19 Technology & Computing
heartbleed computer bug still worries world,,0.46,natural,IAB19 Technology & Computing
microsoft ceo nadella talks software,,0.46,natural,IAB19 Technology & Computing
microsoft xbox one controllers pc drivers still coming,,0.46,natural,IAB19 Technology & Computing
googles nest working app developers allknowing brain,,0.46,natural,IAB19 Technology & Computing
video apple google ended thermonuclear war,,0.46,natural,IAB19 Technology & Computing
microsoft ceo keeping bing xbox,,0.46,natural,IAB19 Technology & Computing
apple inc launches new 16gb ipod touch,,0.46,natural,IAB19 Technology & Computing
microsoft rushes fix internet explorer bug windows xp,,0.46,natural,IAB19 Technology & Computing
mediatek announces mt6795 64bit octacore processor 2k display support,,0.46,natural,IAB19 Technology & Computing
macbook pro retina display updated new specs,,0.46,natural,IAB19 Technology & Computing
apple users held ransom hackers hijack iphones ipads,,0.46,natural,IAB19 Technology & Computing
microsoft surface pro 3 discounted price macbook air users,,0.46,natural,IAB19 Technology & Computing
microsoft offers 100 towards new pc upgrade windows xp,,0.46,natural,IAB19 Technology & Computing
andy warhols lost amiga computer art recovered 30 years,,0.46,natural,IAB19 Technology & Computing
apple iwatch expected unveiled alongside iphone 6 september 9,,0.46,natural,IAB19 Technology & Computing
microsoft unveils office suit ipad,,0.46,natural,IAB19 Technology & Computing
microsofts msft xbox one price shift comes sales largely absent,,0.46,natural,IAB19 Technology & Computing
problem googles new smart watch,,0.46,natural,IAB19 Technology & Computing
amazon launches fire phone first smartphone,,0.46,natural,IAB19 Technology & Computing
game comcast twc file deal fcc,,0.46,natural,IAB19 Technology & Computing
microsoft targets new tablet dont want separate laptop,,0.46,natural,IAB19 Technology & Computing
microsoft builds nearly 95 windows phones,,0.46,natural,IAB19 Technology & Computing
googles next nexus phone may come budget price,,0.46,natural,IAB19 Technology & Computing
adobe releases adobe voice short video maker app ipad,,0.46,natural,IAB19 Technology & Computing
microsoft leaks lead arrest former employee,,0.46,natural,IAB19 Technology & Computing
apple launches cheaper iphone 5c replaces ipad 2 ipad 4,,0.46,natural,IAB19 Technology & Computing
6 best alternatives office ipad,,0.46,natural,IAB19 Technology & Computing
samsung enters virtual reality war,,0.46,natural,IAB19 Technology & Computing
android l best operating system,,0.46,natural,IAB19 Technology & Computing
intel raises secondquarter fullyear revenue gross margin,,0.46,natural,IAB19 Technology & Computing
want new microsoft office apps ipad get 33 1yr office 365 home,,0.46,natural,IAB19 Technology & Computing
google designed 3d tablet 7inch display,,0.46,natural,IAB19 Technology & Computing
phil spencer named head xbox division microsoft,,0.46,natural,IAB19 Technology & Computing
apple could launch two updated macbook air models tomorrow,,0.46,natural,IAB19 Technology & Computing
hewlettpackard company hpq releases q3 earnings guidance,,0.46,natural,IAB19 Technology & Computing
Notable Events in the C/C++ Timeline,,0.46,synthetic,IAB19 Technology & Computing
pictures htc unveils new flagship phone htc one m8,,0.46,natural,IAB19 Technology & Computing
consider google,,0.46,natural,IAB19 Technology & Computing
apple debut 129inch ipad early 2015,,0.46,natural,IAB19 Technology & Computing
internet explorer bug lets hacker control pc,,0.46,natural,IAB19 Technology & Computing
facebooks oculus vs google glass telecommunications war begins,,0.46,natural,IAB19 Technology & Computing
facebook buying oculus 2b,,0.46,natural,IAB19 Technology & Computing
apple inc starts production larger ipad iphone first quarter 2015,,0.46,natural,IAB19 Technology & Computing
apple wwdc 2014 ios 8 add health tracking os x yosemite redesign,,0.46,natural,IAB19 Technology & Computing
snapchat settles ftc privacy security practices,,0.46,natural,IAB19 Technology & Computing
Key Figures in the C/C++ Legacy,,0.46,synthetic,IAB19 Technology & Computing
apple recalls iphone 5 devices battery woes,,0.46,natural,IAB19 Technology & Computing
android apps coming google chromebook,,0.46,natural,IAB19 Technology & Computing
second probe reveals cdc lab problems,,0.46,natural,IAB19 Technology & Computing
amazon unveils 200 fire smartphone,,0.46,natural,IAB19 Technology & Computing
office ipad good apple bad microsoft surface,,0.46,natural,IAB19 Technology & Computing
microsoft launches office ipad,,0.46,natural,IAB19 Technology & Computing
google increases chromebook lifespan least five years,,0.46,natural,IAB19 Technology & Computing
apple reveals brand new ipod touch family,,0.46,natural,IAB19 Technology & Computing
new ipad 129inch 2015 2014,,0.46,natural,IAB19 Technology & Computing
apple expanding 129inch ipad early 2015,,0.46,natural,IAB19 Technology & Computing
apple introduces new entrylevel 215inch imac desktops 899,,0.46,natural,IAB19 Technology & Computing
apple rumored launch new ipad fall,,0.46,natural,IAB19 Technology & Computing
intel outs stunning fanless broadwell tablet design 2014 2in1s,,0.46,natural,IAB19 Technology & Computing
cisco patches vulnerabilities looking heartbleed impact,,0.46,natural,IAB19 Technology & Computing
apple boosts macbook air processor slashes prices,,0.46,natural,IAB19 Technology & Computing
first look samsungs new galaxy tab tablet takes displays higher level,,0.46,natural,IAB19 Technology & Computing
chromebooks soon get google let watch movies offline,,0.46,natural,IAB19 Technology & Computing
os x yosemite allows screencast ios 8 devices mac,,0.46,natural,IAB19 Technology & Computing
microsoft debuts surface pro 3 laptopreplacing,,0.46,natural,IAB19 Technology & Computing
everything need know apples macbook pro refresh,,0.46,natural,IAB19 Technology & Computing
apple updates macbook air new devices cheaper faster,,0.46,natural,IAB19 Technology & Computing
apple updates macbook pro wheres retina macbook air,,0.46,natural,IAB19 Technology & Computing
microsofts layoffs good company,,0.46,natural,IAB19 Technology & Computing
microsoft windows xp pcs wide open new zero day ie attack,,0.46,natural,IAB19 Technology & Computing
microsofts laptopkilling surface pro 3 announced,,0.46,natural,IAB19 Technology & Computing
microsoft may introduce office apples ipad next week,,0.46,natural,IAB19 Technology & Computing
microsoft finally offers office ipad,,0.46,natural,IAB19 Technology & Computing
thieves steal 38m phones tablets samsung factory,,0.46,natural,IAB19 Technology & Computing
apple unveil iwatch alongside iphone 6,,0.45,natural,IAB19 Technology & Computing
samsung galaxy tab targets ipad worlds greatest tablet screen,,0.45,natural,IAB19 Technology & Computing
apple ibm unveil plan iphone ipad big data,,0.45,natural,IAB19 Technology & Computing
htc volantis rumoured 9inch nexus tablet,,0.45,natural,IAB19 Technology & Computing
microsoft said probed china operating system monopoly,,0.45,natural,IAB19 Technology & Computing
"The historical context of computer peripherals is rooted in the evolution of computing technology, from mainframes to personal computers and mobile devices.",,0.45,synthetic,IAB19 Technology & Computing
5yearold finds xbox security flaw,,0.45,natural,IAB19 Technology & Computing
amazon finally unveils fire phone unique 3d display,,0.45,natural,IAB19 Technology & Computing
handson using microsofts surface pro 3 laptopon lap,,0.45,natural,IAB19 Technology & Computing
iphone 6 killer arrives early new htc one m8 unveiled,,0.45,natural,IAB19 Technology & Computing
emcs softwarecentered future focus emc world,,0.45,natural,IAB19 Technology & Computing
apple plans turn iphone remote control home security systems,,0.45,natural,IAB19 Technology & Computing
two new chromebooks announced lenovo,,0.45,natural,IAB19 Technology & Computing
apple ibm team make iphone ipad businesssavvy,,0.45,natural,IAB19 Technology & Computing
apple versus samsung case goes jury deliberations lawyers debate,,0.45,natural,IAB19 Technology & Computing
google glass lead engineer joins facebooks oculus,,0.45,natural,IAB19 Technology & Computing
heartbleed bug cisco juniper networking products found affected,,0.45,natural,IAB19 Technology & Computing
android l need know googles next mobile os,,0.45,natural,IAB19 Technology & Computing
samsung galaxy note 4 killer specs 2k display resolution 201 mp camera,,0.45,natural,IAB19 Technology & Computing
google nexus line isnt going anywhere confirms top exec dave burke,,0.45,natural,IAB19 Technology & Computing
rumor apple release new macbook air week,,0.45,natural,IAB19 Technology & Computing
samsung unveils industrys 1st tablets super amoled hd displays,,0.45,natural,IAB19 Technology & Computing
apples ipad coming japans largest carrier ntt docomo june 10,,0.45,natural,IAB19 Technology & Computing
"Some of the most popular computer certifications include those from Microsoft, Cisco, CompTIA, and Oracle.",,0.45,synthetic,IAB19 Technology & Computing
lenovo vibe z2 pro leaks potential samsung galaxy s5 htc one m8 lg,,0.45,natural,IAB19 Technology & Computing
microsoft expands siri rival china uk,,0.45,natural,IAB19 Technology & Computing
apple macbook air 2014 model faster processor lower price,,0.45,natural,IAB19 Technology & Computing
google project tango 3dscanning tablets coming next month,,0.45,natural,IAB19 Technology & Computing
microsoft share price company shows strength q3 cloud picks,,0.45,natural,IAB19 Technology & Computing
android 444 kitkat update samsung galaxy s3 note 2 top things,,0.45,natural,IAB19 Technology & Computing
microsoft show pc games e3,,0.45,natural,IAB19 Technology & Computing
google wants bring wifi networks google fiber cities,,0.45,natural,IAB19 Technology & Computing
getting hands samsung galaxy tab,,0.45,natural,IAB19 Technology & Computing
apple updates macbook pro range faster processors memory,,0.45,natural,IAB19 Technology & Computing
surface pro 3 tablet replace laptop,,0.45,natural,IAB19 Technology & Computing
cantillon nadella charts new route microsoft,,0.45,natural,IAB19 Technology & Computing
microsoft fear android desktop,,0.45,natural,IAB19 Technology & Computing
brazil bandits rob samsung smartphones tablets worth 36 mn,,0.45,natural,IAB19 Technology & Computing
market update nasdaqmsft microsoft puts cloud first 99,,0.45,natural,IAB19 Technology & Computing
intel unveils fanless 14nm broadwell core processor,,0.45,natural,IAB19 Technology & Computing
microsoft planning rival macbook air surface pro 3 rumor says,,0.45,natural,IAB19 Technology & Computing
microsofts latest xbox one ad aaron paul inadvertently activating consoles,,0.45,natural,IAB19 Technology & Computing
amazon stocks quiet following smartphone unveiling,,0.45,natural,IAB19 Technology & Computing
apple reveal smart home iphone software wwd,,0.45,natural,IAB19 Technology & Computing
microsoft takes aim laptops new surface table,,0.45,natural,IAB19 Technology & Computing
apple vs samsung lawsuit goes jury,,0.45,natural,IAB19 Technology & Computing
new retina macbook pros faster processors memory cheaper,,0.45,natural,IAB19 Technology & Computing
pc slump continues hit intel tablet processor demand offers hope,,0.45,natural,IAB19 Technology & Computing
"Today, there are millions of data centers around the world, housing billions of servers.",,0.45,synthetic,IAB19 Technology & Computing
microsoft mission save windows may succeed,,0.45,natural,IAB19 Technology & Computing
microsoft offers 650 trade macbook surface pro,,0.45,natural,IAB19 Technology & Computing
### 20. The Role of PC Support in Disaster Recovery,,0.45,synthetic,IAB19 Technology & Computing
samsung unveils amoled screens galaxy tablets,,0.45,natural,IAB19 Technology & Computing
googles new chrome addon secures email every step way,,0.45,natural,IAB19 Technology & Computing
new technology samsung tablet brings colours life reduces bulk,,0.45,natural,IAB19 Technology & Computing
update 2intel takes significant stake big data startup cloudera,,0.45,natural,IAB19 Technology & Computing
windows xps retirement driving pc demand us says citi,,0.45,natural,IAB19 Technology & Computing
samsung chairman hospitalised heart attack,,0.45,natural,IAB19 Technology & Computing
dotcoms mega seeks 210 mln backdoor listing nzx via trs investments,,0.45,natural,IAB19 Technology & Computing
apple make ipad bigger 129inch tablet come early 2015,,0.45,natural,IAB19 Technology & Computing
microsoft delivers office rival apples ipad,,0.45,natural,IAB19 Technology & Computing
rcmp arrest computersciences student heartbleed privacy breach,,0.45,natural,IAB19 Technology & Computing
teardown dismantling samsung galaxy s5,,0.45,natural,IAB19 Technology & Computing
apple inc ntt docomo reach deal ipad sales,,0.45,natural,IAB19 Technology & Computing
amazon fire phone game changer company,,0.45,natural,IAB19 Technology & Computing
2014 retina macbook pro gets benchmarked,,0.45,natural,IAB19 Technology & Computing
wheres tablet market going microsoft lays take,,0.45,natural,IAB19 Technology & Computing
office ipad first take recommended office 365 subscription,,0.45,natural,IAB19 Technology & Computing
vmware ceo brave partner,,0.45,natural,IAB19 Technology & Computing
apple unveils os x yosemite many new features,,0.45,natural,IAB19 Technology & Computing
gbatteries batterybox offers battery backup enhanced life macbook,,0.45,natural,IAB19 Technology & Computing
june sales ps4 still leading consoles watch dogs number 1 software,,0.45,natural,IAB19 Technology & Computing
microsoft finally gets tablet right,,0.45,natural,IAB19 Technology & Computing
microsoft fy13 results bolstered azure office 365 growth,,0.45,natural,IAB19 Technology & Computing
samsung forecasts 25 fall q2 profits,,0.45,natural,IAB19 Technology & Computing
apple incs aapl os x ios prove immune securitywrecking,,0.45,natural,IAB19 Technology & Computing
samsung 1st quarter net profit rises chip sales,,0.45,natural,IAB19 Technology & Computing
android tv leak reveals googles latest tv tech,,0.45,natural,IAB19 Technology & Computing
microsoft launches office 365 personal india targeting 25 million new,,0.45,natural,IAB19 Technology & Computing
premiumbuilt samsung galaxy f breaks cover latest leaked press render,,0.45,natural,IAB19 Technology & Computing
apple updates iwork apps ios stability improvements bug fixes,,0.45,natural,IAB19 Technology & Computing
desktop pc sales slip drop levelling,,0.45,natural,IAB19 Technology & Computing
microsoft scream satya nadella msft,,0.45,natural,IAB19 Technology & Computing
qualcomm inc qcom gets sec wells notice china bribery allegations,,0.45,natural,IAB19 Technology & Computing
arm intel invading others chip markets,,0.45,natural,IAB19 Technology & Computing
chinese media calls severe punishment google apple us tech firms,,0.45,natural,IAB19 Technology & Computing
microsofts nokia acquisition complete elop overseeing xbox hardware,,0.45,natural,IAB19 Technology & Computing
apple unveils latest imac starting 1099,,0.45,natural,IAB19 Technology & Computing
northrop grumman atk complete james webb backplane testing,,0.45,natural,IAB19 Technology & Computing
got rash ipad could blame,,0.45,natural,IAB19 Technology & Computing
samsung launches ipad air killer galaxy tab wqhd resolution report,,0.45,natural,IAB19 Technology & Computing
project tango googles future android tablet capture 3d images,,0.45,natural,IAB19 Technology & Computing
apples new macbook pro retina display models unboxed ssds speed,,0.45,natural,IAB19 Technology & Computing
microsoft unveils realtime speech translation skype,,0.45,natural,IAB19 Technology & Computing
bringing back magic linking ipad iphone ios 8,,0.45,natural,IAB19 Technology & Computing
china state media calls severe punishment google apple us tech,,0.45,natural,IAB19 Technology & Computing
amazon 3d phone launch expect,,0.45,natural,IAB19 Technology & Computing
samsung takes apple makes galaxy tab lighter ipad,,0.45,natural,IAB19 Technology & Computing
actually minority workers everywhere silicon valley theyre,,0.45,natural,IAB19 Technology & Computing
"Key Figure: Paul Maritz, Former Executive Vice President of Microsoft and Leader of Windows Development",,0.45,synthetic,IAB19 Technology & Computing
samsung galaxy tablet slate series fingerprint sensor unveiled hit,,0.45,natural,IAB19 Technology & Computing
apple iphone 6 boast ultraretina display faster 26ghz a8 cpu report,,0.45,natural,IAB19 Technology & Computing
third time lucky microsoft surface pro 3 launches eye,,0.45,natural,IAB19 Technology & Computing
microsoft pondered building kinect xbox ones case,,0.45,natural,IAB19 Technology & Computing
apple inc prepping smart home platform release wwdc,,0.45,natural,IAB19 Technology & Computing
apple ipad goes pro planned 129 inch version coming 2015,,0.45,natural,IAB19 Technology & Computing
Mac Support: A Comprehensive Overview,,0.45,synthetic,IAB19 Technology & Computing
microsoft word ipad quite possibly best word processing app around,,0.45,natural,IAB19 Technology & Computing
microsofts new mini tablet save surface,,0.45,natural,IAB19 Technology & Computing
microsoft declares windows xp dead,,0.45,natural,IAB19 Technology & Computing
apple debuts 16gb ipod touch rear camera 199,,0.45,natural,IAB19 Technology & Computing
mario kart 8 pc smartphone service revealed,,0.45,natural,IAB19 Technology & Computing
microsoft demonstrates realtime speech translation skype,,0.45,natural,IAB19 Technology & Computing
blackberry google work heartbleed fix protect users,,0.45,natural,IAB19 Technology & Computing
microsoft office ipad reportedly debut soon mar 27 u,,0.45,natural,IAB19 Technology & Computing
samsung galaxy s3 kitkat update isnt shunned yet,,0.45,natural,IAB19 Technology & Computing
microsoft surface pro 3 throws gauntlet macbook air,,0.45,natural,IAB19 Technology & Computing
stop cyber heartbleeding,,0.45,natural,IAB19 Technology & Computing
macbook air updated gets 100 price cut,,0.45,natural,IAB19 Technology & Computing
5yearold hacks xbox hes microsoft security researcher,,0.45,natural,IAB19 Technology & Computing
apples war samsung google crossfire,,0.45,natural,IAB19 Technology & Computing
25601600 display samsung working octacore tablet,,0.45,natural,IAB19 Technology & Computing
htc one m8 handson making pretty good phone great one,,0.45,natural,IAB19 Technology & Computing
apple vs samsung ongoing battle courts,,0.45,natural,IAB19 Technology & Computing
facebook buys virtual reality co oculus,,0.45,natural,IAB19 Technology & Computing
microsoft announces 12inch surface pro 3,,0.45,natural,IAB19 Technology & Computing
microsoft ceo talks postpost pc world,,0.45,natural,IAB19 Technology & Computing
vmware others team linux foundation form new initiative,,0.45,natural,IAB19 Technology & Computing
samsung reveals major graphene breakthrough,,0.45,natural,IAB19 Technology & Computing
viacom google settle 1b lawsuit alleged youtube piracy republic,,0.45,natural,IAB19 Technology & Computing
comcast cmcsa stock rising today,,0.45,natural,IAB19 Technology & Computing
microsoft surface pro 3 vs macbook air price features specs review,,0.45,natural,IAB19 Technology & Computing
11 new features coming ipad,,0.45,natural,IAB19 Technology & Computing
apple unveils new mobile operating system ios 8,,0.45,natural,IAB19 Technology & Computing
apple partners impressed ios 8 os x yosemite features,,0.45,natural,IAB19 Technology & Computing
apple may grow ipad line 129inch model,,0.45,natural,IAB19 Technology & Computing
amazon unveils fire phone smartphone,,0.45,natural,IAB19 Technology & Computing
imac 2014 release date specs update new mac 200 cheaper os x,,0.45,natural,IAB19 Technology & Computing
gamestop gme exec microsofts msft new xbox one pricing scheme,,0.45,natural,IAB19 Technology & Computing
symantecs irish staff lead probe cyber spy attacks,,0.45,natural,IAB19 Technology & Computing
profit rises lg electronics,,0.45,natural,IAB19 Technology & Computing
apple google intel adobe pay 325 million settle hiring,,0.45,natural,IAB19 Technology & Computing
facebook oculus vr buy causes rift developers tech fans,,0.45,natural,IAB19 Technology & Computing
surface pro 3 early reviews impressive device full tablet laptop,,0.45,natural,IAB19 Technology & Computing
microsoft xbox one sales cross 5 million,,0.45,natural,IAB19 Technology & Computing
new world business computers,,0.45,natural,IAB19 Technology & Computing
ipads iphones causing iallergies,,0.45,natural,IAB19 Technology & Computing
new 125in ipad coming early 2015,,0.45,natural,IAB19 Technology & Computing
initial flop google try launch android tv,,0.45,natural,IAB19 Technology & Computing
intel pc makers broaden support google chromebooks,,0.45,natural,IAB19 Technology & Computing
new htc one m8 smart phone promises bigger display louder sound,,0.45,natural,IAB19 Technology & Computing
tablet developed google,,0.45,natural,IAB19 Technology & Computing
alibaba files ipo creating questions yahoo silicon valley,,0.45,natural,IAB19 Technology & Computing
apple releases 8gb iphone 5c across europe,,0.45,natural,IAB19 Technology & Computing
intel corp nasdaqintc shares hits ten year highs express inc nyse,,0.45,natural,IAB19 Technology & Computing
apple releases updated ios iphones ipads,,0.45,natural,IAB19 Technology & Computing
google developing sdk make android standard wearables,,0.45,natural,IAB19 Technology & Computing
meet jimmy intels 3d printed robot,,0.45,natural,IAB19 Technology & Computing
apple raymond james ups target 102 iphone upgrades,,0.45,natural,IAB19 Technology & Computing
diamonds may computers best friend,,0.45,natural,IAB19 Technology & Computing
activision says bungies destiny pc natural fit,,0.45,natural,IAB19 Technology & Computing
apple updates macbook airs faster haswell processors 100 price,,0.45,natural,IAB19 Technology & Computing
handson sonys project morpheus vr headset ps4,,0.45,natural,IAB19 Technology & Computing
microsoft unveils realtime speech translator,,0.45,natural,IAB19 Technology & Computing
first satya rajeev two indians control future microsoft,,0.45,natural,IAB19 Technology & Computing
rumor new macbook air updated intel haswell coming,,0.45,natural,IAB19 Technology & Computing
exmicrosoft employee charged stealing windows 8 secrets,,0.45,natural,IAB19 Technology & Computing
smartphone blazing revolution,,0.44,natural,IAB19 Technology & Computing
apple launches 8gb iphone 5c china europe,,0.44,natural,IAB19 Technology & Computing
group backed google microsoft help fund openssl open,,0.44,natural,IAB19 Technology & Computing
microsoft offering free office 365 subscription one year bring,,0.44,natural,IAB19 Technology & Computing
googles new endtoend email privacy push protect even,,0.44,natural,IAB19 Technology & Computing
samsungs latest tablet innovation hole,,0.44,natural,IAB19 Technology & Computing
apples xcode 6 software development tool hints bigger screened iphones,,0.44,natural,IAB19 Technology & Computing
brocade challenges data center networking status quo emc world 2014,,0.44,natural,IAB19 Technology & Computing
feeling itchy ipad may causing rashes,,0.44,natural,IAB19 Technology & Computing
microsoft beats earnings,,0.44,natural,IAB19 Technology & Computing
blackberry buying german security tech developer bbry,,0.44,natural,IAB19 Technology & Computing
microsoft finally releases office ipad available download,,0.44,natural,IAB19 Technology & Computing
xbox one signin issues microsoft case,,0.44,natural,IAB19 Technology & Computing
samsung gear 2 review,,0.44,natural,IAB19 Technology & Computing
lenovo expects close ibm server deal yearend,,0.44,natural,IAB19 Technology & Computing
exmicrosoft employee arrested leaking windows 8 company,,0.44,natural,IAB19 Technology & Computing
microsofts surface pro 3 toasterfridge makes formal debut,,0.44,natural,IAB19 Technology & Computing
man accused stealing 53 laptops cocacola enterprises,,0.44,natural,IAB19 Technology & Computing
zacks analyst blog highlights ingram micro salesforcecom vmware avg,,0.44,natural,IAB19 Technology & Computing
microsoft end technical support windows xp microsoft office 2003,,0.44,natural,IAB19 Technology & Computing
1 security measure iphone owners need take,,0.44,natural,IAB19 Technology & Computing
samsung chief hospitalized cardiac procedure,,0.44,natural,IAB19 Technology & Computing
watch exploding laptops sony recalls 26k vaio pcs,,0.44,natural,IAB19 Technology & Computing
apple samsung resume patent war silicon valley,,0.44,natural,IAB19 Technology & Computing
blackberry gets 240000 new apps amazon partnership,,0.44,natural,IAB19 Technology & Computing
samsung unveils galaxy tab tablet ipad air afraid,,0.44,natural,IAB19 Technology & Computing
chipotles earnings confirm growth story,,0.44,natural,IAB19 Technology & Computing
Controversy: Windows' Closed Source Nature Has Sparked Debates About Open Source Alternatives,,0.44,synthetic,IAB19 Technology & Computing
microsoft demonstrates new realtime language translation service skype,,0.44,natural,IAB19 Technology & Computing
official samsung galaxy s3 44 kitkat update cogs turning,,0.44,natural,IAB19 Technology & Computing
symantec fires ceo bennett pc slump curbs antivirus sales 1,,0.44,natural,IAB19 Technology & Computing
apple quietly adds cheaper lowspec imac desktop line,,0.44,natural,IAB19 Technology & Computing
apple unveils ios 8,,0.44,natural,IAB19 Technology & Computing
apple pitch programmers shows rising tech threat google,,0.44,natural,IAB19 Technology & Computing
microsoft announces biggest layoff history 18000,,0.44,natural,IAB19 Technology & Computing
samsung working watchphone,,0.44,natural,IAB19 Technology & Computing
office ipad tops app store charts less day,,0.44,natural,IAB19 Technology & Computing
office ipad vs iwork battle tablet productivity,,0.44,natural,IAB19 Technology & Computing
25 xbox one tips tricks getting console,,0.44,natural,IAB19 Technology & Computing
heartbleed ssl security flaw affects cisco routers,,0.44,natural,IAB19 Technology & Computing
microsoft races fix internet explorer bug,,0.44,natural,IAB19 Technology & Computing
lenovo recalls 37400 thinkpad battery packs,,0.44,natural,IAB19 Technology & Computing
handson samsungs first flagship tablet galaxy tab,,0.44,natural,IAB19 Technology & Computing
know far apple ios 8 release date june multitasking,,0.44,natural,IAB19 Technology & Computing
microsoft launch xbox one game console china,,0.44,natural,IAB19 Technology & Computing
microsoft unveils nearreal time language translation skype,,0.44,natural,IAB19 Technology & Computing
five five ipad says jd power,,0.44,natural,IAB19 Technology & Computing
first windows xp security problem microsoft wont fix,,0.44,natural,IAB19 Technology & Computing
windows phone 81 core finished today,,0.44,natural,IAB19 Technology & Computing
yahoos alibaba windfall means firepower chase google tech,,0.44,natural,IAB19 Technology & Computing
unexpected microsoft probe highlights chinas distrust us tech,,0.44,natural,IAB19 Technology & Computing
still stuck xp microsoft offering 100 new pcs windows 8,,0.44,natural,IAB19 Technology & Computing
amazons 3d phone takes apple samsung,,0.44,natural,IAB19 Technology & Computing
diamonds could lead faster powerful computers,,0.44,natural,IAB19 Technology & Computing
office ipad tops itunes app store charts,,0.44,natural,IAB19 Technology & Computing
microsoft smartwatch,,0.44,natural,IAB19 Technology & Computing
apple launches 8gb iphone 5c,,0.44,natural,IAB19 Technology & Computing
microsofts ceo may unveil office ipad march 27 says source,,0.44,natural,IAB19 Technology & Computing
leaked googles android tv plans,,0.44,natural,IAB19 Technology & Computing
apple ibm unveil mobile device deal,,0.44,natural,IAB19 Technology & Computing
embracing cloud microsoft radically changing vision,,0.44,natural,IAB19 Technology & Computing
intels profit slides pc market shrinks 2nd update,,0.44,natural,IAB19 Technology & Computing
adobee28099s cloud solutions fuel strong financial results,,0.44,natural,IAB19 Technology & Computing
htc reportedly building nexus 9 tablet lte q4 release,,0.44,natural,IAB19 Technology & Computing
apple inc aapl might come 129inch ipad early 2015,,0.44,natural,IAB19 Technology & Computing
project morpheus sonys 1080p virtual reality headset ps4,,0.44,natural,IAB19 Technology & Computing
linux foundation tech vendors protect openssl prevent next heartbleed,,0.44,natural,IAB19 Technology & Computing
two new ipad models hinted ios 71 update,,0.44,natural,IAB19 Technology & Computing
microsofts phil spencer head xbox,,0.44,natural,IAB19 Technology & Computing
microsoft reportedly planning big job cuts week,,0.44,natural,IAB19 Technology & Computing
apple ibm team create apps sell phones,,0.44,natural,IAB19 Technology & Computing
war antigay ceo behind one worlds popular browsers,,0.44,natural,IAB19 Technology & Computing
rumor microsoft making windows phone os free manufacturers,,0.44,natural,IAB19 Technology & Computing
apple targets google wwdc 2014 os x mavericks ios 8,,0.44,natural,IAB19 Technology & Computing
singtel provide secure private access microsoft azure public cloud,,0.44,natural,IAB19 Technology & Computing
microsoft unveils android nokia x2 smartphone,,0.44,natural,IAB19 Technology & Computing
samsung launches highend tablet taiwan,,0.44,natural,IAB19 Technology & Computing
king sodastream google csx bank america big market movers,,0.44,natural,IAB19 Technology & Computing
china investigates microsoft offices country,,0.44,natural,IAB19 Technology & Computing
apple macbook air gets battery boost along 100 price cut,,0.44,natural,IAB19 Technology & Computing
"Controversies surrounding computer peripherals have centered on issues such as ergonomics, environmental impact, and data security.",,0.44,synthetic,IAB19 Technology & Computing
amd integrates arm x86 mobile processor,,0.44,natural,IAB19 Technology & Computing
heartbleed affects millions android mobile devices security issues,,0.44,natural,IAB19 Technology & Computing
samsung unveil new foldable tablet 2015,,0.44,natural,IAB19 Technology & Computing
apple ipad pro may slip touchscreen macbook air,,0.44,natural,IAB19 Technology & Computing
new macbook air faster processor set released tomorrow,,0.44,natural,IAB19 Technology & Computing
apple vs samsung,,0.44,natural,IAB19 Technology & Computing
apple unveils new ipad starting 399 includes 97in screen retina,,0.44,natural,IAB19 Technology & Computing
samsung announces 84inch 105inch galaxy tab tablets,,0.44,natural,IAB19 Technology & Computing
att vs google eying nashville ultrafast internet service,,0.44,natural,IAB19 Technology & Computing
retina macbook pro lineup refresh brings faster cpus ram standard,,0.44,natural,IAB19 Technology & Computing
2k display 64bit processor 4gb ram rumoredsamsung galaxy note 4,,0.44,natural,IAB19 Technology & Computing
amazon debuts 3d fire first smartphone,,0.44,natural,IAB19 Technology & Computing
apple ditches ipad 2 releases 8gb iphone 5c,,0.44,natural,IAB19 Technology & Computing
google unveil android powered tv set,,0.44,natural,IAB19 Technology & Computing
microsoft surface pro 3 vs 2014 macbook air 11in,,0.44,natural,IAB19 Technology & Computing
desktop pc sales slip quite much,,0.44,natural,IAB19 Technology & Computing
googles latest empirebuilding tactic cheap phones,,0.44,natural,IAB19 Technology & Computing
apple updates macbook pro cuts price older model,,0.44,natural,IAB19 Technology & Computing
internet explorer bug offers yet another reason upgrade windows xp,,0.44,natural,IAB19 Technology & Computing
twitter inc twtr really worth twice yahoo inc yhoo,,0.44,natural,IAB19 Technology & Computing
samsung challenge oculus rift,,0.44,natural,IAB19 Technology & Computing
samsung electronics chief lee hospitalised cardiac procedure,,0.44,natural,IAB19 Technology & Computing
microsoft reportedly planning turn nokia x windows phone,,0.44,natural,IAB19 Technology & Computing
lenovo recalls battery packs thinkpad notebook computers due fire,,0.44,natural,IAB19 Technology & Computing
turn windows 8 tablet desktop pc,,0.44,natural,IAB19 Technology & Computing
county city working upgrade computers windows xp deadline,,0.44,natural,IAB19 Technology & Computing
google enhances email encryption,,0.44,natural,IAB19 Technology & Computing
htcs profit surge slightly beats forecasts,,0.44,natural,IAB19 Technology & Computing
apple updates macbook air 2014 faster haswell parts 100 price drop,,0.44,natural,IAB19 Technology & Computing
hacker remotely locking iphones ipads macs wants ransom,,0.44,natural,IAB19 Technology & Computing
apple reportedly unveil smarthome solution wwdc,,0.44,natural,IAB19 Technology & Computing
look apple google may launch healthdata app,,0.44,natural,IAB19 Technology & Computing
macbook air update apple adds haswell chips drops prices 100 across,,0.44,natural,IAB19 Technology & Computing
need phone tesco,,0.44,natural,IAB19 Technology & Computing
### 1. PC Support: A Critical Aspect of Modern Computing,,0.44,synthetic,IAB19 Technology & Computing
millions yet upgrade microsoft retires windows xp,,0.44,natural,IAB19 Technology & Computing
convergys becomes oversold cvg,,0.44,natural,IAB19 Technology & Computing
2014 macbook air faster processors cheaper price launched,,0.44,natural,IAB19 Technology & Computing
microsoft acknowledges critical zeroday internet explorer exploit,,0.44,natural,IAB19 Technology & Computing
blackberry addresses heartbleed threat,,0.44,natural,IAB19 Technology & Computing
google play movies getting offline mode chromebooks chromeboxes,,0.44,natural,IAB19 Technology & Computing
latest broadband news fcc net neutrality cisco twc att telehealth,,0.44,natural,IAB19 Technology & Computing
apple planning large 129in ipad pro 2015,,0.44,natural,IAB19 Technology & Computing
heartbleed computer bug threat spreads firewalls mobile phones,,0.44,natural,IAB19 Technology & Computing
second protestor interrupted google io,,0.44,natural,IAB19 Technology & Computing
office ipad may finally arrive soon march 27,,0.44,natural,IAB19 Technology & Computing
microsoft announces windows phone 81 update 1 greatly expand,,0.44,natural,IAB19 Technology & Computing
apple releases ios 711 update addresses touch id keyboard issues,,0.44,natural,IAB19 Technology & Computing
wild iphone 6 concept reimagines device giant ipod nano,,0.44,natural,IAB19 Technology & Computing
reverse heartbleed puts pc devices risk openssl attack,,0.44,natural,IAB19 Technology & Computing
google reportedly designing new tablet capture 3d images,,0.44,natural,IAB19 Technology & Computing
galaxy s5 gets samsung knox 20 security software,,0.44,natural,IAB19 Technology & Computing
### 11. The Impact of Cloud Computing on PC Support,,0.44,synthetic,IAB19 Technology & Computing
silicon valley ep 3 recap 4 commandments naming startup,,0.44,natural,IAB19 Technology & Computing
samsung executive claims first tizen phone launch july,,0.44,natural,IAB19 Technology & Computing
samsung galaxy s5 fingerprint scanner hacked leaving paypal users,,0.44,natural,IAB19 Technology & Computing
asus new hybrid laptop set take microsofts surface pro 3,,0.44,natural,IAB19 Technology & Computing
samsung brags wqhd displays,,0.44,natural,IAB19 Technology & Computing
undervalued microsoft expected beat consensus estimates,,0.44,natural,IAB19 Technology & Computing
microsoft surface mini surface pro 3 tablets coming may 20,,0.44,natural,IAB19 Technology & Computing
apple google finally agree stop suing,,0.43,natural,IAB19 Technology & Computing
apple adds 8gb iphone 5c relaunches 4thgen ipad ends ipad 2,,0.43,natural,IAB19 Technology & Computing
activision working microsoft ensure xbox one release amazing,,0.43,natural,IAB19 Technology & Computing
156000 reasons learn code average san francisco tech salaries 19,,0.43,natural,IAB19 Technology & Computing
first look samsung galaxy tab tablets,,0.43,natural,IAB19 Technology & Computing
including kinect right call says microsoft exec,,0.43,natural,IAB19 Technology & Computing
samsung unveils new galaxy tab tablet,,0.43,natural,IAB19 Technology & Computing
apple releases new macbook air price drops us canada,,0.43,natural,IAB19 Technology & Computing
macbook air review affordable apple laptops available 1000,,0.43,natural,IAB19 Technology & Computing
adage yahoo getting set launch youtube rival,,0.43,natural,IAB19 Technology & Computing
afterhours buzz microsoft zillow family dollar,,0.43,natural,IAB19 Technology & Computing
usb devices serve new targets hack personal computers,,0.43,natural,IAB19 Technology & Computing
xbox security flaw discovered boy five,,0.43,natural,IAB19 Technology & Computing
google dealt blow federal circuit decision oracle android vs java case,,0.43,natural,IAB19 Technology & Computing
18000 lose jobs microsoft,,0.43,natural,IAB19 Technology & Computing
apples wwdc announcements may include os x redesign ios 8 apple tv,,0.43,natural,IAB19 Technology & Computing
microsoft frisked bloggers hotmail inbox im chat hunt windows 8 leaker court,,0.43,natural,IAB19 Technology & Computing
amazon acquires apple ipads topgrossing app performer amzn,,0.43,natural,IAB19 Technology & Computing
5 things know googles project ara modular smartphone,,0.43,natural,IAB19 Technology & Computing
mac os x 1010 yosemite key features release date compatibility,,0.43,natural,IAB19 Technology & Computing
lenovo treats new chromebook multimode hinge,,0.43,natural,IAB19 Technology & Computing
viacom google settle 1b copyright lawsuit,,0.43,natural,IAB19 Technology & Computing
apple ibm teamup make iphones even better work,,0.43,natural,IAB19 Technology & Computing
samsung galaxy s5 vs google nexus 5 features specs review comparison,,0.43,natural,IAB19 Technology & Computing
htcs next flagship smartphone needs robert downey jr,,0.43,natural,IAB19 Technology & Computing
apple inc iphones ipads help establish companys smart home,,0.43,natural,IAB19 Technology & Computing
microsoft offering 100 pc discount users ditch windows xp,,0.43,natural,IAB19 Technology & Computing
amazon unveils fire phone shazam competitor,,0.43,natural,IAB19 Technology & Computing
tesla company apple software services company,,0.43,natural,IAB19 Technology & Computing
microsofts new plan stop cybercrime,,0.43,natural,IAB19 Technology & Computing
apple may launch 47inch 55inch iphone 6 models time,,0.43,natural,IAB19 Technology & Computing
14year ban microsofts xbox one console hits chinese stores september,,0.43,natural,IAB19 Technology & Computing
googles project ara legoforphones system launching january 2015,,0.43,natural,IAB19 Technology & Computing
samsung galaxy s5 fingerprint scanner hacked early paypal could,,0.43,natural,IAB19 Technology & Computing
amazon fire phone announced prime instant video music new service,,0.43,natural,IAB19 Technology & Computing
theres important new software iphone need update,,0.43,natural,IAB19 Technology & Computing
heartbleed computer bug danger spreads firewalls phones email servers,,0.43,natural,IAB19 Technology & Computing
microsofts office ipad mean surface sinking,,0.43,natural,IAB19 Technology & Computing
googles modular ara smartphone launch public january 2015,,0.43,natural,IAB19 Technology & Computing
microsoft office ipad launches today,,0.43,natural,IAB19 Technology & Computing
chromebook need,,0.43,natural,IAB19 Technology & Computing
htc developing windows phone version one m8,,0.43,natural,IAB19 Technology & Computing
house vets comcasttwc union marathon session,,0.43,natural,IAB19 Technology & Computing
microsofts cortana digital assistant coming china uk canada india,,0.43,natural,IAB19 Technology & Computing
phil spencer takes head microsofts xbox division,,0.43,natural,IAB19 Technology & Computing
bigger ipad necessary apple munster,,0.43,natural,IAB19 Technology & Computing
google preparing launch android tv,,0.43,natural,IAB19 Technology & Computing
symantec fires ceo,,0.43,natural,IAB19 Technology & Computing
microsoft insists xbox one controllers compatible pc,,0.43,natural,IAB19 Technology & Computing
apple samsung agree drop lawsuits,,0.43,natural,IAB19 Technology & Computing
facebook developing snapchatlike app called slingshot,,0.43,natural,IAB19 Technology & Computing
microsoft reveals office ipad application,,0.43,natural,IAB19 Technology & Computing
samsung wearable tizen sdk,,0.43,natural,IAB19 Technology & Computing
apple att help sell iwatch,,0.43,natural,IAB19 Technology & Computing
alcon partners google develop smart cl,,0.43,natural,IAB19 Technology & Computing
microsoft reports 5 million xbox one consoles sold,,0.43,natural,IAB19 Technology & Computing
apple tv mac mini receive price drops across europe,,0.43,natural,IAB19 Technology & Computing
microsoft surface mini case pops online hints impending tablet release,,0.43,natural,IAB19 Technology & Computing
microsoft onenote mac 8gb iphone 5c us loosens grip web,,0.43,natural,IAB19 Technology & Computing
amazon unveils 3d fire phone july 25,,0.43,natural,IAB19 Technology & Computing
tech movers twitter inc nysetwtr fusionio nysefio sunedison inc,,0.43,natural,IAB19 Technology & Computing
apple versus samsung case goes jury,,0.43,natural,IAB19 Technology & Computing
tech developers world cup google 2 apple 1,,0.43,natural,IAB19 Technology & Computing
microsoft launch xbox one china sept 23 600,,0.43,natural,IAB19 Technology & Computing
respawn titanfalls server stability microsofts azure hands,,0.43,natural,IAB19 Technology & Computing
infamous second son consumed ps4s 8gb 45gb ram gpu,,0.43,natural,IAB19 Technology & Computing
google glass gets rayban oakley overhaul,,0.43,natural,IAB19 Technology & Computing
report google launch android tv,,0.43,natural,IAB19 Technology & Computing
california 5yearold discovers xbox security flaw,,0.43,natural,IAB19 Technology & Computing
update google inc goog posts q1 adjeps 627 cpc fell 9 paid,,0.43,natural,IAB19 Technology & Computing
got rash ipad may blame,,0.43,natural,IAB19 Technology & Computing
microsoft shares hit 14year high,,0.43,natural,IAB19 Technology & Computing
microsoft goes maxi mini screen power price surface pro 3,,0.43,natural,IAB19 Technology & Computing
googles new set top box take apple tv amazon third time lucky,,0.43,natural,IAB19 Technology & Computing
apple launches new affordable 215inch imac 1099,,0.43,natural,IAB19 Technology & Computing
microsoft launch xbox one china september beating sony giant,,0.43,natural,IAB19 Technology & Computing
wwdc 2014 apple unveil ios 8 os x 1010 new software smart,,0.43,natural,IAB19 Technology & Computing
microsoft earnings expectations,,0.43,natural,IAB19 Technology & Computing
macbook air gets 100 price cut 100mhz speed boost,,0.43,natural,IAB19 Technology & Computing
### 15. The Ethical Responsibilities of PC Support Technicians,,0.43,synthetic,IAB19 Technology & Computing
apple vs samsung imminent settlement seems dim,,0.43,natural,IAB19 Technology & Computing
dont blame android like pc,,0.43,natural,IAB19 Technology & Computing
local tech firm helps launch googles rubiks cube doodle,,0.43,natural,IAB19 Technology & Computing
anonymous famedgod takes credit sony playstation hack terrorist,,0.43,natural,IAB19 Technology & Computing
samsung galaxy s5 prime spotted quad hd screen snapdragon 805,,0.43,natural,IAB19 Technology & Computing
samsung vr headset coming tackle facebooks oculus rift sonys,,0.43,natural,IAB19 Technology & Computing
facebook buys oculus vr 2 billion,,0.43,natural,IAB19 Technology & Computing
install android l sdk windows mac,,0.43,natural,IAB19 Technology & Computing
samsung launch watchphone,,0.43,natural,IAB19 Technology & Computing
apple code pretty much confirms new sizes iphone ipad,,0.43,natural,IAB19 Technology & Computing
microsoft ups ante cloud storage price war,,0.43,natural,IAB19 Technology & Computing
alibaba chinese tech company plans granddaddy ipos,,0.43,natural,IAB19 Technology & Computing
dropbox announces mailbox ios android desktop gets limited beta,,0.43,natural,IAB19 Technology & Computing
microsoft xps massive cybersecurity problem,,0.43,natural,IAB19 Technology & Computing
microsoft lay off18000 employees xbox tv projects reportedly affected,,0.43,natural,IAB19 Technology & Computing
apple announces q2 results strong iphone sales drive record march quarter,,0.43,natural,IAB19 Technology & Computing
oculus rift support coming googles chrome web browser,,0.43,natural,IAB19 Technology & Computing
apple releases 8gb version iphone 5c retires ipad 2,,0.43,natural,IAB19 Technology & Computing
office ipad rumored march 27 launch,,0.43,natural,IAB19 Technology & Computing
case android software samsungs hardware,,0.43,natural,IAB19 Technology & Computing
microsoft office finally coming android tablets,,0.43,natural,IAB19 Technology & Computing
microsoft close xbox television studio,,0.43,natural,IAB19 Technology & Computing
google announced publically android wearables,,0.43,natural,IAB19 Technology & Computing
morgan stanley speculates effects office 365 ipad microsoft,,0.43,natural,IAB19 Technology & Computing
googles new 7inch tablet capture 3d images,,0.43,natural,IAB19 Technology & Computing
app makes read faster hits samsung gear 2 s5 seeks partners,,0.43,natural,IAB19 Technology & Computing
apple says icloud hacked recent australian iphone ransom incidents,,0.43,natural,IAB19 Technology & Computing
2014 macbook air upgrade miss broadwell,,0.43,natural,IAB19 Technology & Computing
lenovo adds consumer chromebook pair,,0.43,natural,IAB19 Technology & Computing
intel unveils 3d printed robot kit,,0.43,natural,IAB19 Technology & Computing
samsung forecasts decline operating profit,,0.43,natural,IAB19 Technology & Computing
Controversy: Security Vulnerabilities in Windows Have Raised Concerns About User Privacy and Data Protection,,0.43,synthetic,IAB19 Technology & Computing
129 inch ipad pro see early 2015 release,,0.43,natural,IAB19 Technology & Computing
"Notable Event: Release of Windows 8 in 2012, Introducing a Touch-Centric Interface",,0.43,synthetic,IAB19 Technology & Computing
hardly knew ye microsoft shutters xbox entertainment studios,,0.43,natural,IAB19 Technology & Computing
google glass shipping 2gb ram sorts new apps announced,,0.43,natural,IAB19 Technology & Computing
nvidia nvda announces quarterly earnings results beats expectations,,0.43,natural,IAB19 Technology & Computing
stay says underfire tesco boss,,0.43,natural,IAB19 Technology & Computing
future office ipad update let print documents,,0.43,natural,IAB19 Technology & Computing
microsoft launches office ipad office mobile phones free,,0.43,natural,IAB19 Technology & Computing
alibaba files ipo raising questions yahoo silicon valley,,0.43,natural,IAB19 Technology & Computing
ibm plus apple apps,,0.43,natural,IAB19 Technology & Computing
surface pro vs macbook air,,0.43,natural,IAB19 Technology & Computing
jdcoms hot debut preview alibaba ipo,,0.43,natural,IAB19 Technology & Computing
129 inch bigger jumbo ipad apple gets ready revitalize tablet business,,0.43,natural,IAB19 Technology & Computing
microsoft surface pro 3 i5 processor price revealed,,0.43,natural,IAB19 Technology & Computing
att powers new amazon fire smartphone,,0.43,natural,IAB19 Technology & Computing
kids dont get 70s computer,,0.43,natural,IAB19 Technology & Computing
amazon smartphone event fire phone announced includes head tracking,,0.43,natural,IAB19 Technology & Computing
Future Possibility: Windows Cloud Could Extend the Reach of Windows to a Wider Range of Devices,,0.43,synthetic,IAB19 Technology & Computing
apple google settle lawsuit smartphone patent,,0.43,natural,IAB19 Technology & Computing
sony ps4 top gaming console last february npd group says,,0.43,natural,IAB19 Technology & Computing
oracle wins appeal google android suit court rules copyright java,,0.43,natural,IAB19 Technology & Computing
brace comes mobile appsplosion,,0.43,natural,IAB19 Technology & Computing
amazon unveil smartphone june glassesfree 3d display,,0.43,natural,IAB19 Technology & Computing
microsoft teases features july xbox one system update,,0.43,natural,IAB19 Technology & Computing
microsoft office 365 personal makes productivity even affordable,,0.43,natural,IAB19 Technology & Computing
android 442 kitkat update seeding samsung galaxy grand 2 india,,0.43,natural,IAB19 Technology & Computing
google nexus 8 leak release date specs price picture,,0.43,natural,IAB19 Technology & Computing
apple unveils swift programming language ios mac os x developers,,0.43,natural,IAB19 Technology & Computing
hewlettpackard job cuts lift shares,,0.43,natural,IAB19 Technology & Computing
google working android tv rival apple amazon,,0.43,natural,IAB19 Technology & Computing
apple updates ios 7 improved fingerprint reader carplay,,0.43,natural,IAB19 Technology & Computing
samsung unveils premium tablet galaxy tab,,0.43,natural,IAB19 Technology & Computing
microsoft ceo unveils office ipad mobileapp push,,0.43,natural,IAB19 Technology & Computing
microsoft office ipad may unveiled march 27 source,,0.43,natural,IAB19 Technology & Computing
microsoft continues nokias android plan x2 smartphone,,0.43,natural,IAB19 Technology & Computing
apple updates retina macbook pros better specs,,0.43,natural,IAB19 Technology & Computing
macbook pro guide buy 2013 wait 2014 model,,0.43,natural,IAB19 Technology & Computing
apple updates itunes u new ipad tools,,0.43,natural,IAB19 Technology & Computing
apple quietly updates 16gb ipod touch ifixit tears apart,,0.43,natural,IAB19 Technology & Computing
comparison htc one m8 vs samsung galaxy s5 vs iphone 5s,,0.43,natural,IAB19 Technology & Computing
8 ways ios 8 stole whatsapp android everyone else,,0.43,natural,IAB19 Technology & Computing
microsoft sell xbox one console china,,0.43,natural,IAB19 Technology & Computing
new microsoft surface pro 3 photos,,0.43,natural,IAB19 Technology & Computing
apple roll largest ipad ever 129 help declining sales,,0.43,natural,IAB19 Technology & Computing
samsung launches galaxy tab india aims giving ipad run,,0.43,natural,IAB19 Technology & Computing
nokias first phone post microsoft deal tipped selfiefriendly superman,,0.43,natural,IAB19 Technology & Computing
applebeats deal one biggest tech sector,,0.43,natural,IAB19 Technology & Computing
hewlettpackard company nysehpq wells fargo analysts reiterated,,0.43,natural,IAB19 Technology & Computing
10 things tech need know morning goog amzn msft fb,,0.43,natural,IAB19 Technology & Computing
macbook air retina vies slimmest laptop,,0.43,natural,IAB19 Technology & Computing
apple wwdc 2014 theres one winner ios 8 vs android battle,,0.43,natural,IAB19 Technology & Computing
hands samsung gear fit,,0.43,natural,IAB19 Technology & Computing
apple releases updated line retina macbook pros,,0.43,natural,IAB19 Technology & Computing
google notifications finally arrive chrome pc,,0.43,natural,IAB19 Technology & Computing
microsoft quietly kills 3d touch windows phone codenamed mclaren,,0.43,natural,IAB19 Technology & Computing
intel doubles tablets says power 130 new models year,,0.43,natural,IAB19 Technology & Computing
microsoft offers 650 store credit macbook air surface pro 3 tradein,,0.43,natural,IAB19 Technology & Computing
ipads iphones frozen hackers worldwide attacks,,0.43,natural,IAB19 Technology & Computing
ios 8 brings functionality dev tools iphones ipads,,0.43,natural,IAB19 Technology & Computing
apple designers court testimony recalls birth iphone,,0.43,natural,IAB19 Technology & Computing
apple prepping move smart home connectivity,,0.43,natural,IAB19 Technology & Computing
ios 71 iphone ipad,,0.43,natural,IAB19 Technology & Computing
apple may release two new macbook air models tomorrow,,0.43,natural,IAB19 Technology & Computing
review office ipad pretty functional,,0.43,natural,IAB19 Technology & Computing
apple announces ios8 iphones ipads wwdc 2014,,0.43,natural,IAB19 Technology & Computing
google glass goes international googles wearable hits uk,,0.43,natural,IAB19 Technology & Computing
lauded htc one smartphone get bigger screen next iteration,,0.43,natural,IAB19 Technology & Computing
samsung boasts new era electronics new method synthesizing,,0.43,natural,IAB19 Technology & Computing
tech review laptop features costly samsung tablet,,0.43,natural,IAB19 Technology & Computing
snapchat settles ftc charges,,0.43,natural,IAB19 Technology & Computing
samsung launches tizen app developer kit wearables,,0.43,natural,IAB19 Technology & Computing
samsung lg launch wearable devices googles special android,,0.43,natural,IAB19 Technology & Computing
microsoft unveils lowcost office 365 personal subscription service option,,0.43,natural,IAB19 Technology & Computing
xbox one launches china first official console 13 years,,0.43,natural,IAB19 Technology & Computing
apple drops price macbook air gives lineup processor boost,,0.43,natural,IAB19 Technology & Computing
chromecast lands uk 30 googles tv stick,,0.43,natural,IAB19 Technology & Computing
microsoft apple rise reports office ipad,,0.43,natural,IAB19 Technology & Computing
iwatch unveiling set sept 9 event alongside iphone 6 report,,0.43,natural,IAB19 Technology & Computing
microsoft bills new surface tablet laptopkiller aiming apple,,0.43,natural,IAB19 Technology & Computing
hackers playstation network ddos attacks hurting gamers sony,,0.43,natural,IAB19 Technology & Computing
samsung takes ipad surface kindle latest ad,,0.43,natural,IAB19 Technology & Computing
google ready launch simplified google tv dubbed android tv,,0.43,natural,IAB19 Technology & Computing
apple prepares release largestever ipad 129 inch screen sources say,,0.43,natural,IAB19 Technology & Computing
oracle wins google android java api copyright federal court,,0.43,natural,IAB19 Technology & Computing
strong cloud revenue helps microsoft beat wall street estimates q3,,0.43,natural,IAB19 Technology & Computing
apple unveils ios 8 wwdc 14,,0.42,natural,IAB19 Technology & Computing
microsoft unveils nokia x2 rs 8100,,0.42,natural,IAB19 Technology & Computing
stop using microsofts ie browser bug fixed us uk warn,,0.42,natural,IAB19 Technology & Computing
office 365 ipad available,,0.42,natural,IAB19 Technology & Computing
htc nexus 9 specs price release date leaked,,0.42,natural,IAB19 Technology & Computing
samsung launches tablet range amoled display galaxy tab,,0.42,natural,IAB19 Technology & Computing
watch google fiber att bringing gigabit internet 21 cities,,0.42,natural,IAB19 Technology & Computing
intel wants inside every chromebook announces slew new models,,0.42,natural,IAB19 Technology & Computing
microsoft reveals new zeroday vulnerability affecting internet explorer,,0.42,natural,IAB19 Technology & Computing
intel ceo dons smart shirt shows robot,,0.42,natural,IAB19 Technology & Computing
15inch mid 2014 retina macbook pro benchmark shows decent entrylevel,,0.42,natural,IAB19 Technology & Computing
meet visionary behind worlds largest ipo,,0.42,natural,IAB19 Technology & Computing
theres nokia lumia 1520 best att,,0.42,natural,IAB19 Technology & Computing
top 5 us top 5 global ipos,,0.42,natural,IAB19 Technology & Computing
apple suing samsung another 2 billion googles asked help,,0.42,natural,IAB19 Technology & Computing
samsung targets apple superamoled tablet onslaught,,0.42,natural,IAB19 Technology & Computing
details microsofts next big xbox one update emerge,,0.42,natural,IAB19 Technology & Computing
samsungs vr headset rumoured smartphone tablet gaming,,0.42,natural,IAB19 Technology & Computing
android l everything need know googles latest update,,0.42,natural,IAB19 Technology & Computing
lenovo leaps chromebook category launches n20 n20p models,,0.42,natural,IAB19 Technology & Computing
apple wearable rumored debut iphone 6 september,,0.42,natural,IAB19 Technology & Computing
microsoft layoffs thousands employees coming due nokia,,0.42,natural,IAB19 Technology & Computing
samsung launches ipad challenge highend tablets,,0.42,natural,IAB19 Technology & Computing
review laptop features costly new samsung galaxy note pro,,0.42,natural,IAB19 Technology & Computing
samsung ready release next iphone killer,,0.42,natural,IAB19 Technology & Computing
us doe grants 10m six new rd projects enhance csp technologies,,0.42,natural,IAB19 Technology & Computing
apple offering replace faulty iphone 5 batteries free,,0.42,natural,IAB19 Technology & Computing
2014 far pc phone sales tablets smartphone markets flourish,,0.42,natural,IAB19 Technology & Computing
microsoft seal nokia deal nokia phone renamed microsoft mobile,,0.42,natural,IAB19 Technology & Computing
apple quietly bumps macbook air laptops faster cheaper prices,,0.42,natural,IAB19 Technology & Computing
microsoft office ipad bags 27m downloads short order,,0.42,natural,IAB19 Technology & Computing
watch dogs pc screens 4k puts e3 2012 build shame astonishing,,0.42,natural,IAB19 Technology & Computing
tesco launch smartphone,,0.42,natural,IAB19 Technology & Computing
macbook air retina 2014 release date october best buy discounts,,0.42,natural,IAB19 Technology & Computing
hackers crave patches microsofts giving want,,0.42,natural,IAB19 Technology & Computing
theres cloud app microsoft adds app store azure,,0.42,natural,IAB19 Technology & Computing
htc reportedly planning one m8 windows phone,,0.42,natural,IAB19 Technology & Computing
apple winks parents cmon get kid tweaked macbook pro,,0.42,natural,IAB19 Technology & Computing
apple releases powerful new iphone 5s ad,,0.42,natural,IAB19 Technology & Computing
chromecast gaining popularity would google launch android tv,,0.42,natural,IAB19 Technology & Computing
wish could buy google glass april 15,,0.42,natural,IAB19 Technology & Computing
titan aerospace bought google,,0.42,natural,IAB19 Technology & Computing
amazon launches muchrumored smartphone fire,,0.42,natural,IAB19 Technology & Computing
microsofts nadella names guthrie cloud head spencer xbox 1,,0.42,natural,IAB19 Technology & Computing
first world samsungs galaxy s5,,0.42,natural,IAB19 Technology & Computing
amd chip guru jim keller arm left team little daunted,,0.42,natural,IAB19 Technology & Computing
following microsofts lead sony prepares playstation launch china,,0.42,natural,IAB19 Technology & Computing
apple aapl vs samsung verdict may signal end litigation,,0.42,natural,IAB19 Technology & Computing
microsoft earnings watch,,0.42,natural,IAB19 Technology & Computing
apple cuts prices macbook pro retina display,,0.42,natural,IAB19 Technology & Computing
new retina macbook pros get ssd benchmark teardown,,0.42,natural,IAB19 Technology & Computing
amazon launches new smartphone featuring 3d technology,,0.42,natural,IAB19 Technology & Computing
apple refreshes macbook pro retina display lineup drops prices,,0.42,natural,IAB19 Technology & Computing
review htc one vs nexus 5 vs samsung galaxy s4 price specifications,,0.42,natural,IAB19 Technology & Computing
apple reveals new ipod touch 16gb isight camera 159,,0.42,natural,IAB19 Technology & Computing
apple unveils new mobile software health home tools,,0.42,natural,IAB19 Technology & Computing
buying latest apps helps web giants stay young,,0.42,natural,IAB19 Technology & Computing
07042014dutch government pay microsoft millions extend xp support,,0.42,natural,IAB19 Technology & Computing
apple may reveal wearable alongside new iphones september,,0.42,natural,IAB19 Technology & Computing
critical ie windows updates slated light july patch tuesday,,0.42,natural,IAB19 Technology & Computing
apple may launch iphone 6 47 inch screen rename 55 inch device,,0.42,natural,IAB19 Technology & Computing
insider selling lawrence page sells 41666 shares google stock googl,,0.42,natural,IAB19 Technology & Computing
amazoncom inc amzn fire phone takes apple inc aapl samsung,,0.42,natural,IAB19 Technology & Computing
lightning ipad 4 could make return tomorrow alongside 8gb iphone 5c,,0.42,natural,IAB19 Technology & Computing
apple inc needs iwatch sooner rather later,,0.42,natural,IAB19 Technology & Computing
amazon unveil latest 3d smartphone video,,0.42,natural,IAB19 Technology & Computing
community picked yahoo,,0.42,natural,IAB19 Technology & Computing
samsung vies outstrip apple new tablets,,0.42,natural,IAB19 Technology & Computing
intel samsung team fight qualcomm open interconnect consortium,,0.42,natural,IAB19 Technology & Computing
apple rolls new budget 215inch imac,,0.42,natural,IAB19 Technology & Computing
june 2014 npd ps4 1 nextgen console 6th straight month,,0.42,natural,IAB19 Technology & Computing
microsoft nokia seal deal,,0.42,natural,IAB19 Technology & Computing
need know microsofts acquisition nokia,,0.42,natural,IAB19 Technology & Computing
samsung galaxy s5 octa core cpu announced india specs price,,0.42,natural,IAB19 Technology & Computing
samsung profits nearly 20 second quarter,,0.42,natural,IAB19 Technology & Computing
apple iphone 6 ipad air 2 rumors devices along ipad mini 3 could,,0.42,natural,IAB19 Technology & Computing
microsoft unveils nokia x2 smartphone,,0.42,natural,IAB19 Technology & Computing
mozilla ceo resignation raises freespeech concerns silicon valley,,0.42,natural,IAB19 Technology & Computing
finally amazon unveils fire phone,,0.42,natural,IAB19 Technology & Computing
gadgets blackberry reports sub1b quarterly revenue q4 brings back,,0.42,natural,IAB19 Technology & Computing
iphone ipad users hit hacker demanding ransom,,0.42,natural,IAB19 Technology & Computing
microsoft announcing intersection cloud mobile computing later,,0.42,natural,IAB19 Technology & Computing
google set develop smart contact lens,,0.42,natural,IAB19 Technology & Computing
apple boosts processing power memory macbook pro retina,,0.42,natural,IAB19 Technology & Computing
new google glass ship 2gb ram,,0.42,natural,IAB19 Technology & Computing
microsoft likely launch selfie phone soon,,0.42,natural,IAB19 Technology & Computing
end windows xp support paints prime target hackers,,0.42,natural,IAB19 Technology & Computing
- 1990s: The internet revolution leads to a further increase in the demand for computer certification.,,0.42,synthetic,IAB19 Technology & Computing
tech google redesigns android power smartwatches,,0.42,natural,IAB19 Technology & Computing
10 profitable software companies world,,0.42,natural,IAB19 Technology & Computing
"From smartphones to laptops to tablets, portable devices have become an essential part of our lives.",,0.42,synthetic,IAB19 Technology & Computing
apple iwatch unveiled september 9 alongside iphone 6 report,,0.42,natural,IAB19 Technology & Computing
microsoft tipped working xbox one virtual reality headset,,0.42,natural,IAB19 Technology & Computing
apple unveil smart home software iphones,,0.42,natural,IAB19 Technology & Computing
viacom google finally settle long running copyright lawsuit youtube,,0.42,natural,IAB19 Technology & Computing
tech titans apple google call truce patent war,,0.42,natural,IAB19 Technology & Computing
oculus announced oculus connect conference acquisition raknet,,0.42,natural,IAB19 Technology & Computing
thanks bug time serious computer safeguards,,0.42,natural,IAB19 Technology & Computing
microsoft announces office ipad video,,0.42,natural,IAB19 Technology & Computing
hewlettpackard 16k cuts boost profit say bulls serial restructuring warn,,0.42,natural,IAB19 Technology & Computing
apple releases ios 71 updates siri carplay itunes radio bunch,,0.42,natural,IAB19 Technology & Computing
microsoft ceo satya nadella unveils skype translation,,0.42,natural,IAB19 Technology & Computing
apple planning release largest ipad ever report,,0.42,natural,IAB19 Technology & Computing
samsung profits latest financial results,,0.42,natural,IAB19 Technology & Computing
openssl heartbleed bug leaves tech community tatters,,0.42,natural,IAB19 Technology & Computing
first look asus padfone x phablet fun weighs ton,,0.42,natural,IAB19 Technology & Computing
apple sold 20000 iphones every hour q2 2014 leading whopping profits,,0.42,natural,IAB19 Technology & Computing
regulations ecigs grow popularity throughout area,,0.42,natural,IAB19 Technology & Computing
apples 129inch ipad pro rumored 2015 launch slate sales still slipping,,0.42,natural,IAB19 Technology & Computing
comes android tv google,,0.42,natural,IAB19 Technology & Computing
microsoft office ipad five takeaways,,0.42,natural,IAB19 Technology & Computing
apple fanboys rush download microsoft software,,0.42,natural,IAB19 Technology & Computing
bug microsoft internet explorer opens vulnerability hackers,,0.42,natural,IAB19 Technology & Computing
5 things missed apple releases ios 71 tumblr allows updates phone,,0.42,natural,IAB19 Technology & Computing
modifying microsoft office install free hard drive space,,0.42,natural,IAB19 Technology & Computing
samsung galaxy note 4 feature 57inch 2560 x 1440 qhd display,,0.42,natural,IAB19 Technology & Computing
microsoft bets surface pro 3 laptop replacement,,0.42,natural,IAB19 Technology & Computing
nadella good start microsoft nasdaqmsft,,0.42,natural,IAB19 Technology & Computing
google security chrome chrome os android immune heartbleed bug,,0.42,natural,IAB19 Technology & Computing
samsung galaxy s5 fingerprint scanner hackable allowing access online,,0.42,natural,IAB19 Technology & Computing
learned week microsoft teched 2014,,0.42,natural,IAB19 Technology & Computing
129inch ipad would make sense apple,,0.42,natural,IAB19 Technology & Computing
ten years hps primordial windows xp tablet versus surface pro 3,,0.42,natural,IAB19 Technology & Computing
microsofts massive layoffs expected hit fargo fate fargos nokia,,0.42,natural,IAB19 Technology & Computing
amazon fire phone allseeing 3d prime contender,,0.42,natural,IAB19 Technology & Computing
microsoft warns glaring internet explorer flaw,,0.42,natural,IAB19 Technology & Computing
surface pro 3 tablet,,0.42,natural,IAB19 Technology & Computing
office ipad tipped unveiling next week,,0.42,natural,IAB19 Technology & Computing
new graphics tech bringing consolequality eyecandy ios 8,,0.42,natural,IAB19 Technology & Computing
htc outs august 19th launch one w8 windows phone,,0.42,natural,IAB19 Technology & Computing
apple assures users icloud wont breached hacking attack,,0.42,natural,IAB19 Technology & Computing
sony reveals project morpheus vr headset ps4,,0.42,natural,IAB19 Technology & Computing
googles smart home open nest api seeds eager devs,,0.42,natural,IAB19 Technology & Computing
"### 23. Java's Defenders: Arguments for its Reliability, Security, and Versatility",,0.42,synthetic,IAB19 Technology & Computing
openstack gets boost hp,,0.42,natural,IAB19 Technology & Computing
samsung electronics chief lee hospitalized cardiac procedure,,0.42,natural,IAB19 Technology & Computing
launching ipad microsoft office free iphone android devices,,0.42,natural,IAB19 Technology & Computing
- The internet boom of the 1990s led to a rapid growth in the data center industry.,,0.42,synthetic,IAB19 Technology & Computing
apple launches 16gb ipod touch cuts prices,,0.42,natural,IAB19 Technology & Computing
blackberry considering bringing bbm desktops,,0.42,natural,IAB19 Technology & Computing
amazon expected unveil first smartphone week,,0.42,natural,IAB19 Technology & Computing
android tv reportedly development coming soon,,0.42,natural,IAB19 Technology & Computing
samsung galaxy s5 fingerprint scanner already hacked,,0.42,natural,IAB19 Technology & Computing
adobe updates creative cloud apps hold event 1pm et,,0.42,natural,IAB19 Technology & Computing
motorola moto g vs nokia x comparing hardware software,,0.42,natural,IAB19 Technology & Computing
heart bleed virus update open ssl computer bug protect gmail,,0.42,natural,IAB19 Technology & Computing
samsung estimates 25 drop q2 profit,,0.42,natural,IAB19 Technology & Computing
hewlettpackard company hpq halo lift option bulls piling,,0.42,natural,IAB19 Technology & Computing
4 ways googles android tv take living room,,0.42,natural,IAB19 Technology & Computing
windows azure rebranding microsoft azure could happen build,,0.42,natural,IAB19 Technology & Computing
microsoft hints office ipad,,0.42,natural,IAB19 Technology & Computing
google testing huge gmail redesign,,0.42,natural,IAB19 Technology & Computing
microsoft surface pro 3 vs ipad air tablet best,,0.42,natural,IAB19 Technology & Computing
sony announces vr system ps4 called project morpheus gdc,,0.42,natural,IAB19 Technology & Computing
apple google agree drop lawsuits,,0.42,natural,IAB19 Technology & Computing
apple store refurbished retina macbook pros dip lowest prices ever,,0.42,natural,IAB19 Technology & Computing
cloud computing plot twist aereo tv case,,0.42,natural,IAB19 Technology & Computing
microsoft layoffs signal changing culture,,0.42,natural,IAB19 Technology & Computing
microsoft bringing xbox one china,,0.42,natural,IAB19 Technology & Computing
ftc approves whatsapp facebook deal,,0.42,natural,IAB19 Technology & Computing
google nexus tablet 10 2 price rumors specs release date delayed,,0.42,natural,IAB19 Technology & Computing
samsungs graphene breakthrough important flexible devices,,0.42,natural,IAB19 Technology & Computing
major mystery behind microsofts brainlike speechtospeech translator,,0.42,natural,IAB19 Technology & Computing
microsoft selling office 365 within ipad apps apple getting 30,,0.42,natural,IAB19 Technology & Computing
"Data centers are essential for the functioning of the modern digital world, and they are also a major economic driver.",,0.42,synthetic,IAB19 Technology & Computing
samsung makes push highend tablet market,,0.42,natural,IAB19 Technology & Computing
apple launching two new macbook airs next 24 hours,,0.42,natural,IAB19 Technology & Computing
apple unveils 215inch affordable imac,,0.42,natural,IAB19 Technology & Computing
ft apple announces iosoriented smart home system wwdc,,0.42,natural,IAB19 Technology & Computing
ios 71 makes iphone 4 snappier,,0.42,natural,IAB19 Technology & Computing
iphablet 47inch 55inch iphone 6 displays enter production may,,0.42,natural,IAB19 Technology & Computing
first amazon fire tv google looks set gamesready android tv,,0.42,natural,IAB19 Technology & Computing
ubisoft unleashes watch dogs companion ctos mobile ios,,0.42,natural,IAB19 Technology & Computing
nvidia reports financial results second quarter fiscal 2015,,0.42,natural,IAB19 Technology & Computing
tech test laptop features costly new samsung tablet,,0.42,natural,IAB19 Technology & Computing
logitech announces types samsung galaxy tab 105 keyboard case,,0.42,natural,IAB19 Technology & Computing
microsoft confirms office ipad launching today,,0.42,natural,IAB19 Technology & Computing
google glass gets preio hardware software upgrade lots new apps,,0.42,natural,IAB19 Technology & Computing
firefox metro app abandoned one wants microsofts modern ui,,0.42,natural,IAB19 Technology & Computing
microsoft office 365 personal available ipad users,,0.42,natural,IAB19 Technology & Computing
apple ibm team create apps,,0.42,natural,IAB19 Technology & Computing
apple launches coding language,,0.42,natural,IAB19 Technology & Computing
intel announces strategic tieup cloudera,,0.42,natural,IAB19 Technology & Computing
apple unveil smart home platform wwdc next week,,0.42,natural,IAB19 Technology & Computing
take screenshot samsung galaxy note 3,,0.42,natural,IAB19 Technology & Computing
robbers grab us36 mil samsung electronics brazil,,0.42,natural,IAB19 Technology & Computing
apple reportedly working ipad screen size close 13 inches,,0.42,natural,IAB19 Technology & Computing
youve got tim cook thank ipad mini,,0.42,natural,IAB19 Technology & Computing
expect new htc one m8 rumours specs leaks,,0.42,natural,IAB19 Technology & Computing
alcon teaming google develop smart contact lens,,0.42,natural,IAB19 Technology & Computing
verizon google apologize chromebook snafu,,0.42,natural,IAB19 Technology & Computing
adobe unveils 2014 creative cloud updates,,0.42,natural,IAB19 Technology & Computing
amazoncom incs smartphone could help jeff bezos control home,,0.42,natural,IAB19 Technology & Computing
japan display reportedly start new apple aapl iphone screen production,,0.42,natural,IAB19 Technology & Computing
apple updates imessage siri ios 8 introduces family sharing,,0.42,natural,IAB19 Technology & Computing
microsoft doubles devices,,0.42,natural,IAB19 Technology & Computing
amazon launch 3d smartphone soon,,0.42,natural,IAB19 Technology & Computing
amazon expected unveil 3d smartphone court mobile shoppers,,0.41,natural,IAB19 Technology & Computing
windows azure microsoft azure redmond looks rebrand cloud,,0.41,natural,IAB19 Technology & Computing
project morpheus sonys virtual reality headset ps4,,0.41,natural,IAB19 Technology & Computing
microsoft launches office ipad allowing free file viewing,,0.41,natural,IAB19 Technology & Computing
apple prepping launch cheaper 8 gb iphone 5c,,0.41,natural,IAB19 Technology & Computing
blackberry ltd buffs security credentials secusmart gmbh deal,,0.41,natural,IAB19 Technology & Computing
buying advice 2014 macbook air best,,0.41,natural,IAB19 Technology & Computing
watch dogs release date arrives ps4 xbox one pc watch,,0.41,natural,IAB19 Technology & Computing
Here are some of the controversies surrounding computer certification:,,0.41,synthetic,IAB19 Technology & Computing
microsoft msft xbox one launch china sept 23rd preorders start,,0.41,natural,IAB19 Technology & Computing
report heartbleed bug strikes cisco juniper products,,0.41,natural,IAB19 Technology & Computing
nadella describes postpost pc vision,,0.41,natural,IAB19 Technology & Computing
microsoft rushes fix browser attacks,,0.41,natural,IAB19 Technology & Computing
half life 2 coming nvidia shield probably,,0.41,natural,IAB19 Technology & Computing
review microsoft surface pro 3 ipad alternative,,0.41,natural,IAB19 Technology & Computing
apple refreshes macbook air range faster processors dropping,,0.41,natural,IAB19 Technology & Computing
qualcomms quarterly revenue growth drops shares fall,,0.41,natural,IAB19 Technology & Computing
bill gates gone microsoft officially satya nadellas,,0.41,natural,IAB19 Technology & Computing
microsoft posts fiscal 3q beat,,0.41,natural,IAB19 Technology & Computing
monitoring msft office ipad arrives nadella impresses build 2014 preview,,0.41,natural,IAB19 Technology & Computing
microsoft selfie phone works,,0.41,natural,IAB19 Technology & Computing
samsung launches 4k 28inch monitor 700,,0.41,natural,IAB19 Technology & Computing
microsofts china headache,,0.41,natural,IAB19 Technology & Computing
brazil gunmen raid samsung factory steal electronics worth us36m,,0.41,natural,IAB19 Technology & Computing
symantec corp share price fires ceo bennett amid declining sales,,0.41,natural,IAB19 Technology & Computing
google chromecast arrives europe undercuts apple roku,,0.41,natural,IAB19 Technology & Computing
apple said unveil iwatch 9 september,,0.41,natural,IAB19 Technology & Computing
steve wozniak treats samsung galaxy gear like mouldy apple core,,0.41,natural,IAB19 Technology & Computing
amazon announces fire smartphone,,0.41,natural,IAB19 Technology & Computing
microsoft fights us warrant,,0.41,natural,IAB19 Technology & Computing
apple designers testimony recounts birth iphone,,0.41,natural,IAB19 Technology & Computing
app developers program samsung gear 2 gear 2 neo new,,0.41,natural,IAB19 Technology & Computing
expect facebooks developers conference gartner,,0.41,natural,IAB19 Technology & Computing
apple may introduce bigger ipad early next year,,0.41,natural,IAB19 Technology & Computing
snapchat settles ftc privacy breach,,0.41,natural,IAB19 Technology & Computing
taketwo ceo praises new kinectfree xbox one,,0.41,natural,IAB19 Technology & Computing
intel plans dominate wearable tech revolution,,0.41,natural,IAB19 Technology & Computing
apple iphone sales lead record quarter,,0.41,natural,IAB19 Technology & Computing
apple touches ipod range,,0.41,natural,IAB19 Technology & Computing
forced use windows xp past april 10 ways make best bad situation,,0.41,natural,IAB19 Technology & Computing
surface pro 3 vs macbook air 11in tablet replace laptop,,0.41,natural,IAB19 Technology & Computing
google creating project tango tablet 3d vision,,0.41,natural,IAB19 Technology & Computing
slamming google microsoft admits spying,,0.41,natural,IAB19 Technology & Computing
blackberry posts smallerthanexpected loss shares rise,,0.41,natural,IAB19 Technology & Computing
android poised grow big google sticks,,0.41,natural,IAB19 Technology & Computing
- 1980s: The personal computer revolution leads to a surge in the demand for computer certification.,,0.41,synthetic,IAB19 Technology & Computing
chinas tech giants us equivalents,,0.41,natural,IAB19 Technology & Computing
microsoft cortana goes international windows phone update,,0.41,natural,IAB19 Technology & Computing
google glass app would hard even haters hate,,0.41,natural,IAB19 Technology & Computing
iphone 6 aka iphone air 55inch display reportedly delayed 2015,,0.41,natural,IAB19 Technology & Computing
android chief claims google invented key features apple,,0.41,natural,IAB19 Technology & Computing
microsoft frees word excel powerpoint free office apps iphone,,0.41,natural,IAB19 Technology & Computing
surface pro 3 vs ipad air race replace laptop,,0.41,natural,IAB19 Technology & Computing
- The data center industry has been criticized for its environmental impact.,,0.41,synthetic,IAB19 Technology & Computing
apple macbook air faster haswell cpus cheaper 100,,0.41,natural,IAB19 Technology & Computing
adobe systems inc rises 8 q2 earnings surprise,,0.41,natural,IAB19 Technology & Computing
satya nadella new microsoft ceo speaks code conference,,0.41,natural,IAB19 Technology & Computing
microsoft complete nokia deal friday become bigtime android player,,0.41,natural,IAB19 Technology & Computing
microsoft office ipads smart move little late,,0.41,natural,IAB19 Technology & Computing
adobe posts strong q2 results creative cloud subscription sales,,0.41,natural,IAB19 Technology & Computing
apple ad youre powerful think iphone 5s,,0.41,natural,IAB19 Technology & Computing
john mcafee launches chadder new encrypted private messaging app,,0.41,natural,IAB19 Technology & Computing
intel readies 3dprinted robots handy consumers,,0.41,natural,IAB19 Technology & Computing
microsoft announces largest layoff company history,,0.41,natural,IAB19 Technology & Computing
titanfall developer ps4 vs xbox one 1080p console war unwinnable,,0.41,natural,IAB19 Technology & Computing
htc announces m8 smartphone,,0.41,natural,IAB19 Technology & Computing
privacy files microsoft redux,,0.41,natural,IAB19 Technology & Computing
brazilian bandits steal 40000 samsung smartphones tablets worth 36m,,0.41,natural,IAB19 Technology & Computing
stocks preparing rush ipos,,0.41,natural,IAB19 Technology & Computing
harvard grad invents 3d makeup printer,,0.41,natural,IAB19 Technology & Computing
apple touch id fingerprint detection technology launching year,,0.41,natural,IAB19 Technology & Computing
office ipad tips tricks,,0.41,natural,IAB19 Technology & Computing
amazon fire phone cool compelling,,0.41,natural,IAB19 Technology & Computing
anandtechs samsung galaxy s5 review,,0.41,natural,IAB19 Technology & Computing
googles 1q earnings disappoint,,0.41,natural,IAB19 Technology & Computing
apple ibm join develop apps sell iphones update,,0.41,natural,IAB19 Technology & Computing
novells antitrust fight microsoft,,0.41,natural,IAB19 Technology & Computing
apple set announce iwatch along iphone 6 september,,0.41,natural,IAB19 Technology & Computing
microsofts ceo may unveil office ipad 27 march source,,0.41,natural,IAB19 Technology & Computing
first look office ipad mixed bag good first step,,0.41,natural,IAB19 Technology & Computing
android wear google pips apple post os designed smartwatch,,0.41,natural,IAB19 Technology & Computing
faster cheaper macbook airs whats next,,0.41,natural,IAB19 Technology & Computing
hp invest 1 billion opensource cloud computing,,0.41,natural,IAB19 Technology & Computing
apple rumored prepping new iphonecompatible smart home software,,0.41,natural,IAB19 Technology & Computing
apple macbook air series receive faster processor upgrade says reports,,0.41,natural,IAB19 Technology & Computing
microsoft demos near realtime language translation skype voice calls,,0.41,natural,IAB19 Technology & Computing
nokia rechristened soon called microsoft mobile,,0.41,natural,IAB19 Technology & Computing
microsoft unveils nokia x2,,0.41,natural,IAB19 Technology & Computing
nvidia releases new drivers watch dogs boost fps 75,,0.41,natural,IAB19 Technology & Computing
office ipad full 365 package dont come cheap,,0.41,natural,IAB19 Technology & Computing
microsoft ceo good start solid earnings,,0.41,natural,IAB19 Technology & Computing
blackberry bringing 200 thousand amazon apps phones,,0.41,natural,IAB19 Technology & Computing
solid s5 sales bolster samsung,,0.41,natural,IAB19 Technology & Computing
samsung chairman heart attack,,0.41,natural,IAB19 Technology & Computing
microsoft stop technical support windows xp tomorrow,,0.41,natural,IAB19 Technology & Computing
handson galaxy tab tablet samsung debuted long ago,,0.41,natural,IAB19 Technology & Computing
lenovo launch first windows phone 81 smartphone year,,0.41,natural,IAB19 Technology & Computing
microsoft surface pro 3 vs 2014 apple macbook air best,,0.41,natural,IAB19 Technology & Computing
mtgox boss mark karpeles targeted hackers,,0.41,natural,IAB19 Technology & Computing
microsoft announces major layoffs nokias future,,0.41,natural,IAB19 Technology & Computing
apple refreshes macbook pros cuts prices,,0.41,natural,IAB19 Technology & Computing
apple introduces new 16gb ipod touch isight camera,,0.41,natural,IAB19 Technology & Computing
microsoft layoffs likely cause cancellation xbox originals,,0.41,natural,IAB19 Technology & Computing
new apple macbook airs expected launch tomorrow,,0.41,natural,IAB19 Technology & Computing
feds advise skipping internet explorer microsofts fix,,0.41,natural,IAB19 Technology & Computing
"Some of the most popular Palmtops and PDAs included the Palm Pilot, the Handspring Visor, and the Sony Clie.",,0.41,synthetic,IAB19 Technology & Computing
samsung testing galaxy s5 running tizen,,0.41,natural,IAB19 Technology & Computing
googles chromecast 11 countries,,0.41,natural,IAB19 Technology & Computing
cisco ibm intel aim industry internet things adoption new non,,0.41,natural,IAB19 Technology & Computing
ios 8 release date wwdc 2014 apple set busy year iphone 6,,0.41,natural,IAB19 Technology & Computing
microsoft tech allies lose fight block us law enforcement offshore email,,0.41,natural,IAB19 Technology & Computing
andy warhol images commodore amiga computer recovered,,0.41,natural,IAB19 Technology & Computing
macbook pro retina gets customary speed bump,,0.41,natural,IAB19 Technology & Computing
target hires new cio speeds tech enhancements,,0.41,natural,IAB19 Technology & Computing
citigroup tech stocks tug us markets lower,,0.41,natural,IAB19 Technology & Computing
amazon fire phone,,0.41,natural,IAB19 Technology & Computing
12 years microsoft ending windows xp support today,,0.41,natural,IAB19 Technology & Computing
apple new levelentry imac reflects intels broadwell chip issue,,0.41,natural,IAB19 Technology & Computing
apple unleash major push iphone controlled smart home wwdc,,0.41,natural,IAB19 Technology & Computing
microsoft alerts users internet explorer security flaw,,0.41,natural,IAB19 Technology & Computing
microsoft said back plans smaller surface tablet,,0.41,natural,IAB19 Technology & Computing
"### 8. JavaScript's Influence on Web Development: Enabling Interactivity, Dynamic Content, and Rich User Experiences",,0.41,synthetic,IAB19 Technology & Computing
hewlettpackard revenue decline expected slow q2 hpq,,0.41,natural,IAB19 Technology & Computing
dev releases pc driver xbox one controller,,0.41,natural,IAB19 Technology & Computing
### 1. JavaScript: A Ubiquitous Force in Modern Web Development,,0.41,synthetic,IAB19 Technology & Computing
video todays kids react old 1970s era computers,,0.41,natural,IAB19 Technology & Computing
surface pro need laptops microsoft says,,0.41,natural,IAB19 Technology & Computing
newgen console problems kinect doesnt work xbox one wii u freezes,,0.41,natural,IAB19 Technology & Computing
3d printing helps repair motorbike crash victims face,,0.41,natural,IAB19 Technology & Computing
millions android phones tablets vulnerable heartbleed bug,,0.41,natural,IAB19 Technology & Computing
digital cos demand probe googles anticompetitive practices,,0.41,natural,IAB19 Technology & Computing
microsofts xbox one released china year,,0.41,natural,IAB19 Technology & Computing
adobes 2014 creative cloud update desktop upgrades new mobile apps,,0.41,natural,IAB19 Technology & Computing
google seen debuting android tv wednesday,,0.41,natural,IAB19 Technology & Computing
microsoft strikes court vows appeal,,0.41,natural,IAB19 Technology & Computing
microsoft announces windows phone 81 update 1 cortana coming new,,0.41,natural,IAB19 Technology & Computing
apple drops ipad 2 brings back 4thgen model 399 discounts iphone 5c,,0.41,natural,IAB19 Technology & Computing
get microsoft windows 81 update need,,0.41,natural,IAB19 Technology & Computing
nest buys dropcam google continues march smart homes,,0.41,natural,IAB19 Technology & Computing
googles reputation turned sour,,0.41,natural,IAB19 Technology & Computing
apple vs samsung case start fresh jury google engineers,,0.41,natural,IAB19 Technology & Computing
microsoft axes nokia x android project cuts 18000 jobs,,0.41,natural,IAB19 Technology & Computing
china probes microsoft operating system monopoly,,0.41,natural,IAB19 Technology & Computing
sundar pichai apple people adopting android faster google io,,0.41,natural,IAB19 Technology & Computing
microsoft msft announces office ipad,,0.41,natural,IAB19 Technology & Computing
microsoft unveils office apples ipad expected,,0.41,natural,IAB19 Technology & Computing
microsoft launches cloudbased office 365 personal india,,0.41,natural,IAB19 Technology & Computing
facebooks 2 billion oculus deal proof crowdfunders get stock,,0.41,natural,IAB19 Technology & Computing
apple rolls new cheaper macbook airs aapl,,0.41,natural,IAB19 Technology & Computing
updated macbook air works better costs less,,0.41,natural,IAB19 Technology & Computing
snapchat settles fcc privacy issues,,0.41,natural,IAB19 Technology & Computing
study samsungs apps ubiquitous unloved,,0.41,natural,IAB19 Technology & Computing
apple inc aapl must launch iphone 6 junejuly sell 90 million units,,0.41,natural,IAB19 Technology & Computing
yellow nexus 5 samsung galaxy s5 gpe discovered googles android portal,,0.41,natural,IAB19 Technology & Computing
amazon launch 3d phone june 18,,0.41,natural,IAB19 Technology & Computing
googles may launch android tv second attempt revolutionize,,0.41,natural,IAB19 Technology & Computing
microsoft continues nokias android experiment x2 smartphone,,0.41,natural,IAB19 Technology & Computing
holographic iphone 6 concept could change everything,,0.41,natural,IAB19 Technology & Computing
dont worry googles confirmed new nexus device appear year,,0.41,natural,IAB19 Technology & Computing
could first look new iphones sapphire glass screen,,0.41,natural,IAB19 Technology & Computing
Computer certifications can be a great way to advance your career and increase your earning potential.,,0.41,synthetic,IAB19 Technology & Computing
amazon reveals fire phone smarthphone,,0.41,natural,IAB19 Technology & Computing
apple hit lawsuit disappearing imessages iphone android,,0.41,natural,IAB19 Technology & Computing
hackers hit playstation network ddos attack claim grounded,,0.41,natural,IAB19 Technology & Computing
apple gives retina macbook pros speed boost ahead yosemite,,0.41,natural,IAB19 Technology & Computing
intel sell diy robots,,0.41,natural,IAB19 Technology & Computing
second probe details cdc problems,,0.41,natural,IAB19 Technology & Computing
rumor microsoft office ipad reveal mar 27th,,0.41,natural,IAB19 Technology & Computing
solutions best touchpad buy,,0.41,natural,IAB19 Technology & Computing
samsung unveils new tablets featuring screens richer colors,,0.41,natural,IAB19 Technology & Computing
important features samsungs new galaxy tablet,,0.41,natural,IAB19 Technology & Computing
tensions rise china investigates microsoft offices,,0.41,natural,IAB19 Technology & Computing
alleged samsung galaxy tab 4 70 press rendering leaked,,0.41,natural,IAB19 Technology & Computing
china state media calls severe punishment google apple us tech firms,,0.41,natural,IAB19 Technology & Computing
apple facebook amazon techs retreat,,0.41,natural,IAB19 Technology & Computing
android application help save phone form heartbleed bug,,0.41,natural,IAB19 Technology & Computing
ipad app microsoft begins move office,,0.41,natural,IAB19 Technology & Computing
investor welcomed changes microsoft corporation nasdaqmsft,,0.41,natural,IAB19 Technology & Computing
create makeup dreams brilliant 3d printer,,0.41,natural,IAB19 Technology & Computing
The Evolution of C++: Bjarne Stroustrup's Vision,,0.41,synthetic,IAB19 Technology & Computing
combined pc mobile devices market experiences revival,,0.41,natural,IAB19 Technology & Computing
analyst wwdc could feature 2014 macbook air iwatch iphone 6,,0.41,natural,IAB19 Technology & Computing
rayban makers design google glasses,,0.41,natural,IAB19 Technology & Computing
freaks geekss paul feig help yahoo launch original programming,,0.41,natural,IAB19 Technology & Computing
adobe systems adbe launches 14 new versions cc desktop apps,,0.41,natural,IAB19 Technology & Computing
macbook air gets fast refresh,,0.41,natural,IAB19 Technology & Computing
chromecast vs roku vs apple tv best top 3,,0.41,natural,IAB19 Technology & Computing
still using microsoft windows xp need know today,,0.41,natural,IAB19 Technology & Computing
google inc goog viacom settled youtube lawsuit,,0.41,natural,IAB19 Technology & Computing
microsoft exposes governments crafty new method accessing email,,0.41,natural,IAB19 Technology & Computing
apple samsung google htc adopt antitheft killswitch smartphones,,0.41,natural,IAB19 Technology & Computing
latest xbox one price cut sees console cost 349 ps4,,0.41,natural,IAB19 Technology & Computing
bb ceo chen keyboards smartphones bbm desktops,,0.41,natural,IAB19 Technology & Computing
