text,iab_label,confidence,source,labels
The Influence of Mac Support on Technology & Computing,IAB19 Technology & Computing,0.96,synthetic,
3-D Graphics,IAB19 Technology & Computing,0.95,subcategories,
Shareware/Freeware,IAB19 Technology & Computing,0.95,subcategories,
Windows,IAB19 Technology & Computing,0.95,subcategories,
Web Search,IAB19 Technology & Computing,0.95,subcategories,
Web Design/HTML,IAB19 Technology & Computing,0.95,subcategories,
Web Clip Art,IAB19 Technology & Computing,0.95,subcategories,
Visual Basic,IAB19 Technology & Computing,0.95,subcategories,
Unix,IAB19 Technology & Computing,0.95,subcategories,
Entertainment,IAB19 Technology & Computing,0.95,subcategories,
Desktop Video,IAB19 Technology & Computing,0.95,subcategories,
Cameras & Camcorders,IAB19 Technology & Computing,0.95,subcategories,
Antivirus Software,IAB19 Technology & Computing,0.95,subcategories,
C/C++,IAB19 Technology & Computing,0.95,subcategories,
Portable,IAB19 Technology & Computing,0.95,subcategories,
PC Support,IAB19 Technology & Computing,0.95,subcategories,
Palmtops/PDAs,IAB19 Technology & Computing,0.95,subcategories,
Cell Phones,IAB19 Technology & Computing,0.95,subcategories,
Email,IAB19 Technology & Computing,0.95,subcategories,
Animation,IAB19 Technology & Computing,0.95,subcategories,
Computer Certification,IAB19 Technology & Computing,0.95,subcategories,
Net Conferencing,IAB19 Technology & Computing,0.95,subcategories,
Graphics Software,IAB19 Technology & Computing,0.95,subcategories,
Desktop Publishing,IAB19 Technology & Computing,0.95,subcategories,
Computer Networking,IAB19 Technology & Computing,0.95,subcategories,
Net for Beginners,IAB19 Technology & Computing,0.95,subcategories,
Computer Reviews,IAB19 Technology & Computing,0.95,subcategories,
Data Centers,IAB19 Technology & Computing,0.95,subcategories,
Databases,IAB19 Technology & Computing,0.95,subcategories,
Computer Peripherals,IAB19 Technology & Computing,0.95,subcategories,
MP3/MIDI,IAB19 Technology & Computing,0.95,subcategories,
JavaScript,IAB19 Technology & Computing,0.95,subcategories,
Home Video/DVD,IAB19 Technology & Computing,0.95,subcategories,
Java,IAB19 Technology & Computing,0.95,subcategories,
Internet Technology,IAB19 Technology & Computing,0.95,subcategories,
Mac Support,IAB19 Technology & Computing,0.95,subcategories,
Network Security,IAB19 Technology & Computing,0.95,subcategories,
C/C++'s Influence on Technology & Computing,IAB19 Technology & Computing,0.93,synthetic,
### 6. Influence on Technology & Computing: The Role of PC Support in Advancing Technology,IAB19 Technology & Computing,0.92,synthetic,
### 5. Influence on Technology & Computing: Email's Impact on the Digital Landscape,IAB19 Technology & Computing,0.92,synthetic,
microsoft office ipad sets gold standard tablet productivity,IAB19 Technology & Computing,0.9,scraped,
htc ceo htc one m8 best phone ever launched,IAB19 Technology & Computing,0.9,scraped,
lenovo launches pair new affordable chromebooks starting 279,IAB19 Technology & Computing,0.9,scraped,
nvidia co plans quarterly dividend 009 nvda,IAB19 Technology & Computing,0.9,scraped,
samsungs new galaxy tab tablet,IAB19 Technology & Computing,0.9,scraped,
android exec takes stand samsung patent trial apple,IAB19 Technology & Computing,0.9,scraped,
samsung galaxy note 80 vs ipad air stylus deciding factor,IAB19 Technology & Computing,0.9,scraped,
apple charge 100 55inch iphone 6,IAB19 Technology & Computing,0.9,scraped,
nadella brings ms office suiteto apple ipad,IAB19 Technology & Computing,0.9,scraped,
samsung chairman hospitalized heart attack,IAB19 Technology & Computing,0.9,scraped,
apple google et al land grab home automation says raymond james,IAB19 Technology & Computing,0.9,scraped,
amazons topsecret gadget lab building plenty thinner kindle could,IAB19 Technology & Computing,0.9,scraped,
apple launches new colourful ipod touch rear camera rs 16900 onwards,IAB19 Technology & Computing,0.9,scraped,
apple launches iphone 5c 8gb variant,IAB19 Technology & Computing,0.9,scraped,
microsofts nuclear option mobile,IAB19 Technology & Computing,0.9,scraped,
blackberry acquires antieavesdropping firm secusmart focuses security,IAB19 Technology & Computing,0.9,scraped,
apple resurrects iphone 5c 8gb model 42999,IAB19 Technology & Computing,0.9,scraped,
microsoft unveils lowcost office 365 personal,IAB19 Technology & Computing,0.9,scraped,
axe threat hangs exnokians microsoft,IAB19 Technology & Computing,0.9,scraped,
apple cuts macbook air prices 100 improves hardware,IAB19 Technology & Computing,0.9,scraped,
samsung galaxy ace 4 core ii young 2 get priced,IAB19 Technology & Computing,0.9,scraped,
os x yosemite beta features download software better links mac ios,IAB19 Technology & Computing,0.9,scraped,
samsung unveils galaxy s5 mini quadcore smartphone,IAB19 Technology & Computing,0.9,scraped,
samsung unveils new line tablets featuring screens richer colors,IAB19 Technology & Computing,0.9,scraped,
apple stops selling aging ipad 2 relaunches ipad 4 cheapest large tablet,IAB19 Technology & Computing,0.9,scraped,
amazon unveils longawaited fire phone,IAB19 Technology & Computing,0.9,scraped,
samsungs galaxy tab jawdropping screen handson,IAB19 Technology & Computing,0.9,scraped,
micro 3d printer blows past 22 million kickstarter days,IAB19 Technology & Computing,0.9,scraped,
apple samsung finally stop legal battles,IAB19 Technology & Computing,0.9,scraped,
lgs laser focus created g3 super smartphone qa,IAB19 Technology & Computing,0.9,scraped,
candy crushmaker king digital sees ipo valuation 76 billion,IAB19 Technology & Computing,0.9,scraped,
refreshed macbook pro retina laptops launch tuesday report,IAB19 Technology & Computing,0.9,scraped,
apple google tech workers near settlement,IAB19 Technology & Computing,0.9,scraped,
google nexus 8 tablet could better ipad,IAB19 Technology & Computing,0.9,scraped,
amazon betting therell 3d smartphone future,IAB19 Technology & Computing,0.9,scraped,
samsung introduces galaxy tab super amoled tablet,IAB19 Technology & Computing,0.9,scraped,
apple updates macbook air starts 899 quick facts,IAB19 Technology & Computing,0.9,scraped,
samsung galaxy tab 4 hit tmobile shelves summer,IAB19 Technology & Computing,0.9,scraped,
microsoft office ipad touchdown march 27th,IAB19 Technology & Computing,0.9,scraped,
nadella microsoft isnt giving xbox bing,IAB19 Technology & Computing,0.9,scraped,
touch id every new iphone ipad available apple,IAB19 Technology & Computing,0.9,scraped,
finally ios devices get good keyboard quicktype,IAB19 Technology & Computing,0.9,scraped,
samsung unveils new line tablets featuring screens richer colours,IAB19 Technology & Computing,0.9,scraped,
microsoft working bringing popular features xbox 360 xbox one,IAB19 Technology & Computing,0.9,scraped,
mozilla ceo pressure resign homophobic beliefs,IAB19 Technology & Computing,0.9,scraped,
apple launches 8 gb iphone 5c europe,IAB19 Technology & Computing,0.9,scraped,
specs fight samsung galaxy s5 vs htc one m8 vs sony xperia z2 vs lg g3,IAB19 Technology & Computing,0.9,scraped,
The Dot-Com Bubble and the Tech Stock Crash,IAB19 Technology & Computing,0.89,synthetic,
"### 5. Influence on Technology & Computing: Java's Impact on the Internet, Mobile Computing, and Enterprise Applications",IAB19 Technology & Computing,0.89,synthetic,
3-D Graphics: Influence on Technology and Computing,IAB19 Technology & Computing,0.87,synthetic,
### 5. Influence on Technology & Computing: A Catalyst for Innovation and Advancement,IAB19 Technology & Computing,0.87,synthetic,
VB is a notable event in the history of Technology & Computing.,IAB19 Technology & Computing,0.86,synthetic,
programming language sasl,IAB19 Technology & Computing,0.85,scraped,
programming language structured text,IAB19 Technology & Computing,0.85,scraped,
programming language strand,IAB19 Technology & Computing,0.85,scraped,
programming language starlogo,IAB19 Technology & Computing,0.85,scraped,
programming language s/sl,IAB19 Technology & Computing,0.85,scraped,
programming language sr,IAB19 Technology & Computing,0.85,scraped,
programming language sml,IAB19 Technology & Computing,0.85,scraped,
programming language smalltalk,IAB19 Technology & Computing,0.85,scraped,
programming language small,IAB19 Technology & Computing,0.85,scraped,
programming language sail,IAB19 Technology & Computing,0.85,scraped,
programming language squirrel,IAB19 Technology & Computing,0.85,scraped,
programming language scratch,IAB19 Technology & Computing,0.85,scraped,
programming language scilab,IAB19 Technology & Computing,0.85,scraped,
programming language scheme,IAB19 Technology & Computing,0.85,scraped,
programming language scala,IAB19 Technology & Computing,0.85,scraped,
programming language sawzall,IAB19 Technology & Computing,0.85,scraped,
programming language sather,IAB19 Technology & Computing,0.85,scraped,
programming language sas,IAB19 Technology & Computing,0.85,scraped,
programming language script.net,IAB19 Technology & Computing,0.85,scraped,
programming language sako,IAB19 Technology & Computing,0.85,scraped,
programming language stata,IAB19 Technology & Computing,0.85,scraped,
programming language snobol(spitbol),IAB19 Technology & Computing,0.85,scraped,
programming language stateflow,IAB19 Technology & Computing,0.85,scraped,
programming language snap!,IAB19 Technology & Computing,0.85,scraped,
programming language sa-c,IAB19 Technology & Computing,0.85,scraped,
programming language speedcode,IAB19 Technology & Computing,0.85,scraped,
programming language speakeasy,IAB19 Technology & Computing,0.85,scraped,
programming language spark,IAB19 Technology & Computing,0.85,scraped,
programming language source,IAB19 Technology & Computing,0.85,scraped,
programming language sophaeros,IAB19 Technology & Computing,0.85,scraped,
programming language solidity,IAB19 Technology & Computing,0.85,scraped,
programming language sol,IAB19 Technology & Computing,0.85,scraped,
programming language snowball,IAB19 Technology & Computing,0.85,scraped,
programming language strongtalk,IAB19 Technology & Computing,0.85,scraped,
programming language sbl,IAB19 Technology & Computing,0.85,scraped,
programming language sql,IAB19 Technology & Computing,0.85,scraped,
programming language sqr,IAB19 Technology & Computing,0.85,scraped,
programming language squeak,IAB19 Technology & Computing,0.85,scraped,
programming language subtext,IAB19 Technology & Computing,0.85,scraped,
programming language swift (parallel scripting language),IAB19 Technology & Computing,0.85,scraped,
programming language swift (apple programming language),IAB19 Technology & Computing,0.85,scraped,
programming language supertalk,IAB19 Technology & Computing,0.85,scraped,
programming language superplan,IAB19 Technology & Computing,0.85,scraped,
programming language supercollider,IAB19 Technology & Computing,0.85,scraped,
programming language sabretalk,IAB19 Technology & Computing,0.85,scraped,
programming language averest,IAB19 Technology & Computing,0.85,scraped,
programming language s-plus,IAB19 Technology & Computing,0.85,scraped,
programming language beanshell,IAB19 Technology & Computing,0.85,scraped,
programming language c--(c minus minus),IAB19 Technology & Computing,0.85,scraped,
programming language c– iso/iec 9899,IAB19 Technology & Computing,0.85,scraped,
programming language bosque,IAB19 Technology & Computing,0.85,scraped,
programming language boomerang,IAB19 Technology & Computing,0.85,scraped,
programming language boo,IAB19 Technology & Computing,0.85,scraped,
programming language bloop,IAB19 Technology & Computing,0.85,scraped,
programming language blockly,IAB19 Technology & Computing,0.85,scraped,
programming language bliss,IAB19 Technology & Computing,0.85,scraped,
programming language beta,IAB19 Technology & Computing,0.85,scraped,
programming language bcpl,IAB19 Technology & Computing,0.85,scraped,
programming language s-lang,IAB19 Technology & Computing,0.85,scraped,
programming language bc (basic calculator),IAB19 Technology & Computing,0.85,scraped,
programming language batch file (windows/ms-dos),IAB19 Technology & Computing,0.85,scraped,
programming language basic,IAB19 Technology & Computing,0.85,scraped,
programming language bash,IAB19 Technology & Computing,0.85,scraped,
programming language ballerina,IAB19 Technology & Computing,0.85,scraped,
programming language babbage,IAB19 Technology & Computing,0.85,scraped,
programming language axum,IAB19 Technology & Computing,0.85,scraped,
programming language awk,IAB19 Technology & Computing,0.85,scraped,
programming language sp/k,IAB19 Technology & Computing,0.85,scraped,
programming language c++(c plus plus) – iso/iec 14882,IAB19 Technology & Computing,0.85,scraped,
programming language c/al,IAB19 Technology & Computing,0.85,scraped,
programming language gap,IAB19 Technology & Computing,0.85,scraped,
programming language fish,IAB19 Technology & Computing,0.85,scraped,
programming language scratchjr,IAB19 Technology & Computing,0.85,scraped,
programming language sed,IAB19 Technology & Computing,0.85,scraped,
programming language slip,IAB19 Technology & Computing,0.85,scraped,
programming language signal,IAB19 Technology & Computing,0.85,scraped,
programming language skill,IAB19 Technology & Computing,0.85,scraped,
programming language sisal,IAB19 Technology & Computing,0.85,scraped,
programming language simulink,IAB19 Technology & Computing,0.85,scraped,
programming language simula,IAB19 Technology & Computing,0.85,scraped,
programming language simscript,IAB19 Technology & Computing,0.85,scraped,
programming language simple,IAB19 Technology & Computing,0.85,scraped,
programming language simpol,IAB19 Technology & Computing,0.85,scraped,
programming language seed7,IAB19 Technology & Computing,0.85,scraped,
programming language short code,IAB19 Technology & Computing,0.85,scraped,
programming language setl,IAB19 Technology & Computing,0.85,scraped,
programming language serpent,IAB19 Technology & Computing,0.85,scraped,
programming language sequencel,IAB19 Technology & Computing,0.85,scraped,
programming language sensetalk,IAB19 Technology & Computing,0.85,scraped,
programming language self,IAB19 Technology & Computing,0.85,scraped,
programming language gdscript (godot),IAB19 Technology & Computing,0.85,scraped,
programming language spin,IAB19 Technology & Computing,0.85,scraped,
programming language red,IAB19 Technology & Computing,0.85,scraped,
programming language spl,IAB19 Technology & Computing,0.85,scraped,
programming language rapira,IAB19 Technology & Computing,0.85,scraped,
programming language qtscript,IAB19 Technology & Computing,0.85,scraped,
programming language quantum computation language,IAB19 Technology & Computing,0.85,scraped,
programming language qalb,IAB19 Technology & Computing,0.85,scraped,
programming language q#,IAB19 Technology & Computing,0.85,scraped,
programming language q (programming language from kx systems),IAB19 Technology & Computing,0.85,scraped,
programming language python,IAB19 Technology & Computing,0.85,scraped,
programming language pwct,IAB19 Technology & Computing,0.85,scraped,
programming language purescript,IAB19 Technology & Computing,0.85,scraped,
programming language pure data,IAB19 Technology & Computing,0.85,scraped,
programming language ratfiv,IAB19 Technology & Computing,0.85,scraped,
programming language sps,IAB19 Technology & Computing,0.85,scraped,
programming language ring,IAB19 Technology & Computing,0.85,scraped,
programming language rtl/2,IAB19 Technology & Computing,0.85,scraped,
programming language rsl,IAB19 Technology & Computing,0.85,scraped,
programming language rpl,IAB19 Technology & Computing,0.85,scraped,
programming language rpg,IAB19 Technology & Computing,0.85,scraped,
programming language roop,IAB19 Technology & Computing,0.85,scraped,
programming language rocq(previously known ascoq),IAB19 Technology & Computing,0.85,scraped,
programming language rexx,IAB19 Technology & Computing,0.85,scraped,
programming language ratfor,IAB19 Technology & Computing,0.85,scraped,
programming language quakec,IAB19 Technology & Computing,0.85,scraped,
programming language qpl,IAB19 Technology & Computing,0.85,scraped,
programming language .ql,IAB19 Technology & Computing,0.85,scraped,
programming language r++,IAB19 Technology & Computing,0.85,scraped,
programming language shell,IAB19 Technology & Computing,0.85,scraped,
programming language perlraku,IAB19 Technology & Computing,0.85,scraped,
programming language pascalobject pascal,IAB19 Technology & Computing,0.85,scraped,
programming language mlcamlocaml,IAB19 Technology & Computing,0.85,scraped,
programming language lisp,IAB19 Technology & Computing,0.85,scraped,
programming language erlangelixir,IAB19 Technology & Computing,0.85,scraped,
programming language ada,IAB19 Technology & Computing,0.85,scraped,
programming language cobol,IAB19 Technology & Computing,0.85,scraped,
programming language c#,IAB19 Technology & Computing,0.85,scraped,
programming language c++,IAB19 Technology & Computing,0.85,scraped,
programming language basicvisual basicclassic.net,IAB19 Technology & Computing,0.85,scraped,
programming language assembly,IAB19 Technology & Computing,0.85,scraped,
programming language algolsimula,IAB19 Technology & Computing,0.85,scraped,
programming language tads (text adventure development system),IAB19 Technology & Computing,0.85,scraped,
programming language sympl,IAB19 Technology & Computing,0.85,scraped,
programming language pl-11,IAB19 Technology & Computing,0.85,scraped,
programming language rust,IAB19 Technology & Computing,0.85,scraped,
programming language raku,IAB19 Technology & Computing,0.85,scraped,
programming language racket,IAB19 Technology & Computing,0.85,scraped,
programming language refal,IAB19 Technology & Computing,0.85,scraped,
programming language redcode,IAB19 Technology & Computing,0.85,scraped,
programming language autoit,IAB19 Technology & Computing,0.85,scraped,
programming language pop-11,IAB19 Technology & Computing,0.85,scraped,
programming language processing,IAB19 Technology & Computing,0.85,scraped,
programming language promela,IAB19 Technology & Computing,0.85,scraped,
programming language promal,IAB19 Technology & Computing,0.85,scraped,
programming language prolog,IAB19 Technology & Computing,0.85,scraped,
programming language project verona,IAB19 Technology & Computing,0.85,scraped,
programming language prograph,IAB19 Technology & Computing,0.85,scraped,
programming language processing.js,IAB19 Technology & Computing,0.85,scraped,
programming language ppl,IAB19 Technology & Computing,0.85,scraped,
programming language pop-2,IAB19 Technology & Computing,0.85,scraped,
programming language powershell,IAB19 Technology & Computing,0.85,scraped,
programming language powerbuilder– 4gl gui application generator from sybase,IAB19 Technology & Computing,0.85,scraped,
programming language powerhouse,IAB19 Technology & Computing,0.85,scraped,
programming language pov-ray sdl,IAB19 Technology & Computing,0.85,scraped,
programming language portable,IAB19 Technology & Computing,0.85,scraped,
programming language g-code,IAB19 Technology & Computing,0.85,scraped,
programming language ruby,IAB19 Technology & Computing,0.85,scraped,
programming language s2,IAB19 Technology & Computing,0.85,scraped,
programming language sycl,IAB19 Technology & Computing,0.85,scraped,
programming language s3,IAB19 Technology & Computing,0.85,scraped,
programming language prose modeling language,IAB19 Technology & Computing,0.85,scraped,
programming language plus,IAB19 Technology & Computing,0.85,scraped,
programming language rebol,IAB19 Technology & Computing,0.85,scraped,
programming language pl/0,IAB19 Technology & Computing,0.85,scraped,
programming language reason,IAB19 Technology & Computing,0.85,scraped,
programming language rc,IAB19 Technology & Computing,0.85,scraped,
programming language pure,IAB19 Technology & Computing,0.85,scraped,
programming language pro*c,IAB19 Technology & Computing,0.85,scraped,
programming language protel,IAB19 Technology & Computing,0.85,scraped,
programming language pl/sql,IAB19 Technology & Computing,0.85,scraped,
programming language plexil,IAB19 Technology & Computing,0.85,scraped,
programming language plex,IAB19 Technology & Computing,0.85,scraped,
programming language planner,IAB19 Technology & Computing,0.85,scraped,
programming language plankalkül,IAB19 Technology & Computing,0.85,scraped,
programming language planc,IAB19 Technology & Computing,0.85,scraped,
programming language pl360,IAB19 Technology & Computing,0.85,scraped,
programming language pl/s,IAB19 Technology & Computing,0.85,scraped,
programming language pony,IAB19 Technology & Computing,0.85,scraped,
programming language pl/p,IAB19 Technology & Computing,0.85,scraped,
programming language pl/m,IAB19 Technology & Computing,0.85,scraped,
programming language pl/i– iso 6160,IAB19 Technology & Computing,0.85,scraped,
programming language pl/c,IAB19 Technology & Computing,0.85,scraped,
programming language pl/b,IAB19 Technology & Computing,0.85,scraped,
"programming language autolisp, visual lisp",IAB19 Technology & Computing,0.85,scraped,
programming language a.net (a#/a sharp),IAB19 Technology & Computing,0.85,scraped,
programming language c#(c sharp) – iso/iec 23270,IAB19 Technology & Computing,0.85,scraped,
programming language flex,IAB19 Technology & Computing,0.85,scraped,
programming language forth,IAB19 Technology & Computing,0.85,scraped,
programming language @formula,IAB19 Technology & Computing,0.85,scraped,
programming language formac(formula manipulation compiler),IAB19 Technology & Computing,0.85,scraped,
programming language foil,IAB19 Technology & Computing,0.85,scraped,
programming language focus,IAB19 Technology & Computing,0.85,scraped,
programming language focal (formulating on-line calculations in algebraic language/formula calculator),IAB19 Technology & Computing,0.85,scraped,
programming language flow-matic (b0),IAB19 Technology & Computing,0.85,scraped,
programming language floop,IAB19 Technology & Computing,0.85,scraped,
programming language flix,IAB19 Technology & Computing,0.85,scraped,
programming language flavors,IAB19 Technology & Computing,0.85,scraped,
programming language csound,IAB19 Technology & Computing,0.85,scraped,
programming language fl,IAB19 Technology & Computing,0.85,scraped,
programming language fjölnir,IAB19 Technology & Computing,0.85,scraped,
programming language ffp,IAB19 Technology & Computing,0.85,scraped,
programming language cobolscript– cobol scripting language,IAB19 Technology & Computing,0.85,scraped,
programming language edinburgh imp,IAB19 Technology & Computing,0.85,scraped,
programming language faust,IAB19 Technology & Computing,0.85,scraped,
programming language easytrieve plus,IAB19 Technology & Computing,0.85,scraped,
programming language cybil,IAB19 Technology & Computing,0.85,scraped,
programming language curl,IAB19 Technology & Computing,0.85,scraped,
programming language fortran– iso/iec 1539,IAB19 Technology & Computing,0.85,scraped,
programming language fortress,IAB19 Technology & Computing,0.85,scraped,
programming language fp,IAB19 Technology & Computing,0.85,scraped,
programming language foxbase/foxpro,IAB19 Technology & Computing,0.85,scraped,
programming language es,IAB19 Technology & Computing,0.85,scraped,
programming language erlang,IAB19 Technology & Computing,0.85,scraped,
programming language epl (easy programming language),IAB19 Technology & Computing,0.85,scraped,
programming language epigram,IAB19 Technology & Computing,0.85,scraped,
programming language emerald,IAB19 Technology & Computing,0.85,scraped,
programming language emacs lisp,IAB19 Technology & Computing,0.85,scraped,
programming language elm,IAB19 Technology & Computing,0.85,scraped,
programming language elixir,IAB19 Technology & Computing,0.85,scraped,
programming language elan,IAB19 Technology & Computing,0.85,scraped,
programming language eiffel,IAB19 Technology & Computing,0.85,scraped,
programming language egl,IAB19 Technology & Computing,0.85,scraped,
programming language f# (f sharp),IAB19 Technology & Computing,0.85,scraped,
programming language factor,IAB19 Technology & Computing,0.85,scraped,
programming language ecmascript,IAB19 Technology & Computing,0.85,scraped,
programming language fantom,IAB19 Technology & Computing,0.85,scraped,
programming language gamemonkey script,IAB19 Technology & Computing,0.85,scraped,
programming language game maker language,IAB19 Technology & Computing,0.85,scraped,
programming language futhark,IAB19 Technology & Computing,0.85,scraped,
programming language franz lisp,IAB19 Technology & Computing,0.85,scraped,
programming language cuneiform,IAB19 Technology & Computing,0.85,scraped,
programming language crystal,IAB19 Technology & Computing,0.85,scraped,
programming language espol,IAB19 Technology & Computing,0.85,scraped,
programming language dcl (digital command language),IAB19 Technology & Computing,0.85,scraped,
programming language dax (data analysis expressions),IAB19 Technology & Computing,0.85,scraped,
programming language dynamo,IAB19 Technology & Computing,0.85,scraped,
programming language dylan,IAB19 Technology & Computing,0.85,scraped,
programming language drakon,IAB19 Technology & Computing,0.85,scraped,
programming language cypher query language,IAB19 Technology & Computing,0.85,scraped,
programming language dog,IAB19 Technology & Computing,0.85,scraped,
programming language dinkc,IAB19 Technology & Computing,0.85,scraped,
programming language dibol,IAB19 Technology & Computing,0.85,scraped,
programming language delphi,IAB19 Technology & Computing,0.85,scraped,
programming language draco,IAB19 Technology & Computing,0.85,scraped,
programming language cpl,IAB19 Technology & Computing,0.85,scraped,
programming language dbase,IAB19 Technology & Computing,0.85,scraped,
programming language dart,IAB19 Technology & Computing,0.85,scraped,
programming language datatrieve,IAB19 Technology & Computing,0.85,scraped,
programming language ceemac,IAB19 Technology & Computing,0.85,scraped,
programming language d(also known as dlang),IAB19 Technology & Computing,0.85,scraped,
programming language cython,IAB19 Technology & Computing,0.85,scraped,
programming language darwin,IAB19 Technology & Computing,0.85,scraped,
programming language dataflex,IAB19 Technology & Computing,0.85,scraped,
programming language datalog,IAB19 Technology & Computing,0.85,scraped,
programming language ease,IAB19 Technology & Computing,0.85,scraped,
programming language dc,IAB19 Technology & Computing,0.85,scraped,
programming language cyclone,IAB19 Technology & Computing,0.85,scraped,
programming language cryptol,IAB19 Technology & Computing,0.85,scraped,
programming language cowsel,IAB19 Technology & Computing,0.85,scraped,
programming language corvision,IAB19 Technology & Computing,0.85,scraped,
"programming language coral, coral 66",IAB19 Technology & Computing,0.85,scraped,
"programming language coq, former name ofrocq",IAB19 Technology & Computing,0.85,scraped,
programming language control language,IAB19 Technology & Computing,0.85,scraped,
programming language constraint handling rules(chr),IAB19 Technology & Computing,0.85,scraped,
programming language concurrent pascal,IAB19 Technology & Computing,0.85,scraped,
programming language comtran,IAB19 Technology & Computing,0.85,scraped,
programming language component pascal,IAB19 Technology & Computing,0.85,scraped,
programming language compass,IAB19 Technology & Computing,0.85,scraped,
programming language common lisp(also known as cl),IAB19 Technology & Computing,0.85,scraped,
programming language common intermediate language(cil),IAB19 Technology & Computing,0.85,scraped,
programming language comit,IAB19 Technology & Computing,0.85,scraped,
programming language comal,IAB19 Technology & Computing,0.85,scraped,
programming language coldfusion,IAB19 Technology & Computing,0.85,scraped,
programming language cobra,IAB19 Technology & Computing,0.85,scraped,
programming language easy pl/i,IAB19 Technology & Computing,0.85,scraped,
programming language coffeescript,IAB19 Technology & Computing,0.85,scraped,
programming language curry,IAB19 Technology & Computing,0.85,scraped,
programming language escher,IAB19 Technology & Computing,0.85,scraped,
programming language esterel,IAB19 Technology & Computing,0.85,scraped,
programming language caché objectscript,IAB19 Technology & Computing,0.85,scraped,
programming language adenine (haystack),IAB19 Technology & Computing,0.85,scraped,
programming language carbon,IAB19 Technology & Computing,0.85,scraped,
programming language caml,IAB19 Technology & Computing,0.85,scraped,
programming language autohotkey,IAB19 Technology & Computing,0.85,scraped,
programming language ats,IAB19 Technology & Computing,0.85,scraped,
programming language assemblyscript,IAB19 Technology & Computing,0.85,scraped,
programming language assembly language(asm),IAB19 Technology & Computing,0.85,scraped,
programming language agilent vee(keysight vee),IAB19 Technology & Computing,0.85,scraped,
programming language agda,IAB19 Technology & Computing,0.85,scraped,
programming language advpl,IAB19 Technology & Computing,0.85,scraped,
programming language ada–iso/iec 8652,IAB19 Technology & Computing,0.85,scraped,
programming language see also,IAB19 Technology & Computing,0.85,scraped,
programming language actor,IAB19 Technology & Computing,0.85,scraped,
programming language actionscript,IAB19 Technology & Computing,0.85,scraped,
programming language action!,IAB19 Technology & Computing,0.85,scraped,
programming language accent (rational synergy),IAB19 Technology & Computing,0.85,scraped,
programming language acc,IAB19 Technology & Computing,0.85,scraped,
programming language abc,IAB19 Technology & Computing,0.85,scraped,
programming language abap,IAB19 Technology & Computing,0.85,scraped,
programming language a+ (a plus),IAB19 Technology & Computing,0.85,scraped,
programming language a-0 system,IAB19 Technology & Computing,0.85,scraped,
programming language catrobat,IAB19 Technology & Computing,0.85,scraped,
programming language cayenne (lennart augustsson),IAB19 Technology & Computing,0.85,scraped,
programming language cecil,IAB19 Technology & Computing,0.85,scraped,
programming language cesil (computer education in schools instruction language),IAB19 Technology & Computing,0.85,scraped,
programming language cms-2,IAB19 Technology & Computing,0.85,scraped,
programming language c shell (csh),IAB19 Technology & Computing,0.85,scraped,
programming language clojure,IAB19 Technology & Computing,0.85,scraped,
programming language clist,IAB19 Technology & Computing,0.85,scraped,
programming language clips,IAB19 Technology & Computing,0.85,scraped,
programming language clipper,IAB19 Technology & Computing,0.85,scraped,
programming language clean,IAB19 Technology & Computing,0.85,scraped,
programming language clarion,IAB19 Technology & Computing,0.85,scraped,
programming language claire,IAB19 Technology & Computing,0.85,scraped,
programming language cilk (also cilk++ and cilk plus),IAB19 Technology & Computing,0.85,scraped,
programming language chuck,IAB19 Technology & Computing,0.85,scraped,
programming language chip-8,IAB19 Technology & Computing,0.85,scraped,
programming language chill,IAB19 Technology & Computing,0.85,scraped,
programming language charm,IAB19 Technology & Computing,0.85,scraped,
programming language chapel (cascade high productivity language),IAB19 Technology & Computing,0.85,scraped,
programming language ch,IAB19 Technology & Computing,0.85,scraped,
programming language cfengine,IAB19 Technology & Computing,0.85,scraped,
programming language ceylon,IAB19 Technology & Computing,0.85,scraped,
programming language céu,IAB19 Technology & Computing,0.85,scraped,
programming language fortran,IAB19 Technology & Computing,0.85,scraped,
programming language 0–9,IAB19 Technology & Computing,0.85,scraped,
programming language etoys,IAB19 Technology & Computing,0.85,scraped,
programming language c*,IAB19 Technology & Computing,0.85,scraped,
programming language ambienttalk,IAB19 Technology & Computing,0.85,scraped,
programming language alma-0,IAB19 Technology & Computing,0.85,scraped,
programming language alice ml,IAB19 Technology & Computing,0.85,scraped,
programming language algol w,IAB19 Technology & Computing,0.85,scraped,
programming language algol 68,IAB19 Technology & Computing,0.85,scraped,
programming language algol 60,IAB19 Technology & Computing,0.85,scraped,
programming language algol 58,IAB19 Technology & Computing,0.85,scraped,
programming language algebraic logic functional programming language(alf),IAB19 Technology & Computing,0.85,scraped,
programming language clu,IAB19 Technology & Computing,0.85,scraped,
programming language cobol– iso/iec 1989,IAB19 Technology & Computing,0.85,scraped,
programming language generational,IAB19 Technology & Computing,0.85,scraped,
programming language f*,IAB19 Technology & Computing,0.85,scraped,
programming language ezhil,IAB19 Technology & Computing,0.85,scraped,
programming language executable uml,IAB19 Technology & Computing,0.85,scraped,
programming language exec 2,IAB19 Technology & Computing,0.85,scraped,
programming language cms exec(exec),IAB19 Technology & Computing,0.85,scraped,
programming language euslisp robot programming language,IAB19 Technology & Computing,0.85,scraped,
programming language euphoria,IAB19 Technology & Computing,0.85,scraped,
programming language euler,IAB19 Technology & Computing,0.85,scraped,
programming language euclid,IAB19 Technology & Computing,0.85,scraped,
programming language amiga e,IAB19 Technology & Computing,0.85,scraped,
programming language ampl,IAB19 Technology & Computing,0.85,scraped,
programming language alef,IAB19 Technology & Computing,0.85,scraped,
programming language analitik,IAB19 Technology & Computing,0.85,scraped,
programming language chronological,IAB19 Technology & Computing,0.85,scraped,
programming language categorical,IAB19 Technology & Computing,0.85,scraped,
programming language alphabetical,IAB19 Technology & Computing,0.85,scraped,
VB is a key figure in the history of Technology & Computing.,IAB19 Technology & Computing,0.85,synthetic,
programming language general algebraic modeling system(gams),IAB19 Technology & Computing,0.85,scraped,
programming language agora,IAB19 Technology & Computing,0.85,scraped,
programming language aimms,IAB19 Technology & Computing,0.85,scraped,
programming language aldor,IAB19 Technology & Computing,0.85,scraped,
programming language angelscript,IAB19 Technology & Computing,0.85,scraped,
programming language argus,IAB19 Technology & Computing,0.85,scraped,
programming language arexx,IAB19 Technology & Computing,0.85,scraped,
programming language arkts,IAB19 Technology & Computing,0.85,scraped,
programming language arc,IAB19 Technology & Computing,0.85,scraped,
programming language apt,IAB19 Technology & Computing,0.85,scraped,
programming language applescript,IAB19 Technology & Computing,0.85,scraped,
programming language app inventor for android's visual block language (mit app inventor),IAB19 Technology & Computing,0.85,scraped,
programming language apl,IAB19 Technology & Computing,0.85,scraped,
"programming language apex (salesforce.com, inc)",IAB19 Technology & Computing,0.85,scraped,
programming language apache pig latin,IAB19 Technology & Computing,0.85,scraped,
programming language swift,IAB19 Technology & Computing,0.85,scraped,
programming language rapid,IAB19 Technology & Computing,0.85,scraped,
programming language more...,IAB19 Technology & Computing,0.85,scraped,
programming language javafx script,IAB19 Technology & Computing,0.85,scraped,
programming language joy,IAB19 Technology & Computing,0.85,scraped,
programming language jovial,IAB19 Technology & Computing,0.85,scraped,
programming language joule,IAB19 Technology & Computing,0.85,scraped,
programming language joss,IAB19 Technology & Computing,0.85,scraped,
programming language join java,IAB19 Technology & Computing,0.85,scraped,
programming language jean,IAB19 Technology & Computing,0.85,scraped,
programming language jess,IAB19 Technology & Computing,0.85,scraped,
programming language jal,IAB19 Technology & Computing,0.85,scraped,
programming language javascript,IAB19 Technology & Computing,0.85,scraped,
programming language java,IAB19 Technology & Computing,0.85,scraped,
programming language golo,IAB19 Technology & Computing,0.85,scraped,
programming language jass,IAB19 Technology & Computing,0.85,scraped,
programming language janus (time-reversible computing programming language),IAB19 Technology & Computing,0.85,scraped,
programming language janus (concurrent constraint programming language),IAB19 Technology & Computing,0.85,scraped,
programming language hopscotch,IAB19 Technology & Computing,0.85,scraped,
programming language holyc (templeos),IAB19 Technology & Computing,0.85,scraped,
programming language jscript,IAB19 Technology & Computing,0.85,scraped,
programming language hollywood,IAB19 Technology & Computing,0.85,scraped,
programming language gosu,IAB19 Technology & Computing,0.85,scraped,
programming language google apps script,IAB19 Technology & Computing,0.85,scraped,
programming language jcl,IAB19 Technology & Computing,0.85,scraped,
programming language jai,IAB19 Technology & Computing,0.85,scraped,
programming language jade,IAB19 Technology & Computing,0.85,scraped,
programming language j++ (j plus plus),IAB19 Technology & Computing,0.85,scraped,
programming language comparison,IAB19 Technology & Computing,0.85,scraped,
programming language machine code,IAB19 Technology & Computing,0.85,scraped,
programming language mheg-5 (interactive tv programming language),IAB19 Technology & Computing,0.85,scraped,
programming language hop,IAB19 Technology & Computing,0.85,scraped,
programming language j# (j sharp),IAB19 Technology & Computing,0.85,scraped,
programming language islisp,IAB19 Technology & Computing,0.85,scraped,
programming language instruction list,IAB19 Technology & Computing,0.85,scraped,
programming language inform,IAB19 Technology & Computing,0.85,scraped,
programming language idris,IAB19 Technology & Computing,0.85,scraped,
programming language idl,IAB19 Technology & Computing,0.85,scraped,
programming language ibm rpg,IAB19 Technology & Computing,0.85,scraped,
programming language ibm informix-4gl,IAB19 Technology & Computing,0.85,scraped,
programming language history,IAB19 Technology & Computing,0.85,scraped,
programming language icon,IAB19 Technology & Computing,0.85,scraped,
programming language io,IAB19 Technology & Computing,0.85,scraped,
programming language hy,IAB19 Technology & Computing,0.85,scraped,
programming language hypertalk,IAB19 Technology & Computing,0.85,scraped,
programming language hume,IAB19 Technology & Computing,0.85,scraped,
programming language hope,IAB19 Technology & Computing,0.85,scraped,
programming language good old mad (gom),IAB19 Technology & Computing,0.85,scraped,
programming language gödel,IAB19 Technology & Computing,0.85,scraped,
programming language pdl,IAB19 Technology & Computing,0.85,scraped,
programming language m4,IAB19 Technology & Computing,0.85,scraped,
programming language haggis,IAB19 Technology & Computing,0.85,scraped,
programming language hack,IAB19 Technology & Computing,0.85,scraped,
programming language groovy(by apache),IAB19 Technology & Computing,0.85,scraped,
programming language grasshopper,IAB19 Technology & Computing,0.85,scraped,
programming language jq,IAB19 Technology & Computing,0.85,scraped,
programming language jscript .net,IAB19 Technology & Computing,0.85,scraped,
programming language mesa,IAB19 Technology & Computing,0.85,scraped,
programming language lll,IAB19 Technology & Computing,0.85,scraped,
programming language pipelines,IAB19 Technology & Computing,0.85,scraped,
programming language m formula language,IAB19 Technology & Computing,0.85,scraped,
programming language game oriented assembly lisp(goal),IAB19 Technology & Computing,0.85,scraped,
programming language lynx,IAB19 Technology & Computing,0.85,scraped,
programming language lyapas,IAB19 Technology & Computing,0.85,scraped,
programming language lustre,IAB19 Technology & Computing,0.85,scraped,
programming language lucid,IAB19 Technology & Computing,0.85,scraped,
programming language lua,IAB19 Technology & Computing,0.85,scraped,
programming language livescript,IAB19 Technology & Computing,0.85,scraped,
programming language livecode,IAB19 Technology & Computing,0.85,scraped,
programming language lsl,IAB19 Technology & Computing,0.85,scraped,
programming language lse,IAB19 Technology & Computing,0.85,scraped,
programming language hal/s,IAB19 Technology & Computing,0.85,scraped,
programming language halide (programming language),IAB19 Technology & Computing,0.85,scraped,
programming language grass,IAB19 Technology & Computing,0.85,scraped,
programming language hamilton c shell,IAB19 Technology & Computing,0.85,scraped,
programming language go!,IAB19 Technology & Computing,0.85,scraped,
programming language go,IAB19 Technology & Computing,0.85,scraped,
programming language gnu octave,IAB19 Technology & Computing,0.85,scraped,
programming language gnu guile (gnu ubiquitous intelligent language for extensions),IAB19 Technology & Computing,0.85,scraped,
programming language gnu e,IAB19 Technology & Computing,0.85,scraped,
programming language opengl shading language(glsl),IAB19 Technology & Computing,0.85,scraped,
programming language gleam,IAB19 Technology & Computing,0.85,scraped,
programming language george,IAB19 Technology & Computing,0.85,scraped,
programming language geometric description language(gdl),IAB19 Technology & Computing,0.85,scraped,
programming language gotran (ibm 1620),IAB19 Technology & Computing,0.85,scraped,
programming language general purpose simulation system (gpss),IAB19 Technology & Computing,0.85,scraped,
programming language graphtalk (computer sciences corporation),IAB19 Technology & Computing,0.85,scraped,
programming language harbour,IAB19 Technology & Computing,0.85,scraped,
programming language high level shader language(hlsl),IAB19 Technology & Computing,0.85,scraped,
programming language high level assembly(hla),IAB19 Technology & Computing,0.85,scraped,
programming language hermes,IAB19 Technology & Computing,0.85,scraped,
programming language haxe,IAB19 Technology & Computing,0.85,scraped,
programming language haskell,IAB19 Technology & Computing,0.85,scraped,
programming language hartmann pipelines,IAB19 Technology & Computing,0.85,scraped,
programming language perl,IAB19 Technology & Computing,0.85,scraped,
programming language pharo,IAB19 Technology & Computing,0.85,scraped,
programming language lotusscript,IAB19 Technology & Computing,0.85,scraped,
programming language modelica,IAB19 Technology & Computing,0.85,scraped,
programming language modula-2,IAB19 Technology & Computing,0.85,scraped,
programming language microsoft power fx,IAB19 Technology & Computing,0.85,scraped,
programming language miis,IAB19 Technology & Computing,0.85,scraped,
programming language mimic,IAB19 Technology & Computing,0.85,scraped,
programming language mirah,IAB19 Technology & Computing,0.85,scraped,
programming language miranda,IAB19 Technology & Computing,0.85,scraped,
programming language miva script,IAB19 Technology & Computing,0.85,scraped,
programming language ml,IAB19 Technology & Computing,0.85,scraped,
programming language model 204,IAB19 Technology & Computing,0.85,scraped,
programming language modula,IAB19 Technology & Computing,0.85,scraped,
programming language mupad,IAB19 Technology & Computing,0.85,scraped,
programming language modula-3,IAB19 Technology & Computing,0.85,scraped,
programming language o:xml,IAB19 Technology & Computing,0.85,scraped,
programming language mohol,IAB19 Technology & Computing,0.85,scraped,
programming language mojo,IAB19 Technology & Computing,0.85,scraped,
programming language moo,IAB19 Technology & Computing,0.85,scraped,
programming language mortran,IAB19 Technology & Computing,0.85,scraped,
programming language mouse,IAB19 Technology & Computing,0.85,scraped,
programming language mpd,IAB19 Technology & Computing,0.85,scraped,
programming language msl,IAB19 Technology & Computing,0.85,scraped,
programming language nasm,IAB19 Technology & Computing,0.85,scraped,
programming language mystic programming language(mpl),IAB19 Technology & Computing,0.85,scraped,
programming language napier88,IAB19 Technology & Computing,0.85,scraped,
programming language nwscript,IAB19 Technology & Computing,0.85,scraped,
programming language neko,IAB19 Technology & Computing,0.85,scraped,
programming language newp,IAB19 Technology & Computing,0.85,scraped,
programming language nemerle,IAB19 Technology & Computing,0.85,scraped,
programming language nesl,IAB19 Technology & Computing,0.85,scraped,
programming language net.data,IAB19 Technology & Computing,0.85,scraped,
programming language netlogo,IAB19 Technology & Computing,0.85,scraped,
programming language netrexx,IAB19 Technology & Computing,0.85,scraped,
programming language newlisp,IAB19 Technology & Computing,0.85,scraped,
programming language nickle(nitin),IAB19 Technology & Computing,0.85,scraped,
programming language newspeak,IAB19 Technology & Computing,0.85,scraped,
programming language newtonscript,IAB19 Technology & Computing,0.85,scraped,
programming language nial,IAB19 Technology & Computing,0.85,scraped,
programming language nim,IAB19 Technology & Computing,0.85,scraped,
programming language nix (systems configuration language),IAB19 Technology & Computing,0.85,scraped,
programming language npl,IAB19 Technology & Computing,0.85,scraped,
programming language not exactly c(nxc),IAB19 Technology & Computing,0.85,scraped,
programming language not quite c(nqc),IAB19 Technology & Computing,0.85,scraped,
programming language nsis,IAB19 Technology & Computing,0.85,scraped,
programming language nu,IAB19 Technology & Computing,0.85,scraped,
programming language mumps,IAB19 Technology & Computing,0.85,scraped,
programming language mutan,IAB19 Technology & Computing,0.85,scraped,
programming language php,IAB19 Technology & Computing,0.85,scraped,
programming language obliq,IAB19 Technology & Computing,0.85,scraped,
programming language pcastl,IAB19 Technology & Computing,0.85,scraped,
programming language pearl,IAB19 Technology & Computing,0.85,scraped,
programming language oberon,IAB19 Technology & Computing,0.85,scraped,
programming language octave,IAB19 Technology & Computing,0.85,scraped,
programming language obj2,IAB19 Technology & Computing,0.85,scraped,
programming language objectlogo,IAB19 Technology & Computing,0.85,scraped,
programming language object rexx,IAB19 Technology & Computing,0.85,scraped,
programming language object pascal,IAB19 Technology & Computing,0.85,scraped,
programming language objective-c,IAB19 Technology & Computing,0.85,scraped,
programming language ocaml,IAB19 Technology & Computing,0.85,scraped,
programming language nxt-g,IAB19 Technology & Computing,0.85,scraped,
programming language occam,IAB19 Technology & Computing,0.85,scraped,
programming language occam-π,IAB19 Technology & Computing,0.85,scraped,
programming language omnimark,IAB19 Technology & Computing,0.85,scraped,
programming language peoplecode,IAB19 Technology & Computing,0.85,scraped,
programming language opa,IAB19 Technology & Computing,0.85,scraped,
programming language pike,IAB19 Technology & Computing,0.85,scraped,
programming language pict,IAB19 Technology & Computing,0.85,scraped,
programming language picolisp,IAB19 Technology & Computing,0.85,scraped,
programming language pico,IAB19 Technology & Computing,0.85,scraped,
programming language opal,IAB19 Technology & Computing,0.85,scraped,
programming language open programming language(opl),IAB19 Technology & Computing,0.85,scraped,
programming language opencl,IAB19 Technology & Computing,0.85,scraped,
programming language openedge advanced business language(abl),IAB19 Technology & Computing,0.85,scraped,
programming language object lisp,IAB19 Technology & Computing,0.85,scraped,
programming language oak,IAB19 Technology & Computing,0.85,scraped,
programming language oriel,IAB19 Technology & Computing,0.85,scraped,
programming language pascal script,IAB19 Technology & Computing,0.85,scraped,
programming language pascal– iso 7185,IAB19 Technology & Computing,0.85,scraped,
programming language pari/gp,IAB19 Technology & Computing,0.85,scraped,
programming language parasail,IAB19 Technology & Computing,0.85,scraped,
programming language p′′,IAB19 Technology & Computing,0.85,scraped,
programming language p4,IAB19 Technology & Computing,0.85,scraped,
programming language oz,IAB19 Technology & Computing,0.85,scraped,
programming language oxygene,IAB19 Technology & Computing,0.85,scraped,
programming language orwell,IAB19 Technology & Computing,0.85,scraped,
programming language orca/modula-2,IAB19 Technology & Computing,0.85,scraped,
programming language pcf,IAB19 Technology & Computing,0.85,scraped,
programming language orc,IAB19 Technology & Computing,0.85,scraped,
programming language optimj,IAB19 Technology & Computing,0.85,scraped,
programming language microcode,IAB19 Technology & Computing,0.85,scraped,
programming language ops5,IAB19 Technology & Computing,0.85,scraped,
programming language openqasm,IAB19 Technology & Computing,0.85,scraped,
programming language lpc,IAB19 Technology & Computing,0.85,scraped,
programming language ibm basic assembly language,IAB19 Technology & Computing,0.85,scraped,
programming language logtalk,IAB19 Technology & Computing,0.85,scraped,
programming language txl,IAB19 Technology & Computing,0.85,scraped,
programming language unrealscript,IAB19 Technology & Computing,0.85,scraped,
programming language unity,IAB19 Technology & Computing,0.85,scraped,
programming language uniface,IAB19 Technology & Computing,0.85,scraped,
programming language umple,IAB19 Technology & Computing,0.85,scraped,
programming language turing,IAB19 Technology & Computing,0.85,scraped,
programming language ucsd pascal,IAB19 Technology & Computing,0.85,scraped,
programming language ubercode,IAB19 Technology & Computing,0.85,scraped,
programming language tynker,IAB19 Technology & Computing,0.85,scraped,
programming language typescript,IAB19 Technology & Computing,0.85,scraped,
programming language tutor(plato author language),IAB19 Technology & Computing,0.85,scraped,
tech concept category,IAB19 Technology & Computing,0.85,scraped,
programming language zonnon,IAB19 Technology & Computing,0.85,scraped,
programming language zpl,IAB19 Technology & Computing,0.85,scraped,
programming language tacl,IAB19 Technology & Computing,0.85,scraped,
programming language definitionsfrom wiktionary,IAB19 Technology & Computing,0.85,scraped,
tech concept the lookup of a value associated with a particular key,IAB19 Technology & Computing,0.85,scraped,
tech concept the modification of an existing pair,IAB19 Technology & Computing,0.85,scraped,
tech concept the removal of a pair from the collection,IAB19 Technology & Computing,0.85,scraped,
tech concept the addition of a pair to the collection,IAB19 Technology & Computing,0.85,scraped,
tech concept references,IAB19 Technology & Computing,0.85,scraped,
programming language v(also known as vlang),IAB19 Technology & Computing,0.85,scraped,
programming language vala,IAB19 Technology & Computing,0.85,scraped,
programming language verse,IAB19 Technology & Computing,0.85,scraped,
programming language unicon,IAB19 Technology & Computing,0.85,scraped,
programming language viper (ethereum/ether (eth)),IAB19 Technology & Computing,0.85,scraped,
"programming language tmg (transmogrifier), compiler-compiler",IAB19 Technology & Computing,0.85,scraped,
programming language ttm,IAB19 Technology & Computing,0.85,scraped,
programming language trac,IAB19 Technology & Computing,0.85,scraped,
programming language tpu (text processing utility),IAB19 Technology & Computing,0.85,scraped,
programming language topspeed (clarion),IAB19 Technology & Computing,0.85,scraped,
programming language toi,IAB19 Technology & Computing,0.85,scraped,
programming language tom,IAB19 Technology & Computing,0.85,scraped,
programming language tie,IAB19 Technology & Computing,0.85,scraped,
programming language transcript (livecode),IAB19 Technology & Computing,0.85,scraped,
programming language tex,IAB19 Technology & Computing,0.85,scraped,
programming language telcomp,IAB19 Technology & Computing,0.85,scraped,
programming language teco (text editor and corrector),IAB19 Technology & Computing,0.85,scraped,
programming language tea,IAB19 Technology & Computing,0.85,scraped,
programming language tcl (aka tcl/tk ),IAB19 Technology & Computing,0.85,scraped,
programming language tal,IAB19 Technology & Computing,0.85,scraped,
programming language t-sql (transact-sql),IAB19 Technology & Computing,0.85,scraped,
programming language ttcn (tree and tabular combined notation),IAB19 Technology & Computing,0.85,scraped,
programming language vim script,IAB19 Technology & Computing,0.85,scraped,
tech concept see also,IAB19 Technology & Computing,0.85,scraped,
tech concept glossary,IAB19 Technology & Computing,0.85,scraped,
programming language visual dialogscript,IAB19 Technology & Computing,0.85,scraped,
programming language markup languages,IAB19 Technology & Computing,0.85,scraped,
tech concept external links,IAB19 Technology & Computing,0.85,scraped,
programming language .net,IAB19 Technology & Computing,0.85,scraped,
programming language classic,IAB19 Technology & Computing,0.85,scraped,
programming language visual basicclassic.net,IAB19 Technology & Computing,0.85,scraped,
programming language comparison of programming languages,IAB19 Technology & Computing,0.85,scraped,
programming language category:programming languages,IAB19 Technology & Computing,0.85,scraped,
programming language history of programming languages,IAB19 Technology & Computing,0.85,scraped,
programming language mad(michigan algorithm decoder),IAB19 Technology & Computing,0.85,scraped,
programming language stylesheet languages,IAB19 Technology & Computing,0.85,scraped,
programming language basic dialects,IAB19 Technology & Computing,0.85,scraped,
tech concept outline,IAB19 Technology & Computing,0.85,scraped,
programming language programming languages by type,IAB19 Technology & Computing,0.85,scraped,
programming language timeline,IAB19 Technology & Computing,0.85,scraped,
programming language open-source programming languages,IAB19 Technology & Computing,0.85,scraped,
programming language lists of programming languages,IAB19 Technology & Computing,0.85,scraped,
programming language resourcesfrom wikiversity,IAB19 Technology & Computing,0.85,scraped,
programming language textbooksfrom wikibooks,IAB19 Technology & Computing,0.85,scraped,
programming language quotationsfrom wikiquote,IAB19 Technology & Computing,0.85,scraped,
programming language mediafrom commons,IAB19 Technology & Computing,0.85,scraped,
programming language hello world programsat wikibooks,IAB19 Technology & Computing,0.85,scraped,
tech concept outline of computer science,IAB19 Technology & Computing,0.85,scraped,
"tech concept poole, mackworth & goebel 1998,p. 1, which provides the version that is used in this article. note that they use the term ""computational intelligence"" as a synonym for artificial intelligence.",IAB19 Technology & Computing,0.85,scraped,
"tech concept russell & norvig (2003)(who prefer the term ""rational agent"") and write ""the whole-agent view is now widely accepted in the field"" (russell & norvig 2003, p. 55).",IAB19 Technology & Computing,0.85,scraped,
tech concept nilsson 1998,IAB19 Technology & Computing,0.85,scraped,
tech concept history,IAB19 Technology & Computing,0.85,scraped,
programming language computer programming,IAB19 Technology & Computing,0.85,scraped,
programming language category,IAB19 Technology & Computing,0.85,scraped,
programming language non-english-based,IAB19 Technology & Computing,0.85,scraped,
programming language lists:alphabetical,IAB19 Technology & Computing,0.85,scraped,
programming language camlocaml,IAB19 Technology & Computing,0.85,scraped,
"tech concept push, which adds an element to the collection, and",IAB19 Technology & Computing,0.85,scraped,
"tech concept pop, which removes the most recently added element that was not yet removed.",IAB19 Technology & Computing,0.85,scraped,
tech concept top,IAB19 Technology & Computing,0.85,scraped,
"tech concept for an enumeration constant, is the (only) declaration of the identifier;",IAB19 Technology & Computing,0.85,scraped,
"tech concept vance, ashlee(2009-01-06).""data analysts captivated by r's power"".new york times. retrieved2018-08-06.r is also the name of a popular programming language used by a growing number of data analysts inside corporations and academia. it is becoming their lingua franca...",IAB19 Technology & Computing,0.85,scraped,
"tech concept fox, john & andersen, robert (january 2005).""using the r statistical computing environment to teach social statistics courses""(pdf). department of sociology, mcmaster university. retrieved2018-08-06.",IAB19 Technology & Computing,0.85,scraped,
"tech concept r core team (2016). r: a language and environment for statistical computing. r foundation for statistical computing, vienna, austria. urlhttp://www.r-project.org/.",IAB19 Technology & Computing,0.85,scraped,
"tech concept hornik, kurt (2017-10-04).""r faq"".the comprehensive r archive network. 2.13 what is the r foundation?. retrieved2018-08-06.",IAB19 Technology & Computing,0.85,scraped,
"tech concept hornik, kurt (2017-10-04).""r faq"".the comprehensive r archive network. 2.1 what is r?. retrieved2018-08-06.",IAB19 Technology & Computing,0.85,scraped,
"tech concept for a typedef name, is the first (or only) declaration of the identifier.""",IAB19 Technology & Computing,0.85,scraped,
"tech concept for a function, includes the function body;",IAB19 Technology & Computing,0.85,scraped,
tech concept 0–9,IAB19 Technology & Computing,0.85,scraped,
tech concept legg & hutter 2007.,IAB19 Technology & Computing,0.85,scraped,
programming language visual dataflex,IAB19 Technology & Computing,0.85,scraped,
programming language programming languages for artificial intelligence,IAB19 Technology & Computing,0.85,scraped,
programming language xpl,IAB19 Technology & Computing,0.85,scraped,
programming language kee,IAB19 Technology & Computing,0.85,scraped,
programming language kornshell (ksh),IAB19 Technology & Computing,0.85,scraped,
programming language krypton,IAB19 Technology & Computing,0.85,scraped,
programming language krl (kuka robot language),IAB19 Technology & Computing,0.85,scraped,
programming language krl,IAB19 Technology & Computing,0.85,scraped,
programming language krc,IAB19 Technology & Computing,0.85,scraped,
programming language kotlin,IAB19 Technology & Computing,0.85,scraped,
programming language kojo,IAB19 Technology & Computing,0.85,scraped,
programming language klerer-may system,IAB19 Technology & Computing,0.85,scraped,
programming language kixtart,IAB19 Technology & Computing,0.85,scraped,
programming language karel,IAB19 Technology & Computing,0.85,scraped,
programming language linq,IAB19 Technology & Computing,0.85,scraped,
programming language kaleidoscope,IAB19 Technology & Computing,0.85,scraped,
programming language jython,IAB19 Technology & Computing,0.85,scraped,
programming language kv (kivy),IAB19 Technology & Computing,0.85,scraped,
programming language labview,IAB19 Technology & Computing,0.85,scraped,
programming language ladder,IAB19 Technology & Computing,0.85,scraped,
programming language linc,IAB19 Technology & Computing,0.85,scraped,
programming language lisp– iso/iec 13816,IAB19 Technology & Computing,0.85,scraped,
programming language language h,IAB19 Technology & Computing,0.85,scraped,
programming language lisa,IAB19 Technology & Computing,0.85,scraped,
programming language kodu,IAB19 Technology & Computing,0.85,scraped,
programming language lithe,IAB19 Technology & Computing,0.85,scraped,
programming language julia,IAB19 Technology & Computing,0.85,scraped,
programming language little b,IAB19 Technology & Computing,0.85,scraped,
programming language xpl0,IAB19 Technology & Computing,0.85,scraped,
programming language mad/i,IAB19 Technology & Computing,0.85,scraped,
programming language magik,IAB19 Technology & Computing,0.85,scraped,
programming language maude system,IAB19 Technology & Computing,0.85,scraped,
programming language mercury,IAB19 Technology & Computing,0.85,scraped,
programming language mdl,IAB19 Technology & Computing,0.85,scraped,
programming language maya (mel),IAB19 Technology & Computing,0.85,scraped,
programming language maxscriptinternal language 3d studio max,IAB19 Technology & Computing,0.85,scraped,
programming language max(max msp – graphical programming environment),IAB19 Technology & Computing,0.85,scraped,
programming language maxima(see alsomacsyma),IAB19 Technology & Computing,0.85,scraped,
programming language math-matic,IAB19 Technology & Computing,0.85,scraped,
programming language magma,IAB19 Technology & Computing,0.85,scraped,
programming language masm microsoft assembly x86,IAB19 Technology & Computing,0.85,scraped,
programming language matlab,IAB19 Technology & Computing,0.85,scraped,
programming language mary,IAB19 Technology & Computing,0.85,scraped,
programming language mark-iv(now vision:builder),IAB19 Technology & Computing,0.85,scraped,
programming language mapper(now part of bis),IAB19 Technology & Computing,0.85,scraped,
programming language maple,IAB19 Technology & Computing,0.85,scraped,
programming language logo,IAB19 Technology & Computing,0.85,scraped,
programming language lis,IAB19 Technology & Computing,0.85,scraped,
programming language kif (knowledge interchange format),IAB19 Technology & Computing,0.85,scraped,
programming language lingo,IAB19 Technology & Computing,0.85,scraped,
programming language zetalisp,IAB19 Technology & Computing,0.85,scraped,
programming language visual objects,IAB19 Technology & Computing,0.85,scraped,
programming language visual lisp,IAB19 Technology & Computing,0.85,scraped,
programming language visual j++ (visual j plus plus),IAB19 Technology & Computing,0.85,scraped,
programming language visual foxpro,IAB19 Technology & Computing,0.85,scraped,
programming language xl,IAB19 Technology & Computing,0.85,scraped,
programming language xojo,IAB19 Technology & Computing,0.85,scraped,
programming language xotcl,IAB19 Technology & Computing,0.85,scraped,
programming language yorick,IAB19 Technology & Computing,0.85,scraped,
programming language zig,IAB19 Technology & Computing,0.85,scraped,
"programming language zebra, zpl, zpl2",IAB19 Technology & Computing,0.85,scraped,
"programming language watfiv, watfor (waterloo fortran iv)",IAB19 Technology & Computing,0.85,scraped,
programming language z shell,IAB19 Technology & Computing,0.85,scraped,
programming language z++,IAB19 Technology & Computing,0.85,scraped,
programming language limbo,IAB19 Technology & Computing,0.85,scraped,
programming language yass,IAB19 Technology & Computing,0.85,scraped,
programming language xod,IAB19 Technology & Computing,0.85,scraped,
programming language xtend,IAB19 Technology & Computing,0.85,scraped,
programming language xslt,IAB19 Technology & Computing,0.85,scraped,
programming language xsb,IAB19 Technology & Computing,0.85,scraped,
programming language xquery,IAB19 Technology & Computing,0.85,scraped,
programming language visual prolog,IAB19 Technology & Computing,0.85,scraped,
programming language yql,IAB19 Technology & Computing,0.85,scraped,
programming language webassembly,IAB19 Technology & Computing,0.85,scraped,
programming language pizza,IAB19 Technology & Computing,0.85,scraped,
programming language whiley,IAB19 Technology & Computing,0.85,scraped,
programming language lilypond,IAB19 Technology & Computing,0.85,scraped,
programming language lil,IAB19 Technology & Computing,0.85,scraped,
programming language legoscript,IAB19 Technology & Computing,0.85,scraped,
programming language lean,IAB19 Technology & Computing,0.85,scraped,
programming language lc-3,IAB19 Technology & Computing,0.85,scraped,
programming language pilot,IAB19 Technology & Computing,0.85,scraped,
programming language postscript,IAB19 Technology & Computing,0.85,scraped,
programming language lasso,IAB19 Technology & Computing,0.85,scraped,
programming language zopl,IAB19 Technology & Computing,0.85,scraped,
programming language x10,IAB19 Technology & Computing,0.85,scraped,
programming language wolfram language,IAB19 Technology & Computing,0.85,scraped,
programming language xc(targetsxmos architecture),IAB19 Technology & Computing,0.85,scraped,
programming language x++ (x plus plus/microsoft dynamics ax),IAB19 Technology & Computing,0.85,scraped,
programming language wyvern,IAB19 Technology & Computing,0.85,scraped,
programming language xbase++ (xbase plus plus),IAB19 Technology & Computing,0.85,scraped,
programming language xbl,IAB19 Technology & Computing,0.85,scraped,
programming language lansa,IAB19 Technology & Computing,0.85,scraped,
The Dot-Com Bubble of 1999-2000,IAB19 Technology & Computing,0.83,synthetic,
Windows: A Dominant Force in the Computing Landscape,IAB19 Technology & Computing,0.81,synthetic,
cisco invest 1b cloud computer technology,IAB19 Technology & Computing,0.81,pseudo labeled,
ibm watson pioneering new era computing,IAB19 Technology & Computing,0.81,pseudo labeled,
cisco invest 1b cloud computing,IAB19 Technology & Computing,0.81,pseudo labeled,
"Network security is a critical aspect of technology and computing, ensuring the protection of data and systems from unauthorized access, use, disclosure, disruption, modification, or destruction.",IAB19 Technology & Computing,0.8,synthetic,
apple ios mac os software takes centre stage wwdc,IAB19 Technology & Computing,0.8,pseudo labeled,
vmware inc vmw stock jumps earnings beat,IAB19 Technology & Computing,0.8,pseudo labeled,
"### 13. Influence on Technology & Computing: Revolutionizing Photography, Design, and Web Development",IAB19 Technology & Computing,0.8,synthetic,
C/C++: A Cornerstone of Modern Computing,IAB19 Technology & Computing,0.8,synthetic,
aereo decision means tech cloud computing,IAB19 Technology & Computing,0.8,pseudo labeled,
"Influence on Technology: Windows Revolutionized the Way Users Interact with Computers, Making Them More Accessible and User-Friendly",IAB19 Technology & Computing,0.79,synthetic,
brazil bandits steal mln samsung phones computers,IAB19 Technology & Computing,0.79,pseudo labeled,
Influence on Computing: Windows Fostered the Development of Software Applications and Hardware Peripherals,IAB19 Technology & Computing,0.78,synthetic,
Visual Basic (VB) is a programming language developed by Microsoft that has had a significant impact on the field of Technology & Computing.,IAB19 Technology & Computing,0.78,synthetic,
Influence on Technology: Windows Contributed to the Standardization of Computing Platforms and Applications,IAB19 Technology & Computing,0.78,synthetic,
robbers loot samsung phones computers brazil factory,IAB19 Technology & Computing,0.78,pseudo labeled,
samsung intel dell team gadgets,IAB19 Technology & Computing,0.78,pseudo labeled,
att cisco ge ibm intel band better internet,IAB19 Technology & Computing,0.78,pseudo labeled,
symantec tumbles 13 five downgrades bulls urge shares cheap sell,IAB19 Technology & Computing,0.78,pseudo labeled,
occupy google protesters arrested outside tech giants mountain view,IAB19 Technology & Computing,0.77,pseudo labeled,
htcs google nexus 9 tablet,IAB19 Technology & Computing,0.77,pseudo labeled,
investors look microsofts next moves,IAB19 Technology & Computing,0.77,pseudo labeled,
intel cisco ibm collaborate internet things,IAB19 Technology & Computing,0.77,pseudo labeled,
Influence on Computing: Windows Facilitated the Adoption of Cloud Computing and Virtualization Technologies,IAB19 Technology & Computing,0.76,synthetic,
computex intel unveils worlds first 14nanometer processor,IAB19 Technology & Computing,0.76,pseudo labeled,
bandits raid samsung plant brazil make massive haul electronics,IAB19 Technology & Computing,0.75,pseudo labeled,
intel moves bring core pc chips tablets,IAB19 Technology & Computing,0.75,pseudo labeled,
The Launch of the Macintosh,IAB19 Technology & Computing,0.75,synthetic,
intel shares jump raising forecasts,IAB19 Technology & Computing,0.74,pseudo labeled,
new mediatek chipset goes qualcomms best,IAB19 Technology & Computing,0.74,pseudo labeled,
dell intel samsung form internet things partnership,IAB19 Technology & Computing,0.74,pseudo labeled,
intel rockchip deliver nextgen atom chips android tablets,IAB19 Technology & Computing,0.74,pseudo labeled,
cisco invests 1b cloud computing,IAB19 Technology & Computing,0.74,pseudo labeled,
many alleged lives microsofts office ios,IAB19 Technology & Computing,0.74,pseudo labeled,
apple updates iwork icloud macios updates coming,IAB19 Technology & Computing,0.74,pseudo labeled,
brief cisco invest 1 billion cloud computing,IAB19 Technology & Computing,0.73,pseudo labeled,
microsoft layoffs would fourthbiggest techs modern history,IAB19 Technology & Computing,0.73,pseudo labeled,
tech fccs wheeler try ag,IAB19 Technology & Computing,0.73,pseudo labeled,
"### 19. Influence on Technology & Computing: Enabling Precision Design, Typography, and Illustration",IAB19 Technology & Computing,0.73,synthetic,
The evolution of web design has been closely intertwined with the development of technology and computing.,IAB19 Technology & Computing,0.73,synthetic,
rev jesse jackson targets apple google hp others tech racial diversity,IAB19 Technology & Computing,0.73,pseudo labeled,
satya nadella office ipad big new microsoft vision,IAB19 Technology & Computing,0.73,pseudo labeled,
"Home video has had a significant influence on technology and computing, driving the development of new technologies such as DVD players, Blu-ray players, and streaming devices.",IAB19 Technology & Computing,0.73,synthetic,
hewlettpackard earnings preview analysts see strong pc sales still,IAB19 Technology & Computing,0.73,pseudo labeled,
samsung intel dell others team help gadgets talk,IAB19 Technology & Computing,0.73,pseudo labeled,
far good microsofts nadella,IAB19 Technology & Computing,0.73,pseudo labeled,
silicon valley technology battle pitting apple samsung nears close,IAB19 Technology & Computing,0.73,pseudo labeled,
amazon kindle fire hdx consumption tablet deliver productivity,IAB19 Technology & Computing,0.72,pseudo labeled,
cisco invest 1 billion cloud computing,IAB19 Technology & Computing,0.72,pseudo labeled,
intels new core chips turn pc processors tabletfriendly,IAB19 Technology & Computing,0.72,pseudo labeled,
another drop profit likely troubled samsung,IAB19 Technology & Computing,0.72,pseudo labeled,
computex intel shows internet thingspowered wireless future video,IAB19 Technology & Computing,0.72,pseudo labeled,
The Role of C/C++ in High-Performance Computing,IAB19 Technology & Computing,0.72,synthetic,
computex intel unveils broadwellbased core chip,IAB19 Technology & Computing,0.72,pseudo labeled,
htc working google 89inch nexus tablet,IAB19 Technology & Computing,0.71,pseudo labeled,
intel talks tablets pc profit slides,IAB19 Technology & Computing,0.71,pseudo labeled,
apple computer unveils new affordable imac,IAB19 Technology & Computing,0.71,pseudo labeled,
intel intc stock hours,IAB19 Technology & Computing,0.71,pseudo labeled,
cisco plans invest 1b cloud computing next 2 years,IAB19 Technology & Computing,0.71,pseudo labeled,
meet volantis next 9inch google tablet htc,IAB19 Technology & Computing,0.71,pseudo labeled,
ecigs good bad,IAB19 Technology & Computing,0.71,pseudo labeled,
macrumors chart suggests speedbumped 15inch retina macbook pros,IAB19 Technology & Computing,0.71,pseudo labeled,
microsoft divorcing xbox one kinect reasons split hurts,IAB19 Technology & Computing,0.71,pseudo labeled,
Mac Support as a Model for Other Tech Companies,IAB19 Technology & Computing,0.7,synthetic,
microsoft sony winning console war,IAB19 Technology & Computing,0.7,pseudo labeled,
computex intel unveils broadwell architecturebased core chip 2in1,IAB19 Technology & Computing,0.7,pseudo labeled,
microsofts nadella postpost pc vision,IAB19 Technology & Computing,0.7,pseudo labeled,
samsung galaxy note 4 killer features 2k display 64bit cpu 207mp cam,IAB19 Technology & Computing,0.7,pseudo labeled,
cisco systems inc share price shifts focus towards cloud computing,IAB19 Technology & Computing,0.7,pseudo labeled,
sneak peek microsofts selfie phone,IAB19 Technology & Computing,0.7,pseudo labeled,
apple updates iwork mac ios icloud,IAB19 Technology & Computing,0.7,pseudo labeled,
microsoft releases office 365 personal ipad,IAB19 Technology & Computing,0.7,pseudo labeled,
next dotcom bust,IAB19 Technology & Computing,0.7,pseudo labeled,
crytek demo cryengine linux gdc,IAB19 Technology & Computing,0.69,pseudo labeled,
armed thieves raid samsung factory brazil,IAB19 Technology & Computing,0.69,pseudo labeled,
high time investors buy samsung,IAB19 Technology & Computing,0.69,pseudo labeled,
jdcoms ipo could represent great opportunity,IAB19 Technology & Computing,0.69,pseudo labeled,
google launches nextgen intel powered chromebooks,IAB19 Technology & Computing,0.69,pseudo labeled,
future microsoft nasdaq msft stock hinges cloud,IAB19 Technology & Computing,0.69,pseudo labeled,
jdcoms ipo lands strongly shares currently 8,IAB19 Technology & Computing,0.69,pseudo labeled,
dell cisco microsoft google friends shower openssl make,IAB19 Technology & Computing,0.69,pseudo labeled,
intel gets serious chromebook,IAB19 Technology & Computing,0.69,pseudo labeled,
show us microsoft surface mini satya nadella,IAB19 Technology & Computing,0.69,pseudo labeled,
apple inc aapl google inc goog tablet shipments take hit,IAB19 Technology & Computing,0.69,pseudo labeled,
cisco introduces billion dollar intercloud,IAB19 Technology & Computing,0.69,pseudo labeled,
protest planned comcasts shareholders meeting,IAB19 Technology & Computing,0.69,pseudo labeled,
cisco powers dow races hundredpoint gain,IAB19 Technology & Computing,0.68,pseudo labeled,
tech overlord emc swallows cloud firm twinstrata,IAB19 Technology & Computing,0.68,pseudo labeled,
apple inc aapl ipad could struggle beat high tech galaxy tab,IAB19 Technology & Computing,0.68,pseudo labeled,
qualcomms snapdragon 805 powers ltea smartphone samsung,IAB19 Technology & Computing,0.68,pseudo labeled,
cisco plans worlds largest global intercloud,IAB19 Technology & Computing,0.68,pseudo labeled,
adobe announces photoshop mix ipad lightroom iphone,IAB19 Technology & Computing,0.68,pseudo labeled,
cisco wants win cloud,IAB19 Technology & Computing,0.68,pseudo labeled,
cisco partners ingram micro others intercloud,IAB19 Technology & Computing,0.68,pseudo labeled,
microsoft promises solve whatsapp issue windows phone,IAB19 Technology & Computing,0.68,pseudo labeled,
google making 3d tablet,IAB19 Technology & Computing,0.68,pseudo labeled,
selfielovers microsoft making windows phone,IAB19 Technology & Computing,0.68,pseudo labeled,
"### 25. Influence on Technology & Computing: Transforming Film, Gaming, and Industrial Design",IAB19 Technology & Computing,0.68,synthetic,
rumor low priced mediatek google nexus smartphone works,IAB19 Technology & Computing,0.68,pseudo labeled,
ciscos billion dollar cloud plan internet everything,IAB19 Technology & Computing,0.68,pseudo labeled,
startup within cisco fights cloud fatigue 1b internet clouds,IAB19 Technology & Computing,0.68,pseudo labeled,
expect googles developer conference io,IAB19 Technology & Computing,0.68,pseudo labeled,
"They continue to play a vital role in the technology and computing landscape, and their influence is likely to continue to grow in the years to come.",IAB19 Technology & Computing,0.68,synthetic,
tech stocks buy avoid facebook inc linkedin corp twitter inc cisco,IAB19 Technology & Computing,0.68,pseudo labeled,
intels new core i7 chip hits 5ghz,IAB19 Technology & Computing,0.68,pseudo labeled,
macrumors microsoft launching word excel powerpoint ipad today,IAB19 Technology & Computing,0.68,pseudo labeled,
htc make next nexus tablet,IAB19 Technology & Computing,0.67,pseudo labeled,
intel earnings pass muster pc data income climbs,IAB19 Technology & Computing,0.67,pseudo labeled,
nvidia higher following earnings,IAB19 Technology & Computing,0.67,pseudo labeled,
update 1brazil bandits steal 63 mln samsung phones computers,IAB19 Technology & Computing,0.67,pseudo labeled,
cisco investing 1bn cloud network internet everything,IAB19 Technology & Computing,0.67,pseudo labeled,
let us rule internet stuff say chipzilla dell samsung chums,IAB19 Technology & Computing,0.67,pseudo labeled,
daily brief blackberry fights android amazon fights ftc htc fights back,IAB19 Technology & Computing,0.67,pseudo labeled,
apple devices hit hack demanding ransom,IAB19 Technology & Computing,0.67,pseudo labeled,
nvidia nvda stock gaining today,IAB19 Technology & Computing,0.67,pseudo labeled,
cisco csco plans massive global intercloud push invest 1b mstr,IAB19 Technology & Computing,0.67,pseudo labeled,
microsofts satya nadellas mobile first cloud first strategy focus,IAB19 Technology & Computing,0.67,pseudo labeled,
The Release of macOS X,IAB19 Technology & Computing,0.67,synthetic,
way buy windows pc,IAB19 Technology & Computing,0.67,pseudo labeled,
todays market play tech recent news apple inc google inc,IAB19 Technology & Computing,0.67,pseudo labeled,
office coming ipad microsofts stock stuck neutral,IAB19 Technology & Computing,0.67,pseudo labeled,
googles new nexus tablet leaked image shows impressive specifications,IAB19 Technology & Computing,0.66,pseudo labeled,
acers core i3 chromebook,IAB19 Technology & Computing,0.66,pseudo labeled,
microsoft ceo satya nadella signals new course ms office ipad,IAB19 Technology & Computing,0.66,pseudo labeled,
protesters crash googles developers conference san francisco,IAB19 Technology & Computing,0.66,pseudo labeled,
windows xps death breathe life microsoft intel amd shares,IAB19 Technology & Computing,0.66,pseudo labeled,
microsofts new surface pro 3 aims make laptops history,IAB19 Technology & Computing,0.66,pseudo labeled,
google reportedly working 89in nexus tablet,IAB19 Technology & Computing,0.66,pseudo labeled,
google inc nasdaqgoog facebook google tech cold war,IAB19 Technology & Computing,0.66,pseudo labeled,
first impressions microsoft office ipad,IAB19 Technology & Computing,0.66,pseudo labeled,
wii u energy efficient nextgen console,IAB19 Technology & Computing,0.66,pseudo labeled,
microsoft layoffs happening soon,IAB19 Technology & Computing,0.66,pseudo labeled,
cisco partners build worlds largest global intercloud,IAB19 Technology & Computing,0.65,pseudo labeled,
get google windows mac,IAB19 Technology & Computing,0.65,pseudo labeled,
microsoft engineer teases something amazing windows phone,IAB19 Technology & Computing,0.65,pseudo labeled,
penny stock movers intel corporation intc cisco systems inc csco,IAB19 Technology & Computing,0.65,pseudo labeled,
cloud computing hybrid azure starter kit offered carpathia equinix,IAB19 Technology & Computing,0.65,pseudo labeled,
microsoft debuts office 365 personal plan push adoption office ipad,IAB19 Technology & Computing,0.65,pseudo labeled,
1 thing fueling googles android dominance,IAB19 Technology & Computing,0.65,pseudo labeled,
cisco joins cloud computing race 1 bln plan wsj,IAB19 Technology & Computing,0.65,pseudo labeled,
new macbook airs finally launching week,IAB19 Technology & Computing,0.65,pseudo labeled,
intel reports lower 1stquarter net income amid pc slump revenue inches,IAB19 Technology & Computing,0.65,pseudo labeled,
microsoft office coming ipad,IAB19 Technology & Computing,0.65,pseudo labeled,
intel releases fastest ever core i7 clocked 4ghz,IAB19 Technology & Computing,0.65,pseudo labeled,
first look microsoft surface pro 3,IAB19 Technology & Computing,0.65,pseudo labeled,
ciscos big cloud play little choice,IAB19 Technology & Computing,0.65,pseudo labeled,
"Key Figure: Bill Gates, Co-founder of Microsoft and Architect of Windows",IAB19 Technology & Computing,0.65,synthetic,
microsoft unveils surface pro 3 tablet,IAB19 Technology & Computing,0.65,pseudo labeled,
intel relentlessly advancing towards mobile goals intc,IAB19 Technology & Computing,0.65,pseudo labeled,
stop freaking ipad isnt dying,IAB19 Technology & Computing,0.64,pseudo labeled,
remember computer,IAB19 Technology & Computing,0.64,pseudo labeled,
cisco systems spending 1 billion cloud computing,IAB19 Technology & Computing,0.64,pseudo labeled,
cisco pushes cloud 1bn investment,IAB19 Technology & Computing,0.64,pseudo labeled,
top 10 htc one m8 apps,IAB19 Technology & Computing,0.64,pseudo labeled,
google plans 3d tablet,IAB19 Technology & Computing,0.64,pseudo labeled,
apple inc google inc amazoncom inc battle living room,IAB19 Technology & Computing,0.64,pseudo labeled,
Shareware and freeware have played a significant role in the evolution of technology and computing.,IAB19 Technology & Computing,0.64,synthetic,
courageous xbox one microsoft,IAB19 Technology & Computing,0.64,pseudo labeled,
The Challenges Facing C/C++ in the Future,IAB19 Technology & Computing,0.64,synthetic,
intel make tablet chips chinas rockchip,IAB19 Technology & Computing,0.64,pseudo labeled,
microsoft word ipad worth hype price,IAB19 Technology & Computing,0.64,pseudo labeled,
zero day new flaw hits microsofts internet explorer,IAB19 Technology & Computing,0.64,pseudo labeled,
The Continued Relevance of C/C++ in the Era of Cloud and AI,IAB19 Technology & Computing,0.64,synthetic,
cisco invest 1bn worlds largest cloud network,IAB19 Technology & Computing,0.64,pseudo labeled,
apple updates 97inch ipad retina display improved cameras quick facts,IAB19 Technology & Computing,0.64,pseudo labeled,
apple inc aapl updates macbook air better chips lower prices,IAB19 Technology & Computing,0.64,pseudo labeled,
google partners nvidia bring pc class gaming portable devices,IAB19 Technology & Computing,0.64,pseudo labeled,
satya nadella unveils office apple incs ipad,IAB19 Technology & Computing,0.64,pseudo labeled,
kinect isnt going die anytime soon according microsoft,IAB19 Technology & Computing,0.64,pseudo labeled,
qualcomm snapdragon 805 poised lead 4k revolution mobile,IAB19 Technology & Computing,0.64,pseudo labeled,
silicon valley tv show mike judge tees tech titans,IAB19 Technology & Computing,0.64,pseudo labeled,
apples legacy macbook pro cddvd superdrive lives 100 price cut,IAB19 Technology & Computing,0.63,pseudo labeled,
jim cramers mad dash alliant techsystems creative deal,IAB19 Technology & Computing,0.63,pseudo labeled,
get mac desktop laptop,IAB19 Technology & Computing,0.63,pseudo labeled,
microsoft chief satya nadella crows twitter ipad office soars,IAB19 Technology & Computing,0.63,pseudo labeled,
tech ipo bubble burst,IAB19 Technology & Computing,0.63,pseudo labeled,
surface pro 3 groundbreaking tablet yet,IAB19 Technology & Computing,0.63,pseudo labeled,
microsoft ceo satya nadella unveils office ipad,IAB19 Technology & Computing,0.63,pseudo labeled,
htc upgrades htc one phone gives larger screen better software,IAB19 Technology & Computing,0.63,pseudo labeled,
laptop tradeoffs,IAB19 Technology & Computing,0.63,pseudo labeled,
cartech company mobileye soars ipo,IAB19 Technology & Computing,0.63,pseudo labeled,
C/C++ as a Gateway to Computer Science,IAB19 Technology & Computing,0.63,synthetic,
cisco invest 1 billion global cloud network accelerate internet,IAB19 Technology & Computing,0.63,pseudo labeled,
apple inc google inc yahoo inc could read emails,IAB19 Technology & Computing,0.63,pseudo labeled,
microsoft need laptop new tablet,IAB19 Technology & Computing,0.63,pseudo labeled,
office ipad one microsofts finest moments,IAB19 Technology & Computing,0.63,pseudo labeled,
googles project hera merge android chrome web rumor,IAB19 Technology & Computing,0.63,pseudo labeled,
microsoft unveils larger tablet,IAB19 Technology & Computing,0.63,pseudo labeled,
intel bringing core pc chips tablet devices,IAB19 Technology & Computing,0.63,pseudo labeled,
2 winners 1 loser microsofts new office ipad,IAB19 Technology & Computing,0.63,pseudo labeled,
computex2014 intel introduces 14nm core processors fanless devices,IAB19 Technology & Computing,0.63,pseudo labeled,
microsoft ceo satya nadella unveil office version ipad march 27,IAB19 Technology & Computing,0.63,pseudo labeled,
traders buy high volume call options hewlettpackard company hpq,IAB19 Technology & Computing,0.63,pseudo labeled,
microsoft apple google also read emails,IAB19 Technology & Computing,0.63,pseudo labeled,
microsoft announces surface pro 3 laptop killer,IAB19 Technology & Computing,0.63,pseudo labeled,
beats music compaq biggest acquisitions tech history,IAB19 Technology & Computing,0.63,pseudo labeled,
htc making nextgen nexus tablet,IAB19 Technology & Computing,0.63,pseudo labeled,
google making modular smartphone,IAB19 Technology & Computing,0.63,pseudo labeled,
intel bring pc chips tablets new core chips,IAB19 Technology & Computing,0.63,pseudo labeled,
toasterfridge microsofts new pc problems,IAB19 Technology & Computing,0.63,pseudo labeled,
lenovo unveils first two consumerfocused chromebooks n20 n20p,IAB19 Technology & Computing,0.62,pseudo labeled,
microsoft earnings slip soft computer sales,IAB19 Technology & Computing,0.62,pseudo labeled,
### 7. Future Possibilities: Java's Role in Emerging Technologies such as Blockchain and Quantum Computing,IAB19 Technology & Computing,0.62,synthetic,
samsung making vr headset phones tablets,IAB19 Technology & Computing,0.62,pseudo labeled,
apple speeds macbook pro line,IAB19 Technology & Computing,0.62,pseudo labeled,
"### 6. Current Trends: Java's Evolution in Cloud Computing, Big Data, and Artificial Intelligence",IAB19 Technology & Computing,0.62,synthetic,
transcendence revenge cybertech,IAB19 Technology & Computing,0.62,pseudo labeled,
top tech stocks gopro inc gpro gt advanced technologies inc gtat,IAB19 Technology & Computing,0.62,pseudo labeled,
nvidia serves dual gk110 gpus 2999 geforce titan z,IAB19 Technology & Computing,0.62,pseudo labeled,
ipad helped apple inc aapl dominate global pc market q1 2014,IAB19 Technology & Computing,0.62,pseudo labeled,
microsoft thank ballmer nadella office ipad goahead,IAB19 Technology & Computing,0.62,pseudo labeled,
microsofts surface pro 3 tablet right youre one,IAB19 Technology & Computing,0.62,pseudo labeled,
apple updates ipad tablet better cameras faster processor,IAB19 Technology & Computing,0.62,pseudo labeled,
silicon valley workers en masse san franciscos pride parade,IAB19 Technology & Computing,0.62,pseudo labeled,
update 2intel make tablet chips chinas rockchip,IAB19 Technology & Computing,0.62,pseudo labeled,
intel chinas rockchip android tablets alliance,IAB19 Technology & Computing,0.62,pseudo labeled,
apple unveil new software platform wwdc 2014 iphone ipad apple tv,IAB19 Technology & Computing,0.62,pseudo labeled,
microsofts yusuf mehdi says kinect always integral xbox one,IAB19 Technology & Computing,0.62,pseudo labeled,
nvidia ibm unveil nvlink interconnect cpus gpus,IAB19 Technology & Computing,0.62,pseudo labeled,
microsoft ceo satya nadella crows twitter ipad office soars,IAB19 Technology & Computing,0.62,pseudo labeled,
samsung tries wooing multitaskers 28inch 4k utra hd monitor,IAB19 Technology & Computing,0.62,pseudo labeled,
macbook air refresh coming tomorrow,IAB19 Technology & Computing,0.62,pseudo labeled,
coming round microsoft corp job cuts could biggest tech giants history,IAB19 Technology & Computing,0.62,pseudo labeled,
microsoft unveils 12inch surface pro 3 tablet,IAB19 Technology & Computing,0.62,pseudo labeled,
google coming chrome browsers pc mac,IAB19 Technology & Computing,0.62,pseudo labeled,
sign test apples new mac operating system,IAB19 Technology & Computing,0.62,pseudo labeled,
googles revolutionary project ara modular gray phone launch january,IAB19 Technology & Computing,0.62,pseudo labeled,
ijackers hit australian apple devices ransom demands,IAB19 Technology & Computing,0.62,pseudo labeled,
microsoft gains wake unveiling office ipad,IAB19 Technology & Computing,0.62,pseudo labeled,
new samsung ad gleefully shows apple microsoft kindle,IAB19 Technology & Computing,0.62,pseudo labeled,
hands toshibas brilliant 4k laptop,IAB19 Technology & Computing,0.62,pseudo labeled,
intel ups revenue outlook revived pc sales,IAB19 Technology & Computing,0.62,pseudo labeled,
apples ipad retook tablet sat crown jd power,IAB19 Technology & Computing,0.62,pseudo labeled,
lenovos first consumer chromebook n20 n20p 279 329,IAB19 Technology & Computing,0.62,pseudo labeled,
apple ibm develop cloud services apps iphones ipads,IAB19 Technology & Computing,0.62,pseudo labeled,
strength microsofts surface pro 3 great tablet functional laptop,IAB19 Technology & Computing,0.62,pseudo labeled,
microsoft google kill intelasus dual os tablet effort,IAB19 Technology & Computing,0.62,pseudo labeled,
googles new intel chromebooks devices dell hp lenovo asus lg,IAB19 Technology & Computing,0.62,pseudo labeled,
facebook build second data center altoona,IAB19 Technology & Computing,0.61,pseudo labeled,
lenovo intros n20n20p chromebook duo priced 280,IAB19 Technology & Computing,0.61,pseudo labeled,
googles nexus tablets officially stock yes,IAB19 Technology & Computing,0.61,pseudo labeled,
cisco invest 1b expand cloud computing operations republic,IAB19 Technology & Computing,0.61,pseudo labeled,
The Security Concerns Surrounding C/C++,IAB19 Technology & Computing,0.61,synthetic,
adobe announces photoshop mix apples ipad,IAB19 Technology & Computing,0.61,pseudo labeled,
new apple mac mobile features coming fall wvideo,IAB19 Technology & Computing,0.61,pseudo labeled,
microsoft may unveil small surface tablet pc may 20,IAB19 Technology & Computing,0.61,pseudo labeled,
symantec shares plunge ceo fired,IAB19 Technology & Computing,0.61,pseudo labeled,
watson spark datadriven rd revolution,IAB19 Technology & Computing,0.61,pseudo labeled,
apples new macbook pro comes retina display,IAB19 Technology & Computing,0.61,pseudo labeled,
qualcomms 8core snapdragon 615 go production soon,IAB19 Technology & Computing,0.61,pseudo labeled,
gogcom gamersgate kick pc game deals season massive,IAB19 Technology & Computing,0.61,pseudo labeled,
microsoft launch surface pro 3 tablet finally replace laptop,IAB19 Technology & Computing,0.61,pseudo labeled,
microsoft boasts surface 3 replace laptop,IAB19 Technology & Computing,0.61,pseudo labeled,
apples next focus major redesigning next operating system os x 1010,IAB19 Technology & Computing,0.61,pseudo labeled,
microsofts macbook airreplacement surface pro 3 tablet landing uk,IAB19 Technology & Computing,0.61,pseudo labeled,
apple unveils souped macbook pro retina display,IAB19 Technology & Computing,0.61,pseudo labeled,
apple incs key ihome success starts iphone,IAB19 Technology & Computing,0.61,pseudo labeled,
lenovo geared announce first windows phone device,IAB19 Technology & Computing,0.61,pseudo labeled,
weaning microsoft windows,IAB19 Technology & Computing,0.61,pseudo labeled,
apple reportedly working 4k imac 12 inch retina macbook air,IAB19 Technology & Computing,0.61,pseudo labeled,
microsoft brings word powerpoint excel ipad,IAB19 Technology & Computing,0.61,pseudo labeled,
googles drastic gmail redesign could come browsers,IAB19 Technology & Computing,0.61,pseudo labeled,
tradeideas microsoft msft todays postmarket leader stock,IAB19 Technology & Computing,0.61,pseudo labeled,
closer look microsofts absurdly thin surface pro 3,IAB19 Technology & Computing,0.61,pseudo labeled,
cisco goes cloud services 1 billion investment,IAB19 Technology & Computing,0.61,pseudo labeled,
mainframe turns 50,IAB19 Technology & Computing,0.61,pseudo labeled,
facebook faces ico investigation secret user experiment,IAB19 Technology & Computing,0.61,pseudo labeled,
qualcomm inc qcom falling weak forecast,IAB19 Technology & Computing,0.61,pseudo labeled,
first look microsoft office ipad pretty functional,IAB19 Technology & Computing,0.61,pseudo labeled,
microsoft gain office 365 users office ipad,IAB19 Technology & Computing,0.61,pseudo labeled,
new apple mac mobile features coming fall,IAB19 Technology & Computing,0.61,pseudo labeled,
3d printer used fix mans face,IAB19 Technology & Computing,0.61,pseudo labeled,
intel unveils chromebooks based latest laptop chips,IAB19 Technology & Computing,0.61,pseudo labeled,
intel 5ghz core i7 chip debuts lowcost creative workstations,IAB19 Technology & Computing,0.61,pseudo labeled,
samsung galaxy note 4 tipped feature 2k display 64bit cpu 4gb ram,IAB19 Technology & Computing,0.61,pseudo labeled,
thieves raid samsung plant brazil make millions worth electronics,IAB19 Technology & Computing,0.61,pseudo labeled,
razer announces android tvpowered microconsole google io,IAB19 Technology & Computing,0.61,pseudo labeled,
microsoft unveils office ipad nadella outlines vision cloud mobile,IAB19 Technology & Computing,0.61,pseudo labeled,
review microsofts surface works laptop tradeoffs,IAB19 Technology & Computing,0.61,pseudo labeled,
microsoft launches office ipad word excel powerpoint,IAB19 Technology & Computing,0.61,pseudo labeled,
handson surface pro 3 microsofts hybrid tablet isnt crazy anymore,IAB19 Technology & Computing,0.61,pseudo labeled,
google developing 3d imaging tablet,IAB19 Technology & Computing,0.61,pseudo labeled,
cisco doubles data center microsoft,IAB19 Technology & Computing,0.6,pseudo labeled,
need know microsofts msft internet explorer threat,IAB19 Technology & Computing,0.6,pseudo labeled,
infamous second son sony console selling exclusive,IAB19 Technology & Computing,0.6,pseudo labeled,
microsofts nadella said unveil office ipad march 27,IAB19 Technology & Computing,0.6,pseudo labeled,
nvidia launches 3000 geforce gtx titan z graphics card,IAB19 Technology & Computing,0.6,pseudo labeled,
googles project codenamed hera could unify android chrome web,IAB19 Technology & Computing,0.6,pseudo labeled,
apple designer greg christie unlocking software first iphone,IAB19 Technology & Computing,0.6,pseudo labeled,
enemies allies ibm apple team iphone ipad sales,IAB19 Technology & Computing,0.6,pseudo labeled,
google set release new futuristic 3d imaging tablet,IAB19 Technology & Computing,0.6,pseudo labeled,
intel pc makers working google next wave chromebooks latest,IAB19 Technology & Computing,0.6,pseudo labeled,
mac getting ready new 129inch ipad early 2015,IAB19 Technology & Computing,0.6,pseudo labeled,
- Steve Jobs: Co-founded Apple and was instrumental in the development of the Macintosh computer.,IAB19 Technology & Computing,0.6,synthetic,
showdown microsoft surface pro 3 vs apple ipad air,IAB19 Technology & Computing,0.6,pseudo labeled,
apple wwdc iphone 6 ios 8 iwatch,IAB19 Technology & Computing,0.6,pseudo labeled,
Historical Context: Windows Competed with Other Operating Systems Such as Mac OS and Linux,IAB19 Technology & Computing,0.6,synthetic,
microsoft unveil office ipad march 27 san francisco press event,IAB19 Technology & Computing,0.6,pseudo labeled,
microsoft unveils thinner surface pro 3 tablet,IAB19 Technology & Computing,0.6,pseudo labeled,
better late never microsoft office finally coming ipad march 27,IAB19 Technology & Computing,0.6,pseudo labeled,
microsoft unveils larger surface tablet replace laptop,IAB19 Technology & Computing,0.6,pseudo labeled,
qualcomm lock microsofts windows phone,IAB19 Technology & Computing,0.6,pseudo labeled,
microsoft ups ante buying new pc rid world windows xp,IAB19 Technology & Computing,0.6,pseudo labeled,
office ipad microsofts nadella assures windows 8 users day,IAB19 Technology & Computing,0.6,pseudo labeled,
intels data center revenue hits 31 billion 11 yoy,IAB19 Technology & Computing,0.6,pseudo labeled,
intel samsung atmel broadcom dell gadget makers create,IAB19 Technology & Computing,0.6,pseudo labeled,
cisco 1bn cloud play covert direct strategy,IAB19 Technology & Computing,0.6,pseudo labeled,
thinner ipad air intel unveils first broadwellpowered tablet computex,IAB19 Technology & Computing,0.6,pseudo labeled,
microsoft wants replace laptop,IAB19 Technology & Computing,0.6,pseudo labeled,
microsoft office comes ipad,IAB19 Technology & Computing,0.6,pseudo labeled,
dont get lost trying find office ipad app store,IAB19 Technology & Computing,0.6,pseudo labeled,
openstack takes backseat container tech devops rhsummit,IAB19 Technology & Computing,0.6,pseudo labeled,
intel core i3 4th generation powered chromebooks launched,IAB19 Technology & Computing,0.6,pseudo labeled,
Craig Federighi: The Software Architect,IAB19 Technology & Computing,0.6,synthetic,
intel corporation stock flying high microsoft hp next,IAB19 Technology & Computing,0.6,pseudo labeled,
microsoft announced office suite ipad,IAB19 Technology & Computing,0.6,pseudo labeled,
microsoft office arrives ipad,IAB19 Technology & Computing,0.6,pseudo labeled,
word processor ipad,IAB19 Technology & Computing,0.6,pseudo labeled,
apple quietly releases new macbooks,IAB19 Technology & Computing,0.6,pseudo labeled,
The Evolution of Mac Support,IAB19 Technology & Computing,0.6,synthetic,
new macbook pro macbook air iphone 6 ipads 2014 benefit apple,IAB19 Technology & Computing,0.6,pseudo labeled,
htc volantis set next google nexus tablet,IAB19 Technology & Computing,0.6,pseudo labeled,
ibm launches new computer system,IAB19 Technology & Computing,0.6,pseudo labeled,
meet googles new smartwatch,IAB19 Technology & Computing,0.6,pseudo labeled,
entrepreneurs enter chance win 10000 microsofts surface 3,IAB19 Technology & Computing,0.6,pseudo labeled,
diamonds computer best friend,IAB19 Technology & Computing,0.6,pseudo labeled,
nadella expands microsofts mobile cloud horizons office ipad,IAB19 Technology & Computing,0.6,pseudo labeled,
new htc one htcs flagship phone gets full metal jacket,IAB19 Technology & Computing,0.6,pseudo labeled,
microsoft finally brings office suite ipad,IAB19 Technology & Computing,0.6,pseudo labeled,
week tech wearable computing htc one office ipad,IAB19 Technology & Computing,0.6,pseudo labeled,
apple unveils updated macbook pro,IAB19 Technology & Computing,0.6,pseudo labeled,
heartbleed bug crisis fund launched google microsoft tech giants,IAB19 Technology & Computing,0.6,pseudo labeled,
4 stocks declined microsoft corporation nasdaqmsft,IAB19 Technology & Computing,0.6,pseudo labeled,
samsung intel dell team iot connectivity standards,IAB19 Technology & Computing,0.59,pseudo labeled,
video hands microsoft surface pro 3,IAB19 Technology & Computing,0.59,pseudo labeled,
ill buy microsofts stock surface 3 pro,IAB19 Technology & Computing,0.59,pseudo labeled,
microsoft chief satya nadella boasts twitter ipad office soars,IAB19 Technology & Computing,0.59,pseudo labeled,
apple google intel adobe settle hiring lawsuit,IAB19 Technology & Computing,0.59,pseudo labeled,
symantec ceo gets boot symc stock tumbles,IAB19 Technology & Computing,0.59,pseudo labeled,
google set launch 3d imaging tablet,IAB19 Technology & Computing,0.59,pseudo labeled,
headtohead microsoft surface pro 3 vs apple macbook air,IAB19 Technology & Computing,0.59,pseudo labeled,
office ipad,IAB19 Technology & Computing,0.59,pseudo labeled,
microsofts azure cloud hyper,IAB19 Technology & Computing,0.59,pseudo labeled,
kids react old computers hilarious video shows dramatic technology,IAB19 Technology & Computing,0.59,pseudo labeled,
microsoft makes big break tradition office ipad,IAB19 Technology & Computing,0.59,pseudo labeled,
apple making plans launch 129inch ipad alongside iphone 6 buhbye,IAB19 Technology & Computing,0.59,pseudo labeled,
microsofts satya nadella smart technical vision microsoft,IAB19 Technology & Computing,0.59,pseudo labeled,
The Legacy of C/C++: A Language that Transcended Time,IAB19 Technology & Computing,0.59,synthetic,
5 things know microsofts xp deadline,IAB19 Technology & Computing,0.59,pseudo labeled,
amazon takes apple google fire phone,IAB19 Technology & Computing,0.59,pseudo labeled,
breath fresh macbook air,IAB19 Technology & Computing,0.59,pseudo labeled,
The Ubiquity of C/C++ in Operating Systems,IAB19 Technology & Computing,0.59,synthetic,
galaxy tab samsungs fresh challenge ipad,IAB19 Technology & Computing,0.59,pseudo labeled,
googles project tango take tablet wars next level 3dimaging tech,IAB19 Technology & Computing,0.59,pseudo labeled,
The Opening of the Apple Stores,IAB19 Technology & Computing,0.59,synthetic,
apple unveils new macbook pro models,IAB19 Technology & Computing,0.59,pseudo labeled,
apple bring touch id every new iphone ipad launching year,IAB19 Technology & Computing,0.59,pseudo labeled,
tablet showdown samsung galaxy tab 105 vs ipad air specs clash,IAB19 Technology & Computing,0.59,pseudo labeled,
nvidia ibm create gpu interconnect faster supercomputing,IAB19 Technology & Computing,0.59,pseudo labeled,
microsofts new surface pro 3 tablet replace laptops,IAB19 Technology & Computing,0.59,pseudo labeled,
robbers loot samsung plant brazil steal products worth 36 million,IAB19 Technology & Computing,0.59,pseudo labeled,
microsoft ceo satya nadella coming sf march 27 talk cloud mobile,IAB19 Technology & Computing,0.59,pseudo labeled,
microsoft brings word excel powerpoint ipad today,IAB19 Technology & Computing,0.59,pseudo labeled,
ceo event suggests microsoft office ipad finally coming,IAB19 Technology & Computing,0.59,pseudo labeled,
apple quietly upgrades processors macbook air line,IAB19 Technology & Computing,0.59,pseudo labeled,
might best reason ever feel good buying chromebook,IAB19 Technology & Computing,0.59,pseudo labeled,
compute transformers 4 worst yet,IAB19 Technology & Computing,0.59,pseudo labeled,
brazil bandits steal us63m samsung phones computers,IAB19 Technology & Computing,0.59,pseudo labeled,
microsoft reportedly prepping massive round layoffs,IAB19 Technology & Computing,0.59,pseudo labeled,
microsofts touchfirst office released ipad,IAB19 Technology & Computing,0.59,pseudo labeled,
cisco invest 1 billion expand cloud business,IAB19 Technology & Computing,0.59,pseudo labeled,
supermicro exhibits industrys widest range gpu server solutions hpc,IAB19 Technology & Computing,0.59,pseudo labeled,
google notifications appearing pcmac computers,IAB19 Technology & Computing,0.59,pseudo labeled,
microsoft rumors surface pro 3 coming may monster 12inch tablet,IAB19 Technology & Computing,0.59,pseudo labeled,
jamie foxx play younger mike tyson biopic help cgi technology,IAB19 Technology & Computing,0.59,pseudo labeled,
nvidia profit 33 gains gaming cloud,IAB19 Technology & Computing,0.59,pseudo labeled,
apple iphone ipad hacking incident heres need know,IAB19 Technology & Computing,0.59,pseudo labeled,
microsoft unveils surface pro 3 tabletlaptop hybrid,IAB19 Technology & Computing,0.59,pseudo labeled,
adobes first ever photoshop hardware,IAB19 Technology & Computing,0.59,pseudo labeled,
microsoft ushers new era apps ipads,IAB19 Technology & Computing,0.59,pseudo labeled,
tablet showdown samsung galaxy tab versus ipad,IAB19 Technology & Computing,0.59,pseudo labeled,
microsoft announces affordable 199 laptops 99 tablets,IAB19 Technology & Computing,0.59,pseudo labeled,
exec vic gundotra leaving tech giant google,IAB19 Technology & Computing,0.59,pseudo labeled,
microsoft unveils larger faster surface tablet,IAB19 Technology & Computing,0.58,pseudo labeled,
google developing advanced vision tablet,IAB19 Technology & Computing,0.58,pseudo labeled,
htc unveils 5 htc one m8 gesture controls dual rear cameras slomo,IAB19 Technology & Computing,0.58,pseudo labeled,
trimming fat cloud computing,IAB19 Technology & Computing,0.58,pseudo labeled,
welcome phil spencer microsofts new xboxeverything honcho,IAB19 Technology & Computing,0.58,pseudo labeled,
computer guy developing virtual reality programs,IAB19 Technology & Computing,0.58,pseudo labeled,
microsoft office ipad coming march 27th satya nandella,IAB19 Technology & Computing,0.58,pseudo labeled,
good luck microsoft nokias phone sales 30 percent,IAB19 Technology & Computing,0.58,pseudo labeled,
intel ups outlook stronger pc demand,IAB19 Technology & Computing,0.58,pseudo labeled,
apples latest operating system dramatically improves web services,IAB19 Technology & Computing,0.58,pseudo labeled,
chipmaker intel raises outlook stronger pc demand,IAB19 Technology & Computing,0.58,pseudo labeled,
snapchat settles ftc privacy issues,IAB19 Technology & Computing,0.58,pseudo labeled,
even bigger ipad acoming,IAB19 Technology & Computing,0.58,pseudo labeled,
apple google agreed dismiss lawsuits,IAB19 Technology & Computing,0.58,pseudo labeled,
lenovo recalls thinkpad battery packs fire risk,IAB19 Technology & Computing,0.58,pseudo labeled,
microsoft layoffs biggest job cut satya nadella 5 years,IAB19 Technology & Computing,0.58,pseudo labeled,
show microsoft store ipad get office 365 free,IAB19 Technology & Computing,0.58,pseudo labeled,
microsoft give 100 buy new pc theres catch,IAB19 Technology & Computing,0.58,pseudo labeled,
snapchat settles ftc privacy issue,IAB19 Technology & Computing,0.58,pseudo labeled,
microsoft reinvent productivity empower people satya nadella,IAB19 Technology & Computing,0.58,pseudo labeled,
microsoft eyes surface pro 3 laptop replacement,IAB19 Technology & Computing,0.58,pseudo labeled,
intel reaches 5ghz new core i7 chip gamers,IAB19 Technology & Computing,0.58,pseudo labeled,
microsoft unveil office ipad later month,IAB19 Technology & Computing,0.58,pseudo labeled,
adobe announces creative cloud 2014 new ios apps,IAB19 Technology & Computing,0.58,pseudo labeled,
The Early Days of Mac Support,IAB19 Technology & Computing,0.58,synthetic,
Future Possibilities for Mac Support,IAB19 Technology & Computing,0.58,synthetic,
amazon unveil first smartphone,IAB19 Technology & Computing,0.58,pseudo labeled,
new leak points 89inch nexus tablet htc volantis,IAB19 Technology & Computing,0.58,pseudo labeled,
cisco put 1b cloud expansion,IAB19 Technology & Computing,0.58,pseudo labeled,
adobe launches new photoshop mix app ipad,IAB19 Technology & Computing,0.58,pseudo labeled,
beijing china chinas government says avoid buying computer,IAB19 Technology & Computing,0.58,pseudo labeled,
"Animation has influenced various aspects of technology and computing, including the development of computer graphics, video games, and virtual reality.",IAB19 Technology & Computing,0.58,synthetic,
microsoft ceo nadella pulls trigger longgestating office apps ipad,IAB19 Technology & Computing,0.58,pseudo labeled,
lenovo recalls thinkpad batteries due fire risk,IAB19 Technology & Computing,0.58,pseudo labeled,
ibm spends 3 billion push far future computer chips,IAB19 Technology & Computing,0.58,pseudo labeled,
cisco juniper treating gear potential heartbleed,IAB19 Technology & Computing,0.58,pseudo labeled,
get ios 8 phone tablet,IAB19 Technology & Computing,0.58,pseudo labeled,
google microsoft facebook team tackle postheartbleed,IAB19 Technology & Computing,0.58,pseudo labeled,
fcc throttled neocities net neutrality protest,IAB19 Technology & Computing,0.58,pseudo labeled,
intel computex 2014,IAB19 Technology & Computing,0.58,pseudo labeled,
apple unveils swift new programming language ios mac,IAB19 Technology & Computing,0.58,pseudo labeled,
office ipad means microsoft apple,IAB19 Technology & Computing,0.58,pseudo labeled,
microsoft rallies troops azure cloud push,IAB19 Technology & Computing,0.58,pseudo labeled,
microsoft ceo satya nadella may unveil office ipad march 27,IAB19 Technology & Computing,0.58,pseudo labeled,
new apple software brings macs iphones closer,IAB19 Technology & Computing,0.58,pseudo labeled,
ouch microsoft slashing 18000 jobs,IAB19 Technology & Computing,0.58,pseudo labeled,
htc announces htc one m8 dual cameras fancy gesture controls,IAB19 Technology & Computing,0.58,pseudo labeled,
razer announces plans create android tv microconsole,IAB19 Technology & Computing,0.58,pseudo labeled,
cisco invest 1 billion cloud services,IAB19 Technology & Computing,0.58,pseudo labeled,
microsoft office ipad expected unveiled 27 march event,IAB19 Technology & Computing,0.58,pseudo labeled,
apple iphone ipad mac devices held ransom,IAB19 Technology & Computing,0.58,pseudo labeled,
weekly roundup samsung gear live hp pavilion x360 convertible pc,IAB19 Technology & Computing,0.58,pseudo labeled,
google nexus 6 release date revived anew featuring 55inch display screen,IAB19 Technology & Computing,0.58,pseudo labeled,
microsofts surface pro 3 zeroing professional tablet,IAB19 Technology & Computing,0.58,pseudo labeled,
cisco joins cloud computing race 1 bn plan,IAB19 Technology & Computing,0.58,pseudo labeled,
google inc nasdaqgoog continue internet king era,IAB19 Technology & Computing,0.58,pseudo labeled,
new hacking risk microsoft browsers,IAB19 Technology & Computing,0.58,pseudo labeled,
The evolution of databases has been closely intertwined with the development of computer technology.,IAB19 Technology & Computing,0.58,synthetic,
nvidia reports strong quarter tegra sales grow 200,IAB19 Technology & Computing,0.58,pseudo labeled,
apples new ipad 129 inch display,IAB19 Technology & Computing,0.58,pseudo labeled,
may welcome microsofts office ipad others much,IAB19 Technology & Computing,0.58,pseudo labeled,
galaxy note 4 pack qhd display 64bit cpu 4gb ram,IAB19 Technology & Computing,0.58,pseudo labeled,
apples new macbook air cheapest one ever,IAB19 Technology & Computing,0.58,pseudo labeled,
nexus 9 tech specs spilled 64bit tegra k1 chip board,IAB19 Technology & Computing,0.58,pseudo labeled,
new microsoft surface pro 3 promises tablet replace laptop,IAB19 Technology & Computing,0.58,pseudo labeled,
apple preps jumbo ipad,IAB19 Technology & Computing,0.58,pseudo labeled,
apple launches entrylevel imac computer,IAB19 Technology & Computing,0.58,pseudo labeled,
"Notable Event: Release of Windows 95 in 1995, Popularizing the Windows Operating System",IAB19 Technology & Computing,0.58,synthetic,
apple updates macbook air line faster processors,IAB19 Technology & Computing,0.58,pseudo labeled,
vitacostcom inc stock skyrocketed,IAB19 Technology & Computing,0.57,pseudo labeled,
applesamsung case heads jury google looms large,IAB19 Technology & Computing,0.57,pseudo labeled,
apple new 129inch ipad 2015,IAB19 Technology & Computing,0.57,pseudo labeled,
google intel team give chromebooks power,IAB19 Technology & Computing,0.57,pseudo labeled,
microsoft finally bring office ipad april,IAB19 Technology & Computing,0.57,pseudo labeled,
intel chromebooks ever old wintel days,IAB19 Technology & Computing,0.57,pseudo labeled,
microsofts surface pro 3 killer apples ipad macbook air,IAB19 Technology & Computing,0.57,pseudo labeled,
cisco banks global intercloud,IAB19 Technology & Computing,0.57,pseudo labeled,
amazon unveiled innovative smartphone 2014 heres,IAB19 Technology & Computing,0.57,pseudo labeled,
googles project tango deliver small form factor table advanced 3d,IAB19 Technology & Computing,0.57,pseudo labeled,
samsung dominates key tech industries,IAB19 Technology & Computing,0.57,pseudo labeled,
googles first project ara modular smartphone go sale january 2015,IAB19 Technology & Computing,0.57,pseudo labeled,
former microsoft employee involved windows 8 leaks given 3month sentence,IAB19 Technology & Computing,0.57,pseudo labeled,
hewlett packard launches 99 hp 7 plus tablet,IAB19 Technology & Computing,0.57,pseudo labeled,
samsung stocks buck owner concerns,IAB19 Technology & Computing,0.57,pseudo labeled,
Future Possibility: Windows Could Leverage Quantum Computing to Solve Complex Problems,IAB19 Technology & Computing,0.57,synthetic,
quoted microsofts nadella looks mobile cloud,IAB19 Technology & Computing,0.57,pseudo labeled,
meet samsungs new premium tablet,IAB19 Technology & Computing,0.57,pseudo labeled,
nvidia debuts gtx titan z 3000 video card maniacs,IAB19 Technology & Computing,0.57,pseudo labeled,
apple brings major overhaul mac wwdc,IAB19 Technology & Computing,0.57,pseudo labeled,
htcs 9inch nexus tablet leaked online,IAB19 Technology & Computing,0.57,pseudo labeled,
5 year old acknowledged microsoft researcher hacking xbox account,IAB19 Technology & Computing,0.57,pseudo labeled,
Future Possibility: Windows Could Integrate Artificial Intelligence (AI) to Enhance User Experiences,IAB19 Technology & Computing,0.57,synthetic,
google apparently testing new nexus tablet,IAB19 Technology & Computing,0.57,pseudo labeled,
Historical Context: Windows Emerged During the Rise of Personal Computers and the Internet,IAB19 Technology & Computing,0.57,synthetic,
price target increases help hewlettpackard hpq stock today,IAB19 Technology & Computing,0.57,pseudo labeled,
microsofts new surface ipad killer,IAB19 Technology & Computing,0.57,pseudo labeled,
get google glass wearable computers sale public one day,IAB19 Technology & Computing,0.57,pseudo labeled,
intel delights fans pushing i3 i7 surface pro 3 release date forward,IAB19 Technology & Computing,0.57,pseudo labeled,
google aims new intelpowered chromebooks mainstream pc buyers,IAB19 Technology & Computing,0.57,pseudo labeled,
morning rundown microsoft latest big us tech company targeted china,IAB19 Technology & Computing,0.57,pseudo labeled,
apple google microsoft others back smartphone kill switch campaign,IAB19 Technology & Computing,0.57,pseudo labeled,
zacks analyst blog highlightsqualcomm intel broadcom nvidia,IAB19 Technology & Computing,0.57,pseudo labeled,
microsoft takes aim laptops new surface tablet,IAB19 Technology & Computing,0.57,pseudo labeled,
android wear os opens new era mobile computing beyond google glass,IAB19 Technology & Computing,0.57,pseudo labeled,
heres two protesters disrupted googles biggest event,IAB19 Technology & Computing,0.57,pseudo labeled,
price target increase help hewlettpackard hpq stock today,IAB19 Technology & Computing,0.57,pseudo labeled,
download microsoft office suite apple ipad,IAB19 Technology & Computing,0.57,pseudo labeled,
titanfall tops pc chart doubles fifa 14 sales,IAB19 Technology & Computing,0.57,pseudo labeled,
htc unveils flagship one m8 quadcore processor dual rear cameras,IAB19 Technology & Computing,0.57,pseudo labeled,
129inch ipad doesnt apple make touch screen notebook aapl,IAB19 Technology & Computing,0.57,pseudo labeled,
android tv unveiled google io,IAB19 Technology & Computing,0.57,pseudo labeled,
Mac Support as a Catalyst for Innovation,IAB19 Technology & Computing,0.57,synthetic,
mobile devices uninteresting without cloud microsofts ceo satya nadella,IAB19 Technology & Computing,0.57,pseudo labeled,
apple cheered strong sales iphone,IAB19 Technology & Computing,0.57,pseudo labeled,
microsoft surface pro 3 10 tablets paved way,IAB19 Technology & Computing,0.57,pseudo labeled,
dropping kinect doesnt help microsofts attitude problem,IAB19 Technology & Computing,0.57,pseudo labeled,
microsoft surface pro 3 core i7 faces overheating issue,IAB19 Technology & Computing,0.57,pseudo labeled,
heartbleed bug infects cisco juniper equipment,IAB19 Technology & Computing,0.57,pseudo labeled,
15inch retina macbook pro looks set get speed hike,IAB19 Technology & Computing,0.57,pseudo labeled,
microsofts nadella announces cloud strategy office ipad mobile,IAB19 Technology & Computing,0.57,pseudo labeled,
satya nadella microsoft ceo brags office ipad soars twitter,IAB19 Technology & Computing,0.57,pseudo labeled,
The Potential of C/C++ in Quantum Computing,IAB19 Technology & Computing,0.57,synthetic,
live gdc driving future innovation sony computer entertainment,IAB19 Technology & Computing,0.57,pseudo labeled,
apple launches updated macbook air laptops slashes price,IAB19 Technology & Computing,0.57,pseudo labeled,
like write story microsofts new surface pro stylus,IAB19 Technology & Computing,0.57,pseudo labeled,
3-D Graphics: Impact on Cloud Computing and Distributed Rendering,IAB19 Technology & Computing,0.57,synthetic,
windows phone 81 microsofts way big leagues,IAB19 Technology & Computing,0.57,pseudo labeled,
mac os 1010 yosemite brings desktops smartphones closer,IAB19 Technology & Computing,0.57,pseudo labeled,
mobile devices uninteresting without cloud microsofts satya nadella,IAB19 Technology & Computing,0.57,pseudo labeled,
microsofts office ipad cloud revenue boon,IAB19 Technology & Computing,0.57,pseudo labeled,
toshiba debuts 1499 macbook pro challenger 4k display,IAB19 Technology & Computing,0.57,pseudo labeled,
resurgent postwindows microsoft,IAB19 Technology & Computing,0.57,pseudo labeled,
microsofts new surface tablet pitched laptop replacement,IAB19 Technology & Computing,0.57,pseudo labeled,
fingerprint lock samsung galaxy 5 easily defeated whitehat hackers,IAB19 Technology & Computing,0.57,pseudo labeled,
anthony weiner heres tesla silicon valley disruptors,IAB19 Technology & Computing,0.57,pseudo labeled,
apple updates macbook air line faster processors lower prices,IAB19 Technology & Computing,0.57,pseudo labeled,
get microsoft office 365 free year ipad little luck,IAB19 Technology & Computing,0.57,pseudo labeled,
microsoft releases office ipad new ceo satya nadella focuses,IAB19 Technology & Computing,0.56,pseudo labeled,
microsoft debuts surface 3 pro tablet,IAB19 Technology & Computing,0.56,pseudo labeled,
googles new cloud strategy apply moores law prices,IAB19 Technology & Computing,0.56,pseudo labeled,
icloud hack behind iphone ipad ransom attack apple,IAB19 Technology & Computing,0.56,pseudo labeled,
amd unites x86 arm project skybridge,IAB19 Technology & Computing,0.56,pseudo labeled,
intel collaborate rockchip,IAB19 Technology & Computing,0.56,pseudo labeled,
amazon unveils 3d fire phone,IAB19 Technology & Computing,0.56,pseudo labeled,
apple updates affordable 97inch ipad,IAB19 Technology & Computing,0.56,pseudo labeled,
nexus 8 intel chip board,IAB19 Technology & Computing,0.56,pseudo labeled,
new macbook airs could launch tomorrow bigger updates later year,IAB19 Technology & Computing,0.56,pseudo labeled,
apple quietly updates macbook air new haswell cpus lower price,IAB19 Technology & Computing,0.56,pseudo labeled,
microsoft inks patent deal dell android chrome os xbox,IAB19 Technology & Computing,0.56,pseudo labeled,
viacom google settle youtube lawsuit,IAB19 Technology & Computing,0.56,pseudo labeled,
one ecig exec thinks fdas rule proposal,IAB19 Technology & Computing,0.56,pseudo labeled,
microsoft surface 3 tablet meets laptop,IAB19 Technology & Computing,0.56,pseudo labeled,
microsoft ready shrink surface tablet,IAB19 Technology & Computing,0.56,pseudo labeled,
3 ways apple improved macbook air,IAB19 Technology & Computing,0.56,pseudo labeled,
microsoft share price software giant unveil office ipad next week,IAB19 Technology & Computing,0.56,pseudo labeled,
microsoft reinvent productivity nadella,IAB19 Technology & Computing,0.56,pseudo labeled,
htcs nexus volantis tablet,IAB19 Technology & Computing,0.56,pseudo labeled,
apple release 129inch ipad xl tablet next year,IAB19 Technology & Computing,0.56,pseudo labeled,
coordinating cdcs emergency response deadly mers virus,IAB19 Technology & Computing,0.56,pseudo labeled,
apple acquires swell 30m itunes samsung hiring silicon spree,IAB19 Technology & Computing,0.56,pseudo labeled,
microsoft hurries fix major internet explorer bug impacts millions fix,IAB19 Technology & Computing,0.56,pseudo labeled,
hewlettpackard company hpq q2 earnings preview enough margin,IAB19 Technology & Computing,0.56,pseudo labeled,
ecig execs scorched capitol hill,IAB19 Technology & Computing,0.56,pseudo labeled,
jcp stock surges citigroup upgrade,IAB19 Technology & Computing,0.56,pseudo labeled,
apple unveils updated macbook pro notebooks,IAB19 Technology & Computing,0.56,pseudo labeled,
lack planning leads another cdc hiccup,IAB19 Technology & Computing,0.56,pseudo labeled,
microsoft former employee arrested leaking windows 8 builds,IAB19 Technology & Computing,0.56,pseudo labeled,
htc volantis aka nexus 9 tablet surfaces ahead google io,IAB19 Technology & Computing,0.56,pseudo labeled,
microsoft office ipad ushers new era led satya nadellas vision,IAB19 Technology & Computing,0.56,pseudo labeled,
apple prepares largest ever ipad,IAB19 Technology & Computing,0.56,pseudo labeled,
apple google agree dismiss lawsuits,IAB19 Technology & Computing,0.56,pseudo labeled,
microsoftnokia deal done looking future windows phone,IAB19 Technology & Computing,0.56,pseudo labeled,
"- The top three data center providers are Amazon Web Services, Microsoft Azure, and Google Cloud Platform.",IAB19 Technology & Computing,0.56,synthetic,
speed microsoft latest big us tech company targeted china,IAB19 Technology & Computing,0.56,pseudo labeled,
os x yosemite says future pc,IAB19 Technology & Computing,0.56,pseudo labeled,
zombies big brother shazam meet google glass newest apps,IAB19 Technology & Computing,0.56,pseudo labeled,
hewlettpackard company hpq misses revenue hits eps,IAB19 Technology & Computing,0.56,pseudo labeled,
google poised produce 3d imaging tablet,IAB19 Technology & Computing,0.56,pseudo labeled,
microsoft packs punch new office ipad,IAB19 Technology & Computing,0.56,pseudo labeled,
new intel chip paves way fanless retina macbook air youve,IAB19 Technology & Computing,0.56,pseudo labeled,
qualcomm inc qcom q2 earnings expect today,IAB19 Technology & Computing,0.56,pseudo labeled,
apple releases refreshed macbook air,IAB19 Technology & Computing,0.56,pseudo labeled,
"Key Figure: Satya Nadella, Current CEO of Microsoft and Overseer of Windows' Evolution",IAB19 Technology & Computing,0.56,synthetic,
heres htc losing smartphone war,IAB19 Technology & Computing,0.56,pseudo labeled,
microsoft riding high office ipad india,IAB19 Technology & Computing,0.56,pseudo labeled,
update microsoft unveils office ipad,IAB19 Technology & Computing,0.56,pseudo labeled,
apple updates macbook pro laptops,IAB19 Technology & Computing,0.56,pseudo labeled,
cisco spending 1 billion enter cloud computing market,IAB19 Technology & Computing,0.56,pseudo labeled,
apple store upgraded macbook pro retinas way,IAB19 Technology & Computing,0.56,pseudo labeled,
xbox one controller pc drivers come says microsofts albert penello,IAB19 Technology & Computing,0.56,pseudo labeled,
crytek demo cryengine linux support gdc,IAB19 Technology & Computing,0.56,pseudo labeled,
new microsofts surface boss satya nadella set unveil smaller tablet take,IAB19 Technology & Computing,0.56,pseudo labeled,
protesters interrupt google io event,IAB19 Technology & Computing,0.56,pseudo labeled,
amazon set unveil first smartphone,IAB19 Technology & Computing,0.56,pseudo labeled,
brazilian blaggers brazen samsung heist,IAB19 Technology & Computing,0.56,pseudo labeled,
china regulators probe microsoft,IAB19 Technology & Computing,0.56,pseudo labeled,
microsoft announce mini surface tablet,IAB19 Technology & Computing,0.56,pseudo labeled,
microsoft yet issue fix major internet explorer security flaw,IAB19 Technology & Computing,0.56,pseudo labeled,
build nadella talk windows fits mobile first cloud first,IAB19 Technology & Computing,0.56,pseudo labeled,
1 billion plan cisco joins cloud computing race,IAB19 Technology & Computing,0.56,pseudo labeled,
google developing tablet 3d vision,IAB19 Technology & Computing,0.56,pseudo labeled,
shutdown microsoft xp leave users vulnerable,IAB19 Technology & Computing,0.56,pseudo labeled,
logitech types samsung galaxy tab coming market,IAB19 Technology & Computing,0.56,pseudo labeled,
apple launches new programming language ios mac swift,IAB19 Technology & Computing,0.56,pseudo labeled,
microsoft set launch pathetically bad office ipad,IAB19 Technology & Computing,0.56,pseudo labeled,
cisco joins cloud computing race,IAB19 Technology & Computing,0.56,pseudo labeled,
"Current Trend: Windows 10 Remains Widely Used, with Over 1 Billion Active Installations",IAB19 Technology & Computing,0.55,synthetic,
microsoft looking add print function office ipad soon,IAB19 Technology & Computing,0.55,pseudo labeled,
apple launches entry level 215 inch allinone desktop imac rs 79900,IAB19 Technology & Computing,0.55,pseudo labeled,
intel samsung dell team push iot standard open interconnect,IAB19 Technology & Computing,0.55,pseudo labeled,
microsoft schedules march 27 event discuss cloud mobile computing,IAB19 Technology & Computing,0.55,pseudo labeled,
google fiber holds big potential goog stock,IAB19 Technology & Computing,0.55,pseudo labeled,
ecig industry awaits looming federal regulation,IAB19 Technology & Computing,0.55,pseudo labeled,
latest apple iphone 6 concept features curved design,IAB19 Technology & Computing,0.55,pseudo labeled,
samsung make ipad killer,IAB19 Technology & Computing,0.55,pseudo labeled,
google developing 3d imaging tablet according reports,IAB19 Technology & Computing,0.55,pseudo labeled,
lenovo recalls thinkpad batteries fire hazard,IAB19 Technology & Computing,0.55,pseudo labeled,
lenovo shows first chromebooks,IAB19 Technology & Computing,0.55,pseudo labeled,
apple unveils new operating system,IAB19 Technology & Computing,0.55,pseudo labeled,
apple launched 129inch ipad pro early 2015,IAB19 Technology & Computing,0.55,pseudo labeled,
geek street macworld heres apple fans think office ipad,IAB19 Technology & Computing,0.55,pseudo labeled,
apple introduces 8gb iphone 5c brings ipad 4 back life,IAB19 Technology & Computing,0.55,pseudo labeled,
microsofts surface pro 3 tablet rumour wont go away,IAB19 Technology & Computing,0.55,pseudo labeled,
apple iphone 6 2014 macbook pro air release feature advanced,IAB19 Technology & Computing,0.55,pseudo labeled,
911 text message new fcc program allows users text 911,IAB19 Technology & Computing,0.55,pseudo labeled,
cisco systems inc juniper networks inc warn heartbleed bug found,IAB19 Technology & Computing,0.55,pseudo labeled,
google glass gets 2gb ram upgrade google io angers early explorers,IAB19 Technology & Computing,0.55,pseudo labeled,
microsofts office open ipad,IAB19 Technology & Computing,0.55,pseudo labeled,
finally microsoft office comes ipad,IAB19 Technology & Computing,0.55,pseudo labeled,
intel announces boatload new chromebooks coming summer,IAB19 Technology & Computing,0.55,pseudo labeled,
microsoft rolls office ipad,IAB19 Technology & Computing,0.55,pseudo labeled,
qualcomm inc qcom issues q3 earnings guidance,IAB19 Technology & Computing,0.55,pseudo labeled,
closer look samsungs new graphene breakthrough holy grail,IAB19 Technology & Computing,0.55,pseudo labeled,
enable google desktop,IAB19 Technology & Computing,0.55,pseudo labeled,
samsung launches worldfirst 122 inch widescreen notebook bahrain,IAB19 Technology & Computing,0.55,pseudo labeled,
microsoft surface pro 3 vs apple macbook air specs faceoff,IAB19 Technology & Computing,0.55,pseudo labeled,
apple prepares manufacture largestever ipad,IAB19 Technology & Computing,0.55,pseudo labeled,
intel unveils bay trail chromebooks,IAB19 Technology & Computing,0.55,pseudo labeled,
google intel announce new chromebook models,IAB19 Technology & Computing,0.55,pseudo labeled,
microsoft unveils office ipad,IAB19 Technology & Computing,0.55,pseudo labeled,
intel sees pc demand,IAB19 Technology & Computing,0.55,pseudo labeled,
microsofts new surface pro 3 makes case bigger ipad,IAB19 Technology & Computing,0.55,pseudo labeled,
samsungs latest tablet takes run laptop market,IAB19 Technology & Computing,0.55,pseudo labeled,
samsung unveils quadcore galaxy s5 mini super amoled display 4g,IAB19 Technology & Computing,0.55,pseudo labeled,
ten arrested protest google hq,IAB19 Technology & Computing,0.55,pseudo labeled,
former microsoft employee charged leaking windows 8 trade secrets,IAB19 Technology & Computing,0.55,pseudo labeled,
heres next iphone designer eerily accurate prediction,IAB19 Technology & Computing,0.55,pseudo labeled,
breaking microsoft surface 3 launches ipad air macbook air rival,IAB19 Technology & Computing,0.55,pseudo labeled,
nvidia announces nextgeneration gpu codenamed pascal,IAB19 Technology & Computing,0.55,pseudo labeled,
lenovo reveals n20 n20p chromebook laptops,IAB19 Technology & Computing,0.55,pseudo labeled,
internet explorer hack spells trouble windows xp users,IAB19 Technology & Computing,0.55,pseudo labeled,
microsoft surface pro 3 replace laptop,IAB19 Technology & Computing,0.55,pseudo labeled,
microsoft dell seal android chrome royalty pact,IAB19 Technology & Computing,0.55,pseudo labeled,
samsung launches featherweight tablet,IAB19 Technology & Computing,0.55,pseudo labeled,
googles upcoming tablet possibly take 3d images,IAB19 Technology & Computing,0.55,pseudo labeled,
microsoft mole faces charges leaking windows 8 trade secrets,IAB19 Technology & Computing,0.55,pseudo labeled,
microsoft considered building kinect xbox one console,IAB19 Technology & Computing,0.55,pseudo labeled,
supermicror exhibits industrys widest range gpu server solutions,IAB19 Technology & Computing,0.55,pseudo labeled,
morning microsofts new era blackberrys bbm cheers rackspace arm,IAB19 Technology & Computing,0.55,pseudo labeled,
review microsoft surface pro 3 works laptop tradeoffs,IAB19 Technology & Computing,0.55,pseudo labeled,
microsoft ceo nadella may unveil office ipad march 27,IAB19 Technology & Computing,0.55,pseudo labeled,
microsoft surface pro 3 apple ipad air macbook air comparison,IAB19 Technology & Computing,0.55,pseudo labeled,
microsoft set unveil office ipad,IAB19 Technology & Computing,0.55,pseudo labeled,
samsung elec tips pickup q1 profit matches guidance,IAB19 Technology & Computing,0.55,pseudo labeled,
apple releases 8gb iphone 5c brings back ipad 4,IAB19 Technology & Computing,0.55,pseudo labeled,
blackberry issues emergency fix heartbleed openssl flaw,IAB19 Technology & Computing,0.55,pseudo labeled,
siliconangle apple introduces 8gb iphone 5c uk ipad 4th gen reintroduced,IAB19 Technology & Computing,0.55,pseudo labeled,
tech watch key board changes google hewlettpackard,IAB19 Technology & Computing,0.55,pseudo labeled,
surface pro 3 unboxing handson microsofts laptop future,IAB19 Technology & Computing,0.55,pseudo labeled,
im excited see microsoft next,IAB19 Technology & Computing,0.55,pseudo labeled,
mad men helped build amc cable powerhouse,IAB19 Technology & Computing,0.54,pseudo labeled,
app day microsoft office,IAB19 Technology & Computing,0.54,pseudo labeled,
global pc market shows signs life 2014,IAB19 Technology & Computing,0.54,pseudo labeled,
"Key Figure: Steve Ballmer, Former CEO of Microsoft and Driving Force Behind Windows' Success",IAB19 Technology & Computing,0.54,synthetic,
microsoft unveils longawaited office apps ipad new ceo tries change,IAB19 Technology & Computing,0.54,pseudo labeled,
drastic changes reportedly coming googles gmail user interface,IAB19 Technology & Computing,0.54,pseudo labeled,
tech googles mobile problem sque,IAB19 Technology & Computing,0.54,pseudo labeled,
look forward googles stock,IAB19 Technology & Computing,0.54,pseudo labeled,
googleandviacomcometomysterioussettlementoveryoutubelawsuit,IAB19 Technology & Computing,0.54,pseudo labeled,
big changes coming ipad iphone new ios 8,IAB19 Technology & Computing,0.54,pseudo labeled,
samsung gears google,IAB19 Technology & Computing,0.54,pseudo labeled,
ibm ramps computer defence,IAB19 Technology & Computing,0.54,pseudo labeled,
amazon unveils fire phone,IAB19 Technology & Computing,0.54,pseudo labeled,
apple updates macbook air faster processor cheaper price,IAB19 Technology & Computing,0.54,pseudo labeled,
microsoft ceo satya nadella announces office ipad public debut,IAB19 Technology & Computing,0.54,pseudo labeled,
technology stock roundup cisco prints stronger q3 applegoogle call truce,IAB19 Technology & Computing,0.54,pseudo labeled,
htc announces new htc one smartphone,IAB19 Technology & Computing,0.54,pseudo labeled,
microsoft unveils new version surface pro tablet,IAB19 Technology & Computing,0.54,pseudo labeled,
opinion office 365 microsofts cloudbased future google,IAB19 Technology & Computing,0.54,pseudo labeled,
e3 console show right pc says spencer,IAB19 Technology & Computing,0.54,pseudo labeled,
apple updates macbook pro retina display reduces price 13 inch,IAB19 Technology & Computing,0.54,pseudo labeled,
samsungs new tablet commercial shows everything ipad,IAB19 Technology & Computing,0.54,pseudo labeled,
china regulator probing microsoft,IAB19 Technology & Computing,0.54,pseudo labeled,
cisco invest 1 billion build cloud services corporate clients,IAB19 Technology & Computing,0.54,pseudo labeled,
reviewer microsofts new toasterfridge pc still problems,IAB19 Technology & Computing,0.54,pseudo labeled,
microsoft office comes ipad new look feel,IAB19 Technology & Computing,0.54,pseudo labeled,
satya nadella launches microsoft office ipad android,IAB19 Technology & Computing,0.54,pseudo labeled,
microsofts layoffs signs bigger things come,IAB19 Technology & Computing,0.54,pseudo labeled,
office ipad finally,IAB19 Technology & Computing,0.54,pseudo labeled,
google intel announced whole bunch new chromebooks,IAB19 Technology & Computing,0.54,pseudo labeled,
google glass upgrade ahead io comes 2gb ram 11 new apps,IAB19 Technology & Computing,0.54,pseudo labeled,
samsung forecast second profit drop year,IAB19 Technology & Computing,0.54,pseudo labeled,
intel unveils thin fanless tablet reference design based broadwell,IAB19 Technology & Computing,0.54,pseudo labeled,
microsoft office released ipad,IAB19 Technology & Computing,0.54,pseudo labeled,
new samsung galaxy s3 slim 45 inch qhd display quad core processor,IAB19 Technology & Computing,0.54,pseudo labeled,
microsoft office ipad review finally true productivity tablet,IAB19 Technology & Computing,0.54,pseudo labeled,
microsoft reinvent productivity empower people nadella,IAB19 Technology & Computing,0.54,pseudo labeled,
moto 360 motorola steps wearable computing market,IAB19 Technology & Computing,0.54,pseudo labeled,
microsofts surface pro 3 really laptop killer,IAB19 Technology & Computing,0.54,pseudo labeled,
new macbook air faster 100 cheaper,IAB19 Technology & Computing,0.54,pseudo labeled,
dont crack shiny new htc one m8 screen pain fix,IAB19 Technology & Computing,0.54,pseudo labeled,
apple google intel adobe pay usd 325 million settling hiring lawsuit,IAB19 Technology & Computing,0.54,pseudo labeled,
intuit intu todays postmarket loser stock,IAB19 Technology & Computing,0.54,pseudo labeled,
hightech workers line get average 4000 3245m nopoaching,IAB19 Technology & Computing,0.54,pseudo labeled,
heres google rising despite missing earnings,IAB19 Technology & Computing,0.54,pseudo labeled,
video microsofts office apps ipad ushers new era,IAB19 Technology & Computing,0.54,pseudo labeled,
windows xp stayin alive,IAB19 Technology & Computing,0.54,pseudo labeled,
microsoft surface pro 3 vs apple ipad air tablet showdown,IAB19 Technology & Computing,0.54,pseudo labeled,
apples new 1099 imac macbook air desktops body,IAB19 Technology & Computing,0.54,pseudo labeled,
silicon valley potential belly laughs,IAB19 Technology & Computing,0.54,pseudo labeled,
intel earnings watch,IAB19 Technology & Computing,0.54,pseudo labeled,
steve wozniak galaxy gear google glass future wearables,IAB19 Technology & Computing,0.54,pseudo labeled,
microsoft sony say new consoles year,IAB19 Technology & Computing,0.54,pseudo labeled,
htc one m8 revealed snapdragon 801 duo camera 5inch screen aluminum,IAB19 Technology & Computing,0.54,pseudo labeled,
amazon take apple google launch smartphone,IAB19 Technology & Computing,0.54,pseudo labeled,
meet google glass new boss,IAB19 Technology & Computing,0.54,pseudo labeled,
microsoft launch office ipad,IAB19 Technology & Computing,0.54,pseudo labeled,
nadella bring microsoft office apple ipad march 27,IAB19 Technology & Computing,0.54,pseudo labeled,
The future of computer certification is bright.,IAB19 Technology & Computing,0.54,synthetic,
affordable imac computer unveiled apple,IAB19 Technology & Computing,0.54,pseudo labeled,
lead samsungs management intact amid lees hospitalization official,IAB19 Technology & Computing,0.54,pseudo labeled,
cisco recruits partners worlds largest cloud,IAB19 Technology & Computing,0.54,pseudo labeled,
microsoft unveils larger surface tablet,IAB19 Technology & Computing,0.54,pseudo labeled,
apple updates macbook pro retina display cuts entry price,IAB19 Technology & Computing,0.54,pseudo labeled,
microsoft releases office ipad new ceo focuses boosting revenue,IAB19 Technology & Computing,0.54,pseudo labeled,
intels broadwell chip makes rumored fanless macbook air real possibility,IAB19 Technology & Computing,0.54,pseudo labeled,
apples macbook air improved processor 899,IAB19 Technology & Computing,0.54,pseudo labeled,
apple ipad pro concept shows iphone 5slike touch id,IAB19 Technology & Computing,0.54,pseudo labeled,
apple preparing iwatch launch another high profile hire,IAB19 Technology & Computing,0.54,pseudo labeled,
amazon unveils 3d smartphone,IAB19 Technology & Computing,0.54,pseudo labeled,
official microsoft office meets apple ipad long overdue union,IAB19 Technology & Computing,0.54,pseudo labeled,
destiny pc version huge possibility,IAB19 Technology & Computing,0.54,pseudo labeled,
google developing prototype tablet capable 3d imaging,IAB19 Technology & Computing,0.54,pseudo labeled,
microsoft surface pro 3 tablet replace laptop,IAB19 Technology & Computing,0.54,pseudo labeled,
The future of computer networking is bright.,IAB19 Technology & Computing,0.54,synthetic,
symantec ceo fired,IAB19 Technology & Computing,0.54,pseudo labeled,
new chromebooks use core i3 bay trail cpus,IAB19 Technology & Computing,0.54,pseudo labeled,
apple inc aapl iphone 6 prompts chinese tech sector hiring binge,IAB19 Technology & Computing,0.53,pseudo labeled,
xbox one problems fixes common errors microsofts nextgen console,IAB19 Technology & Computing,0.53,pseudo labeled,
htc unveils new htc one smartphone,IAB19 Technology & Computing,0.53,pseudo labeled,
microsoft rising nadellas humility shines nokia absorption looms,IAB19 Technology & Computing,0.53,pseudo labeled,
apple inc launch iphone 6,IAB19 Technology & Computing,0.53,pseudo labeled,
symantec ceo ouster raises questions turnaround,IAB19 Technology & Computing,0.53,pseudo labeled,
april fools day 2014 best pranks tech companies including google,IAB19 Technology & Computing,0.53,pseudo labeled,
space battles may hold key microsoft xbox one,IAB19 Technology & Computing,0.53,pseudo labeled,
microsoft ceo satya nadella may unveil ipad version office march 27,IAB19 Technology & Computing,0.53,pseudo labeled,
apple updates macbook pro retina display,IAB19 Technology & Computing,0.53,pseudo labeled,
microsoft issues warning internet explorer bug lets hacker control pc,IAB19 Technology & Computing,0.53,pseudo labeled,
symantec corp symc plunged new low ceo ousted,IAB19 Technology & Computing,0.53,pseudo labeled,
amazon ceo jeff bezos unveils new smartphone called fire phone,IAB19 Technology & Computing,0.53,pseudo labeled,
lenovo joins chrome os brigade n20p n20 chromebooks launched,IAB19 Technology & Computing,0.53,pseudo labeled,
amazon unveils first smartphone,IAB19 Technology & Computing,0.53,pseudo labeled,
amazon unveils fire smartphone 47 inch screen free cloud storage,IAB19 Technology & Computing,0.53,pseudo labeled,
canadian providers new cisco intercloud,IAB19 Technology & Computing,0.53,pseudo labeled,
new microsoft camera windows phone,IAB19 Technology & Computing,0.53,pseudo labeled,
nvidia announces pascal gpu 3k titan z graphics card,IAB19 Technology & Computing,0.53,pseudo labeled,
adobe releases photoshop mix new image editor ipad,IAB19 Technology & Computing,0.53,pseudo labeled,
htcs new flagship device leaked handson video,IAB19 Technology & Computing,0.53,pseudo labeled,
apples new 15inch retina macbook pro leaked photo shows device,IAB19 Technology & Computing,0.53,pseudo labeled,
americans excited futuristic sciencetech wary others,IAB19 Technology & Computing,0.53,pseudo labeled,
"### 12. Java's Large and Active Community: Forums, Documentation, and Open Source Projects",IAB19 Technology & Computing,0.53,synthetic,
amazon expected unveil smartphone,IAB19 Technology & Computing,0.53,pseudo labeled,
police arrest 10 protesters google headquarters,IAB19 Technology & Computing,0.53,pseudo labeled,
microsoft windows boost pc shipments,IAB19 Technology & Computing,0.53,pseudo labeled,
Computer Reviews: A Critical Lens on the Tech Landscape,IAB19 Technology & Computing,0.53,synthetic,
microsoft touts surface pro 3 laptoptablet combo,IAB19 Technology & Computing,0.53,pseudo labeled,
google reportedly prepping android tv set top box,IAB19 Technology & Computing,0.53,pseudo labeled,
apple ceo tim cook says 80 work ipad,IAB19 Technology & Computing,0.53,pseudo labeled,
lenovo recalls thinkpad batteries worldwide due fire hazard,IAB19 Technology & Computing,0.53,pseudo labeled,
apple macbook pro retina display given speed boost prices slashed,IAB19 Technology & Computing,0.53,pseudo labeled,
dow rises tech strength microsoft deserve intel boost,IAB19 Technology & Computing,0.53,pseudo labeled,
nadella says microsoft go boldly mobilefirst cloudfirst world earnings,IAB19 Technology & Computing,0.53,pseudo labeled,
apple releases affordable imac macbook air stats,IAB19 Technology & Computing,0.53,pseudo labeled,
microsoft unveils 799 surface pro 3 tablet available preorder,IAB19 Technology & Computing,0.53,pseudo labeled,
microsofts office ipad scores big,IAB19 Technology & Computing,0.53,pseudo labeled,
apples macbook pro best ever retina display arrived,IAB19 Technology & Computing,0.53,pseudo labeled,
samsung galaxy s5 launch india exynos octacore processor,IAB19 Technology & Computing,0.53,pseudo labeled,
5yearold san diego boy discovers xbox security flaw,IAB19 Technology & Computing,0.53,pseudo labeled,
police man stole 50 laptops cocacola enterprises,IAB19 Technology & Computing,0.53,pseudo labeled,
office ipad potential partner bonanza,IAB19 Technology & Computing,0.53,pseudo labeled,
china probe targets microsoft,IAB19 Technology & Computing,0.53,pseudo labeled,
homeless vancouver microsoft turns xp zeroday payday,IAB19 Technology & Computing,0.53,pseudo labeled,
going huge week news googles new chromebook,IAB19 Technology & Computing,0.53,pseudo labeled,
mps deny move kim dotcoms internet party,IAB19 Technology & Computing,0.53,pseudo labeled,
come play microsofts new surface pro 3 home future,IAB19 Technology & Computing,0.53,pseudo labeled,
microsoft late bringing office ipad,IAB19 Technology & Computing,0.53,pseudo labeled,
toshiba p55t 4k ultra hd ultrabook launches april 22nd 1500,IAB19 Technology & Computing,0.53,pseudo labeled,
microsoft fighting us government consumer email privacy,IAB19 Technology & Computing,0.53,pseudo labeled,
microsoft earnings strengthen due cloud computing,IAB19 Technology & Computing,0.53,pseudo labeled,
cloud strength boosts microsoft,IAB19 Technology & Computing,0.53,pseudo labeled,
amazon announces smartphone dubbed fire phone,IAB19 Technology & Computing,0.53,pseudo labeled,
urgent microsoft shares rise results,IAB19 Technology & Computing,0.53,pseudo labeled,
office 365 mac iphone ipad coming microsoft considers future,IAB19 Technology & Computing,0.53,pseudo labeled,
microsofts ceo satya nadella come guns blazing,IAB19 Technology & Computing,0.53,pseudo labeled,
windows crucial pc market revival 2015,IAB19 Technology & Computing,0.53,pseudo labeled,
"Current Trend: Windows 10X, Designed for Dual-Screen Devices, Is Under Development",IAB19 Technology & Computing,0.53,synthetic,
hackers hit internet explorer microsoft move fast expert says,IAB19 Technology & Computing,0.53,pseudo labeled,
office breaks ipad,IAB19 Technology & Computing,0.53,pseudo labeled,
hackers may accomplish microsoft cantkill windows xp,IAB19 Technology & Computing,0.53,pseudo labeled,
samsung tablet sets bar higher,IAB19 Technology & Computing,0.53,pseudo labeled,
googles modular smartphone,IAB19 Technology & Computing,0.53,pseudo labeled,
microsoft says new surface pro 3 tablet replace laptop,IAB19 Technology & Computing,0.53,pseudo labeled,
microsoft launches tablet replace laptop surface pro 3,IAB19 Technology & Computing,0.53,pseudo labeled,
historic partnership teams apple ibm mobile cloud fronts,IAB19 Technology & Computing,0.53,pseudo labeled,
apple reportedly working 129inch ipad,IAB19 Technology & Computing,0.53,pseudo labeled,
apple plan release biggest ever ipad,IAB19 Technology & Computing,0.53,pseudo labeled,
lenovo n20 n20p chromebooks launched,IAB19 Technology & Computing,0.53,pseudo labeled,
global alliance apple inc ibm iphone ipad devices,IAB19 Technology & Computing,0.53,pseudo labeled,
tech news satya nadella brings office apples ipad,IAB19 Technology & Computing,0.53,pseudo labeled,
Computer certification is a valuable credential that can demonstrate your skills and knowledge in a particular area of technology.,IAB19 Technology & Computing,0.53,synthetic,
investors realize partial exits jdcoms 178b ipo,IAB19 Technology & Computing,0.53,pseudo labeled,
amazon unveils first ever smartphone,IAB19 Technology & Computing,0.53,pseudo labeled,
htc volantis googles next 89in nexus tablet,IAB19 Technology & Computing,0.53,pseudo labeled,
89inch google tablet way,IAB19 Technology & Computing,0.53,pseudo labeled,
good bet huge gamble microsofts vision future,IAB19 Technology & Computing,0.53,pseudo labeled,
king digital citigroup facebook fell,IAB19 Technology & Computing,0.53,pseudo labeled,
amazon launching 3d smartphone,IAB19 Technology & Computing,0.53,pseudo labeled,
hewlettpackard company target unusually high options trading hpq,IAB19 Technology & Computing,0.53,pseudo labeled,
"### 7. Future Possibilities: Continued Innovation in JavaScript Engines, Integration with Artificial Intelligence, and Quantum Computing",IAB19 Technology & Computing,0.53,synthetic,
microsofts build conference kicks big april,IAB19 Technology & Computing,0.53,pseudo labeled,
microsoft turning nokia x lineup windows phone lumias massive layoffs,IAB19 Technology & Computing,0.52,pseudo labeled,
galaxy tab vs ipad air samsungs latest tablet stacks,IAB19 Technology & Computing,0.52,pseudo labeled,
microsoft set announce layoffs week,IAB19 Technology & Computing,0.52,pseudo labeled,
microsoft launches new surface tablet,IAB19 Technology & Computing,0.52,pseudo labeled,
decline pc puts pressure microsofts new chief exec,IAB19 Technology & Computing,0.52,pseudo labeled,
top free ipad air mini apps microsoft office keyboard review excel,IAB19 Technology & Computing,0.52,pseudo labeled,
apple google intel adobe pay 325m hiring lawsuit,IAB19 Technology & Computing,0.52,pseudo labeled,
microsoft launch 199 laptops 99 windows 8 tablets kill,IAB19 Technology & Computing,0.52,pseudo labeled,
worldwide wearable computing market gains momentum shipments,IAB19 Technology & Computing,0.52,pseudo labeled,
massive new security flaw big problem windows xp users,IAB19 Technology & Computing,0.52,pseudo labeled,
google working 3d computer tablet,IAB19 Technology & Computing,0.52,pseudo labeled,
robbers grab sh3b million samsung electronics brazil,IAB19 Technology & Computing,0.52,pseudo labeled,
apple launches 8gb iphone 5c relaunches 16gb ipad 4 retina,IAB19 Technology & Computing,0.52,pseudo labeled,
microsofts stock still longterm investment opportunity right,IAB19 Technology & Computing,0.52,pseudo labeled,
intel readies 3dprinted robots,IAB19 Technology & Computing,0.52,pseudo labeled,
xbox one hit china console ban lifted,IAB19 Technology & Computing,0.52,pseudo labeled,
apple google agree dismiss current lawsuits,IAB19 Technology & Computing,0.52,pseudo labeled,
facebook buys oculus right move leader vr,IAB19 Technology & Computing,0.52,pseudo labeled,
microsoft announces faster stronger 12inch surface pro 3 tablet,IAB19 Technology & Computing,0.52,pseudo labeled,
console war continues playstation 4 vs xbox one july 2014,IAB19 Technology & Computing,0.52,pseudo labeled,
The future of computer networking is full of possibilities.,IAB19 Technology & Computing,0.52,synthetic,
bricked apple google microsoft nokia samsung add antitheft kill,IAB19 Technology & Computing,0.52,pseudo labeled,
heres proof microsoft terrified googles chromebooks,IAB19 Technology & Computing,0.52,pseudo labeled,
apples new macbook airs thanks single smart decision 5,IAB19 Technology & Computing,0.52,pseudo labeled,
apple gives macbook air speed bump 100 price cut,IAB19 Technology & Computing,0.52,pseudo labeled,
apple unveils 215inch imac 1099,IAB19 Technology & Computing,0.52,pseudo labeled,
office ipad microsft unveils word excel powerpoint apple tablets,IAB19 Technology & Computing,0.52,pseudo labeled,
samsung unveils new tablets higher screen pixel count ipad,IAB19 Technology & Computing,0.52,pseudo labeled,
apple updates affordable 97inch ipad retina display improved,IAB19 Technology & Computing,0.52,pseudo labeled,
microsoft struggles fix hole internet explorer,IAB19 Technology & Computing,0.52,pseudo labeled,
microsoft brings office ipad,IAB19 Technology & Computing,0.52,pseudo labeled,
apple plans launch 129inch ipad early 2015,IAB19 Technology & Computing,0.52,pseudo labeled,
apple iphone 6 ipad air 2 apple devices come new shitters,IAB19 Technology & Computing,0.52,pseudo labeled,
apple beefs processors memory macbook pro,IAB19 Technology & Computing,0.52,pseudo labeled,
symantec ceo ouster shocks wall street,IAB19 Technology & Computing,0.52,pseudo labeled,
microsoft releases first windows phone 81 smartphone,IAB19 Technology & Computing,0.52,pseudo labeled,
zucker punched google gobbles facebookwooed titan aerospace,IAB19 Technology & Computing,0.52,pseudo labeled,
microsoft corporation nasdaqmsft aid pc market revival 2015,IAB19 Technology & Computing,0.52,pseudo labeled,
hewlettpackard company hpq q2 earnings meet estimates cut jobs,IAB19 Technology & Computing,0.52,pseudo labeled,
apple macbook air refresh possibly launching tomorrow due major,IAB19 Technology & Computing,0.52,pseudo labeled,
google glass gets multitude updates including 2gb ram new glassware,IAB19 Technology & Computing,0.52,pseudo labeled,
ftc oks facebook oculus vr deal,IAB19 Technology & Computing,0.52,pseudo labeled,
htc one m8 goes official 5inch full hd display duo camera,IAB19 Technology & Computing,0.52,pseudo labeled,
apple quietly updates macbook air range slashes price 100,IAB19 Technology & Computing,0.52,pseudo labeled,
amazon readying 3d smartphone,IAB19 Technology & Computing,0.52,pseudo labeled,
report htc nexus 9volantis tegra k1 chip 89inch display launch,IAB19 Technology & Computing,0.52,pseudo labeled,
apple preparing 129inch ipad march 2015 launch,IAB19 Technology & Computing,0.52,pseudo labeled,
microsofts office apps ipad ushers new era,IAB19 Technology & Computing,0.52,pseudo labeled,
nvidiapowered htc volantis new possibly last nexus tablet,IAB19 Technology & Computing,0.52,pseudo labeled,
samsung galaxy s5 fingerprint scanner thwarted hackers glue,IAB19 Technology & Computing,0.52,pseudo labeled,
nvidia hits record revenue teases denver return,IAB19 Technology & Computing,0.52,pseudo labeled,
apple unveil iphone 6 iwatch september 9,IAB19 Technology & Computing,0.52,pseudo labeled,
The Rise of AppleCare,IAB19 Technology & Computing,0.52,synthetic,
viacom gives settles youtube copyright lawsuit,IAB19 Technology & Computing,0.52,pseudo labeled,
china investigating something microsoft,IAB19 Technology & Computing,0.52,pseudo labeled,
apple releases new retina display macbook pro models,IAB19 Technology & Computing,0.52,pseudo labeled,
apple releases 16gb ipod touch camera cuts prices across line,IAB19 Technology & Computing,0.52,pseudo labeled,
apple 437 million iphones 1635 million ipads sold q1 2014,IAB19 Technology & Computing,0.52,pseudo labeled,
samsungs graphene breakthrough paves way flexible phones,IAB19 Technology & Computing,0.52,pseudo labeled,
apple reportedly working 13inch ipad due 2015,IAB19 Technology & Computing,0.52,pseudo labeled,
microsoft office suite launches ipadfinally,IAB19 Technology & Computing,0.52,pseudo labeled,
nvidia announces positive q2 results revenue 13 per cent,IAB19 Technology & Computing,0.52,pseudo labeled,
handson microsoft surface pro 3,IAB19 Technology & Computing,0.52,pseudo labeled,
microsoft launches surface pro 3 799 onwards aims replacing laptops,IAB19 Technology & Computing,0.52,pseudo labeled,
marvels superior iron man turns tony stark app developer,IAB19 Technology & Computing,0.52,pseudo labeled,
samsungs new gen galaxy tabs taking aim apple aapls ipad,IAB19 Technology & Computing,0.52,pseudo labeled,
respawn uses microsofts azure cloud servers make titanfall smarter,IAB19 Technology & Computing,0.52,pseudo labeled,
apple updates macbook air fourthgeneration intel haswell processors,IAB19 Technology & Computing,0.52,pseudo labeled,
microsoft wants buy windows xp computer 100 catch,IAB19 Technology & Computing,0.52,pseudo labeled,
hollywood puts focus silicon valley tech culture,IAB19 Technology & Computing,0.52,pseudo labeled,
red hat acquire cloud computing services vendor enovance 70 mn euros,IAB19 Technology & Computing,0.52,pseudo labeled,
microsofts xbox one sales cross 5 million mark,IAB19 Technology & Computing,0.52,pseudo labeled,
"The data center industry is a major economic driver, and it is expected to continue to grow in the years to come.",IAB19 Technology & Computing,0.52,synthetic,
red hat acquire parisbased cloud computing firm enovance,IAB19 Technology & Computing,0.52,pseudo labeled,
apple could upgrading macbook pro lineup tomorrow,IAB19 Technology & Computing,0.52,pseudo labeled,
microsoft declares war chromebooks,IAB19 Technology & Computing,0.52,pseudo labeled,
adobe photoshop mix launches ipad adobe lightroom comes iphone,IAB19 Technology & Computing,0.52,pseudo labeled,
google bringing android mobiles closer chromebooks,IAB19 Technology & Computing,0.52,pseudo labeled,
hp invest 1b opensource cloud computing,IAB19 Technology & Computing,0.52,pseudo labeled,
### 25. Java's Legacy: A Foundation for Modern Computing and a Language that Stands the Test of Time,IAB19 Technology & Computing,0.52,synthetic,
samsung galaxy note 3 design os multitasking display software price,IAB19 Technology & Computing,0.52,pseudo labeled,
influential developer leaves github alleging gender harassment,IAB19 Technology & Computing,0.52,pseudo labeled,
microsofts windows aid pc market revival 2015,IAB19 Technology & Computing,0.52,pseudo labeled,
12 years microsoft ending support popular operating system,IAB19 Technology & Computing,0.52,pseudo labeled,
first impressions microsofts new surface pro 3,IAB19 Technology & Computing,0.52,pseudo labeled,
apple incs iphone 6 47inch display enter production may sources say,IAB19 Technology & Computing,0.52,pseudo labeled,
ibm joins forces apple develop 100 business apps iphone ipad,IAB19 Technology & Computing,0.52,pseudo labeled,
time apples ipad still beloved tablet,IAB19 Technology & Computing,0.52,pseudo labeled,
microsoft ceo may unveil office ipad,IAB19 Technology & Computing,0.52,pseudo labeled,
microsoft ending windows xp support spells trouble,IAB19 Technology & Computing,0.52,pseudo labeled,
apples touch id fingerprint scanner hitting new ipads iphones,IAB19 Technology & Computing,0.52,pseudo labeled,
apple launch 129inch ipad pro early 2015,IAB19 Technology & Computing,0.52,pseudo labeled,
apple announces 8gb iphone 5c resurrects ipad 4,IAB19 Technology & Computing,0.52,pseudo labeled,
apples macbook pro line might getting preyosemite power boost,IAB19 Technology & Computing,0.52,pseudo labeled,
- Bill Gates: Co-founded Microsoft and was instrumental in the development of the personal computer.,IAB19 Technology & Computing,0.52,synthetic,
3d printer mink lets print makeup computer,IAB19 Technology & Computing,0.52,pseudo labeled,
apple drops price macbook pro retina line,IAB19 Technology & Computing,0.52,pseudo labeled,
intel sees pc market stabilise tablet growth continues,IAB19 Technology & Computing,0.52,pseudo labeled,
exclusive sundar pichai head googles android apple samsung,IAB19 Technology & Computing,0.52,pseudo labeled,
new macbook airs feature minor processor update,IAB19 Technology & Computing,0.52,pseudo labeled,
analyst claims every new iphone ipad ship touch id,IAB19 Technology & Computing,0.52,pseudo labeled,
ransomware worries turn find macfind iphone,IAB19 Technology & Computing,0.52,pseudo labeled,
google creating new 7inch tablet capable capturing 3d images,IAB19 Technology & Computing,0.52,pseudo labeled,
microsoft fixing internet explorer security flaw,IAB19 Technology & Computing,0.52,pseudo labeled,
apple preparing new 129inch ipad early 2015,IAB19 Technology & Computing,0.52,pseudo labeled,
theres longer doubt microsoft chinas crosshairs,IAB19 Technology & Computing,0.52,pseudo labeled,
microsoft office ipad launching next week,IAB19 Technology & Computing,0.52,pseudo labeled,
microsofts nadella getting rid xbox,IAB19 Technology & Computing,0.52,pseudo labeled,
microsofts onenote goes free pc mac,IAB19 Technology & Computing,0.52,pseudo labeled,
microsoft reportedly readying selfie lumia htc porting m8,IAB19 Technology & Computing,0.52,pseudo labeled,
sony z ultra htc one moto g lg g pad 83 samsung galaxy s4 gpe,IAB19 Technology & Computing,0.51,pseudo labeled,
alert logic targets microsoft azure,IAB19 Technology & Computing,0.51,pseudo labeled,
apple invents new idevice superresolution camera engine,IAB19 Technology & Computing,0.51,pseudo labeled,
### 25. The Importance of Troubleshooting Skills in PC Support,IAB19 Technology & Computing,0.51,synthetic,
apple inc aapl foxconn hiring 100000 new employees iphone 6,IAB19 Technology & Computing,0.51,pseudo labeled,
tesco hudl 2 android tablet launching september hudl phones soon,IAB19 Technology & Computing,0.51,pseudo labeled,
apple vs samsung ipad lawsuit apple faces another defeat,IAB19 Technology & Computing,0.51,pseudo labeled,
barracuda microsoft partner secure azure,IAB19 Technology & Computing,0.51,pseudo labeled,
say goodbye windows xp hello atm hackers,IAB19 Technology & Computing,0.51,pseudo labeled,
review surface pro 3 works laptop,IAB19 Technology & Computing,0.51,pseudo labeled,
microsofts titanfall shows xbox ones technology,IAB19 Technology & Computing,0.51,pseudo labeled,
tony fadell nest charge googles hardware initiatives,IAB19 Technology & Computing,0.51,pseudo labeled,
google apple settle operating systems lawsuits,IAB19 Technology & Computing,0.51,pseudo labeled,
google bring endtoend email encryption chrome,IAB19 Technology & Computing,0.51,pseudo labeled,
apple aapl release roundup new wearable devices ipad air iphone 6,IAB19 Technology & Computing,0.51,pseudo labeled,
four things microsoft needs save windows phone,IAB19 Technology & Computing,0.51,pseudo labeled,
stock update hewlettpackard company nysehpq price target,IAB19 Technology & Computing,0.51,pseudo labeled,
previewnow hard part microsoft ceo touts new surface tablets,IAB19 Technology & Computing,0.51,pseudo labeled,
first tablet thinner intel broadwell ipad air,IAB19 Technology & Computing,0.51,pseudo labeled,
developer leaves github alleged harassment,IAB19 Technology & Computing,0.51,pseudo labeled,
intel outperforms dow cisco could face significant reorganization,IAB19 Technology & Computing,0.51,pseudo labeled,
cisco reveals billiondollar plan cloud pack partners,IAB19 Technology & Computing,0.51,pseudo labeled,
lenovo earnings soar solid pc smartphone sales,IAB19 Technology & Computing,0.51,pseudo labeled,
apple working biggest ever ipad 129inch display,IAB19 Technology & Computing,0.51,pseudo labeled,
microsoft really needs launch office ipad,IAB19 Technology & Computing,0.51,pseudo labeled,
new google x moonshot seeks prevent disease big data,IAB19 Technology & Computing,0.51,pseudo labeled,
cloud computing gives adobe mobile apps power boost,IAB19 Technology & Computing,0.51,pseudo labeled,
license fee microsoft os smartphones go,IAB19 Technology & Computing,0.51,pseudo labeled,
icahn effect hits silicon valley,IAB19 Technology & Computing,0.51,pseudo labeled,
microsofts xbox one sales cross 5 million,IAB19 Technology & Computing,0.51,pseudo labeled,
siliconangle satya nadella explains windows phone strategy hints,IAB19 Technology & Computing,0.51,pseudo labeled,
microsoft ipad mini 8inch tablet,IAB19 Technology & Computing,0.51,pseudo labeled,
microsoft unveils office version ipad,IAB19 Technology & Computing,0.51,pseudo labeled,
apple inc introduces 215inch entry level imac rs 79900,IAB19 Technology & Computing,0.51,pseudo labeled,
google creates selfdriving car controlled computers,IAB19 Technology & Computing,0.51,pseudo labeled,
apple updates macbook pro laptops retina display cuts price older,IAB19 Technology & Computing,0.51,pseudo labeled,
macbook air refresh brings haswell 100 price drop,IAB19 Technology & Computing,0.51,pseudo labeled,
xbox one controller functionality coming pc,IAB19 Technology & Computing,0.51,pseudo labeled,
microsoft announces office ipad,IAB19 Technology & Computing,0.51,pseudo labeled,
next nexus tablet may spotted online,IAB19 Technology & Computing,0.51,pseudo labeled,
macbook air refresh speeds processor cuts price still,IAB19 Technology & Computing,0.51,pseudo labeled,
talk cheap microsoft adds 23b market cap rumors office ipad,IAB19 Technology & Computing,0.51,pseudo labeled,
xbox see limited change microsofts massive layoffs,IAB19 Technology & Computing,0.51,pseudo labeled,
traders buy large volume call options microsoft msft,IAB19 Technology & Computing,0.51,pseudo labeled,
new samsung galaxy note 4 concept image packs 575 inch qhd screen,IAB19 Technology & Computing,0.51,pseudo labeled,
sources suggest samsung galaxy note 4 carry 2k display 64bit cpu 4 gb,IAB19 Technology & Computing,0.51,pseudo labeled,
office ipad unveiled microsoft later month,IAB19 Technology & Computing,0.51,pseudo labeled,
apple keynote features new ios mac os x phone call dr dre,IAB19 Technology & Computing,0.51,pseudo labeled,
seven interesting facts microsofts office apps ipad,IAB19 Technology & Computing,0.51,pseudo labeled,
people satisfied xbox 360 ps3 says microsoft,IAB19 Technology & Computing,0.51,pseudo labeled,
microsoft office adds another productivity element ipad comes great,IAB19 Technology & Computing,0.51,pseudo labeled,
apple google intel adobe pay 325 million settle hiring collusion,IAB19 Technology & Computing,0.51,pseudo labeled,
apple reveals new ipad smart cover includes unique multitouch,IAB19 Technology & Computing,0.51,pseudo labeled,
googles overhauled gmail design might launch next month,IAB19 Technology & Computing,0.51,pseudo labeled,
hewlettpackard company hpq releases quarterly earnings results hits,IAB19 Technology & Computing,0.51,pseudo labeled,
apple tv price drops much 30 uk europe mac mini also sees,IAB19 Technology & Computing,0.51,pseudo labeled,
amazon may developing 3d smartphone,IAB19 Technology & Computing,0.51,pseudo labeled,
apple refreshes macbook air line next macbook pro,IAB19 Technology & Computing,0.51,pseudo labeled,
google tv set unveiled today,IAB19 Technology & Computing,0.51,pseudo labeled,
microsofts tradein program macbook air surface pro 3 sheer desperation,IAB19 Technology & Computing,0.51,pseudo labeled,
microsoft giving away 100 gift card windows xp users,IAB19 Technology & Computing,0.51,pseudo labeled,
intel chases cheap android tablets lets another company use cpu cores,IAB19 Technology & Computing,0.51,pseudo labeled,
hp invest 1 billion cloud computing,IAB19 Technology & Computing,0.51,pseudo labeled,
office ipad already hit,IAB19 Technology & Computing,0.51,pseudo labeled,
exmicrosoft employee arrested stealing windows 8 trade secrets,IAB19 Technology & Computing,0.51,pseudo labeled,
samsung launches galaxy core 2 another step towards breakdown,IAB19 Technology & Computing,0.51,pseudo labeled,
apple samsung trying put fingerprint tech tablets,IAB19 Technology & Computing,0.51,pseudo labeled,
htc volantis 9inch nexus tablet 64bit processor board,IAB19 Technology & Computing,0.51,pseudo labeled,
apple ipad mini 2 vs galaxy tab 4 vs hp 7 plus specs features,IAB19 Technology & Computing,0.51,pseudo labeled,
microsoft ceo satya nadella coming sf march 27 talk cloud,IAB19 Technology & Computing,0.51,pseudo labeled,
apple said looking bring display chip design mostly inhouse,IAB19 Technology & Computing,0.51,pseudo labeled,
japan chipmaker renesas shares soar,IAB19 Technology & Computing,0.51,pseudo labeled,
handson surface pro 3 microsoft ultrathin tablet stellar,IAB19 Technology & Computing,0.51,pseudo labeled,
microsoft delivers office rival ipad,IAB19 Technology & Computing,0.51,pseudo labeled,
two new samsung tablets coming july,IAB19 Technology & Computing,0.51,pseudo labeled,
isnt microsoft talking windows 9,IAB19 Technology & Computing,0.51,pseudo labeled,
bandits steal 41m samsung devices,IAB19 Technology & Computing,0.51,pseudo labeled,
space station astronauts spacewalk repair computer,IAB19 Technology & Computing,0.51,pseudo labeled,
amazon unveils fire smartphone,IAB19 Technology & Computing,0.51,pseudo labeled,
microsoft apple completely disagree future computing,IAB19 Technology & Computing,0.51,pseudo labeled,
microsoft set axe 18000 jobs software giant hit rivals success,IAB19 Technology & Computing,0.51,pseudo labeled,
office ipad review microsoft good,IAB19 Technology & Computing,0.51,pseudo labeled,
zuckerberg microsoft sony match facebook oculus,IAB19 Technology & Computing,0.51,pseudo labeled,
laptop tablet killer microsoft surface pro 3 announced,IAB19 Technology & Computing,0.51,pseudo labeled,
microsofts internet explorer security issue,IAB19 Technology & Computing,0.51,pseudo labeled,
heartbleed bug apple confirms iphones ipads macs vulnerable,IAB19 Technology & Computing,0.51,pseudo labeled,
novartis google comes together make smart contact lenses,IAB19 Technology & Computing,0.51,pseudo labeled,
9 new reasons google chromebooks making microsoft nervous,IAB19 Technology & Computing,0.51,pseudo labeled,
apple samsung sign ctias smartphone kill switch,IAB19 Technology & Computing,0.51,pseudo labeled,
microsoft office ipad days away,IAB19 Technology & Computing,0.51,pseudo labeled,
next microsoft msft big windows platform refresh switching,IAB19 Technology & Computing,0.51,pseudo labeled,
apple inc ramping production new iphones 47 55inch screen sizes,IAB19 Technology & Computing,0.51,pseudo labeled,
apple launch 129 inch ipad report,IAB19 Technology & Computing,0.51,pseudo labeled,
ibm mainframe 50 years old,IAB19 Technology & Computing,0.51,pseudo labeled,
apple updates macbook pro laptops cuts price older model,IAB19 Technology & Computing,0.51,pseudo labeled,
comes iwatch first apple wearable computer reportedly set,IAB19 Technology & Computing,0.51,pseudo labeled,
handson intels first broadwell tablet thinner ipad air feels faster,IAB19 Technology & Computing,0.51,pseudo labeled,
iphone ipad ransom attack caused icloud hack says apple,IAB19 Technology & Computing,0.51,pseudo labeled,
samsung unveils lighter slimmer tablet,IAB19 Technology & Computing,0.51,pseudo labeled,
samsung elec jumps 4 pct restructuring speculation,IAB19 Technology & Computing,0.51,pseudo labeled,
apple macbook air gets minor upgrade big price cut,IAB19 Technology & Computing,0.51,pseudo labeled,
apple unveils ios 8 new mac os health apps,IAB19 Technology & Computing,0.51,pseudo labeled,
heres download microsoft office ipad including word excel,IAB19 Technology & Computing,0.51,pseudo labeled,
apple relaunches ipad 4 worldwide,IAB19 Technology & Computing,0.51,pseudo labeled,
apple getting set unveil new 129inch ipad,IAB19 Technology & Computing,0.51,pseudo labeled,
microsoft announces discounted windows 81 bing computer,IAB19 Technology & Computing,0.51,pseudo labeled,
android engineering vp hiroshi lockheimer testifies applesamsung patent trial,IAB19 Technology & Computing,0.5,pseudo labeled,
Future Possibilities for C/C++,IAB19 Technology & Computing,0.5,synthetic,
apple exploring new ipad smart case integrated multitouch keyboard,IAB19 Technology & Computing,0.5,pseudo labeled,
microsoft diss windows 8 released office ipad,IAB19 Technology & Computing,0.5,pseudo labeled,
microsoft ceo nadella talk mobile cloud march 27 event san,IAB19 Technology & Computing,0.5,pseudo labeled,
project tango googles 3d imaging smart phone tablet sibling,IAB19 Technology & Computing,0.5,pseudo labeled,
apple reportedly unveil iwatch alongside iphone 6,IAB19 Technology & Computing,0.5,pseudo labeled,
blackshades rat infects halfmillion computers,IAB19 Technology & Computing,0.5,pseudo labeled,
microsoft rushing fix internet explorer bug affecting 25 pcs,IAB19 Technology & Computing,0.5,pseudo labeled,
gartner says time pc comeback,IAB19 Technology & Computing,0.5,pseudo labeled,
microsoft port office apples ios ipad android,IAB19 Technology & Computing,0.5,pseudo labeled,
ipad soon get microsoft office,IAB19 Technology & Computing,0.5,pseudo labeled,
apple google intel adobe pay 325 mn settle hiring lawsuit,IAB19 Technology & Computing,0.5,pseudo labeled,
apple unveil iwatch alongside iphone 6 september 9,IAB19 Technology & Computing,0.5,pseudo labeled,
new macbook air 2014 specs unbearable release,IAB19 Technology & Computing,0.5,pseudo labeled,
apple loop iphone 6 screens microsoft office ipad ibeacons mlb,IAB19 Technology & Computing,0.5,pseudo labeled,
intel taps chinas rockchip beef tablet portfolio,IAB19 Technology & Computing,0.5,pseudo labeled,
microsoft tries tempt xp diehards 100 discount new pcs,IAB19 Technology & Computing,0.5,pseudo labeled,
### 24. Java's Future: Continued Innovation and Adaptation to Emerging Technologies,IAB19 Technology & Computing,0.5,synthetic,
apple releases new sub1000 macbook air,IAB19 Technology & Computing,0.5,pseudo labeled,
samsungs working oculus rift rival,IAB19 Technology & Computing,0.5,pseudo labeled,
microsoft says cloud gave profits slide silver lining,IAB19 Technology & Computing,0.5,pseudo labeled,
cisco joins cloud wars pledges 1 billion data centers,IAB19 Technology & Computing,0.5,pseudo labeled,
microsoft reinvent productivity empower people says satya nadella,IAB19 Technology & Computing,0.5,pseudo labeled,
next chromebook add power battery life according google intel,IAB19 Technology & Computing,0.5,pseudo labeled,
microsoft finally brings office ipad,IAB19 Technology & Computing,0.5,pseudo labeled,
microsofts office apps ipad usher new era,IAB19 Technology & Computing,0.5,pseudo labeled,
nadella announce microsoft office apple ipad march 27,IAB19 Technology & Computing,0.5,pseudo labeled,
microsoft released office ipad aapl msft,IAB19 Technology & Computing,0.5,pseudo labeled,
microsoft finally announce office ipad,IAB19 Technology & Computing,0.5,pseudo labeled,
microsoft announces largest layoff ever,IAB19 Technology & Computing,0.5,pseudo labeled,
amazon unveils new 47inch fire phone,IAB19 Technology & Computing,0.5,pseudo labeled,
samsung bets big fingerprint scanning war apples ipad,IAB19 Technology & Computing,0.5,pseudo labeled,
microsoft takes aim laptops new surface tablet update,IAB19 Technology & Computing,0.5,pseudo labeled,
google reportedly ties mediatek android one devices,IAB19 Technology & Computing,0.5,pseudo labeled,
internet giants fcc,IAB19 Technology & Computing,0.5,pseudo labeled,
apple unveils new os mac mobile devices wwdc,IAB19 Technology & Computing,0.5,pseudo labeled,
review laptop features costly samsung tablet,IAB19 Technology & Computing,0.5,pseudo labeled,
microsoft release windows selfie phone cater vanity,IAB19 Technology & Computing,0.5,pseudo labeled,
another huge facebook acquisition oculus virtual reality,IAB19 Technology & Computing,0.5,pseudo labeled,
apparently microsoft scroogle privacy whenever wants,IAB19 Technology & Computing,0.5,pseudo labeled,
microsofts office ipad pretty well functional,IAB19 Technology & Computing,0.5,pseudo labeled,
microsoft unveils larger surface 3 tablet,IAB19 Technology & Computing,0.5,pseudo labeled,
htcs mysterious volantis could last ever google nexus tablet,IAB19 Technology & Computing,0.5,pseudo labeled,
microsoft releases office ipad,IAB19 Technology & Computing,0.5,pseudo labeled,
microsoft office may coming ipad near,IAB19 Technology & Computing,0.5,pseudo labeled,
samsung hurls superamoled missile ipad,IAB19 Technology & Computing,0.5,pseudo labeled,
apple boasts improved cameras enhanced performance rereleased ipad 4,IAB19 Technology & Computing,0.5,pseudo labeled,
fully charged google glass gets upgraded hardware new apps oculus,IAB19 Technology & Computing,0.5,pseudo labeled,
apple plans launch 129inch ipad 2015 reports say,IAB19 Technology & Computing,0.5,pseudo labeled,
review microsoft office apple ipad pretty functional,IAB19 Technology & Computing,0.5,pseudo labeled,
lenovo recalls thinkpad battery packs us canada due fire hazard,IAB19 Technology & Computing,0.5,pseudo labeled,
depth meet lenovos new dualmode touchscreen chromebook,IAB19 Technology & Computing,0.5,pseudo labeled,
last office comes ipad sure sign times changing microsoft,IAB19 Technology & Computing,0.5,pseudo labeled,
leaked image suggests apple could release upgraded macbook pro,IAB19 Technology & Computing,0.5,pseudo labeled,
microsoft azure ceritfy sap apps new cloud deal,IAB19 Technology & Computing,0.5,pseudo labeled,
apple launching iphone 5c 8gb,IAB19 Technology & Computing,0.5,pseudo labeled,
google hiring team allstar hackers fix internet,IAB19 Technology & Computing,0.5,pseudo labeled,
intel partners arm chip maker rockchip tablet products,IAB19 Technology & Computing,0.5,pseudo labeled,
spies used facebook help hack millions computers,IAB19 Technology & Computing,0.5,pseudo labeled,
microsoft office finally comes ipad,IAB19 Technology & Computing,0.5,pseudo labeled,
intel haemorrhaging money mobile,IAB19 Technology & Computing,0.5,pseudo labeled,
microsoft finally unveils office apples ipad,IAB19 Technology & Computing,0.5,pseudo labeled,
samsung targets ipad surface kindle new galaxy pro tablet ad,IAB19 Technology & Computing,0.5,pseudo labeled,
microsofts new surface tablets put ceo nadella test,IAB19 Technology & Computing,0.5,pseudo labeled,
5 things silicon valley gets right tech industry,IAB19 Technology & Computing,0.5,pseudo labeled,
nokias hardware division become microsoft mobile,IAB19 Technology & Computing,0.5,pseudo labeled,
mozilla shelves development firefox windows 8 metro,IAB19 Technology & Computing,0.5,pseudo labeled,
facebook confirms oculus purchase,IAB19 Technology & Computing,0.5,pseudo labeled,
international price drops suggest new apple tv mac mini models,IAB19 Technology & Computing,0.5,pseudo labeled,
- The data center industry has also been criticized for its lack of diversity.,IAB19 Technology & Computing,0.5,synthetic,
leak 9inch htc volantis could next nexus tablet,IAB19 Technology & Computing,0.5,pseudo labeled,
meet samsungs advanced android tablets yet,IAB19 Technology & Computing,0.5,pseudo labeled,
windows brings fight google chromebooks trio sub200 laptops,IAB19 Technology & Computing,0.5,pseudo labeled,
android 2014 allstar showdown htc one m8 vs samsung galaxy s5 vs sony,IAB19 Technology & Computing,0.5,pseudo labeled,
apple launches new 215inch allinone imac desktop price availability details,IAB19 Technology & Computing,0.5,pseudo labeled,
microsoft may unveil office ipad march 27,IAB19 Technology & Computing,0.5,pseudo labeled,
"Current Trend: Windows 11 Introduces a Redesigned Interface, Improved Security, and Enhanced Gaming Capabilities",IAB19 Technology & Computing,0.5,synthetic,
nokia becomes microsoft mobile,IAB19 Technology & Computing,0.5,pseudo labeled,
apple updates macbook pro lineup better prices faster product,IAB19 Technology & Computing,0.5,pseudo labeled,
cisco juniper networks hardware could affected heartbleed bug,IAB19 Technology & Computing,0.5,pseudo labeled,
microsoft convinces 12 year old girl get surface 2 ipad mini,IAB19 Technology & Computing,0.5,pseudo labeled,
office ipad climbs number one itunes,IAB19 Technology & Computing,0.5,pseudo labeled,
support windows xp google camera app first heartbleed arrest tech,IAB19 Technology & Computing,0.5,pseudo labeled,
hightech 3d mammograms probably saved womans life,IAB19 Technology & Computing,0.5,pseudo labeled,
launch schedule intel mobile processors,IAB19 Technology & Computing,0.5,pseudo labeled,
microsoft convinces 12year old girl abandon dreams ipad mini surface 2,IAB19 Technology & Computing,0.5,pseudo labeled,
patent giveaway tesla shows silicon valley ingenuity means,IAB19 Technology & Computing,0.5,pseudo labeled,
tech today 3d systems falls sony rises apple cuts beats jobs bbm,IAB19 Technology & Computing,0.5,pseudo labeled,
samsung debut thinnest lightest tablet challenging apple,IAB19 Technology & Computing,0.5,pseudo labeled,
apple updates macbook pro retina display line new specs,IAB19 Technology & Computing,0.5,pseudo labeled,
apple google commit smartphone kill switch,IAB19 Technology & Computing,0.5,pseudo labeled,
microsofts office ipad team discusses ballmers role launch mac,IAB19 Technology & Computing,0.5,pseudo labeled,
hewlettpackard hpq confirms settlement talks shareholder lawsuits,IAB19 Technology & Computing,0.5,pseudo labeled,
world tech update microsoft puts office ipad facebooks 2 billion,IAB19 Technology & Computing,0.5,pseudo labeled,
new apple macbook pros already wild,IAB19 Technology & Computing,0.5,pseudo labeled,
google making 3d tablet report,IAB19 Technology & Computing,0.5,pseudo labeled,
look apple google earnings reports,IAB19 Technology & Computing,0.5,pseudo labeled,
google teams maker rayban oakley develop google glass,IAB19 Technology & Computing,0.5,pseudo labeled,
apple google ended thermonuclear war,IAB19 Technology & Computing,0.5,pseudo labeled,
apple gives macbook pro retina display lineup speed bump,IAB19 Technology & Computing,0.5,pseudo labeled,
new tablet surface microsofts tuesday event,IAB19 Technology & Computing,0.5,pseudo labeled,
apples macbook pro retina display laptops get faster processors,IAB19 Technology & Computing,0.5,pseudo labeled,
google reportedly launching settop box called android tv,IAB19 Technology & Computing,0.5,pseudo labeled,
galaxy tab 105 super amoled tablet unveiled samsung,IAB19 Technology & Computing,0.5,pseudo labeled,
microsoft fix internet explorer attacks,IAB19 Technology & Computing,0.5,pseudo labeled,
samsung launches knox 20 globally,IAB19 Technology & Computing,0.5,pseudo labeled,
microsoft wants replace ipad laptop surface pro 3,IAB19 Technology & Computing,0.5,pseudo labeled,
cloud mobile two facets one thing microsoft ceo nadella,IAB19 Technology & Computing,0.5,pseudo labeled,
think google inc facebook inc apple inc know,IAB19 Technology & Computing,0.5,pseudo labeled,
apple google settle litigation smartphone technology,IAB19 Technology & Computing,0.5,pseudo labeled,
apple inc faces growing chorus criticism tech giant keeps people waiting,IAB19 Technology & Computing,0.5,pseudo labeled,
microsoft expected announce office ipad tomorrow,IAB19 Technology & Computing,0.5,pseudo labeled,
new microsoft office apps ipad heralds new era,IAB19 Technology & Computing,0.5,pseudo labeled,
apples new operating system may way playing catch competitors,IAB19 Technology & Computing,0.5,pseudo labeled,
microsoft chief crows twitter ipad office soars,IAB19 Technology & Computing,0.5,pseudo labeled,
hewlettpackard company price target raised 4000 brean capital hpq,IAB19 Technology & Computing,0.5,pseudo labeled,
google facebook microsoft back initiative prevent next heartbleed,IAB19 Technology & Computing,0.5,pseudo labeled,
samsung announces first tablet range super amoled screens,IAB19 Technology & Computing,0.5,pseudo labeled,
samsung group unveils galaxy tab slimmer apple ipad air,IAB19 Technology & Computing,0.5,pseudo labeled,
partner conference microsofts head clouds,IAB19 Technology & Computing,0.5,pseudo labeled,
excited googles 3 new android announcements,IAB19 Technology & Computing,0.5,pseudo labeled,
samsung galaxy s5 gets samsung knox 20 security platform,IAB19 Technology & Computing,0.5,pseudo labeled,
apple preparing new 129inch ipad early 2015 release,IAB19 Technology & Computing,0.5,pseudo labeled,
adobe brings lightroom iphone adds photoshop tablet app,IAB19 Technology & Computing,0.5,pseudo labeled,
microsoft employee ballmer gets office ipad credit,IAB19 Technology & Computing,0.5,pseudo labeled,
james explores forcing kc vendors pay,IAB19 Technology & Computing,0.5,pseudo labeled,
sap microsoft form cloud data mobile software union,IAB19 Technology & Computing,0.5,pseudo labeled,
nvidia releases geforce 33788 whql video card drivers watch dogs,IAB19 Technology & Computing,0.5,pseudo labeled,
apple begin production 47 inch 55 inch iphone 6 models next month,IAB19 Technology & Computing,0.5,pseudo labeled,
apple expected unveil iwatch alongside iphone 6 sept 9 event,IAB19 Technology & Computing,0.5,pseudo labeled,
