text,iab_label,confidence,source,labels
Commentary,"IAB11 Law, Gov’t & Politics",0.95,subcategories,
U.S. Government Resources,"IAB11 Law, Gov’t & Politics",0.95,subcategories,
Legal Issues,"IAB11 Law, Gov’t & Politics",0.95,subcategories,
Immigration,"IAB11 Law, Gov’t & Politics",0.95,subcategories,
Politics,"IAB11 Law, Gov’t & Politics",0.95,subcategories,
"### 1. Topic: Legal Issues within the Broader Context of Law, Government, & Politics","IAB11 Law, Gov’t & Politics",0.88,synthetic,
minister for fire & emergency services tonga paula piveni piukala,"IAB11 Law, Gov’t & Politics",0.85,scraped,
minister for infrastructure tonga taniela likuohihifo fusimalohi,"IAB11 Law, Gov’t & Politics",0.85,scraped,
"minister for his majesty's armed forces tonga tupoutoâa âulukalala,crown prince","IAB11 Law, Gov’t & Politics",0.85,scraped,
"minister for foreign affairs tonga tupoutoâa âulukalala,crown prince","IAB11 Law, Gov’t & Politics",0.85,scraped,
king tonga tupou vi,"IAB11 Law, Gov’t & Politics",0.85,scraped,
minister for fisheries tonga âaisake valu eke,"IAB11 Law, Gov’t & Politics",0.85,scraped,
"minister for agriculture, food, & forests tonga diosiua moala halavatau","IAB11 Law, Gov’t & Politics",0.85,scraped,
minister for finance tonga âaisake valu eke,"IAB11 Law, Gov’t & Politics",0.85,scraped,
minister for education tonga âuhilamoelangi fasi,"IAB11 Law, Gov’t & Politics",0.85,scraped,
minister for justice tonga moâale finau,"IAB11 Law, Gov’t & Politics",0.85,scraped,
deputy. prime minister tonga taniela likuohihifo fusimalohi,"IAB11 Law, Gov’t & Politics",0.85,scraped,
prime minister tonga âaisake valu eke,"IAB11 Law, Gov’t & Politics",0.85,scraped,
deputy prime minister & coordinating minister for rural development affairs timor-leste mariano assanami sabino lopes,"IAB11 Law, Gov’t & Politics",0.85,scraped,
minister for internal affairs tonga sinaitakala tuâitahi,"IAB11 Law, Gov’t & Politics",0.85,scraped,
minister for police tonga paula piveni piukala,"IAB11 Law, Gov’t & Politics",0.85,scraped,
minister for lands & natural resources tonga âuhilamoelangi fasi,"IAB11 Law, Gov’t & Politics",0.85,scraped,
"minister for meteorology, energy, information, disaster management, environment, climate change, & communications tonga taniela likuohihifo fusimalohi","IAB11 Law, Gov’t & Politics",0.85,scraped,
"minister of home affairs eswatini lindiwe dlamini,princess","IAB11 Law, Gov’t & Politics",0.85,scraped,
"minister for health tonga siale 'akau'ola,dr.","IAB11 Law, Gov’t & Politics",0.85,scraped,
"permanent representative to the un, new york timor-leste karlito nunes","IAB11 Law, Gov’t & Politics",0.85,scraped,
ambassador to the us timor-leste jose luis guterres,"IAB11 Law, Gov’t & Politics",0.85,scraped,
minister of strategic investment timor-leste francisco de sousa,"IAB11 Law, Gov’t & Politics",0.85,scraped,
minister of finance timor-leste santina jose rodrigues ferreira viegas cardoso,"IAB11 Law, Gov’t & Politics",0.85,scraped,
minister of foreign affairs & cooperation timor-leste bendito dos santos freitas,"IAB11 Law, Gov’t & Politics",0.85,scraped,
minister of justice timor-leste amandio de sa,"IAB11 Law, Gov’t & Politics",0.85,scraped,
minister of state administration timor-leste tomas do rosario cabral,"IAB11 Law, Gov’t & Politics",0.85,scraped,
minister of health timor-leste elia a. a. dos reis amaral,"IAB11 Law, Gov’t & Politics",0.85,scraped,
minister of education timor-leste dulce de jesu soares,"IAB11 Law, Gov’t & Politics",0.85,scraped,
"minister of higher education, science, & culture timor-leste jose honorio da costa pereira geronimo","IAB11 Law, Gov’t & Politics",0.85,scraped,
prime minister timor-leste kay rala xanana gusmao,"IAB11 Law, Gov’t & Politics",0.85,scraped,
minister of defense turkmenistan begenc gundogdyyew,"IAB11 Law, Gov’t & Politics",0.85,scraped,
president. timor-leste jose ramos-horta,"IAB11 Law, Gov’t & Politics",0.85,scraped,
minister of education turkmenistan jumamyrat gurbangeldiyew,"IAB11 Law, Gov’t & Politics",0.85,scraped,
"chmn., mejlis of the milli gengesh (lower house of the legislature) turkmenistan dunyagozel gulmanowa","IAB11 Law, Gov’t & Politics",0.85,scraped,
"chmn., state concern - turkmengaz turkmenistan maksat babayew","IAB11 Law, Gov’t & Politics",0.85,scraped,
"chmn., central bank turkmenistan toyly myalikow","IAB11 Law, Gov’t & Politics",0.85,scraped,
prosecutor gen. turkmenistan begmyrat muhamedow,"IAB11 Law, Gov’t & Politics",0.85,scraped,
"secretary., security council turkmenistan begenc gundogdyyew","IAB11 Law, Gov’t & Politics",0.85,scraped,
ambassador to the us turkmenistan meret orazow,"IAB11 Law, Gov’t & Politics",0.85,scraped,
"permanent representative to the un, new york turkmenistan aksoltan atayewa","IAB11 Law, Gov’t & Politics",0.85,scraped,
"chmn., dowlet maslahaty of the milli gengesh (upper house of the legislature) turkmenistan gurbanguly berdimuhamedow","IAB11 Law, Gov’t & Politics",0.85,scraped,
minister of finance & economy turkmenistan mammetguly astanagulow,"IAB11 Law, Gov’t & Politics",0.85,scraped,
minister of environmental protection turkmenistan carygeldi babanyyazow,"IAB11 Law, Gov’t & Politics",0.85,scraped,
minister of energy turkmenistan annageldi saparow,"IAB11 Law, Gov’t & Politics",0.85,scraped,
"chmn., national bank of tajikistan tajikistan firdavs tolibzoda","IAB11 Law, Gov’t & Politics",0.85,scraped,
ambassador to the us tajikistan farrukh hamralizoda,"IAB11 Law, Gov’t & Politics",0.85,scraped,
"permanent representative to the un, new york tajikistan jonibek hikmat","IAB11 Law, Gov’t & Politics",0.85,scraped,
president. turkmenistan serdar berdimuhamedow,"IAB11 Law, Gov’t & Politics",0.85,scraped,
"deputy. chmn., cabinet of ministers turkmenistan nokerguly atagulyyew","IAB11 Law, Gov’t & Politics",0.85,scraped,
"deputy. chmn., cabinet of ministers turkmenistan baymyrat annamammedow","IAB11 Law, Gov’t & Politics",0.85,scraped,
"deputy. chmn., cabinet of ministers turkmenistan tanryguly atahallyyew","IAB11 Law, Gov’t & Politics",0.85,scraped,
"deputy. chmn., cabinet of ministers turkmenistan batyr amanow","IAB11 Law, Gov’t & Politics",0.85,scraped,
"deputy. chmn., cabinet of ministers turkmenistan hojamyrat geldimyradow","IAB11 Law, Gov’t & Politics",0.85,scraped,
"deputy. chmn., cabinet of ministers turkmenistan rasit meredow","IAB11 Law, Gov’t & Politics",0.85,scraped,
"deputy. chmn., cabinet of ministers turkmenistan bayramgul orazdurdyyewa","IAB11 Law, Gov’t & Politics",0.85,scraped,
"deputy. chmn., cabinet of ministers turkmenistan bahar seyidowa","IAB11 Law, Gov’t & Politics",0.85,scraped,
minister of agriculture turkmenistan caryyar cetiyew,"IAB11 Law, Gov’t & Politics",0.85,scraped,
minister of construction & architecture turkmenistan abdulla geldiyew,"IAB11 Law, Gov’t & Politics",0.85,scraped,
minister of culture turkmenistan atageldi samyradow,"IAB11 Law, Gov’t & Politics",0.85,scraped,
minister of public works timor-leste samuel marcal,"IAB11 Law, Gov’t & Politics",0.85,scraped,
minister for national liberation combatant affairs timor-leste gil da costa monteiro,"IAB11 Law, Gov’t & Politics",0.85,scraped,
"minister of agriculture, livestock, fisheries, & forestry timor-leste marcos da cruz","IAB11 Law, Gov’t & Politics",0.85,scraped,
minister of transports & telecommunications timor-leste miguel marque concalves,"IAB11 Law, Gov’t & Politics",0.85,scraped,
secretary. of health mexico david kershenobich stalnikowitz,"IAB11 Law, Gov’t & Politics",0.85,scraped,
minister of tourism maldives ibrahim faisal,"IAB11 Law, Gov’t & Politics",0.85,scraped,
minister of transport and civil aviation maldives mohamed ameen,"IAB11 Law, Gov’t & Politics",0.85,scraped,
"minister of youth empowerment, information, and arts maldives ibrahim waheed","IAB11 Law, Gov’t & Politics",0.85,scraped,
ambassador to the us maldives abdul ghafoor mohamed,"IAB11 Law, Gov’t & Politics",0.85,scraped,
"permanent representative to the un, new york maldives ali naseer mohamed,dr.","IAB11 Law, Gov’t & Politics",0.85,scraped,
president. mexico claudia sheinbaum pardo,"IAB11 Law, Gov’t & Politics",0.85,scraped,
"secretary. of infrastructure, communications, & transport mexico jesus antonio esteva medina","IAB11 Law, Gov’t & Politics",0.85,scraped,
"secretary. of agrarian, territorial, & urban development mexico edna elena vega rangel","IAB11 Law, Gov’t & Politics",0.85,scraped,
secretary. of culture mexico claudia curiel de icaza,"IAB11 Law, Gov’t & Politics",0.85,scraped,
secretary. of economy mexico marcelo ebrard casaubon,"IAB11 Law, Gov’t & Politics",0.85,scraped,
secretary. of energy mexico luz elena gonzalez escobar,"IAB11 Law, Gov’t & Politics",0.85,scraped,
secretary. of environment & natural resources mexico alicia barcena ibarra,"IAB11 Law, Gov’t & Politics",0.85,scraped,
secretary. of external relations mexico juan ramon de la fuente ramirez,"IAB11 Law, Gov’t & Politics",0.85,scraped,
secretary. of finance & public credit mexico edgar amador zamora,"IAB11 Law, Gov’t & Politics",0.85,scraped,
secretary. of govt. mexico rosa icela rodriguez velazquez,"IAB11 Law, Gov’t & Politics",0.85,scraped,
"secretary. of agriculture & rural development, fisheries, & nutrition mexico julio berdegue sacristan","IAB11 Law, Gov’t & Politics",0.85,scraped,
minister of environment marshall islands bremity lakjohn,"IAB11 Law, Gov’t & Politics",0.85,scraped,
"minister of finance, banking, & postal services marshall islands david paul","IAB11 Law, Gov’t & Politics",0.85,scraped,
minister of foreign affairs & trade marshall islands kalani kaneko,"IAB11 Law, Gov’t & Politics",0.85,scraped,
minister of economy north macedonia fatmir levani,"IAB11 Law, Gov’t & Politics",0.85,scraped,
minister of education and science north macedonia vesna janevska,"IAB11 Law, Gov’t & Politics",0.85,scraped,
minister of environment & urban planning north macedonia naser nuradini,"IAB11 Law, Gov’t & Politics",0.85,scraped,
minister of european affairs north macedonia orhan murtenzai,"IAB11 Law, Gov’t & Politics",0.85,scraped,
minister of finance north macedonia gordana dimitrievska-kochoska,"IAB11 Law, Gov’t & Politics",0.85,scraped,
minister of foreign affairs and foreign trade north macedonia timcho mucunski,"IAB11 Law, Gov’t & Politics",0.85,scraped,
minister of health north macedonia arben taravari,"IAB11 Law, Gov’t & Politics",0.85,scraped,
minister of digital transformation north macedonia stefan andonovski,"IAB11 Law, Gov’t & Politics",0.85,scraped,
"minister of sports, fitness, and recreation maldives abdulla rafiu","IAB11 Law, Gov’t & Politics",0.85,scraped,
secretary. of labor & social welfare mexico marath baruch bolanos lopez,"IAB11 Law, Gov’t & Politics",0.85,scraped,
minister of commerce & industry timor-leste filipus nino pereira,"IAB11 Law, Gov’t & Politics",0.85,scraped,
"minister of education, sports, & training marshall islands gerald zackios","IAB11 Law, Gov’t & Politics",0.85,scraped,
minister of foreign affairs turkmenistan rasit meredow,"IAB11 Law, Gov’t & Politics",0.85,scraped,
minister of defense timor-leste donaciano do rosario gomes,"IAB11 Law, Gov’t & Politics",0.85,scraped,
minister of petroleum timor-leste fracisco da costa monteiro,"IAB11 Law, Gov’t & Politics",0.85,scraped,
minister of interior timor-leste francisco da costa guterres,"IAB11 Law, Gov’t & Politics",0.85,scraped,
"minister of solidarity, social, & inclusion timor-leste veronica das dores","IAB11 Law, Gov’t & Politics",0.85,scraped,
"minister of youth, sports, arts, & culture timor-leste nelio isac sarmento","IAB11 Law, Gov’t & Politics",0.85,scraped,
"deputy prime minister, coordinating minister of economic affairs, minister of tourism and environment timor-leste francisco kalbuadi lay","IAB11 Law, Gov’t & Politics",0.85,scraped,
president. poland andrzej duda,"IAB11 Law, Gov’t & Politics",0.85,scraped,
deputy. prime minister & minister of national defense poland wladyslaw kosiniak-kamysz,"IAB11 Law, Gov’t & Politics",0.85,scraped,
ambassador to the us papua new guinea nan,"IAB11 Law, Gov’t & Politics",0.85,scraped,
"secretary. of the navy mexico raymundo pedro morales angeles,adm.","IAB11 Law, Gov’t & Politics",0.85,scraped,
secretary. of public education mexico mario delgado carrillo,"IAB11 Law, Gov’t & Politics",0.85,scraped,
secretary. of public service mexico raquel buentrostro sanchez,"IAB11 Law, Gov’t & Politics",0.85,scraped,
"secretary. of science, humanities, technology, & innovation mexico rosura ruiz gutierrez","IAB11 Law, Gov’t & Politics",0.85,scraped,
secretary. of security & citizen protection mexico omar garcia harfuch,"IAB11 Law, Gov’t & Politics",0.85,scraped,
secretary. of tourism mexico josefina rodriguez zamora,"IAB11 Law, Gov’t & Politics",0.85,scraped,
secretary. of wellbeing mexico ariadna montiel reyes,"IAB11 Law, Gov’t & Politics",0.85,scraped,
"secretary. of national defense mexico ricardo trevilla trejo,gen.","IAB11 Law, Gov’t & Politics",0.85,scraped,
secretary. of women mexico citlalli hernandez mora,"IAB11 Law, Gov’t & Politics",0.85,scraped,
"governor, bank of mexico mexico victoria rodriguez ceja","IAB11 Law, Gov’t & Politics",0.85,scraped,
legal adviser to the presidency mexico ernestina godoy ramos,"IAB11 Law, Gov’t & Politics",0.85,scraped,
"permanent representative to the un, new york mexico hector vasconcelos y cruz","IAB11 Law, Gov’t & Politics",0.85,scraped,
prosecutor gen. mexico alejandro gertz manero,"IAB11 Law, Gov’t & Politics",0.85,scraped,
president. marshall islands hilda cathy heine,"IAB11 Law, Gov’t & Politics",0.85,scraped,
minister in assistance to the president. marshall islands bremity lakjohn,"IAB11 Law, Gov’t & Politics",0.85,scraped,
"minister of culture & internal affairs marshall islands jess gasper, jr.","IAB11 Law, Gov’t & Politics",0.85,scraped,
ambassador to the us mexico esteban moctezuma barragan,"IAB11 Law, Gov’t & Politics",0.85,scraped,
minister of trade & foreign economic relations turkmenistan kerimberdi kurbanow,"IAB11 Law, Gov’t & Politics",0.85,scraped,
minister of labor & social protection turkmenistan muhammetseyit sylapow,"IAB11 Law, Gov’t & Politics",0.85,scraped,
minister of textile industry turkmenistan nurmuhammet orazgeldiyew,"IAB11 Law, Gov’t & Politics",0.85,scraped,
attorney general and minister of legal affairs trinidad and tobago camille robinson-regis,"IAB11 Law, Gov’t & Politics",0.85,scraped,
"permanent representative to the un, new york chad mouctar abakar","IAB11 Law, Gov’t & Politics",0.85,scraped,
minister of transport tajikistan azim ibrohim,"IAB11 Law, Gov’t & Politics",0.85,scraped,
"chmn., state committee for national security tajikistan saymumin yatimov,col. gen.","IAB11 Law, Gov’t & Politics",0.85,scraped,
prosecutor gen. tajikistan habibullo vohidzoda,"IAB11 Law, Gov’t & Politics",0.85,scraped,
minister of public administration trinidad and tobago allyson west,"IAB11 Law, Gov’t & Politics",0.85,scraped,
minister of public utilities trinidad and tobago colm imbert,"IAB11 Law, Gov’t & Politics",0.85,scraped,
minister of rural development and local government trinidad and tobago faris al-rawi,"IAB11 Law, Gov’t & Politics",0.85,scraped,
minister of social development and family services trinidad and tobago donna cox,"IAB11 Law, Gov’t & Politics",0.85,scraped,
minister of sports and community development trinidad and tobago shamfa cudjoe,"IAB11 Law, Gov’t & Politics",0.85,scraped,
"minister of tourism, culture, and the arts trinidad and tobago randall mitchell","IAB11 Law, Gov’t & Politics",0.85,scraped,
minister of trade and industry trinidad and tobago paula gopee-scoon,"IAB11 Law, Gov’t & Politics",0.85,scraped,
minister of planning and development trinidad and tobago pennelope beckles,"IAB11 Law, Gov’t & Politics",0.85,scraped,
minister of works and transport trinidad and tobago rohan sinanan,"IAB11 Law, Gov’t & Politics",0.85,scraped,
"governor, central bank trinidad and tobago alvin hilaire,dr.","IAB11 Law, Gov’t & Politics",0.85,scraped,
minister of national security turkmenistan nazar atagarayew,"IAB11 Law, Gov’t & Politics",0.85,scraped,
ambassador to the us trinidad and tobago (vacant),"IAB11 Law, Gov’t & Politics",0.85,scraped,
"permanent representative to the un, new york trinidad and tobago dennis francis","IAB11 Law, Gov’t & Politics",0.85,scraped,
minister in the office of the prime minister (communications division) trinidad and tobago symon de nobriga,"IAB11 Law, Gov’t & Politics",0.85,scraped,
minister in the office of the prime minister (gender and child affairs) trinidad and tobago ayanna webster-roy,"IAB11 Law, Gov’t & Politics",0.85,scraped,
"minister in the ministry of agriculture, land, and fisheries trinidad and tobago avinash singh","IAB11 Law, Gov’t & Politics",0.85,scraped,
minister of youth development and national service trinidad and tobago foster cummings,"IAB11 Law, Gov’t & Politics",0.85,scraped,
minister in the ministry of finance trinidad and tobago brian manning,"IAB11 Law, Gov’t & Politics",0.85,scraped,
minister of national security trinidad and tobago marvin gonzales,"IAB11 Law, Gov’t & Politics",0.85,scraped,
minister of housing and urban development trinidad and tobago adrian leonce,"IAB11 Law, Gov’t & Politics",0.85,scraped,
minister for trade & economic development tonga kapelieli militoni lanumata,"IAB11 Law, Gov’t & Politics",0.85,scraped,
attorney gen. tonga linda simiki folaumoetu'i,"IAB11 Law, Gov’t & Politics",0.85,scraped,
"governor, national reserve bank tonga sione ngongo kioa","IAB11 Law, Gov’t & Politics",0.85,scraped,
ambassador to the us tonga viliami va'inga tone,"IAB11 Law, Gov’t & Politics",0.85,scraped,
minister of public health & prevention chad abdelmadjid abderahim mahamat,"IAB11 Law, Gov’t & Politics",0.85,scraped,
"minister of national education, bilingualism, & civic promotion chad aboubakar assidick choroma","IAB11 Law, Gov’t & Politics",0.85,scraped,
"minister of mines, petroleum, & geology chad ndolenodji alix naimbai","IAB11 Law, Gov’t & Politics",0.85,scraped,
minister of livestock & animal production chad abderahim awad atteib,"IAB11 Law, Gov’t & Politics",0.85,scraped,
"minister delegate to the minister of foreign affairs, african integration, & chadians abroad chad fatime aldjine garfa","IAB11 Law, Gov’t & Politics",0.85,scraped,
minister of territorial administration & decentralization chad limane mahamat,"IAB11 Law, Gov’t & Politics",0.85,scraped,
minister delegate to the minister of territorial administration & decentralization chad ahmat oumar,"IAB11 Law, Gov’t & Politics",0.85,scraped,
"secretary. of state for higher education, scientific research, & vocational training chad colette gabere","IAB11 Law, Gov’t & Politics",0.85,scraped,
"secretary. of state for infrastructure, in charge of road maintenance chad haoua abdelkarim ahmadaye","IAB11 Law, Gov’t & Politics",0.85,scraped,
secretary. of state for justice and human rights chad aminatou bello,"IAB11 Law, Gov’t & Politics",0.85,scraped,
"secretary. of state for national education, bilingualism, & civic promotion chad ahmat youssouf tahir","IAB11 Law, Gov’t & Politics",0.85,scraped,
"secretary. of state for petroleum, in charge of mines & geology chad khadidja hassana abdoulaye","IAB11 Law, Gov’t & Politics",0.85,scraped,
secretary. of state for public health & prevention chad mbaidedji dekandji francine,"IAB11 Law, Gov’t & Politics",0.85,scraped,
deputy secretary. gen. of the government chad saleh bourma,"IAB11 Law, Gov’t & Politics",0.85,scraped,
secretary. of state for finance & budget chad ali djadda kampard,"IAB11 Law, Gov’t & Politics",0.85,scraped,
"minister of social action, solidarity, & humanitarian affairs chad zara mahamat issa","IAB11 Law, Gov’t & Politics",0.85,scraped,
minister of public service & social dialogue chad abdoulaye mbodou mbami,"IAB11 Law, Gov’t & Politics",0.85,scraped,
minister of public security & immigration chad ali ahmat akhabach,"IAB11 Law, Gov’t & Politics",0.85,scraped,
minister of state chad amina priscille longoh,"IAB11 Law, Gov’t & Politics",0.85,scraped,
minister spokesperson of the government chad gassim cherif,"IAB11 Law, Gov’t & Politics",0.85,scraped,
minister of agricultural production & industrialization chad kedha balla,"IAB11 Law, Gov’t & Politics",0.85,scraped,
"minister of the armed forces, veterans & war victims chad issakha maloua djamous","IAB11 Law, Gov’t & Politics",0.85,scraped,
minister of commerce & industry chad guibolo fanga mathieu,"IAB11 Law, Gov’t & Politics",0.85,scraped,
"minister of communication, digital economy, & digitalization chad boukar michel","IAB11 Law, Gov’t & Politics",0.85,scraped,
"minister of environment, fisheries, & sustainable development chad hassan bakhit djamous","IAB11 Law, Gov’t & Politics",0.85,scraped,
"minister of finance, budget, economy, planning, & international cooperation chad tahir hamid nguilin","IAB11 Law, Gov’t & Politics",0.85,scraped,
"minister of foreign affairs, african integration, & chadians abroad chad abdoulaye sabre fadoul","IAB11 Law, Gov’t & Politics",0.85,scraped,
"minister of higher education, scientific research, & vocational training chad tom erdimi","IAB11 Law, Gov’t & Politics",0.85,scraped,
minister of infrastructure & road maintenance chad amir idriss kourda,"IAB11 Law, Gov’t & Politics",0.85,scraped,
"minister of justice, guardian of the seals, in charge of human rights chad youssouf tom","IAB11 Law, Gov’t & Politics",0.85,scraped,
minister of land development & urban planning chad assileck mahamat halata,"IAB11 Law, Gov’t & Politics",0.85,scraped,
"permanent representative to the un, new york tonga viliami va'inga tone","IAB11 Law, Gov’t & Politics",0.85,scraped,
president trinidad and tobago christine kangaloo,"IAB11 Law, Gov’t & Politics",0.85,scraped,
prime minister trinidad and tobago stuart richard young,"IAB11 Law, Gov’t & Politics",0.85,scraped,
minister of tourism tunisia sofiane teguia,"IAB11 Law, Gov’t & Politics",0.85,scraped,
minister of religious affairs tunisia ahmed bouhali,"IAB11 Law, Gov’t & Politics",0.85,scraped,
minister of agriculture tunisia azzedine ben cheikh,"IAB11 Law, Gov’t & Politics",0.85,scraped,
minister of communication & technology tunisia sofiane el hmissi,"IAB11 Law, Gov’t & Politics",0.85,scraped,
minister of cultural affairs tunisia amina srarfi,"IAB11 Law, Gov’t & Politics",0.85,scraped,
minister of economy & planning tunisia samir abdel hafeez,"IAB11 Law, Gov’t & Politics",0.85,scraped,
minister of education tunisia noureddine nouri,"IAB11 Law, Gov’t & Politics",0.85,scraped,
minister of employment & vocational training tunisia riadh chaoud,"IAB11 Law, Gov’t & Politics",0.85,scraped,
"minister of energy, industry, & mines tunisia fatma thabet chiboub","IAB11 Law, Gov’t & Politics",0.85,scraped,
minister of environment tunisia habib obeid,"IAB11 Law, Gov’t & Politics",0.85,scraped,
minister of finance tunisia michket slama khaldi,"IAB11 Law, Gov’t & Politics",0.85,scraped,
"minister of foreign affairs, expatriates, & immigration tunisia mohamed ali nafti","IAB11 Law, Gov’t & Politics",0.85,scraped,
minister of health tunisia mustapha ferjani,"IAB11 Law, Gov’t & Politics",0.85,scraped,
minister of higher education & scientific research tunisia mondher belaid,"IAB11 Law, Gov’t & Politics",0.85,scraped,
minister of interior tunisia khaled nouri,"IAB11 Law, Gov’t & Politics",0.85,scraped,
minister of justice tunisia leila jaffel,"IAB11 Law, Gov’t & Politics",0.85,scraped,
minister of land affairs & state properties tunisia wajdi hedhili,"IAB11 Law, Gov’t & Politics",0.85,scraped,
minister of national defense tunisia khaled sehili,"IAB11 Law, Gov’t & Politics",0.85,scraped,
minister of public works & housing tunisia salah zouari,"IAB11 Law, Gov’t & Politics",0.85,scraped,
minister for tourism tonga moâale finau,"IAB11 Law, Gov’t & Politics",0.85,scraped,
minister for revenue & customs tonga mateni tapueluelu,"IAB11 Law, Gov’t & Politics",0.85,scraped,
minister for public enterprises tonga paula piveni piukala,"IAB11 Law, Gov’t & Politics",0.85,scraped,
minister for prisons tonga âaisake valu eke,"IAB11 Law, Gov’t & Politics",0.85,scraped,
minister of health & medical industry turkmenistan myrat mammedow,"IAB11 Law, Gov’t & Politics",0.85,scraped,
minister of industry & construction turkmenistan toyguly nurow,"IAB11 Law, Gov’t & Politics",0.85,scraped,
minister of internal affairs turkmenistan muhammet hydyrow,"IAB11 Law, Gov’t & Politics",0.85,scraped,
minister of justice turkmenistan merettagan taganow,"IAB11 Law, Gov’t & Politics",0.85,scraped,
minister of justice north macedonia igor filkov,"IAB11 Law, Gov’t & Politics",0.85,scraped,
minister of social affairs tunisia issam lahmar,"IAB11 Law, Gov’t & Politics",0.85,scraped,
"permanent representative to the un, new york tunisia nabil ammar","IAB11 Law, Gov’t & Politics",0.85,scraped,
minister of labor trinidad and tobago stephen mcclashie,"IAB11 Law, Gov’t & Politics",0.85,scraped,
minister of health & social welfare tuvalu tuafafa latasi,"IAB11 Law, Gov’t & Politics",0.85,scraped,
"minister of agriculture, land, and fisheries trinidad and tobago kazim hosein","IAB11 Law, Gov’t & Politics",0.85,scraped,
minister of communication trinidad and tobago maxie cuffee,"IAB11 Law, Gov’t & Politics",0.85,scraped,
minister of digital transformation trinidad and tobago hassel bacchus,"IAB11 Law, Gov’t & Politics",0.85,scraped,
"minister of education trinidad and tobago nyan gadsby-dolly,dr.","IAB11 Law, Gov’t & Politics",0.85,scraped,
minister of energy and energy industries trinidad and tobago stuart richard young,"IAB11 Law, Gov’t & Politics",0.85,scraped,
minister of finance trinidad and tobago vishnu dhanpaul,"IAB11 Law, Gov’t & Politics",0.85,scraped,
"minister of foreign and caricom affairs trinidad and tobago amery browne,dr.","IAB11 Law, Gov’t & Politics",0.85,scraped,
minister of health trinidad and tobago terrence deyalsingh,"IAB11 Law, Gov’t & Politics",0.85,scraped,
minister of the arts & multiculturalism trinidad and tobago lincoln douglas,"IAB11 Law, Gov’t & Politics",0.85,scraped,
minister in the office of the attorney general and ministry of legal affairs trinidad and tobago renuka sagramsingh-sooklal,"IAB11 Law, Gov’t & Politics",0.85,scraped,
president. tunisia kais saied,"IAB11 Law, Gov’t & Politics",0.85,scraped,
prime minister tunisia sarra zaafrani zenzri,"IAB11 Law, Gov’t & Politics",0.85,scraped,
minister of transportation tunisia rachid amri,"IAB11 Law, Gov’t & Politics",0.85,scraped,
"minister of women, children, elderly, & family tunisia asmaa jaberi","IAB11 Law, Gov’t & Politics",0.85,scraped,
minister of youth & sports tunisia sadek el mouralli,"IAB11 Law, Gov’t & Politics",0.85,scraped,
secretary. of state for international cooperation tunisia aida hamdi,"IAB11 Law, Gov’t & Politics",0.85,scraped,
secretary. gen. of the cabinet tunisia sarra rejeb,"IAB11 Law, Gov’t & Politics",0.85,scraped,
"speaker, people's representative assembly tunisia brahim bouderbala","IAB11 Law, Gov’t & Politics",0.85,scraped,
"governor, central bank tunisia fethi zouhair nouri","IAB11 Law, Gov’t & Politics",0.85,scraped,
minister of trade & export development tunisia samir obeid,"IAB11 Law, Gov’t & Politics",0.85,scraped,
ambassador to the us tunisia hanene tajouri bessassi,"IAB11 Law, Gov’t & Politics",0.85,scraped,
"governor gen. tuvalu tofiga vaevalu falani,rev.","IAB11 Law, Gov’t & Politics",0.85,scraped,
prime minister tuvalu feleti penitala teo,"IAB11 Law, Gov’t & Politics",0.85,scraped,
deputy. prime minister tuvalu panapasi nelesone,"IAB11 Law, Gov’t & Politics",0.85,scraped,
"minister of education, human resources, youth, & sports tuvalu hamoa halona","IAB11 Law, Gov’t & Politics",0.85,scraped,
minister of finance & development tuvalu panapasi nelesone,"IAB11 Law, Gov’t & Politics",0.85,scraped,
"minister of foreign affairs, trade, & labor tuvalu paulson panapa","IAB11 Law, Gov’t & Politics",0.85,scraped,
minister of information society and administration north macedonia goran minchev,"IAB11 Law, Gov’t & Politics",0.85,scraped,
minister of sport north macedonia borko ristovski,"IAB11 Law, Gov’t & Politics",0.85,scraped,
minister of labor and social policy north macedonia gojko velkovski,"IAB11 Law, Gov’t & Politics",0.85,scraped,
minister of youth & sports mozambique caifardine manasse,"IAB11 Law, Gov’t & Politics",0.85,scraped,
minister of agriculture & food sovereignty mauritania momme ould beibate,"IAB11 Law, Gov’t & Politics",0.85,scraped,
minister of civil service & labor mauritania mohamed ould soueidatt,"IAB11 Law, Gov’t & Politics",0.85,scraped,
attorney gen. mozambique beatriz da consolacao mateus buchili,"IAB11 Law, Gov’t & Politics",0.85,scraped,
minister of children & families mauritania safiha mint ntahah,"IAB11 Law, Gov’t & Politics",0.85,scraped,
minister of defense & veterans affairs & martyrsâ families mauritania hanana ould sidi,"IAB11 Law, Gov’t & Politics",0.85,scraped,
minister of digital transformation & modernization of the administration mauritania ahmed salem ebode,"IAB11 Law, Gov’t & Politics",0.85,scraped,
minister of economy & finance mauritania sidâahmed bouh,"IAB11 Law, Gov’t & Politics",0.85,scraped,
minister of education & teaching reform mauritania houda babah,"IAB11 Law, Gov’t & Politics",0.85,scraped,
minister of energy & oil mauritania mohamed ould khaled,"IAB11 Law, Gov’t & Politics",0.85,scraped,
minister of environment & sustainable development mauritania massouda baham,"IAB11 Law, Gov’t & Politics",0.85,scraped,
"permanent representative to the un, new york papua new guinea fred sarufa","IAB11 Law, Gov’t & Politics",0.85,scraped,
"minister of culture, arts, communication, & relations with parliament mauritania houssein ould medou","IAB11 Law, Gov’t & Politics",0.85,scraped,
chief of staff to the president's office mozambique adelaide anchia amurane,"IAB11 Law, Gov’t & Politics",0.85,scraped,
minister of veterans affairs mozambique josefina beato mateus mpelo,"IAB11 Law, Gov’t & Politics",0.85,scraped,
minister of local self-government north macedonia zlatko perinski,"IAB11 Law, Gov’t & Politics",0.85,scraped,
prime minister mozambique maria benvinda levi,"IAB11 Law, Gov’t & Politics",0.85,scraped,
"minister of agriculture, environment, & fisheries mozambique roberto albino","IAB11 Law, Gov’t & Politics",0.85,scraped,
minister of communications & digital transformation mozambique americo muchanga,"IAB11 Law, Gov’t & Politics",0.85,scraped,
minister of economy mozambique basilio muhate,"IAB11 Law, Gov’t & Politics",0.85,scraped,
minister of education & culture mozambique samaria dos anjos filemon tovela,"IAB11 Law, Gov’t & Politics",0.85,scraped,
minister of finance mozambique carla alexandra louveira,"IAB11 Law, Gov’t & Politics",0.85,scraped,
minister of foreign affairs & cooperation mozambique maria dos santos lucas,"IAB11 Law, Gov’t & Politics",0.85,scraped,
minister of health mozambique ussene isse,"IAB11 Law, Gov’t & Politics",0.85,scraped,
minister of the interior mozambique paulo chachine,"IAB11 Law, Gov’t & Politics",0.85,scraped,
minister of justice & constitutional & religious affairs mozambique mateus finiasse saize,"IAB11 Law, Gov’t & Politics",0.85,scraped,
"minister of labor, gender, & social action mozambique ivete ferrao alane","IAB11 Law, Gov’t & Politics",0.85,scraped,
minister of mineral resources & energy mozambique estevao pale,"IAB11 Law, Gov’t & Politics",0.85,scraped,
minister of national defense mozambique cristovao chume,"IAB11 Law, Gov’t & Politics",0.85,scraped,
prime minister mauritania moctar ould diay,"IAB11 Law, Gov’t & Politics",0.85,scraped,
president. mauritania mohamed ould cheikh ghazouani,"IAB11 Law, Gov’t & Politics",0.85,scraped,
"permanent representative to the un, new york mozambique domingo estevao fernandes","IAB11 Law, Gov’t & Politics",0.85,scraped,
ambassador to the us mozambique alfredo fabiã£o nuvunga,"IAB11 Law, Gov’t & Politics",0.85,scraped,
minister for road & transport development mongolia jadamba bat-erdene,"IAB11 Law, Gov’t & Politics",0.85,scraped,
speaker of parliament mongolia miyegombo enkhbold,"IAB11 Law, Gov’t & Politics",0.85,scraped,
"minister of food , agriculture, & light industry mongolia batjargal batzorig","IAB11 Law, Gov’t & Politics",0.85,scraped,
"governor, bank of mongolia mongolia bayartsaikhan nadmid","IAB11 Law, Gov’t & Politics",0.85,scraped,
president. mongolia khaltmaa battulga,"IAB11 Law, Gov’t & Politics",0.85,scraped,
ambassador to the us montenegro jovan mirkovic,"IAB11 Law, Gov’t & Politics",0.85,scraped,
minister of finance montenegro novica vukovic,"IAB11 Law, Gov’t & Politics",0.85,scraped,
minister of health montenegro vojislav simun,"IAB11 Law, Gov’t & Politics",0.85,scraped,
minister of human & minority rights montenegro fatmir gjeka,"IAB11 Law, Gov’t & Politics",0.85,scraped,
minister of the interior montenegro danilo saranovic,"IAB11 Law, Gov’t & Politics",0.85,scraped,
minister of justice montenegro bojan bozovic,"IAB11 Law, Gov’t & Politics",0.85,scraped,
minister of labor employment and social dialogue montenegro naida nisic,"IAB11 Law, Gov’t & Politics",0.85,scraped,
minister of maritime affairs montenegro filip radulovic,"IAB11 Law, Gov’t & Politics",0.85,scraped,
"permanent representative to the un, new york montenegro dragana radulovic","IAB11 Law, Gov’t & Politics",0.85,scraped,
"minister of mining, oil, and gas montenegro admir sahmanovic","IAB11 Law, Gov’t & Politics",0.85,scraped,
minister of regional investment development and cooperation with ngo's montenegro ernad suljevic,"IAB11 Law, Gov’t & Politics",0.85,scraped,
"minister of social care, family, and demographics montenegro damir gutic","IAB11 Law, Gov’t & Politics",0.85,scraped,
"minister of spatial planning, urbanism & state property montenegro slaven radunovic","IAB11 Law, Gov’t & Politics",0.85,scraped,
minister of sports and youth montenegro dragoslav scekic,"IAB11 Law, Gov’t & Politics",0.85,scraped,
minister of transport montenegro maja vukicevic,"IAB11 Law, Gov’t & Politics",0.85,scraped,
minister of tourism montenegro simonida kordic,"IAB11 Law, Gov’t & Politics",0.85,scraped,
minister without portfolio montenegro milutin butorovic,"IAB11 Law, Gov’t & Politics",0.85,scraped,
minister of public administration montenegro marash dukaj,"IAB11 Law, Gov’t & Politics",0.85,scraped,
ambassador to the us mongolia yondon otgonbayar,"IAB11 Law, Gov’t & Politics",0.85,scraped,
"permanent representative to the un, new york mongolia sukhee sukhbold","IAB11 Law, Gov’t & Politics",0.85,scraped,
president. mozambique daniel francisco chapo,"IAB11 Law, Gov’t & Politics",0.85,scraped,
"governor, bank of mozambique mozambique rogerio zandamela","IAB11 Law, Gov’t & Politics",0.85,scraped,
minister of planning & development mozambique salim vala,"IAB11 Law, Gov’t & Politics",0.85,scraped,
minister of public works & water resources mozambique carlos alberto fortes mesquita,"IAB11 Law, Gov’t & Politics",0.85,scraped,
minister of state admin. & civil service mozambique inocenio impissa,"IAB11 Law, Gov’t & Politics",0.85,scraped,
president. mali assimi goita,"IAB11 Law, Gov’t & Politics",0.85,scraped,
"minister of health & social development mali assa badiallo toure,col.","IAB11 Law, Gov’t & Politics",0.85,scraped,
minister of agriculture mali lassine dembele,"IAB11 Law, Gov’t & Politics",0.85,scraped,
"minister of communication, digital economy, & administration modernization mali alhamdon ag ilyene","IAB11 Law, Gov’t & Politics",0.85,scraped,
"minister of defense & veterans affairs mali sadio camara,col.","IAB11 Law, Gov’t & Politics",0.85,scraped,
minister of economy & finance mali alousseni sanou,"IAB11 Law, Gov’t & Politics",0.85,scraped,
minister of energy & water mali bintou camara,"IAB11 Law, Gov’t & Politics",0.85,scraped,
"minister of entrepreneurship, employment, & vocational training mali bagayoko aminata traore","IAB11 Law, Gov’t & Politics",0.85,scraped,
"minister of environment, sanitation, & sustainable development mali mamadou samake","IAB11 Law, Gov’t & Politics",0.85,scraped,
minister of foreign affairs & intl. cooperation mali abdoulaye diop,"IAB11 Law, Gov’t & Politics",0.85,scraped,
"minister of advancement of women, children, & family mali mariam maiga","IAB11 Law, Gov’t & Politics",0.85,scraped,
"minister delegate at the ministry of rural development, in charge of livestock & fisheries mali youba ba","IAB11 Law, Gov’t & Politics",0.85,scraped,
ambassador to the us mali sekouk berthe,"IAB11 Law, Gov’t & Politics",0.85,scraped,
"permanent representative to the un, new york mali issa konfourou","IAB11 Law, Gov’t & Politics",0.85,scraped,
"governor, central bank malta edward scicluna","IAB11 Law, Gov’t & Politics",0.85,scraped,
ambassador to the us malta keith azzopardi,"IAB11 Law, Gov’t & Politics",0.85,scraped,
"permanent representative to the un, new york malta vanessa frazier","IAB11 Law, Gov’t & Politics",0.85,scraped,
president. montenegro jakov milatovic,"IAB11 Law, Gov’t & Politics",0.85,scraped,
prime minister montenegro milojko spajic,"IAB11 Law, Gov’t & Politics",0.85,scraped,
deputy. prime minister of economic policy and minister of economic development montenegro nik gjeloshaj,"IAB11 Law, Gov’t & Politics",0.85,scraped,
deputy. prime minister for education science and relations with religious communities montenegro budimir aleksic,"IAB11 Law, Gov’t & Politics",0.85,scraped,
"minister for transport, infrastructure, and capital projects malta aaron farrugia","IAB11 Law, Gov’t & Politics",0.85,scraped,
deputy. prime minister for foreign and european affairs montenegro filip ivanovic,"IAB11 Law, Gov’t & Politics",0.85,scraped,
deputy. prime minister for international relations and minister of foreign affairs montenegro ervin ibrahimovic,"IAB11 Law, Gov’t & Politics",0.85,scraped,
"deputy. prime minister for the political system, judiciary  anti-corruption montenegro momo koprivica","IAB11 Law, Gov’t & Politics",0.85,scraped,
deputy. prime minister for security defense and fight against crime and internal policy montenegro aleksa becic,"IAB11 Law, Gov’t & Politics",0.85,scraped,
"minister of agriculture, forestry & water management montenegro vladimir jokovic","IAB11 Law, Gov’t & Politics",0.85,scraped,
minister of culture & media montenegro tamara vujovic,"IAB11 Law, Gov’t & Politics",0.85,scraped,
prime minister mali choguel kokalla maiga,"IAB11 Law, Gov’t & Politics",0.85,scraped,
permanent representative to the un north macedonia ljubomir frckoski,"IAB11 Law, Gov’t & Politics",0.85,scraped,
minister of transport & logistics mozambique joao matlombe,"IAB11 Law, Gov’t & Politics",0.85,scraped,
"governor, national bank of the republic of north macedonia north macedonia anita angelovska-bezoska","IAB11 Law, Gov’t & Politics",0.85,scraped,
minister for european integration montenegro maida gorcevic,"IAB11 Law, Gov’t & Politics",0.85,scraped,
minister without portfolio for attracting foreign investment north macedonia elvin hasan,"IAB11 Law, Gov’t & Politics",0.85,scraped,
minister of energy & mining montenegro admir sahmanovic,"IAB11 Law, Gov’t & Politics",0.85,scraped,
"minister of ecology, sustainable development, and development of the north montenegro damjan culafic","IAB11 Law, Gov’t & Politics",0.85,scraped,
minister of justice & keeper of the seals mali mahamadou kassogue,"IAB11 Law, Gov’t & Politics",0.85,scraped,
"minister of labor, public services, & social dialogue mali fassoun coulibaly","IAB11 Law, Gov’t & Politics",0.85,scraped,
minister of livestock & fisheries mali youba ba,"IAB11 Law, Gov’t & Politics",0.85,scraped,
minister of malians living abroad & african integration mali mossa ag attaher,"IAB11 Law, Gov’t & Politics",0.85,scraped,
minister of mines mali amadou keita,"IAB11 Law, Gov’t & Politics",0.85,scraped,
minister of national education mali amadou sy savane,"IAB11 Law, Gov’t & Politics",0.85,scraped,
"minister of reconciliation, peace, & national cohesion mali ismael wague,col. maj.","IAB11 Law, Gov’t & Politics",0.85,scraped,
minister of industry and commerce mali moussa alassane diallo,"IAB11 Law, Gov’t & Politics",0.85,scraped,
"minister of religious affairs, worship, & customary affairs mali mamadou kone","IAB11 Law, Gov’t & Politics",0.85,scraped,
"minister of security & civilian protection mali daoud aly mohammedine,col. maj.","IAB11 Law, Gov’t & Politics",0.85,scraped,
minister of state reforms in charge of relations with public institutions mali ibrahim ikassa maiga,"IAB11 Law, Gov’t & Politics",0.85,scraped,
"minister of territorial admin. & decentralization mali abdoulaye maiga,lt. col.","IAB11 Law, Gov’t & Politics",0.85,scraped,
minister of transport and infrastructure mali dembele madina sissoko,"IAB11 Law, Gov’t & Politics",0.85,scraped,
"minister of town planning, housing, estates, territorial development, and population mali imirane abdoulaye toure","IAB11 Law, Gov’t & Politics",0.85,scraped,
minister of youth & sports mali abdoul kassim fomba,"IAB11 Law, Gov’t & Politics",0.85,scraped,
"minister delegate of the prime minister, in charge of political & institutional reforms mali fatoumata sekou dicko","IAB11 Law, Gov’t & Politics",0.85,scraped,
minister of rural development mali modiba keita,"IAB11 Law, Gov’t & Politics",0.85,scraped,
"minister delegate at the ministry of health and social development in charge of humanitarian action and solidarity affairs, solidarity with refugees and displaced persons mali oumarou diarra","IAB11 Law, Gov’t & Politics",0.85,scraped,
minister of higher education & scientific research mali bourema kansaye,"IAB11 Law, Gov’t & Politics",0.85,scraped,
"minister of handicrafts, culture, hotel industry, & tourism mali andogoly guindo","IAB11 Law, Gov’t & Politics",0.85,scraped,
ambassador to the united states north macedonia vacant,"IAB11 Law, Gov’t & Politics",0.85,scraped,
attorney general north macedonia ljupco svrgovski,"IAB11 Law, Gov’t & Politics",0.85,scraped,
chief of the general staff of the army of the republic of north macedonia north macedonia vasko gjurcinovski,"IAB11 Law, Gov’t & Politics",0.85,scraped,
minister of mining & heavy industry mongolia dolgorsuren sumiyabazar,"IAB11 Law, Gov’t & Politics",0.85,scraped,
minister of labor & social protection mongolia sodnom chinzorig,"IAB11 Law, Gov’t & Politics",0.85,scraped,
minister of justice & home affairs mongolia tsend nyamdorj,"IAB11 Law, Gov’t & Politics",0.85,scraped,
minister of foreign affairs & cooperation monaco laurent anselmi,"IAB11 Law, Gov’t & Politics",0.85,scraped,
minister of health & social affairs monaco cristophe robino,"IAB11 Law, Gov’t & Politics",0.85,scraped,
minister of the interior monaco patrice cellario,"IAB11 Law, Gov’t & Politics",0.85,scraped,
"minister of public works, the environment, & urban development monaco celine caron-dagioni","IAB11 Law, Gov’t & Politics",0.85,scraped,
ambassador to the us monaco maguy maccario doyle,"IAB11 Law, Gov’t & Politics",0.85,scraped,
"permanent representative to the un, new york monaco isabelle picco","IAB11 Law, Gov’t & Politics",0.85,scraped,
minister of state & president. of the governing council monaco pierre dartout,"IAB11 Law, Gov’t & Politics",0.85,scraped,
president. madagascar andry rajoelina,"IAB11 Law, Gov’t & Politics",0.85,scraped,
minister of agriculture & livestock madagascar francois sergio hajarison,"IAB11 Law, Gov’t & Politics",0.85,scraped,
minister of communication & culture madagascar volamiranty donna mara,"IAB11 Law, Gov’t & Politics",0.85,scraped,
"minister of digital development, digital transformation, postal, & telecommunications madagascar stephanie delmotte","IAB11 Law, Gov’t & Politics",0.85,scraped,
minister of economy & finance madagascar rindra hasimbelo rabarinirinaririson,"IAB11 Law, Gov’t & Politics",0.85,scraped,
minister of energy & hydrocarbons madagascar olivier jean baptiste,"IAB11 Law, Gov’t & Politics",0.85,scraped,
minister of fisheries & blue economy madagascar tsimanaoraty paubert mahatante,"IAB11 Law, Gov’t & Politics",0.85,scraped,
minister of environment & sustainable development madagascar max andonirina fontaine,"IAB11 Law, Gov’t & Politics",0.85,scraped,
prime minister madagascar christian ntsay,"IAB11 Law, Gov’t & Politics",0.85,scraped,
minister of foreign affairs madagascar rafaravavitatika rasata,"IAB11 Law, Gov’t & Politics",0.85,scraped,
"chief of state monaco albert ii,prince","IAB11 Law, Gov’t & Politics",0.85,scraped,
ambassador to the us morocco youssef amrani,"IAB11 Law, Gov’t & Politics",0.85,scraped,
minister of interior morocco abdelouafi laftit,"IAB11 Law, Gov’t & Politics",0.85,scraped,
minister of justice morocco abdellatif ouahbi,"IAB11 Law, Gov’t & Politics",0.85,scraped,
"minister of national education, preschool, & sports morocco mohamed saad berrada","IAB11 Law, Gov’t & Politics",0.85,scraped,
"minister of national lands, housing, & urban planning & policy morocco fatima ezzahra el mansouri","IAB11 Law, Gov’t & Politics",0.85,scraped,
minister of public works & water morocco nizar baraka,"IAB11 Law, Gov’t & Politics",0.85,scraped,
"minister of solidarity, social integration, & family morocco naima ben yahia","IAB11 Law, Gov’t & Politics",0.85,scraped,
"minister of tourism, handicrafts, social economy, & solidarity morocco fatima-zahra ammor","IAB11 Law, Gov’t & Politics",0.85,scraped,
"permanent representative to the un, new york morocco omar hilale","IAB11 Law, Gov’t & Politics",0.85,scraped,
minister of transport & logistics morocco abdessamad kayouh,"IAB11 Law, Gov’t & Politics",0.85,scraped,
minister of finance & the economy monaco jean castellini,"IAB11 Law, Gov’t & Politics",0.85,scraped,
"minister of higher education, labor, and skills development maldives ali haidar ahmed,dr.","IAB11 Law, Gov’t & Politics",0.85,scraped,
minister-del. for the budget morocco faouzi lekjaa,"IAB11 Law, Gov’t & Politics",0.85,scraped,
"minister of islamic affairs maldives mohamed shaheem ali saeed,dr.","IAB11 Law, Gov’t & Politics",0.85,scraped,
minister of youth & sports chad maide hamid lony,"IAB11 Law, Gov’t & Politics",0.85,scraped,
minister of transport & communications north macedonia blagoja bocvarski,"IAB11 Law, Gov’t & Politics",0.85,scraped,
minister without portfolio responsible for diaspora north macedonia xhemail chupi,"IAB11 Law, Gov’t & Politics",0.85,scraped,
minister without portfolio north macedonia elvin hasan,"IAB11 Law, Gov’t & Politics",0.85,scraped,
minister of interior north macedonia pance toshkovski,"IAB11 Law, Gov’t & Politics",0.85,scraped,
minister of defense north macedonia vlado (kendo) misajlovski,"IAB11 Law, Gov’t & Politics",0.85,scraped,
minister of culture north macedonia zoran lyutkov,"IAB11 Law, Gov’t & Politics",0.85,scraped,
"minister of agriculture, forestry and water supply north macedonia cvetan tripunovski","IAB11 Law, Gov’t & Politics",0.85,scraped,
minister of health & human services marshall islands ota kisino,"IAB11 Law, Gov’t & Politics",0.85,scraped,
"minister of justice, immigration, & labor marshall islands wisely zackhras","IAB11 Law, Gov’t & Politics",0.85,scraped,
minister of natural resources & commerce marshall islands tony muller,"IAB11 Law, Gov’t & Politics",0.85,scraped,
"minister of public works, infrastructure, & utilities marshall islands thomas heine","IAB11 Law, Gov’t & Politics",0.85,scraped,
"minister of transportation, communication, & information technology marshall islands hilton kendall","IAB11 Law, Gov’t & Politics",0.85,scraped,
attorney general marshall islands bernard adiniwin,"IAB11 Law, Gov’t & Politics",0.85,scraped,
"commissioner, bank of the marshall islands marshall islands sultan korean","IAB11 Law, Gov’t & Politics",0.85,scraped,
ambassador to the us marshall islands charles rudolph paul,"IAB11 Law, Gov’t & Politics",0.85,scraped,
"permanent representative to the un, new york marshall islands john milne silk","IAB11 Law, Gov’t & Politics",0.85,scraped,
president. north macedonia gordana siljanovska-davkova,"IAB11 Law, Gov’t & Politics",0.85,scraped,
prime minister north macedonia hristijan mickoski,"IAB11 Law, Gov’t & Politics",0.85,scraped,
first deputy. prime minister and minister of environment and spatial planning north macedonia izet mexhiti,"IAB11 Law, Gov’t & Politics",0.85,scraped,
"deputy. prime minister in charge of community relations, minister without  portfolio north macedonia ivan stoilkoviä","IAB11 Law, Gov’t & Politics",0.85,scraped,
"deputy. prime minister for economic affairs, coordination of economic resources and investment north macedonia fatmir bytyqi","IAB11 Law, Gov’t & Politics",0.85,scraped,
"deputy. prime minister in charge of framework agreement implementation,  political system, minister without portfolio north macedonia ljupco dimovski","IAB11 Law, Gov’t & Politics",0.85,scraped,
"deputy. prime minister in charge of good governance policies, minister without  portfolio north macedonia arben fetaj","IAB11 Law, Gov’t & Politics",0.85,scraped,
deputy. prime minister in charge of transport north macedonia aleksandar nikoloski,"IAB11 Law, Gov’t & Politics",0.85,scraped,
"minister of social and family development maldives aishath shiham,dr.","IAB11 Law, Gov’t & Politics",0.85,scraped,
minister without portfolio north macedonia zoran shapuric,"IAB11 Law, Gov’t & Politics",0.85,scraped,
secretary. gen. of the govt. morocco mohamed hajoui,"IAB11 Law, Gov’t & Politics",0.85,scraped,
minister-del. for digital transition & administrative reform morocco amal el fallah seghrouchni,"IAB11 Law, Gov’t & Politics",0.85,scraped,
minister of health mongolia davaajantsan sarangerel,"IAB11 Law, Gov’t & Politics",0.85,scraped,
minister of land management & decentralization madagascar naina andriantsitohaina,"IAB11 Law, Gov’t & Politics",0.85,scraped,
"minister of national defense madagascar lala monia delphin sahivelo,gen.","IAB11 Law, Gov’t & Politics",0.85,scraped,
minister of national education madagascar marie michelle sahondrarimalala,"IAB11 Law, Gov’t & Politics",0.85,scraped,
minister of population & solidarity madagascar aurelie razafinjato,"IAB11 Law, Gov’t & Politics",0.85,scraped,
"minister of public health madagascar arivelo zely randriamanantany,prof.","IAB11 Law, Gov’t & Politics",0.85,scraped,
minister of public security madagascar herilala rakotoarimanana,"IAB11 Law, Gov’t & Politics",0.85,scraped,
minister of public works madagascar richard theodore rafidison,"IAB11 Law, Gov’t & Politics",0.85,scraped,
minister of technical education & vocational training madagascar marie marcelline rasoloarisoa,"IAB11 Law, Gov’t & Politics",0.85,scraped,
minister of tourism & handicrafts madagascar viviane dewa,"IAB11 Law, Gov’t & Politics",0.85,scraped,
minister of transport & meteorology madagascar manambahoaka valery ramonjavelo,"IAB11 Law, Gov’t & Politics",0.85,scraped,
"minister of water, sanitation, & hygiene madagascar lalaina andrianamelasoa","IAB11 Law, Gov’t & Politics",0.85,scraped,
minister of youth & sports madagascar abdulah marson moustapha,"IAB11 Law, Gov’t & Politics",0.85,scraped,
deputy minister in charge of national gendarmerie within the minister of defense madagascar andriatsarafara rakotondrazaka,"IAB11 Law, Gov’t & Politics",0.85,scraped,
secretary. of state for new cities & habitat to the presidency of the republic of madagascar madagascar gerard andriamanohisoa,"IAB11 Law, Gov’t & Politics",0.85,scraped,
minister of homeland security and technology maldives ali ihusaan,"IAB11 Law, Gov’t & Politics",0.85,scraped,
minister of industry & trade morocco ryad mezzour,"IAB11 Law, Gov’t & Politics",0.85,scraped,
minister without portfolio north macedonia zhemail cupi,"IAB11 Law, Gov’t & Politics",0.85,scraped,
minister without portfolio to improve investment climate for domestic enterprises north macedonia zoran sapuric,"IAB11 Law, Gov’t & Politics",0.85,scraped,
deputy. prime minister mongolia ulziisaikhan enkhtuvshun,"IAB11 Law, Gov’t & Politics",0.85,scraped,
head of cabinet secretariat mongolia gombojav zandashatar,"IAB11 Law, Gov’t & Politics",0.85,scraped,
minister of construction & urban development mongolia khavdislam badelkhan,"IAB11 Law, Gov’t & Politics",0.85,scraped,
minister of defense mongolia nyamaa enkhbold,"IAB11 Law, Gov’t & Politics",0.85,scraped,
"minister of education, culture, science, & sports mongolia tsedenbal tsogzolmaa","IAB11 Law, Gov’t & Politics",0.85,scraped,
minister of energy mongolia tserenpil davaasuren,"IAB11 Law, Gov’t & Politics",0.85,scraped,
minister of environment & tourism mongolia namsrai tserenbat,"IAB11 Law, Gov’t & Politics",0.85,scraped,
prime minister mongolia ukhnaa khurelsukh,"IAB11 Law, Gov’t & Politics",0.85,scraped,
minister of finance mongolia chimed khurelbaatar,"IAB11 Law, Gov’t & Politics",0.85,scraped,
minister of foreign affairs mongolia damdin tsogtbaatar,"IAB11 Law, Gov’t & Politics",0.85,scraped,
minister of mines & strategic resources madagascar herindrainy olivier rakotomalala,"IAB11 Law, Gov’t & Politics",0.85,scraped,
"minister of labor, employment, public service, & social laws madagascar hanitra fitiavana razakaboana","IAB11 Law, Gov’t & Politics",0.85,scraped,
"minister-del. for investment, convergence, & policy evaluation morocco karim zidane","IAB11 Law, Gov’t & Politics",0.85,scraped,
"keeper of the seals, minister of justice madagascar benjamin alexis rakotomandimby","IAB11 Law, Gov’t & Politics",0.85,scraped,
minister-del. for national defense administration morocco abdellatif loudiyi,"IAB11 Law, Gov’t & Politics",0.85,scraped,
minister-del. for parliamentary relations & government spokesperson morocco mustapha baitas,"IAB11 Law, Gov’t & Politics",0.85,scraped,
"governor, bank al-magrib morocco abdellatif jouahri","IAB11 Law, Gov’t & Politics",0.85,scraped,
"minister of youth, culture, & communication morocco mohamed mehdi bensaid","IAB11 Law, Gov’t & Politics",0.85,scraped,
minister of higher education & scientific research madagascar chaminah loulla,"IAB11 Law, Gov’t & Politics",0.85,scraped,
"minister of industrialization, trade, & consumer affairs madagascar david ralambofiringa","IAB11 Law, Gov’t & Politics",0.85,scraped,
minister of interior madagascar niritsoa harinandrasana rahajavololoniaina,"IAB11 Law, Gov’t & Politics",0.85,scraped,
"permanent representative to the un, new york madagascar nan","IAB11 Law, Gov’t & Politics",0.85,scraped,
"president. maldives mohamed muizzu,dr.","IAB11 Law, Gov’t & Politics",0.85,scraped,
vice president. maldives hussain mohamed latheef,"IAB11 Law, Gov’t & Politics",0.85,scraped,
attorney gen. maldives uz ahmed usham,"IAB11 Law, Gov’t & Politics",0.85,scraped,
"minister of agriculture and animal welfare maldives maryam mariya,dr.","IAB11 Law, Gov’t & Politics",0.85,scraped,
"minister of cities, local government, and public works maldives adam shareef umar","IAB11 Law, Gov’t & Politics",0.85,scraped,
"minister of climate change, environment, and energy maldives thoriq ibrahim","IAB11 Law, Gov’t & Politics",0.85,scraped,
chief of mission in the us madagascar amielle p. niriniavisoa marceda (acting),"IAB11 Law, Gov’t & Politics",0.85,scraped,
"minister of construction, housing, and infrastructure maldives abdulla muththalib,dr.","IAB11 Law, Gov’t & Politics",0.85,scraped,
"minister of dhivehi language, culture, and heritage maldives adam naseer ibrahim","IAB11 Law, Gov’t & Politics",0.85,scraped,
minister of economic development and trade maldives mohamed saeed,"IAB11 Law, Gov’t & Politics",0.85,scraped,
"minister of education maldives ismail shafeeu,dr.","IAB11 Law, Gov’t & Politics",0.85,scraped,
minister of finance and planning maldives moosa zameer,"IAB11 Law, Gov’t & Politics",0.85,scraped,
minister of fisheries and ocean resources maldives ahmed shiyam,"IAB11 Law, Gov’t & Politics",0.85,scraped,
"minister of foreign affairs maldives abdulla khaleel,dr.","IAB11 Law, Gov’t & Politics",0.85,scraped,
minister of health maldives abdulla nazim ibrahim,"IAB11 Law, Gov’t & Politics",0.85,scraped,
minister of defense maldives mohamed ghassan maumoon,"IAB11 Law, Gov’t & Politics",0.85,scraped,
ambassador to the us madagascar lantosoa rakotomalala,"IAB11 Law, Gov’t & Politics",0.85,scraped,
"governor, central bank madagascar gaston ravelojaona","IAB11 Law, Gov’t & Politics",0.85,scraped,
secretary. of state for food sovereignty madagascar tahina razanamahefa,"IAB11 Law, Gov’t & Politics",0.85,scraped,
"minister delegate to the minister of finance, budget, economy, planning, & international cooperation chad fatime haram acyl","IAB11 Law, Gov’t & Politics",0.85,scraped,
minister of water & energy chad patalet kanabe marcelin,"IAB11 Law, Gov’t & Politics",0.85,scraped,
minister of women & childhood chad amina prisiclle longoh,"IAB11 Law, Gov’t & Politics",0.85,scraped,
"chmn., foreign intelligence service of ukraine ukraine oleh ivashchenko","IAB11 Law, Gov’t & Politics",0.85,scraped,
"minister of information, ict, & communications uganda chris baryomunsi","IAB11 Law, Gov’t & Politics",0.85,scraped,
second deputy. prime minister uganda kirunda kivejinja,"IAB11 Law, Gov’t & Politics",0.85,scraped,
minister of defense & veterans affairs uganda vincent ssempijja,"IAB11 Law, Gov’t & Politics",0.85,scraped,
minister of disaster preparedness & refugees uganda hilary onek,"IAB11 Law, Gov’t & Politics",0.85,scraped,
minister of east african affairs uganda kahinda otafiire,"IAB11 Law, Gov’t & Politics",0.85,scraped,
minister of education & sports uganda janet museveni,"IAB11 Law, Gov’t & Politics",0.85,scraped,
minister of finance & economic planning uganda matia kasaija,"IAB11 Law, Gov’t & Politics",0.85,scraped,
minister of foreign affairs uganda jeje odongo,"IAB11 Law, Gov’t & Politics",0.85,scraped,
"minister of gender, labor, & social affairs uganda betty amongi","IAB11 Law, Gov’t & Politics",0.85,scraped,
"minister of agriculture, animal industry, & fisheries uganda frank tumwebaze","IAB11 Law, Gov’t & Politics",0.85,scraped,
deputy chief of defense forces uganda sam okiding,"IAB11 Law, Gov’t & Politics",0.85,scraped,
ambassador to the us uganda mull sebujja katende,"IAB11 Law, Gov’t & Politics",0.85,scraped,
"permanent representative to the un, new york uganda adonia ayebare","IAB11 Law, Gov’t & Politics",0.85,scraped,
"chmn., national bank ukraine andriy pyshnyy","IAB11 Law, Gov’t & Politics",0.85,scraped,
minister of tertiary education saint vincent and the grenadines ralph everard gonsalves,"IAB11 Law, Gov’t & Politics",0.85,scraped,
"chmn., rada ukraine ruslan stefanchuk","IAB11 Law, Gov’t & Politics",0.85,scraped,
"chmn., security service of ukraine ukraine vasyl malyuk","IAB11 Law, Gov’t & Politics",0.85,scraped,
"head, office of the president. ukraine andriy yermak","IAB11 Law, Gov’t & Politics",0.85,scraped,
prosecutor gen. ukraine oleksiy khomenko (acting),"IAB11 Law, Gov’t & Politics",0.85,scraped,
"secretary., national security & defense council ukraine oleksandr lytvynenko","IAB11 Law, Gov’t & Politics",0.85,scraped,
minister of youth & sport ukraine matviy bidnyy,"IAB11 Law, Gov’t & Politics",0.85,scraped,
ambassador to the us ukraine oksana markarova,"IAB11 Law, Gov’t & Politics",0.85,scraped,
president. uruguay yamandu orsi,"IAB11 Law, Gov’t & Politics",0.85,scraped,
vice president. uruguay carolina cosse,"IAB11 Law, Gov’t & Politics",0.85,scraped,
secretary of the presidency uruguay alejandro sanchez,"IAB11 Law, Gov’t & Politics",0.85,scraped,
"minister of agriculture, livestock, & fisheries uruguay alfredo fratti","IAB11 Law, Gov’t & Politics",0.85,scraped,
minister of defense uruguay sandra lazo,"IAB11 Law, Gov’t & Politics",0.85,scraped,
minister of economy & finance uruguay gabriel oddone,"IAB11 Law, Gov’t & Politics",0.85,scraped,
first deputy. prime minister uganda rebecca kadaga,"IAB11 Law, Gov’t & Politics",0.85,scraped,
prime minister uganda robinah nabbanja,"IAB11 Law, Gov’t & Politics",0.85,scraped,
vice president. uganda jessica alupo,"IAB11 Law, Gov’t & Politics",0.85,scraped,
president. uganda yoweri kaguta museveni,"IAB11 Law, Gov’t & Politics",0.85,scraped,
"minister of industry, energy, and mining uruguay fernanda cardona","IAB11 Law, Gov’t & Politics",0.85,scraped,
minister for youth development & sports vanuatu tomker netvunei,"IAB11 Law, Gov’t & Politics",0.85,scraped,
minister of housing and territorial planning uruguay tamara paseyro,"IAB11 Law, Gov’t & Politics",0.85,scraped,
minister of environment uruguay edgardo ortuno,"IAB11 Law, Gov’t & Politics",0.85,scraped,
minister for kampala & metropolitan affairs uganda hajati misi kabanda,"IAB11 Law, Gov’t & Politics",0.85,scraped,
minister for karamoja uganda maria kitutu,"IAB11 Law, Gov’t & Politics",0.85,scraped,
"minister of lands, housing, & urban development uganda judith nabakooba","IAB11 Law, Gov’t & Politics",0.85,scraped,
minister of local govt. uganda rafael magyezi,"IAB11 Law, Gov’t & Politics",0.85,scraped,
minister of mineral development uganda phiona nyamutooro,"IAB11 Law, Gov’t & Politics",0.85,scraped,
minister of the presidency uganda miriam babalanda,"IAB11 Law, Gov’t & Politics",0.85,scraped,
minister of public service uganda muruli mukasa,"IAB11 Law, Gov’t & Politics",0.85,scraped,
minister of justice & constitutional affairs uganda ephraim kamuntu,"IAB11 Law, Gov’t & Politics",0.85,scraped,
minister of relief disaster preparedness & refugees uganda lillian aber,"IAB11 Law, Gov’t & Politics",0.85,scraped,
minister of state for northern uganda uganda kenneth omona,"IAB11 Law, Gov’t & Politics",0.85,scraped,
"minister of trade, industry, & cooperatives uganda wilson mbadi,gen.","IAB11 Law, Gov’t & Politics",0.85,scraped,
"minister of tourism, wildlife, & antiquities uganda tom butime","IAB11 Law, Gov’t & Politics",0.85,scraped,
minister of water & environment uganda sam cheptoris,"IAB11 Law, Gov’t & Politics",0.85,scraped,
minister of works & transport uganda katumba wamala,"IAB11 Law, Gov’t & Politics",0.85,scraped,
minister of youth and childrenâs affairs uganda balam barugahara,"IAB11 Law, Gov’t & Politics",0.85,scraped,
attorney gen. uganda kiryowa kiwanuka,"IAB11 Law, Gov’t & Politics",0.85,scraped,
"minister of science, technology, & innovation uganda elioda tumwesigye","IAB11 Law, Gov’t & Politics",0.85,scraped,
chief of defense forces uganda muhoozi kainerugaba,"IAB11 Law, Gov’t & Politics",0.85,scraped,
minister of internal affairs uganda kahinda otafiire,"IAB11 Law, Gov’t & Politics",0.85,scraped,
minister of health uganda jane aceng,"IAB11 Law, Gov’t & Politics",0.85,scraped,
attorney general tuvalu eselealofa apinelu,"IAB11 Law, Gov’t & Politics",0.85,scraped,
ambassador to the us tuvalu tapugao falefou,"IAB11 Law, Gov’t & Politics",0.85,scraped,
"permanent representative to the un, new york tuvalu tapugao falefou","IAB11 Law, Gov’t & Politics",0.85,scraped,
minister of education & culture uruguay jose carlos mahia,"IAB11 Law, Gov’t & Politics",0.85,scraped,
"permanent representative to the un, new york ukraine andriy melnyk","IAB11 Law, Gov’t & Politics",0.85,scraped,
minister for veterans' affairs ukraine nataliya kalmykova,"IAB11 Law, Gov’t & Politics",0.85,scraped,
"permanent representative to the un, new york south africa mathu theda joyini","IAB11 Law, Gov’t & Politics",0.85,scraped,
minister of foreign affairs & international cooperation zambia mulambo haimbe,"IAB11 Law, Gov’t & Politics",0.85,scraped,
minister of green economy & environment zambia mike elton mposha,"IAB11 Law, Gov’t & Politics",0.85,scraped,
minister of health zambia sylvia t masebo,"IAB11 Law, Gov’t & Politics",0.85,scraped,
minister of home affairs zambia jack mwiimbu,"IAB11 Law, Gov’t & Politics",0.85,scraped,
"minister of infrastructure, housing, & urban development zambia charles milupi","IAB11 Law, Gov’t & Politics",0.85,scraped,
minister of information & media zambia chushi kasanda,"IAB11 Law, Gov’t & Politics",0.85,scraped,
minister of justice zambia princess kasune,"IAB11 Law, Gov’t & Politics",0.85,scraped,
minister of finance zambia situmbeko musokotwane,"IAB11 Law, Gov’t & Politics",0.85,scraped,
minister of labor & social security zambia brenda tambatamba,"IAB11 Law, Gov’t & Politics",0.85,scraped,
charge dâaffaires to the us south africa ismail esau,"IAB11 Law, Gov’t & Politics",0.85,scraped,
"governor, south african reserve bank south africa elias lesetja kganyago","IAB11 Law, Gov’t & Politics",0.85,scraped,
minister of home affairs south africa leon schreiber,"IAB11 Law, Gov’t & Politics",0.85,scraped,
minister of human settlements south africa mmamoloko kubayi,"IAB11 Law, Gov’t & Politics",0.85,scraped,
minister of intl. relations & cooperation south africa ronald lamola,"IAB11 Law, Gov’t & Politics",0.85,scraped,
minister of justice and constitutional development south africa thembi nkadimeng,"IAB11 Law, Gov’t & Politics",0.85,scraped,
minister of mineral and petroleum resources south africa gwede mantashe,"IAB11 Law, Gov’t & Politics",0.85,scraped,
minister of electricity and energy south africa kgosientso david ramokgopa,"IAB11 Law, Gov’t & Politics",0.85,scraped,
minister of police south africa senzo mchunu,"IAB11 Law, Gov’t & Politics",0.85,scraped,
ambassador to the us south africa ebrahim rasool,"IAB11 Law, Gov’t & Politics",0.85,scraped,
minister of public service & admin. south africa mzamo buthelezi,"IAB11 Law, Gov’t & Politics",0.85,scraped,
minister of small business development south africa stella ndabeni-abrahams,"IAB11 Law, Gov’t & Politics",0.85,scraped,
minister of social development south africa sisisi tolashe,"IAB11 Law, Gov’t & Politics",0.85,scraped,
"minister of sports, arts, & culture south africa gayton mckenzie","IAB11 Law, Gov’t & Politics",0.85,scraped,
minister of tourism south africa patricia de lille,"IAB11 Law, Gov’t & Politics",0.85,scraped,
"minister of trade, industry, and competition south africa parks tau","IAB11 Law, Gov’t & Politics",0.85,scraped,
minister of transport south africa barbara creecy,"IAB11 Law, Gov’t & Politics",0.85,scraped,
minister of water and sanitation south africa pemmy majodina,"IAB11 Law, Gov’t & Politics",0.85,scraped,
minister of energy zambia peter chibwe kapala,"IAB11 Law, Gov’t & Politics",0.85,scraped,
minister of education zambia douglas syakalima,"IAB11 Law, Gov’t & Politics",0.85,scraped,
minister for strategic industries ukraine herman smetanin,"IAB11 Law, Gov’t & Politics",0.85,scraped,
minister of defense zambia ambrose lufuma,"IAB11 Law, Gov’t & Politics",0.85,scraped,
minister of social policy ukraine oksana zholnovych,"IAB11 Law, Gov’t & Politics",0.85,scraped,
president. ukraine volodymyr zelenskyy,"IAB11 Law, Gov’t & Politics",0.85,scraped,
prime minister ukraine denys shmyhal,"IAB11 Law, Gov’t & Politics",0.85,scraped,
first deputy. prime minister & minister of economy ukraine yuliya svyrydenko,"IAB11 Law, Gov’t & Politics",0.85,scraped,
"deputy. prime minister for innovation, education, science & technology development & minister of digital transformation ukraine mykhaylo fedorov","IAB11 Law, Gov’t & Politics",0.85,scraped,
deputy. prime minister for european and euro-atlantic integration & minister of justice ukraine olha stefanishyna,"IAB11 Law, Gov’t & Politics",0.85,scraped,
deputy. prime minister for restoration & minister for communities and territories development ukraine oleksiy kuleba,"IAB11 Law, Gov’t & Politics",0.85,scraped,
minister of agrarian policy and food ukraine vitaliy koval,"IAB11 Law, Gov’t & Politics",0.85,scraped,
minister of the cabinet of ministers ukraine oleh nemchinov,"IAB11 Law, Gov’t & Politics",0.85,scraped,
minister of culture & strategic communications ukraine mykola tochytskyy,"IAB11 Law, Gov’t & Politics",0.85,scraped,
minister of defense ukraine rustem umerov,"IAB11 Law, Gov’t & Politics",0.85,scraped,
minister of education & science ukraine oksen lisovyy,"IAB11 Law, Gov’t & Politics",0.85,scraped,
minister of energy ukraine herman halushchenko,"IAB11 Law, Gov’t & Politics",0.85,scraped,
minister of environmental protection & natural resources ukraine svitlana hrynchuk,"IAB11 Law, Gov’t & Politics",0.85,scraped,
minister of finance ukraine serhiy marchenko,"IAB11 Law, Gov’t & Politics",0.85,scraped,
minister of foreign affairs ukraine andriy sybiha,"IAB11 Law, Gov’t & Politics",0.85,scraped,
minister of health ukraine viktor lyashko,"IAB11 Law, Gov’t & Politics",0.85,scraped,
minister of internal affairs ukraine ihor klymenko,"IAB11 Law, Gov’t & Politics",0.85,scraped,
minister of foreign relations uruguay mario lubetkin,"IAB11 Law, Gov’t & Politics",0.85,scraped,
"minister of transport, energy, communications & innovation tuvalu simon kofe","IAB11 Law, Gov’t & Politics",0.85,scraped,
"governor, reserve bank of vanuatu vanuatu simeon malachi athy","IAB11 Law, Gov’t & Politics",0.85,scraped,
"permanent representative to the un, new york vanuatu odo tevi","IAB11 Law, Gov’t & Politics",0.85,scraped,
president. zambia hakainde hichilema,"IAB11 Law, Gov’t & Politics",0.85,scraped,
vice president. zambia mutale nalumango,"IAB11 Law, Gov’t & Politics",0.85,scraped,
minister of agriculture zambia mutolo phiri,"IAB11 Law, Gov’t & Politics",0.85,scraped,
"minister of commerce, trade, & industry zambia chipoka mulenga","IAB11 Law, Gov’t & Politics",0.85,scraped,
minister of community development zambia doreen mwamba,"IAB11 Law, Gov’t & Politics",0.85,scraped,
"minister of tourism, civil aviation, sustainable development, & culture saint vincent and the grenadines carlos james","IAB11 Law, Gov’t & Politics",0.85,scraped,
minister of national security saint vincent and the grenadines ralph everard gonsalves,"IAB11 Law, Gov’t & Politics",0.85,scraped,
minister of diaspora montenegro mirsad azemovic,"IAB11 Law, Gov’t & Politics",0.85,scraped,
"grand mufti and chmn., council of senior scholars saudi arabia abd al-aziz bin abdallah al al-shaykh","IAB11 Law, Gov’t & Politics",0.85,scraped,
"member, sc sudan shams al-din kabbashi ibrahim,lt. gen.","IAB11 Law, Gov’t & Politics",0.85,scraped,
"member, sc sudan yasir abd al-rahman hassan al-atta,gen.","IAB11 Law, Gov’t & Politics",0.85,scraped,
"member, sc sudan ibrahim jaber ibrahim,lt. gen.","IAB11 Law, Gov’t & Politics",0.85,scraped,
"member, sc sudan al-hadi idris,dr.","IAB11 Law, Gov’t & Politics",0.85,scraped,
"member, sc sudan malik agar","IAB11 Law, Gov’t & Politics",0.85,scraped,
"member, sc sudan al-taher hajar","IAB11 Law, Gov’t & Politics",0.85,scraped,
prime minister sudan nan,"IAB11 Law, Gov’t & Politics",0.85,scraped,
minister of agriculture & forestry sudan abu baker omar al-bushra (acting),"IAB11 Law, Gov’t & Politics",0.85,scraped,
minister of cabinet affairs sudan usman husayn osman (acting),"IAB11 Law, Gov’t & Politics",0.85,scraped,
minister of communications & digital transformation sudan adel al-hussein (acting),"IAB11 Law, Gov’t & Politics",0.85,scraped,
"minister of defense sudan yassin ibrahim yassin (acting),gen.","IAB11 Law, Gov’t & Politics",0.85,scraped,
minister of energy & petroleum sudan muhammad abdallah mahmoud (acting),"IAB11 Law, Gov’t & Politics",0.85,scraped,
minister of the fed. governance office sudan muhammad kortikaila salih (acting),"IAB11 Law, Gov’t & Politics",0.85,scraped,
prime minister poland donald tusk,"IAB11 Law, Gov’t & Politics",0.85,scraped,
"minister of national mobilization, social development, family, gender affairs, & persons with disabilities saint vincent and the grenadines keisal melisa peters","IAB11 Law, Gov’t & Politics",0.85,scraped,
minister of health eswatini mduduzi matsebula,"IAB11 Law, Gov’t & Politics",0.85,scraped,
minister of housing & urban development eswatini apollo maphalala,"IAB11 Law, Gov’t & Politics",0.85,scraped,
minister of economy & finance uzbekistan jamshid qochqorov,"IAB11 Law, Gov’t & Politics",0.85,scraped,
minister of emergency situations uzbekistan botir qudratxojayev,"IAB11 Law, Gov’t & Politics",0.85,scraped,
minister of employment & poverty reduction uzbekistan botir zohidov,"IAB11 Law, Gov’t & Politics",0.85,scraped,
minister of energy uzbekistan jorabek mirzamahmudov,"IAB11 Law, Gov’t & Politics",0.85,scraped,
minister of foreign affairs uzbekistan baxtiyor saidov,"IAB11 Law, Gov’t & Politics",0.85,scraped,
minister of health uzbekistan asilbek xudoyorov,"IAB11 Law, Gov’t & Politics",0.85,scraped,
"minister of higher education, science, & innovations uzbekistan qongirotboy sharipov","IAB11 Law, Gov’t & Politics",0.85,scraped,
minister of digital technologies uzbekistan sherzod shermatov,"IAB11 Law, Gov’t & Politics",0.85,scraped,
minister of internal affairs uzbekistan aziz toshpolatov,"IAB11 Law, Gov’t & Politics",0.85,scraped,
minister of justice uzbekistan akbar toshqulov,"IAB11 Law, Gov’t & Politics",0.85,scraped,
minister of the mining industry & geology uzbekistan bobir islomov,"IAB11 Law, Gov’t & Politics",0.85,scraped,
"deputy chmn., sc sudan mohamed hamdan dagalo (a.k.a. hemeti)","IAB11 Law, Gov’t & Politics",0.85,scraped,
"chmn., sovereignty council (sc) sudan abd al-fatah al-burhan abd al-rahman,gen.","IAB11 Law, Gov’t & Politics",0.85,scraped,
"permanent representative to the un, new york saudi arabia abd al-aziz al-wasil","IAB11 Law, Gov’t & Politics",0.85,scraped,
ambassador to the us saudi arabia rima bint bandar bin abd al-aziz al saud,"IAB11 Law, Gov’t & Politics",0.85,scraped,
minister of human resources & social development saudi arabia ahmadbin sulaiman al-rajhi,"IAB11 Law, Gov’t & Politics",0.85,scraped,
minister of industry & mineral resources saudi arabia bandar al-khorayef,"IAB11 Law, Gov’t & Politics",0.85,scraped,
minister of information saudi arabia majid bin abdallah al-qasabi,"IAB11 Law, Gov’t & Politics",0.85,scraped,
minister of state saudi arabia ibrahim al-assaf,"IAB11 Law, Gov’t & Politics",0.85,scraped,
minister of foreign affairs & intl. cooperation eswatini pholile dlamini-shakantu,"IAB11 Law, Gov’t & Politics",0.85,scraped,
minister of state saudi arabia turki bin muhammad bin fahd bin abd al-aziz al saud,"IAB11 Law, Gov’t & Politics",0.85,scraped,
"governor, saudi central bank saudi arabia fahd bin abdallah bin abd al-latif al-mubarak","IAB11 Law, Gov’t & Politics",0.85,scraped,
"minister of higher education & scientific research sudan muhammad hassan dahab (acting),dr.","IAB11 Law, Gov’t & Politics",0.85,scraped,
minister of industry sudan batul abbas awad allam (acting),"IAB11 Law, Gov’t & Politics",0.85,scraped,
"minister of information, culture, & tourism sudan graham abd al-qadir (acting),dr.","IAB11 Law, Gov’t & Politics",0.85,scraped,
"minister of infrastructure sudan anan hamed muhammad umar (acting),lt. gen.","IAB11 Law, Gov’t & Politics",0.85,scraped,
"minister of interior sudan ezzeldin al-sheikh,lt. gen.","IAB11 Law, Gov’t & Politics",0.85,scraped,
minister of investment & international cooperation sudan ahlam mahdi (acting),"IAB11 Law, Gov’t & Politics",0.85,scraped,
minister of irrigation and water resources sudan dhu al-bayt abd al-rahman mansur (acting),"IAB11 Law, Gov’t & Politics",0.85,scraped,
minister of health sudan haitham muhammad ibrahim (acting),"IAB11 Law, Gov’t & Politics",0.85,scraped,
minister of justice sudan muhammad said al-hilu (acting),"IAB11 Law, Gov’t & Politics",0.85,scraped,
minister of livestock & fisheries sudan hafiz ibrahim abd al-nabi (acting),"IAB11 Law, Gov’t & Politics",0.85,scraped,
"minister of mining sudan muhammad bashir abu-namu (acting),dr.","IAB11 Law, Gov’t & Politics",0.85,scraped,
"minister of religious affairs & endowments (awqaf) sudan muhammad mukhtar jumaa (acting),dr.","IAB11 Law, Gov’t & Politics",0.85,scraped,
"minister of social development sudan ahmad adam bakhit (acting),dr.","IAB11 Law, Gov’t & Politics",0.85,scraped,
"minister of trade & supply sudan amal salih saad (acting),dr.","IAB11 Law, Gov’t & Politics",0.85,scraped,
minister of transportation sudan hisham ahmed ali abu zaid (acting),"IAB11 Law, Gov’t & Politics",0.85,scraped,
minister of youth & sport sudan hazar abd al-rasul al-ajab (acting),"IAB11 Law, Gov’t & Politics",0.85,scraped,
minister of labor & admin. reform sudan suad al-tayeb hassan (acting),"IAB11 Law, Gov’t & Politics",0.85,scraped,
minister of gen. education sudan mahmud siral-khattam al-huri (acting),"IAB11 Law, Gov’t & Politics",0.85,scraped,
minister of foreign affairs & intl. cooperation sudan ali al-sadiq (acting),"IAB11 Law, Gov’t & Politics",0.85,scraped,
"minister of finance & economic planning sudan jibril ibrahim (acting),dr.","IAB11 Law, Gov’t & Politics",0.85,scraped,
minister of natural resources uzbekistan aziz abduhakimov,"IAB11 Law, Gov’t & Politics",0.85,scraped,
minister of preschool education uzbekistan hilola umarova,"IAB11 Law, Gov’t & Politics",0.85,scraped,
minister of transport uzbekistan ilhom mahkamov,"IAB11 Law, Gov’t & Politics",0.85,scraped,
"minister for agriculture, livestock, forestry, fisheries, & biosecurity vanuatu ian wilson","IAB11 Law, Gov’t & Politics",0.85,scraped,
minister for education & training vanuatu simil johnson,"IAB11 Law, Gov’t & Politics",0.85,scraped,
ambassador to the us saint vincent and the grenadines lou-anne gaylene gilchrist,"IAB11 Law, Gov’t & Politics",0.85,scraped,
minister for finance & economic management vanuatu johnny koanapo,"IAB11 Law, Gov’t & Politics",0.85,scraped,
minister for health vanuatu john still tari qetu,"IAB11 Law, Gov’t & Politics",0.85,scraped,
minister for infrastructure & public utilities vanuatu xavier harry emanuel,"IAB11 Law, Gov’t & Politics",0.85,scraped,
minister for internal affairs vanuatu andrew napuat,"IAB11 Law, Gov’t & Politics",0.85,scraped,
minister for justice & community services vanuatu job sam andy,"IAB11 Law, Gov’t & Politics",0.85,scraped,
minister for lands & natural resources vanuatu rick tchamako mahe,"IAB11 Law, Gov’t & Politics",0.85,scraped,
"minister for ocean, fisheries, and maritime vanuatu jack norris kalmet","IAB11 Law, Gov’t & Politics",0.85,scraped,
"minister for tourism, trade, commerce, & ni-vanuatu business vanuatu samson samsen","IAB11 Law, Gov’t & Politics",0.85,scraped,
minister for foreign affairs vanuatu marc ati,"IAB11 Law, Gov’t & Politics",0.85,scraped,
attorney gen. saint vincent and the grenadines grenville williams,"IAB11 Law, Gov’t & Politics",0.85,scraped,
"minister of urban development, energy, seaports, grenadines affairs, & local govt. saint vincent and the grenadines benarva browne","IAB11 Law, Gov’t & Politics",0.85,scraped,
"minister of transport, works, lands and surveys, & physical planning saint vincent and the grenadines montgomery daniel","IAB11 Law, Gov’t & Politics",0.85,scraped,
"chair, national bank uzbekistan timur ishmetov","IAB11 Law, Gov’t & Politics",0.85,scraped,
ambassador to the us uzbekistan furqat sidiqov,"IAB11 Law, Gov’t & Politics",0.85,scraped,
"permanent representative to the un, new york uzbekistan ulugbek lapasov","IAB11 Law, Gov’t & Politics",0.85,scraped,
governor gen. saint vincent and the grenadines susan dougan,"IAB11 Law, Gov’t & Politics",0.85,scraped,
prime minister saint vincent and the grenadines ralph everard gonsalves,"IAB11 Law, Gov’t & Politics",0.85,scraped,
deputy prime minister saint vincent and the grenadines montgomery daniel,"IAB11 Law, Gov’t & Politics",0.85,scraped,
"minister of agriculture, forestry, fisheries, rural transformation, industry, & labor saint vincent and the grenadines saboto caesar","IAB11 Law, Gov’t & Politics",0.85,scraped,
minister of education & national reconciliation saint vincent and the grenadines curtis king,"IAB11 Law, Gov’t & Politics",0.85,scraped,
"minister of finance, economic planning, & information technology saint vincent and the grenadines camillo gonsalves","IAB11 Law, Gov’t & Politics",0.85,scraped,
"minister of foreign affairs, foreign trade, & consumer affairs saint vincent and the grenadines frederick stephenson","IAB11 Law, Gov’t & Politics",0.85,scraped,
"minister of health, wellness, & the environment saint vincent and the grenadines st. clair prince","IAB11 Law, Gov’t & Politics",0.85,scraped,
"minister of housing, informal human settlement, & youth and sports saint vincent and the grenadines orando brewster","IAB11 Law, Gov’t & Politics",0.85,scraped,
minister of legal affairs saint vincent and the grenadines ralph everard gonsalves,"IAB11 Law, Gov’t & Politics",0.85,scraped,
minister for climate change adaptation & meteorology vanuatu ralph regenvanu,"IAB11 Law, Gov’t & Politics",0.85,scraped,
deputy. prime minister vanuatu johnny koanapo,"IAB11 Law, Gov’t & Politics",0.85,scraped,
minister of water management uzbekistan shavkat hamroyev,"IAB11 Law, Gov’t & Politics",0.85,scraped,
prime minister vanuatu jotham napat,"IAB11 Law, Gov’t & Politics",0.85,scraped,
minister of youth policy & sports development uzbekistan adxam ikromov,"IAB11 Law, Gov’t & Politics",0.85,scraped,
"minister of investment, industry, & trade uzbekistan laziz qudratov","IAB11 Law, Gov’t & Politics",0.85,scraped,
"secretary., security council uzbekistan viktor mahmudov","IAB11 Law, Gov’t & Politics",0.85,scraped,
minister of defense uzbekistan shuhrat xolmuhamedov,"IAB11 Law, Gov’t & Politics",0.85,scraped,
"minister of construction, housing, & utilities uzbekistan sherzod hidoyatov","IAB11 Law, Gov’t & Politics",0.85,scraped,
minister of interior uruguay carlos negro,"IAB11 Law, Gov’t & Politics",0.85,scraped,
minister of labor & social security uruguay juan castillo,"IAB11 Law, Gov’t & Politics",0.85,scraped,
minister of public health uruguay cristina lustemberg,"IAB11 Law, Gov’t & Politics",0.85,scraped,
minister of social development uruguay gonzalo civila,"IAB11 Law, Gov’t & Politics",0.85,scraped,
minister of tourism uruguay pablo menoni,"IAB11 Law, Gov’t & Politics",0.85,scraped,
minister of transportation & public works uruguay lucia etcheverry,"IAB11 Law, Gov’t & Politics",0.85,scraped,
"president., central bank uruguay washington rebeiro","IAB11 Law, Gov’t & Politics",0.85,scraped,
minister of culture & tourism uzbekistan ozodbek nazarbekov,"IAB11 Law, Gov’t & Politics",0.85,scraped,
ambassador to the us uruguay andres augusto duran hareau,"IAB11 Law, Gov’t & Politics",0.85,scraped,
president. uzbekistan shavkat mirziyoyev,"IAB11 Law, Gov’t & Politics",0.85,scraped,
prime minister uzbekistan abdulla aripov,"IAB11 Law, Gov’t & Politics",0.85,scraped,
deputy. prime minister uzbekistan zulayho mahkamova,"IAB11 Law, Gov’t & Politics",0.85,scraped,
deputy. prime minister uzbekistan jamshid qochqorov,"IAB11 Law, Gov’t & Politics",0.85,scraped,
deputy. prime minister uzbekistan ochilboy ramatov,"IAB11 Law, Gov’t & Politics",0.85,scraped,
deputy. prime minister uzbekistan jamshid xojayev,"IAB11 Law, Gov’t & Politics",0.85,scraped,
minister of agriculture uzbekistan ibrohim abdurahmonov,"IAB11 Law, Gov’t & Politics",0.85,scraped,
"permanent representative to the un, new york uruguay carlos daniel amorin tenconi","IAB11 Law, Gov’t & Politics",0.85,scraped,
"chmn., state security service uzbekistan bahodir qurbonov","IAB11 Law, Gov’t & Politics",0.85,scraped,
"chmn., state tax ctte. uzbekistan sherzod kudbiyev","IAB11 Law, Gov’t & Politics",0.85,scraped,
prosecutor gen. uzbekistan nigmatilla yoldoshev,"IAB11 Law, Gov’t & Politics",0.85,scraped,
"permanent representative to the un, new york saint vincent and the grenadines inga rhonda king","IAB11 Law, Gov’t & Politics",0.85,scraped,
president. vanuatu nikenike vurobaravu,"IAB11 Law, Gov’t & Politics",0.85,scraped,
minister of public works & infrastructure south africa dean macpherson,"IAB11 Law, Gov’t & Politics",0.85,scraped,
minister of lands & natural resources zambia elijah muchima,"IAB11 Law, Gov’t & Politics",0.85,scraped,
minister of livestock & fisheries zambia makozo chikote,"IAB11 Law, Gov’t & Politics",0.85,scraped,
"minister of defense tajikistan emomali sobirzoda,lt. gen.","IAB11 Law, Gov’t & Politics",0.85,scraped,
minister of mining & energy togo dederiwe abli-bidamon,"IAB11 Law, Gov’t & Politics",0.85,scraped,
"minister of primary, secondary, & vocational education togo komi paalamwe tchakpele","IAB11 Law, Gov’t & Politics",0.85,scraped,
"minister of public service, labor, & admin. reform togo gilbert bawara","IAB11 Law, Gov’t & Politics",0.85,scraped,
minister of higher education & research togo octave nicoue broohm,"IAB11 Law, Gov’t & Politics",0.85,scraped,
minister of agriculture & cooperatives thailand naruemon phinyosinwat,"IAB11 Law, Gov’t & Politics",0.85,scraped,
minister of commerce thailand phichai naripthaphan,"IAB11 Law, Gov’t & Politics",0.85,scraped,
minister of culture thailand sudawan wangsuphakitkoson,"IAB11 Law, Gov’t & Politics",0.85,scraped,
first deputy. prime minister tajikistan hokim kholiqzoda,"IAB11 Law, Gov’t & Politics",0.85,scraped,
deputy. prime minister tajikistan dilrabo mansuri,"IAB11 Law, Gov’t & Politics",0.85,scraped,
deputy. prime minister tajikistan usmonali usmonzoda,"IAB11 Law, Gov’t & Politics",0.85,scraped,
deputy. prime minister tajikistan sulaymon ziyozoda,"IAB11 Law, Gov’t & Politics",0.85,scraped,
minister of agriculture tajikistan qurbon hakimzoda,"IAB11 Law, Gov’t & Politics",0.85,scraped,
minister of culture tajikistan matlubakhon sattoriyon,"IAB11 Law, Gov’t & Politics",0.85,scraped,
prime minister tajikistan qohir rasulzoda,"IAB11 Law, Gov’t & Politics",0.85,scraped,
minister of local govt. zambia garry nkombo,"IAB11 Law, Gov’t & Politics",0.85,scraped,
minister of economic development & trade tajikistan zavqi zavqizoda,"IAB11 Law, Gov’t & Politics",0.85,scraped,
minister of energy & water resources tajikistan daler juma,"IAB11 Law, Gov’t & Politics",0.85,scraped,
minister of finance tajikistan fayziddin qahhorzoda,"IAB11 Law, Gov’t & Politics",0.85,scraped,
minister of foreign affairs tajikistan sirojiddin muhriddin,"IAB11 Law, Gov’t & Politics",0.85,scraped,
minister of health & social protection tajikistan jamoliddin abdullozoda,"IAB11 Law, Gov’t & Politics",0.85,scraped,
minister of industry & new technologies tajikistan sherali kabir,"IAB11 Law, Gov’t & Politics",0.85,scraped,
minister of internal affairs tajikistan ramazon rahimzoda,"IAB11 Law, Gov’t & Politics",0.85,scraped,
minister of justice tajikistan muzaffar ashuriyon,"IAB11 Law, Gov’t & Politics",0.85,scraped,
minister of education & science tajikistan rahim saidzoda,"IAB11 Law, Gov’t & Politics",0.85,scraped,
president. tajikistan emomali rahmon,"IAB11 Law, Gov’t & Politics",0.85,scraped,
"permanent representative to the un, new york thailand choetchai chaiwaiwit","IAB11 Law, Gov’t & Politics",0.85,scraped,
ambassador to the us thailand suriya chindawong,"IAB11 Law, Gov’t & Politics",0.85,scraped,
minister of defense thailand phumtham wechayachai,"IAB11 Law, Gov’t & Politics",0.85,scraped,
minister of mail & telecommunication togo cina lawson,"IAB11 Law, Gov’t & Politics",0.85,scraped,
"minister of justice, relations with institutions, & human rights togo pius agbetomey","IAB11 Law, Gov’t & Politics",0.85,scraped,
minister of infrastructure & transportation togo ninsao gnofam,"IAB11 Law, Gov’t & Politics",0.85,scraped,
minister of industry & tourism togo gabriel ihou,"IAB11 Law, Gov’t & Politics",0.85,scraped,
minister in the presidency togo batienne kpabre-sylli,"IAB11 Law, Gov’t & Politics",0.85,scraped,
minister in the prime minister's office togo elliott ohin,"IAB11 Law, Gov’t & Politics",0.85,scraped,
secretary. of state to the minister of justice & relations with institutions charged with human rights togo nakpah polo,"IAB11 Law, Gov’t & Politics",0.85,scraped,
ambassador to the us togo frederic edem hegbe,"IAB11 Law, Gov’t & Politics",0.85,scraped,
"permanent representative to the un, new york togo kokou kpayedo","IAB11 Law, Gov’t & Politics",0.85,scraped,
"minister of urban planning, housing, & living togo fiatuwo kwadjo sessenou","IAB11 Law, Gov’t & Politics",0.85,scraped,
king thailand wachiralongkon,"IAB11 Law, Gov’t & Politics",0.85,scraped,
deputy. prime minister thailand phumtham wechayachai,"IAB11 Law, Gov’t & Politics",0.85,scraped,
deputy. prime minister thailand suriya chuengrungrueangkit,"IAB11 Law, Gov’t & Politics",0.85,scraped,
deputy. prime minister thailand anuthin chanwirakun,"IAB11 Law, Gov’t & Politics",0.85,scraped,
deputy. prime minister thailand phiraphan saliratthawiphak,"IAB11 Law, Gov’t & Politics",0.85,scraped,
deputy. prime minister thailand phichai chunhawachira,"IAB11 Law, Gov’t & Politics",0.85,scraped,
deputy. prime minister thailand prasoet chanthararuangthong,"IAB11 Law, Gov’t & Politics",0.85,scraped,
minister to the prime minister's office thailand chusak sirinin,"IAB11 Law, Gov’t & Politics",0.85,scraped,
prime minister thailand phaethongthan chinnawat,"IAB11 Law, Gov’t & Politics",0.85,scraped,
minister to the prime minister's office thailand chiraphon sinthuphrai,"IAB11 Law, Gov’t & Politics",0.85,scraped,
"minister of territorial admin., decentralization, & local authorities togo payadawa boukpessi","IAB11 Law, Gov’t & Politics",0.85,scraped,
minister of security & civil protection togo damehane yark,"IAB11 Law, Gov’t & Politics",0.85,scraped,
"minister of agriculture, livestock, & water togo ouro koura agadzi","IAB11 Law, Gov’t & Politics",0.85,scraped,
"minister of basic development, handicrafts, youth, & youth employment togo victoire sidemho tomegah-dogbe","IAB11 Law, Gov’t & Politics",0.85,scraped,
minister of commerce & promotion of private sector togo bernadette essossimna legzim-balouki,"IAB11 Law, Gov’t & Politics",0.85,scraped,
"minister of communication, culture, sports, & civic education togo guy madje lorenzo","IAB11 Law, Gov’t & Politics",0.85,scraped,
minister of economy & finance togo sani yaya,"IAB11 Law, Gov’t & Politics",0.85,scraped,
minister of environment & forest resources togo andre johnson,"IAB11 Law, Gov’t & Politics",0.85,scraped,
"minister of foreign affairs, cooperation, & african integration togo komlan edo robert dussey","IAB11 Law, Gov’t & Politics",0.85,scraped,
minister of social action & promotion of women & literacy togo tchabinandi kolani yentchare,"IAB11 Law, Gov’t & Politics",0.85,scraped,
minister of health & social protection togo moustapha mijiyawa,"IAB11 Law, Gov’t & Politics",0.85,scraped,
minister of digital economy & society thailand prasoet chanthararuangthong,"IAB11 Law, Gov’t & Politics",0.85,scraped,
"minister of education thailand phoemphun chitchop,pol. lt. gen.","IAB11 Law, Gov’t & Politics",0.85,scraped,
minister of energy thailand phiraphan saliratthawiphak,"IAB11 Law, Gov’t & Politics",0.85,scraped,
ambassador to the us seychelles ian dereck joseph madeleine,"IAB11 Law, Gov’t & Politics",0.85,scraped,
president chad mahamat idriss deby itno,"IAB11 Law, Gov’t & Politics",0.85,scraped,
minister for land and housing seychelles billy rangasamy,"IAB11 Law, Gov’t & Politics",0.85,scraped,
prime minister chad allamaye halina,"IAB11 Law, Gov’t & Politics",0.85,scraped,
"minister for finance, national planning, and trade seychelles naadir hassan","IAB11 Law, Gov’t & Politics",0.85,scraped,
minister for employment and social affairs seychelles patricia francourt,"IAB11 Law, Gov’t & Politics",0.85,scraped,
"minister of information, communication, & technology eswatini savannah maziya","IAB11 Law, Gov’t & Politics",0.85,scraped,
"minister of justice & constitutional affairs eswatini simelane,maj. gen.  prince","IAB11 Law, Gov’t & Politics",0.85,scraped,
minister of labor & social security eswatini phila buthelezi,"IAB11 Law, Gov’t & Politics",0.85,scraped,
"minister of natural resources & energy eswatini lonkhokhela,prince","IAB11 Law, Gov’t & Politics",0.85,scraped,
minister of public service eswatini mabulala maseko,"IAB11 Law, Gov’t & Politics",0.85,scraped,
"minister of public works & transport eswatini ndlaluhlaza,chief","IAB11 Law, Gov’t & Politics",0.85,scraped,
"minister of sports, culture, & youth affairs eswatini bongani nzima","IAB11 Law, Gov’t & Politics",0.85,scraped,
"minister for agriculture, climate change, and environment seychelles flavien joubert","IAB11 Law, Gov’t & Politics",0.85,scraped,
minister of tinkhundla eswatini sikhumbuzo dlamini,"IAB11 Law, Gov’t & Politics",0.85,scraped,
"governor, central bank eswatini philemon mnisi","IAB11 Law, Gov’t & Politics",0.85,scraped,
ambassador to the us eswatini kennedy fitzgerald groening,"IAB11 Law, Gov’t & Politics",0.85,scraped,
"permanent representative to the un, new york eswatini thamie dlamini","IAB11 Law, Gov’t & Politics",0.85,scraped,
president. seychelles wavel ramkalawan,"IAB11 Law, Gov’t & Politics",0.85,scraped,
vice president. seychelles ahmed afif,"IAB11 Law, Gov’t & Politics",0.85,scraped,
minister of defense seychelles wavel ramkalawan,"IAB11 Law, Gov’t & Politics",0.85,scraped,
minister for education seychelles justin valentin,"IAB11 Law, Gov’t & Politics",0.85,scraped,
minister of tourism & environmental affairs eswatini jane mkhonta,"IAB11 Law, Gov’t & Politics",0.85,scraped,
minister of state chad tahir hamid nguilin,"IAB11 Law, Gov’t & Politics",0.85,scraped,
minister of state chad tom erdimi,"IAB11 Law, Gov’t & Politics",0.85,scraped,
minister of state chad limane mahamat,"IAB11 Law, Gov’t & Politics",0.85,scraped,
"minister of tourism development, culture, & handicrafts chad abakar rozzi teguil","IAB11 Law, Gov’t & Politics",0.85,scraped,
"minister of transport, civil aviation, & national meteorology chad fatime goukouni weddeye","IAB11 Law, Gov’t & Politics",0.85,scraped,
"permanent representative to the un, new york seychelles ian dereck joseph madeleine","IAB11 Law, Gov’t & Politics",0.85,scraped,
"governor, central bank seychelles caroline abel","IAB11 Law, Gov’t & Politics",0.85,scraped,
minister of finance thailand phichai chunhawachira,"IAB11 Law, Gov’t & Politics",0.85,scraped,
designated minister & minister for fisheries and agriculture seychelles jean-francois ferrari,"IAB11 Law, Gov’t & Politics",0.85,scraped,
minister of foreign affairs thailand marit sa-ngiamphong,"IAB11 Law, Gov’t & Politics",0.85,scraped,
"minister of higher education, science, research, & innovation thailand suphamat isaraphakdi","IAB11 Law, Gov’t & Politics",0.85,scraped,
minister of industry thailand ekkanat phromphan,"IAB11 Law, Gov’t & Politics",0.85,scraped,
minister of interior thailand anuthin chanwirakun,"IAB11 Law, Gov’t & Politics",0.85,scraped,
"minister of justice thailand thawi sotsong,pol. col.","IAB11 Law, Gov’t & Politics",0.85,scraped,
minister of labor thailand phiphat ratchakitprakan,"IAB11 Law, Gov’t & Politics",0.85,scraped,
minister of natural resources & environment thailand chaloemchai si-on,"IAB11 Law, Gov’t & Politics",0.85,scraped,
minister of public health thailand somsak thepsuthin,"IAB11 Law, Gov’t & Politics",0.85,scraped,
minister of social development & human security thailand warawut sinlapa-acha,"IAB11 Law, Gov’t & Politics",0.85,scraped,
minister of tourism & sports thailand sorawong thianthong,"IAB11 Law, Gov’t & Politics",0.85,scraped,
minister of transport thailand suriya chuengrungrueangkit,"IAB11 Law, Gov’t & Politics",0.85,scraped,
"governor, bank of thailand thailand setthaphut sutthiwat-narueput","IAB11 Law, Gov’t & Politics",0.85,scraped,
prime minister togo komi klassou,"IAB11 Law, Gov’t & Politics",0.85,scraped,
"minister of labor, migration, & employment tajikistan soleha kholmahmadzoda","IAB11 Law, Gov’t & Politics",0.85,scraped,
president. togo faure gnassingbe,"IAB11 Law, Gov’t & Politics",0.85,scraped,
ambassador to the u.s. chad kitoko gata ngoulou,"IAB11 Law, Gov’t & Politics",0.85,scraped,
minister for health seychelles peggy vidot,"IAB11 Law, Gov’t & Politics",0.85,scraped,
minister of legal affairs seychelles wavel ramkalawan,"IAB11 Law, Gov’t & Politics",0.85,scraped,
minister for local government and community development seychelles rose marie hoareau,"IAB11 Law, Gov’t & Politics",0.85,scraped,
minister of foreign affairs and tourism seychelles sylvestre radegonde,"IAB11 Law, Gov’t & Politics",0.85,scraped,
"minister of industry, entrepreneurship, and investment seychelles devika vidot","IAB11 Law, Gov’t & Politics",0.85,scraped,
minister of information seychelles ahmed afif,"IAB11 Law, Gov’t & Politics",0.85,scraped,
minister of information communications technology seychelles ahmed afif,"IAB11 Law, Gov’t & Politics",0.85,scraped,
"minister for habitat, infrastructure, & land transport seychelles charles bastienne","IAB11 Law, Gov’t & Politics",0.85,scraped,
minister for internal affairs seychelles errol fonseka,"IAB11 Law, Gov’t & Politics",0.85,scraped,
minister for public administration seychelles wavel ramkalawan,"IAB11 Law, Gov’t & Politics",0.85,scraped,
"minister for youth, sports, & family seychelles marie celine zialor","IAB11 Law, Gov’t & Politics",0.85,scraped,
minister-del. to the president. in charge of planning & development togo kossi assimaidou,"IAB11 Law, Gov’t & Politics",0.85,scraped,
minister-del. to the minister of primary & secondary education charged with technical education & vocational training togo georges kwawu aidam,"IAB11 Law, Gov’t & Politics",0.85,scraped,
"minister of home affairs, environment & climate change tuvalu maina vakafua talia","IAB11 Law, Gov’t & Politics",0.85,scraped,
"permanent representative to the un, new york zambia chola milambo","IAB11 Law, Gov’t & Politics",0.85,scraped,
"vice president. zimbabwe constantino chiwenga,gen. (ret.)","IAB11 Law, Gov’t & Politics",0.85,scraped,
vice president. zimbabwe nan,"IAB11 Law, Gov’t & Politics",0.85,scraped,
minister of defense & war veterans zimbabwe oppah muchinguri-kashiri,"IAB11 Law, Gov’t & Politics",0.85,scraped,
minister of energy & power development zimbabwe soda zhemu,"IAB11 Law, Gov’t & Politics",0.85,scraped,
"environment, climate change, tourism & international trade zimbabwe nqobizitha mangaliso ndlovu","IAB11 Law, Gov’t & Politics",0.85,scraped,
minister of finance & economic development zimbabwe mthuli ncube,"IAB11 Law, Gov’t & Politics",0.85,scraped,
minister of higher education south africa nobuhle nkabane,"IAB11 Law, Gov’t & Politics",0.85,scraped,
ambassador to the us vanuatu odo tevi,"IAB11 Law, Gov’t & Politics",0.85,scraped,
minister of health south africa aaron motsoaledi,"IAB11 Law, Gov’t & Politics",0.85,scraped,
minister of finance south africa enoch godongwana,"IAB11 Law, Gov’t & Politics",0.85,scraped,
minister for sports & recreation samoa laumatiamanu ringo purcell,"IAB11 Law, Gov’t & Politics",0.85,scraped,
minister of tourism samoa fiame naomi mata'afa,"IAB11 Law, Gov’t & Politics",0.85,scraped,
"minister of women, community, & social development samoa lagaaia tiaituau tufuga","IAB11 Law, Gov’t & Politics",0.85,scraped,
"minister of works, transport, & infrastructure samoa olo fiti afoa vaai","IAB11 Law, Gov’t & Politics",0.85,scraped,
attorney gen. samoa savalenoa mareva betham annandale,"IAB11 Law, Gov’t & Politics",0.85,scraped,
"governor, central bank samoa maiva atalina emma ainnu-enari","IAB11 Law, Gov’t & Politics",0.85,scraped,
ambassador to the us samoa fatumanava-o-upolu iii pa'olelei luteru,"IAB11 Law, Gov’t & Politics",0.85,scraped,
minister for public trust samoa tuala tevaga iosefo ponifasio,"IAB11 Law, Gov’t & Politics",0.85,scraped,
"permanent representative to the un, new york samoa fatumanava-o-upolu iii pa'olelei luteru","IAB11 Law, Gov’t & Politics",0.85,scraped,
"vice chairperson, presidential council yemen sultan al-arada","IAB11 Law, Gov’t & Politics",0.85,scraped,
"vice chairperson, presidential council yemen faraj salmin al-bahsani,brig. gen.","IAB11 Law, Gov’t & Politics",0.85,scraped,
"vice chairperson, presidential council yemen abdullah al-alimi ba wazir","IAB11 Law, Gov’t & Politics",0.85,scraped,
"vice chairperson, presidential council yemen uthman hussain faid al-mujali","IAB11 Law, Gov’t & Politics",0.85,scraped,
"vice chairperson, presidential council yemen tariq muhammad abdallah salih,brig. gen.","IAB11 Law, Gov’t & Politics",0.85,scraped,
"vice chairperson, presidential council yemen 'abd-al-rahman abu zara'a al-muharrami al-yafai,brig. gen.","IAB11 Law, Gov’t & Politics",0.85,scraped,
"vice chairperson, presidential council yemen aydarus qasim al-zubaydi,maj. gen.","IAB11 Law, Gov’t & Politics",0.85,scraped,
"chairperson, presidential council yemen rashad muhammad al-alimi,dr.","IAB11 Law, Gov’t & Politics",0.85,scraped,
president. zimbabwe emmerson dambudzo mnangagwa,"IAB11 Law, Gov’t & Politics",0.85,scraped,
ambassador to the us zambia lazarous kapambwe,"IAB11 Law, Gov’t & Politics",0.85,scraped,
minister of public enterprises samoa faumuina leatinu'u asi pauli wayne fong,"IAB11 Law, Gov’t & Politics",0.85,scraped,
attorney gen. zambia mulilo dimas kabesha,"IAB11 Law, Gov’t & Politics",0.85,scraped,
minister of industry & commerce zimbabwe sekai nzenza,"IAB11 Law, Gov’t & Politics",0.85,scraped,
minister of information communication technology & courier services zimbabwe jenfan muswere,"IAB11 Law, Gov’t & Politics",0.85,scraped,
"minister of information, publicity, & broadcasting services zimbabwe monica mutsvangwa","IAB11 Law, Gov’t & Politics",0.85,scraped,
"minister of justice, legal, & parliamentary affairs zimbabwe ziyambi ziyambi","IAB11 Law, Gov’t & Politics",0.85,scraped,
"minister of lands, agriculture, water, climate, & rural resettlement zimbabwe anxious jongwe masuka","IAB11 Law, Gov’t & Politics",0.85,scraped,
"minister of local govt., public works, & national housing zimbabwe july moyo","IAB11 Law, Gov’t & Politics",0.85,scraped,
minister of mines & mining development zimbabwe winston chitando,"IAB11 Law, Gov’t & Politics",0.85,scraped,
minister of home affairs & cultural heritage zimbabwe kazembe kazembe,"IAB11 Law, Gov’t & Politics",0.85,scraped,
minister of national housing & social amenities zimbabwe daniel garwe,"IAB11 Law, Gov’t & Politics",0.85,scraped,
"minister for public service, labor, & social welfare zimbabwe paul mavima","IAB11 Law, Gov’t & Politics",0.85,scraped,
minister of transport & infrastructural development zimbabwe felix mhona,"IAB11 Law, Gov’t & Politics",0.85,scraped,
"minister of women affairs, community, & small & medium enterprise development zimbabwe sithembiso nyoni","IAB11 Law, Gov’t & Politics",0.85,scraped,
"minister of youth sport, arts, & recreation zimbabwe kirsty coventry","IAB11 Law, Gov’t & Politics",0.85,scraped,
"governor, reserve bank of zimbabwe zimbabwe john panonetsa mangudya","IAB11 Law, Gov’t & Politics",0.85,scraped,
ambassador to the us zimbabwe tadeous chifamba,"IAB11 Law, Gov’t & Politics",0.85,scraped,
"permanent representative to the un, new york zimbabwe taonga mushayavanhu","IAB11 Law, Gov’t & Politics",0.85,scraped,
minister of primary & secondary education zimbabwe cain mathema,"IAB11 Law, Gov’t & Politics",0.85,scraped,
"minister of higher & tertiary education, science, & technology development zimbabwe amon murwira","IAB11 Law, Gov’t & Politics",0.85,scraped,
"minister of health & child care zimbabwe constantino chiwenga,gen. (ret.)","IAB11 Law, Gov’t & Politics",0.85,scraped,
minister of foreign affairs & intl. trade zimbabwe frederick musiiwa makamure shava,"IAB11 Law, Gov’t & Politics",0.85,scraped,
minister of mines & minerals zambia paul chanda kabuswe,"IAB11 Law, Gov’t & Politics",0.85,scraped,
minister of science & technology zambia felix mutati,"IAB11 Law, Gov’t & Politics",0.85,scraped,
minister of small & medium enterprises zambia elias mubanga,"IAB11 Law, Gov’t & Politics",0.85,scraped,
minister of tourism zambia rhodine sikumba,"IAB11 Law, Gov’t & Politics",0.85,scraped,
minister of transport & logistics zambia frank tayali,"IAB11 Law, Gov’t & Politics",0.85,scraped,
minister of water development & sanitation zambia collins nzovu,"IAB11 Law, Gov’t & Politics",0.85,scraped,
minister of youth & sport zambia elvis nkandu,"IAB11 Law, Gov’t & Politics",0.85,scraped,
prime minister yemen salim salih bin burayk,"IAB11 Law, Gov’t & Politics",0.85,scraped,
minister of police & prisons samoa faualo lefau harry jefferey schuster,"IAB11 Law, Gov’t & Politics",0.85,scraped,
minister of natural resources development tuvalu saâaga talu teafa,"IAB11 Law, Gov’t & Politics",0.85,scraped,
minister of basic education south africa siviwe gwarube,"IAB11 Law, Gov’t & Politics",0.85,scraped,
minister of cooperative governance & traditional affairs south africa velenkosini hlabisa,"IAB11 Law, Gov’t & Politics",0.85,scraped,
minister of correctional services south africa pieter groenewald,"IAB11 Law, Gov’t & Politics",0.85,scraped,
minister of defense & military veterans south africa angie motshekga,"IAB11 Law, Gov’t & Politics",0.85,scraped,
minister of employment & labor south africa nomakhosazana meth,"IAB11 Law, Gov’t & Politics",0.85,scraped,
"minister in the presidency for women, youth, and persons with disabilities south africa sindisiwe chikunga","IAB11 Law, Gov’t & Politics",0.85,scraped,
minister of transport yemen abd al-salam hadi,"IAB11 Law, Gov’t & Politics",0.85,scraped,
minister of telecommunications & information technology (acting) yemen waed ba dhib,"IAB11 Law, Gov’t & Politics",0.85,scraped,
minister of social affairs & labor yemen muhammad al-zaouri,"IAB11 Law, Gov’t & Politics",0.85,scraped,
"minister of defense yemen mohsen al-daeri,lt. gen.","IAB11 Law, Gov’t & Politics",0.85,scraped,
minister of education yemen tareq salem saleh al-akbari,"IAB11 Law, Gov’t & Politics",0.85,scraped,
minister of electricity & energy yemen mana bin yamin,"IAB11 Law, Gov’t & Politics",0.85,scraped,
minister of endowments and religious guidance yemen muhammad edhah mahdi shabibah,"IAB11 Law, Gov’t & Politics",0.85,scraped,
minister of finance yemen salim salih bin burayk,"IAB11 Law, Gov’t & Politics",0.85,scraped,
minister of foreign and expatriate affairs yemen dr. shaya al-zindani,"IAB11 Law, Gov’t & Politics",0.85,scraped,
"minister of higher education, scientific research, and vocational training yemen khaled ahmad al-wasabi","IAB11 Law, Gov’t & Politics",0.85,scraped,
minister of human rights and legal affairs yemen ahmad omar muhammad arman,"IAB11 Law, Gov’t & Politics",0.85,scraped,
minister of industry & trade yemen muhammad hazm al-ashwal,"IAB11 Law, Gov’t & Politics",0.85,scraped,
"minister of information, culture, and tourism yemen muammar mutahar al-iryani","IAB11 Law, Gov’t & Politics",0.85,scraped,
minister of interior yemen ibrahim ali ahmad haydan,"IAB11 Law, Gov’t & Politics",0.85,scraped,
minister of justice yemen badr abdo ahmad al-ardah,"IAB11 Law, Gov’t & Politics",0.85,scraped,
minister of local admin. yemen hussein al-aghbari,"IAB11 Law, Gov’t & Politics",0.85,scraped,
minister of oil & minerals yemen sa'id al-shamasi,"IAB11 Law, Gov’t & Politics",0.85,scraped,
minister of planning & intl. cooperation yemen waed ba dhib,"IAB11 Law, Gov’t & Politics",0.85,scraped,
minister of public health & population yemen qasem buhaibeh,"IAB11 Law, Gov’t & Politics",0.85,scraped,
minister of public works & roads yemen salim al-hurayzi,"IAB11 Law, Gov’t & Politics",0.85,scraped,
"minister of forestry, fisheries, & the environment south africa dion george","IAB11 Law, Gov’t & Politics",0.85,scraped,
minister of public works & waste tuvalu ampelosa manoa tehulu,"IAB11 Law, Gov’t & Politics",0.85,scraped,
minister of communications & digital technologies south africa solly malatsi,"IAB11 Law, Gov’t & Politics",0.85,scraped,
minister of agriculture south africa john steenhuisen,"IAB11 Law, Gov’t & Politics",0.85,scraped,
head of state samoa tuimaleali'ifano va'aleto'a eti sualauvi ii,"IAB11 Law, Gov’t & Politics",0.85,scraped,
"minister in the presidency for planning, monitoring, and evaluation south africa maropene lydia ramokgopa","IAB11 Law, Gov’t & Politics",0.85,scraped,
prime minister samoa fiame naomi mata'afa,"IAB11 Law, Gov’t & Politics",0.85,scraped,
deputy. prime minister samoa tuala tevaga iosefo ponifasio,"IAB11 Law, Gov’t & Politics",0.85,scraped,
minister of agriculture & fisheries samoa niuava malolo eti,"IAB11 Law, Gov’t & Politics",0.85,scraped,
minister for the attorney general's office samoa fiame naomi mata'afa,"IAB11 Law, Gov’t & Politics",0.85,scraped,
minister for the audit office samoa tuala tevaga iosefo ponifasio,"IAB11 Law, Gov’t & Politics",0.85,scraped,
"minister of commerce, industry, & labor samoa faleomavaega titimaea tafua","IAB11 Law, Gov’t & Politics",0.85,scraped,
minister of the prime minister & cabinet samoa fiame naomi mata'afa,"IAB11 Law, Gov’t & Politics",0.85,scraped,
minister of communication & information technology samoa mauâu siaosi puepuemai,"IAB11 Law, Gov’t & Politics",0.85,scraped,
minister of education & culture samoa seu'ula ioane,"IAB11 Law, Gov’t & Politics",0.85,scraped,
minister of finance samoa lautimuia uelese va'ai,"IAB11 Law, Gov’t & Politics",0.85,scraped,
minister of foreign affairs & trade samoa fiame naomi mata'afa,"IAB11 Law, Gov’t & Politics",0.85,scraped,
minister of health samoa valasi luapitofanua to'ogamaga tafito selesele,"IAB11 Law, Gov’t & Politics",0.85,scraped,
minister of justice & courts admin. samoa matamua seumanu vasati sili pulufana,"IAB11 Law, Gov’t & Politics",0.85,scraped,
minister of natural resources & environment samoa toeolesulusulu cedric pose schuster,"IAB11 Law, Gov’t & Politics",0.85,scraped,
minister for the ombudsman & public service commission samoa fiame naomi mata'afa,"IAB11 Law, Gov’t & Politics",0.85,scraped,
minister of customs & revenue samoa tuala tevaga iosefo ponifasio,"IAB11 Law, Gov’t & Politics",0.85,scraped,
deputy. prime minister yemen fuad hussein,"IAB11 Law, Gov’t & Politics",0.85,scraped,
"minister of agriculture, irrigation, and fisheries yemen salem abdullah al-soqotri","IAB11 Law, Gov’t & Politics",0.85,scraped,
minister of civil services & social security yemen abd al-nasser al-wali,"IAB11 Law, Gov’t & Politics",0.85,scraped,
minister of youth & sports yemen nayif al-bakri,"IAB11 Law, Gov’t & Politics",0.85,scraped,
"governor, central bank yemen hashim ismail ali","IAB11 Law, Gov’t & Politics",0.85,scraped,
ambassador to the us yemen abd al-wahab abdullah ahmed al-hajri,"IAB11 Law, Gov’t & Politics",0.85,scraped,
"permanent representative to the un, new york yemen abdallah ali fadl al-saadi","IAB11 Law, Gov’t & Politics",0.85,scraped,
president. south africa matamela cyril ramaphosa,"IAB11 Law, Gov’t & Politics",0.85,scraped,
deputy. president. south africa paul mashatile,"IAB11 Law, Gov’t & Politics",0.85,scraped,
minister in the presidency south africa khumbudzo ntshavheni,"IAB11 Law, Gov’t & Politics",0.85,scraped,
minister of water & environment yemen tawfiq al-sharjabi,"IAB11 Law, Gov’t & Politics",0.85,scraped,
minister of defense montenegro dragan krapovic,"IAB11 Law, Gov’t & Politics",0.85,scraped,
minister for social policy & childrenâs rights malta michael falzon,"IAB11 Law, Gov’t & Politics",0.85,scraped,
deputy. prime minister for infrastructure and regional development montenegro milun zogovic,"IAB11 Law, Gov’t & Politics",0.85,scraped,
minister of social development panama beatriz carles arango,"IAB11 Law, Gov’t & Politics",0.85,scraped,
president. peru dina boluarte zegarra,"IAB11 Law, Gov’t & Politics",0.85,scraped,
vice president. peru nan,"IAB11 Law, Gov’t & Politics",0.85,scraped,
prime minister peru gustavo adrianzen olaya,"IAB11 Law, Gov’t & Politics",0.85,scraped,
minister of agriculture & irrigation peru angel manero campos,"IAB11 Law, Gov’t & Politics",0.85,scraped,
minister of culture peru fabricio valencia gibaja,"IAB11 Law, Gov’t & Politics",0.85,scraped,
minister of defense peru walter astudillo,"IAB11 Law, Gov’t & Politics",0.85,scraped,
minister of development & social inclusion peru leslie urteaga pena,"IAB11 Law, Gov’t & Politics",0.85,scraped,
minister of economy & finance peru raul perez reyes espejo,"IAB11 Law, Gov’t & Politics",0.85,scraped,
minister of education peru morgan quero gaime,"IAB11 Law, Gov’t & Politics",0.85,scraped,
minister of energy & mines peru jorge montero cornejo,"IAB11 Law, Gov’t & Politics",0.85,scraped,
minister of environment peru juan carlos castro vargas,"IAB11 Law, Gov’t & Politics",0.85,scraped,
minister of foreign relations peru elmer jose gonzalo schialer salcedo,"IAB11 Law, Gov’t & Politics",0.85,scraped,
minister of foreign trade & tourism peru ursula leon chempen,"IAB11 Law, Gov’t & Politics",0.85,scraped,
"minister of land management, cooperatives, & poverty alleviation nepal balaram adhikari","IAB11 Law, Gov’t & Politics",0.85,scraped,
minister for poverty alleviation & social safety pakistan shazia marri,"IAB11 Law, Gov’t & Politics",0.85,scraped,
minister of physical infrastructure & transport nepal davendra dahal,"IAB11 Law, Gov’t & Politics",0.85,scraped,
"minister of industry, commerce, & supplies nepal damodar bhandari","IAB11 Law, Gov’t & Politics",0.85,scraped,
minister of rural & regional development malaysia ahmad zahid hamidi,"IAB11 Law, Gov’t & Politics",0.85,scraped,
"minister of science, technology & innovation malaysia chang lih kang","IAB11 Law, Gov’t & Politics",0.85,scraped,
"minister of tourism, arts & culture malaysia tiong king sing","IAB11 Law, Gov’t & Politics",0.85,scraped,
minister of transport malaysia anthony loke siew fook,"IAB11 Law, Gov’t & Politics",0.85,scraped,
"minister of women, family & community development malaysia nancy shukri","IAB11 Law, Gov’t & Politics",0.85,scraped,
minister of youth and sports malaysia hannah yeoh tseow suan,"IAB11 Law, Gov’t & Politics",0.85,scraped,
minister in the prime minister's department for law & institutional reform malaysia azalina othman said,"IAB11 Law, Gov’t & Politics",0.85,scraped,
minister of plantation industries & commodities malaysia johari abdul ghani,"IAB11 Law, Gov’t & Politics",0.85,scraped,
minister in the prime ministerâs department for religious affairs malaysia mohamad naâim mokhtar,"IAB11 Law, Gov’t & Politics",0.85,scraped,
minister in the prime ministerâs department for federal territories malaysia zaliha mustafa,"IAB11 Law, Gov’t & Politics",0.85,scraped,
attorney general malaysia ahmad terrirudin,"IAB11 Law, Gov’t & Politics",0.85,scraped,
"permanent representative to the un, new york panama eloy alfaro de alba","IAB11 Law, Gov’t & Politics",0.85,scraped,
ambassador to the us panama jose miguel aleman,"IAB11 Law, Gov’t & Politics",0.85,scraped,
"manager, national bank of panama panama javier carrizo","IAB11 Law, Gov’t & Politics",0.85,scraped,
attorney gen. panama luis carlos manuel gomez rudy,"IAB11 Law, Gov’t & Politics",0.85,scraped,
minister for privatization pakistan abdul aleem khan,"IAB11 Law, Gov’t & Politics",0.85,scraped,
minister for railways & aviation pakistan khawaja saad rafique,"IAB11 Law, Gov’t & Politics",0.85,scraped,
minister for religious affairs and interfaith harmony pakistan abdul shakoor,"IAB11 Law, Gov’t & Politics",0.85,scraped,
minister of public security panama frank alexis abrego mendoza,"IAB11 Law, Gov’t & Politics",0.85,scraped,
"minister of law, justice, & parliamentary affairs nepal ajay chaurasiya","IAB11 Law, Gov’t & Politics",0.85,scraped,
minister of public works panama josã© luis andrade,"IAB11 Law, Gov’t & Politics",0.85,scraped,
minister of women panama niurka palacios,"IAB11 Law, Gov’t & Politics",0.85,scraped,
minister of labor & employment peru daniel maurate,"IAB11 Law, Gov’t & Politics",0.85,scraped,
minister of production peru sergio gonzalez guerrero,"IAB11 Law, Gov’t & Politics",0.85,scraped,
minister of transportation & communications peru cesar carlos sandoval pozo,"IAB11 Law, Gov’t & Politics",0.85,scraped,
minister of women & vulnerable populations peru fanny montellanos carbajal,"IAB11 Law, Gov’t & Politics",0.85,scraped,
"president., central reserve bank peru julio velarde flores","IAB11 Law, Gov’t & Politics",0.85,scraped,
ambassador to the us peru alfredo ferrero diez-canseco,"IAB11 Law, Gov’t & Politics",0.85,scraped,
"permanent representative to the un, new york peru gustavo adrianzen olaya","IAB11 Law, Gov’t & Politics",0.85,scraped,
minister of justice & human rights peru juan alcantara medrano,"IAB11 Law, Gov’t & Politics",0.85,scraped,
"president. philippines ferdinand marcos, jr.","IAB11 Law, Gov’t & Politics",0.85,scraped,
executive secretary. philippines lucas bersamin,"IAB11 Law, Gov’t & Politics",0.85,scraped,
secretary. of agrarian reform philippines conrado estrella iii,"IAB11 Law, Gov’t & Politics",0.85,scraped,
"secretary. of agriculture philippines francisco tiu laurel, jr.","IAB11 Law, Gov’t & Politics",0.85,scraped,
secretary. of budget & management philippines amena pangandaman,"IAB11 Law, Gov’t & Politics",0.85,scraped,
"secretary. of education, culture, & sports philippines juan edgardo angara","IAB11 Law, Gov’t & Politics",0.85,scraped,
secretary. of energy philippines raphael lotilla,"IAB11 Law, Gov’t & Politics",0.85,scraped,
secretary. of environment & natural resources philippines maria antonia yulo-loyzaga,"IAB11 Law, Gov’t & Politics",0.85,scraped,
vice president. philippines sara duterte-carpio,"IAB11 Law, Gov’t & Politics",0.85,scraped,
minister of interior peru carlos alberto malaver,"IAB11 Law, Gov’t & Politics",0.85,scraped,
"minister of housing, construction, & sanitation peru durich whittembury talledo","IAB11 Law, Gov’t & Politics",0.85,scraped,
minister of health peru cesar vasquez sanchez,"IAB11 Law, Gov’t & Politics",0.85,scraped,
"governor, bank negara malaysia malaysia abdul rasheed adbul ghaffour","IAB11 Law, Gov’t & Politics",0.85,scraped,
ambassador to the us malaysia nazri aziz,"IAB11 Law, Gov’t & Politics",0.85,scraped,
"permanent representative to the un, new york malaysia ahmad faisal muhamad","IAB11 Law, Gov’t & Politics",0.85,scraped,
minister of energy niger amadou haoua,"IAB11 Law, Gov’t & Politics",0.85,scraped,
"minister of higher education, research & technological innovation niger mahamadou saidou","IAB11 Law, Gov’t & Politics",0.85,scraped,
"minister of state and minister of national defense niger salifou mody,lt. gen.","IAB11 Law, Gov’t & Politics",0.85,scraped,
minister of humanitarian action & disaster management niger aissa lawan,"IAB11 Law, Gov’t & Politics",0.85,scraped,
"minister of justice & human rights, keeper of seals niger alio daouda","IAB11 Law, Gov’t & Politics",0.85,scraped,
"minister of mines niger ousmane abachi,col.","IAB11 Law, Gov’t & Politics",0.85,scraped,
"minister of national education, literacy, vocational education & promotion of national languages niger elizabeth cherif,dr.","IAB11 Law, Gov’t & Politics",0.85,scraped,
minister of petroleum niger mahamane moustapha barke,"IAB11 Law, Gov’t & Politics",0.85,scraped,
"minister of public health, population & social affairs niger garba hakimi,dr. col. maj.","IAB11 Law, Gov’t & Politics",0.85,scraped,
minister of public works & employment niger aissatou abdoulaye,"IAB11 Law, Gov’t & Politics",0.85,scraped,
"minister of labor, employment, & social security nepal bharat singh bhandari","IAB11 Law, Gov’t & Politics",0.85,scraped,
"minister of hydraulics, sanitation & the environment niger maizama abdoulaye,col.","IAB11 Law, Gov’t & Politics",0.85,scraped,
prime minister and minister of economy & finance niger ali mahaman lamine zeine,"IAB11 Law, Gov’t & Politics",0.85,scraped,
"president. niger abdourahmane tiani,brig. gen.","IAB11 Law, Gov’t & Politics",0.85,scraped,
"permanent representative to the un, new york namibia neville gertze","IAB11 Law, Gov’t & Politics",0.85,scraped,
"minister of education, innovation, youth, sport, art, & culture namibia sanet steenkamp","IAB11 Law, Gov’t & Politics",0.85,scraped,
minister of environment & tourism namibia indileni daniel,"IAB11 Law, Gov’t & Politics",0.85,scraped,
minister of finance & social grants management namibia erica shafudah,"IAB11 Law, Gov’t & Politics",0.85,scraped,
"minister of gender equality & child welfare namibia emma kantema,dr.","IAB11 Law, Gov’t & Politics",0.85,scraped,
"minister of health & social services namibia esperance luvindao,dr.","IAB11 Law, Gov’t & Politics",0.85,scraped,
"minister of home affairs, immigration, safety, & security namibia lucia lipumbu","IAB11 Law, Gov’t & Politics",0.85,scraped,
minister of information & communications technology namibia emma theofelus,"IAB11 Law, Gov’t & Politics",0.85,scraped,
minister of international relations & trade namibia selma ashipala-musavyi,"IAB11 Law, Gov’t & Politics",0.85,scraped,
minister of justice & labor relations namibia fillemon wise emmanuel,"IAB11 Law, Gov’t & Politics",0.85,scraped,
"minister of mines, energy, & industry namibia natangwe ithete","IAB11 Law, Gov’t & Politics",0.85,scraped,
minister of urban & rural development namibia james sankwasa,"IAB11 Law, Gov’t & Politics",0.85,scraped,
minister of works & transport namibia viekko nekundi,"IAB11 Law, Gov’t & Politics",0.85,scraped,
director general of the intelligence service namibia benedictus likando,"IAB11 Law, Gov’t & Politics",0.85,scraped,
"minister of foreign affairs, cooperation & nigeriens abroad niger bakary yaou sangare","IAB11 Law, Gov’t & Politics",0.85,scraped,
"minister of communication, postal & digital economy niger sidi mohamed raliou","IAB11 Law, Gov’t & Politics",0.85,scraped,
"president. namibia netumbo nandi-ndaitwah,dr.","IAB11 Law, Gov’t & Politics",0.85,scraped,
minister of commerce & industry niger seydou asman,"IAB11 Law, Gov’t & Politics",0.85,scraped,
vice president. namibia lucia witbooi,"IAB11 Law, Gov’t & Politics",0.85,scraped,
minister in charge of sabah and sarawak affairs malaysia fadillah yusof,"IAB11 Law, Gov’t & Politics",0.85,scraped,
"prime minister namibia elijah ngurare,dr.","IAB11 Law, Gov’t & Politics",0.85,scraped,
minister of national unity malaysia aaron ago dagang,"IAB11 Law, Gov’t & Politics",0.85,scraped,
minister of human resources malaysia steven sim chee keong,"IAB11 Law, Gov’t & Politics",0.85,scraped,
minister of digital malaysia gobind singh deo,"IAB11 Law, Gov’t & Politics",0.85,scraped,
minister of defense malaysia mohamed khaled nordin,"IAB11 Law, Gov’t & Politics",0.85,scraped,
minister of domestic trade & cost of living malaysia armizan mohamad ali,"IAB11 Law, Gov’t & Politics",0.85,scraped,
minister of economy malaysia rafizi ramli,"IAB11 Law, Gov’t & Politics",0.85,scraped,
minister of education malaysia fadhlina sidek,"IAB11 Law, Gov’t & Politics",0.85,scraped,
minister of entrepreneur development & cooperatives malaysia ewon benedick,"IAB11 Law, Gov’t & Politics",0.85,scraped,
minister of natural resources and sustainability malaysia nik nazmi nik ahmad,"IAB11 Law, Gov’t & Politics",0.85,scraped,
minister of international trade & industry malaysia zafrul tengku abdul aziz,"IAB11 Law, Gov’t & Politics",0.85,scraped,
minister of energy transition and public utilities malaysia fadillah yusof,"IAB11 Law, Gov’t & Politics",0.85,scraped,
minister of finance ii malaysia amir hamzah azizan,"IAB11 Law, Gov’t & Politics",0.85,scraped,
minister of foreign affairs malaysia mohamad hasan,"IAB11 Law, Gov’t & Politics",0.85,scraped,
minister of works malaysia alexander nanta linggi,"IAB11 Law, Gov’t & Politics",0.85,scraped,
minister of health malaysia dzulkefly ahmad,"IAB11 Law, Gov’t & Politics",0.85,scraped,
minister of higher education malaysia zambry abdul kadir,"IAB11 Law, Gov’t & Politics",0.85,scraped,
minister of home affairs malaysia saifuddin nasution ismail,"IAB11 Law, Gov’t & Politics",0.85,scraped,
minister of local government development malaysia nga kor ming,"IAB11 Law, Gov’t & Politics",0.85,scraped,
minister of finance malaysia anwar ibrahim,"IAB11 Law, Gov’t & Politics",0.85,scraped,
deputy. prime minister namibia natangwe ithete,"IAB11 Law, Gov’t & Politics",0.85,scraped,
"minister of agriculture, fisheries, water, & land reform namibia mac albert hengari","IAB11 Law, Gov’t & Politics",0.85,scraped,
minister of defense & veterans affairs namibia frans kapofi,"IAB11 Law, Gov’t & Politics",0.85,scraped,
"minister of state and minister of the interior, public security & territorial administration niger mohamed toumba boubacar,brig. gen.","IAB11 Law, Gov’t & Politics",0.85,scraped,
minister of agriculture & livestock niger mahaman elhadj ousmane,"IAB11 Law, Gov’t & Politics",0.85,scraped,
minister for power pakistan sardar awais ahmad khan leghari,"IAB11 Law, Gov’t & Politics",0.85,scraped,
"minister for planning, development and special initiatives pakistan ahsan iqbal chaudhary","IAB11 Law, Gov’t & Politics",0.85,scraped,
"permanent representative to the un, new york nauru margo reminisse deiye","IAB11 Law, Gov’t & Politics",0.85,scraped,
"governor, central bank of the philippines philippines eli remolona, jr.","IAB11 Law, Gov’t & Politics",0.85,scraped,
"secretary. of interior & local govt. philippines juanito victor remulla, jr. (oic)","IAB11 Law, Gov’t & Politics",0.85,scraped,
secretary. of justice philippines jesus crispin remulla,"IAB11 Law, Gov’t & Politics",0.85,scraped,
secretary. of labor & employment philippines bienvenido laguesma,"IAB11 Law, Gov’t & Politics",0.85,scraped,
secretary. of migrant workers philippines hans leo cacdac,"IAB11 Law, Gov’t & Politics",0.85,scraped,
"secretary. of national defense philippines gilberto teodoro, jr.","IAB11 Law, Gov’t & Politics",0.85,scraped,
secretary. of public works & highways philippines manuel bonoan,"IAB11 Law, Gov’t & Politics",0.85,scraped,
"president. palau surangel whipps, jr.","IAB11 Law, Gov’t & Politics",0.85,scraped,
"secretary. of science & technology philippines renato solidum, jr.","IAB11 Law, Gov’t & Politics",0.85,scraped,
secretary. of socioeconomic planning philippines arsenio balisacan,"IAB11 Law, Gov’t & Politics",0.85,scraped,
secretary. of tourism philippines christina frasco,"IAB11 Law, Gov’t & Politics",0.85,scraped,
secretary. of trade & industry philippines cristina aldeguer-roque (oic),"IAB11 Law, Gov’t & Politics",0.85,scraped,
secretary. of transportation & communications philippines jamie bautista,"IAB11 Law, Gov’t & Politics",0.85,scraped,
national security adviser philippines eduardo ano,"IAB11 Law, Gov’t & Politics",0.85,scraped,
ambassador to the us philippines jose manuel de gallego romualdez,"IAB11 Law, Gov’t & Politics",0.85,scraped,
minister for petroleum pakistan musadik masood malik,"IAB11 Law, Gov’t & Politics",0.85,scraped,
secretary. of social welfare & development philippines rexlon gatchalian,"IAB11 Law, Gov’t & Politics",0.85,scraped,
minister for bougainville affairs papua new guinea mannaseh makiba,"IAB11 Law, Gov’t & Politics",0.85,scraped,
minister for civil aviation papua new guinea wake goi,"IAB11 Law, Gov’t & Politics",0.85,scraped,
minister for coffee papua new guinea william bando,"IAB11 Law, Gov’t & Politics",0.85,scraped,
minister for national events papua new guinea justin tkatchenko,"IAB11 Law, Gov’t & Politics",0.85,scraped,
minister for national planning papua new guinea ano pala,"IAB11 Law, Gov’t & Politics",0.85,scraped,
minister for palm oil papua new guinea francis maneke,"IAB11 Law, Gov’t & Politics",0.85,scraped,
minister for petroleum papua new guinea jimmy maladina,"IAB11 Law, Gov’t & Politics",0.85,scraped,
minister for planning papua new guinea ano pala,"IAB11 Law, Gov’t & Politics",0.85,scraped,
"minister for police papua new guinea peter tsiamalili, jr.","IAB11 Law, Gov’t & Politics",0.85,scraped,
minister for provincial and local level government affairs papua new guinea soroi eoe,"IAB11 Law, Gov’t & Politics",0.85,scraped,
minister for mining papua new guinea rainbo paita,"IAB11 Law, Gov’t & Politics",0.85,scraped,
minister for public service papua new guinea joe sungi,"IAB11 Law, Gov’t & Politics",0.85,scraped,
secretary. of information & communications technology philippines ivan uy,"IAB11 Law, Gov’t & Politics",0.85,scraped,
"permanent representative to the un, new york philippines antonio lagdameo, sr.","IAB11 Law, Gov’t & Politics",0.85,scraped,
vice president. palau raynold b. oilouch,"IAB11 Law, Gov’t & Politics",0.85,scraped,
minister for agriculture papua new guinea john boito,"IAB11 Law, Gov’t & Politics",0.85,scraped,
prime minister new zealand christopher luxon,"IAB11 Law, Gov’t & Politics",0.85,scraped,
deputy. prime minister new zealand winston peters,"IAB11 Law, Gov’t & Politics",0.85,scraped,
minister for the accident compensation corporation new zealand matt doocey,"IAB11 Law, Gov’t & Politics",0.85,scraped,
minister of agriculture new zealand todd mcclay,"IAB11 Law, Gov’t & Politics",0.85,scraped,
"minister for arts, culture, & heritage new zealand paul goldsmith","IAB11 Law, Gov’t & Politics",0.85,scraped,
minister for auckland new zealand simeon brown,"IAB11 Law, Gov’t & Politics",0.85,scraped,
"minister for infrastructure new zealand chris bishop,dr.","IAB11 Law, Gov’t & Politics",0.85,scraped,
minister for industries and production pakistan rana tanveer hussain,"IAB11 Law, Gov’t & Politics",0.85,scraped,
minister for information and broadcasting pakistan attaullah tarar,"IAB11 Law, Gov’t & Politics",0.85,scraped,
minister for information & telecommunication pakistan syed amin ul haque,"IAB11 Law, Gov’t & Politics",0.85,scraped,
minister of education palau nan,"IAB11 Law, Gov’t & Politics",0.85,scraped,
minister of finance palau nan,"IAB11 Law, Gov’t & Politics",0.85,scraped,
minister of health & human services palau raynold b. oilouch,"IAB11 Law, Gov’t & Politics",0.85,scraped,
"minister of human resources, culture, tourism, & development palau ngirai tmetuchl","IAB11 Law, Gov’t & Politics",0.85,scraped,
minister of interior palau nan,"IAB11 Law, Gov’t & Politics",0.85,scraped,
minister of justice palau jennifer sekang olegeriil,"IAB11 Law, Gov’t & Politics",0.85,scraped,
"minister of public infrastructure, industries, & commerce palau charles obichang","IAB11 Law, Gov’t & Politics",0.85,scraped,
"minister of agriculture, fisheries, & environment palau steven victor","IAB11 Law, Gov’t & Politics",0.85,scraped,
minister of state palau gustav aitaro,"IAB11 Law, Gov’t & Politics",0.85,scraped,
attorney gen. palau ernestine rengiil,"IAB11 Law, Gov’t & Politics",0.85,scraped,
ambassador to the us palau hersey kyota,"IAB11 Law, Gov’t & Politics",0.85,scraped,
"permanent representative to the un, new york palau ilana victorya seid","IAB11 Law, Gov’t & Politics",0.85,scraped,
"governor gen. papua new guinea bob dadae,grand chief sir","IAB11 Law, Gov’t & Politics",0.85,scraped,
prime minister papua new guinea james marape,"IAB11 Law, Gov’t & Politics",0.85,scraped,
deputy. prime minister papua new guinea john rosso,"IAB11 Law, Gov’t & Politics",0.85,scraped,
minister for administrative services papua new guinea richard masere,"IAB11 Law, Gov’t & Politics",0.85,scraped,
chief of staff to the president. palau landisang kotaro,"IAB11 Law, Gov’t & Politics",0.85,scraped,
minister for state enterprises papua new guinea william duma,"IAB11 Law, Gov’t & Politics",0.85,scraped,
"minister for tourism, arts, & culture papua new guinea belden namah","IAB11 Law, Gov’t & Politics",0.85,scraped,
minister for transport papua new guinea miki kaeok,"IAB11 Law, Gov’t & Politics",0.85,scraped,
"permanent representative to the un, new york pakistan munir akram","IAB11 Law, Gov’t & Politics",0.85,scraped,
minister of agricultural development panama roberto josã© linares,"IAB11 Law, Gov’t & Politics",0.85,scraped,
minister of canal affairs panama jose ramon icaza,"IAB11 Law, Gov’t & Politics",0.85,scraped,
minister of commerce & industry panama julio molto,"IAB11 Law, Gov’t & Politics",0.85,scraped,
minister of culture panama maruja herrera,"IAB11 Law, Gov’t & Politics",0.85,scraped,
"acting governor, state bank of pakistan pakistan murtaza syed","IAB11 Law, Gov’t & Politics",0.85,scraped,
minister of economy & finance panama felipe chapman,"IAB11 Law, Gov’t & Politics",0.85,scraped,
minister of environment panama juan carlos navarro,"IAB11 Law, Gov’t & Politics",0.85,scraped,
minister of foreign affairs panama javier martinez acha,"IAB11 Law, Gov’t & Politics",0.85,scraped,
minister of government panama dinoska montalvo,"IAB11 Law, Gov’t & Politics",0.85,scraped,
"minister of health panama fernando boyd galindo,dr.","IAB11 Law, Gov’t & Politics",0.85,scraped,
minister of housing & land management panama jaime jovane,"IAB11 Law, Gov’t & Politics",0.85,scraped,
minister of labor & labor development panama jackeline munoz,"IAB11 Law, Gov’t & Politics",0.85,scraped,
minister of the presidency panama juan carlos orillac,"IAB11 Law, Gov’t & Politics",0.85,scraped,
minister of education panama lucy molinar,"IAB11 Law, Gov’t & Politics",0.85,scraped,
minister for water resources pakistan ahmed syed khursheed shah,"IAB11 Law, Gov’t & Politics",0.85,scraped,
minister for states and frontier regions (safron) pakistan amir muqam,"IAB11 Law, Gov’t & Politics",0.85,scraped,
minister for science and technology pakistan khalid maqbool siddiqui,"IAB11 Law, Gov’t & Politics",0.85,scraped,
minister for interior pakistan syed mohsin raza naqvi,"IAB11 Law, Gov’t & Politics",0.85,scraped,
minister for interprovincial coordination pakistan ehsan ur rehman mazari,"IAB11 Law, Gov’t & Politics",0.85,scraped,
minister for law and justice pakistan azam nazeer tarar,"IAB11 Law, Gov’t & Politics",0.85,scraped,
minister for maritime affairs pakistan qaiser ahmed sheikh,"IAB11 Law, Gov’t & Politics",0.85,scraped,
minister for narcotics control pakistan syed mohsin raza naqvi,"IAB11 Law, Gov’t & Politics",0.85,scraped,
minister for national food security and research pakistan chaudhary tariq bashir cheema,"IAB11 Law, Gov’t & Politics",0.85,scraped,
"minister for national health services, regulations, & coordination pakistan abdul qadir patel","IAB11 Law, Gov’t & Politics",0.85,scraped,
minister for national heritage and culture pakistan amir muqam,"IAB11 Law, Gov’t & Politics",0.85,scraped,
minister for overseas pakistanis and resource development pakistan chaudhry salik hussain,"IAB11 Law, Gov’t & Politics",0.85,scraped,
minister for parliamentary affairs pakistan murtaza javed abbasi,"IAB11 Law, Gov’t & Politics",0.85,scraped,
president. panama jose raul mulino quintero,"IAB11 Law, Gov’t & Politics",0.85,scraped,
ambassador to the us pakistan rizwan saeed sheikh,"IAB11 Law, Gov’t & Politics",0.85,scraped,
minister for treasury papua new guinea ian ling-stuckey,"IAB11 Law, Gov’t & Politics",0.85,scraped,
secretary. of finance philippines ralph recto,"IAB11 Law, Gov’t & Politics",0.85,scraped,
minister for works & highway papua new guinea solan mirisim,"IAB11 Law, Gov’t & Politics",0.85,scraped,
attorney gen. papua new guinea pila kole niningi,"IAB11 Law, Gov’t & Politics",0.85,scraped,
"governor, central bank papua new guinea loi bakani","IAB11 Law, Gov’t & Politics",0.85,scraped,
minister for rural and economic development papua new guinea joseph lelang,"IAB11 Law, Gov’t & Politics",0.85,scraped,
minister for livestock papua new guinea sekie agisa,"IAB11 Law, Gov’t & Politics",0.85,scraped,
minister for lands & physical planning & urbanization papua new guinea john rosso,"IAB11 Law, Gov’t & Politics",0.85,scraped,
minister for justice papua new guinea pila kole niningi,"IAB11 Law, Gov’t & Politics",0.85,scraped,
minister for commerce & industry papua new guinea win daki,"IAB11 Law, Gov’t & Politics",0.85,scraped,
minister for communication & information technology papua new guinea timothy masiu,"IAB11 Law, Gov’t & Politics",0.85,scraped,
"minister for community development, youth, & religion papua new guinea jason peter","IAB11 Law, Gov’t & Politics",0.85,scraped,
minister for correctional services papua new guinea joe kuli,"IAB11 Law, Gov’t & Politics",0.85,scraped,
"minister for defense & fire service papua new guinea william ""billy"" joseph","IAB11 Law, Gov’t & Politics",0.85,scraped,
minister for education papua new guinea lucas dekena,"IAB11 Law, Gov’t & Politics",0.85,scraped,
minister for energy papua new guinea peter isoaimo,"IAB11 Law, Gov’t & Politics",0.85,scraped,
minister for finance & implementation papua new guinea thomas opa,"IAB11 Law, Gov’t & Politics",0.85,scraped,
minister for fisheries & marine resources papua new guinea jelta wong,"IAB11 Law, Gov’t & Politics",0.85,scraped,
minister for foreign affairs papua new guinea justin tkatchenko,"IAB11 Law, Gov’t & Politics",0.85,scraped,
minister for forests papua new guinea salio waipo,"IAB11 Law, Gov’t & Politics",0.85,scraped,
minister for health papua new guinea elias kapavore,"IAB11 Law, Gov’t & Politics",0.85,scraped,
"minister for higher education, sports, research, science, & technology papua new guinea kinoka feo","IAB11 Law, Gov’t & Politics",0.85,scraped,
minister for housing papua new guinea kobby bomareo,"IAB11 Law, Gov’t & Politics",0.85,scraped,
minister for immigration papua new guinea john rosso,"IAB11 Law, Gov’t & Politics",0.85,scraped,
minister for international trade & investment papua new guinea richard maru,"IAB11 Law, Gov’t & Politics",0.85,scraped,
minister for labor & employment papua new guinea kessy sawang,"IAB11 Law, Gov’t & Politics",0.85,scraped,
secretary. of human settlements & urban development philippines jose acuzar,"IAB11 Law, Gov’t & Politics",0.85,scraped,
secretary. of health philippines teodoro herbosa,"IAB11 Law, Gov’t & Politics",0.85,scraped,
secretary. of foreign affairs philippines enrique manalo,"IAB11 Law, Gov’t & Politics",0.85,scraped,
director of national planning commission namibia kaire mbuende,"IAB11 Law, Gov’t & Politics",0.85,scraped,
attorney gen. namibia festus mbandeka,"IAB11 Law, Gov’t & Politics",0.85,scraped,
"governor, central bank namibia johannes gawaxab","IAB11 Law, Gov’t & Politics",0.85,scraped,
"minister of state, foreign affairs nigeria bianca odinaka odumegu-ojukwu","IAB11 Law, Gov’t & Politics",0.85,scraped,
minister of health & care services norway jan christian vestre,"IAB11 Law, Gov’t & Politics",0.85,scraped,
minister of intl. development norway asmund grover aukrust,"IAB11 Law, Gov’t & Politics",0.85,scraped,
minister of justice & public security norway astri aas-hansen,"IAB11 Law, Gov’t & Politics",0.85,scraped,
minister of labor & social inclusion norway tonje brenna,"IAB11 Law, Gov’t & Politics",0.85,scraped,
minister of local govt. & regional development norway kjersti stenseng,"IAB11 Law, Gov’t & Politics",0.85,scraped,
minister of research & higher education norway sigrun aasland,"IAB11 Law, Gov’t & Politics",0.85,scraped,
minister of trade & industry norway cecilie myrseth,"IAB11 Law, Gov’t & Politics",0.85,scraped,
"permanent representative to the un, new york nicaragua jaime hermida castillo","IAB11 Law, Gov’t & Politics",0.85,scraped,
charge to the united states nicaragua lautaro sandino montes,"IAB11 Law, Gov’t & Politics",0.85,scraped,
prime minister niue dalton tagelagi,"IAB11 Law, Gov’t & Politics",0.85,scraped,
attorney gen. nicaragua wendy morales urbina,"IAB11 Law, Gov’t & Politics",0.85,scraped,
"minister of state, finance nigeria doris uzoka-anite","IAB11 Law, Gov’t & Politics",0.85,scraped,
minister of foreign affairs nigeria yussuf maitama tuggar,"IAB11 Law, Gov’t & Politics",0.85,scraped,
minister of health & social welfare nigeria ali pate,"IAB11 Law, Gov’t & Politics",0.85,scraped,
ambassador to the us namibia margaret mensah-williams,"IAB11 Law, Gov’t & Politics",0.85,scraped,
"minister of state, health & social welfare nigeria iziaq adekunle salako","IAB11 Law, Gov’t & Politics",0.85,scraped,
minister of housing & urban development nigeria ahmed dangiwa,"IAB11 Law, Gov’t & Politics",0.85,scraped,
"minister of state, housing & urban development nigeria yusuf abdullahi","IAB11 Law, Gov’t & Politics",0.85,scraped,
minister of finance nigeria adebayo olawale,"IAB11 Law, Gov’t & Politics",0.85,scraped,
minister of humanitarian affairs & poverty alleviation nigeria nentawe yilwatda,"IAB11 Law, Gov’t & Politics",0.85,scraped,
"minister of industry, trade, & investment nigeria jumoke oduwole","IAB11 Law, Gov’t & Politics",0.85,scraped,
"minister of state, industry, trade, & investment nigeria john owan enoh","IAB11 Law, Gov’t & Politics",0.85,scraped,
minister of information & national orientation nigeria mohammed idris,"IAB11 Law, Gov’t & Politics",0.85,scraped,
"minister of innovation, science, & technology nigeria uche nnaji","IAB11 Law, Gov’t & Politics",0.85,scraped,
minister of interior nigeria olubunmi tunji-ojo,"IAB11 Law, Gov’t & Politics",0.85,scraped,
minister of justice nigeria lateef fagbemi,"IAB11 Law, Gov’t & Politics",0.85,scraped,
"president., central bank nicaragua leonardo ovidio reyes ramirez","IAB11 Law, Gov’t & Politics",0.85,scraped,
"minister of state, humanitarian affairs & poverty alleviation nigeria yusuf sununu","IAB11 Law, Gov’t & Politics",0.85,scraped,
minister of foreign affairs norway espen barth eide,"IAB11 Law, Gov’t & Politics",0.85,scraped,
minister of fisheries & ocean policy norway marianne siverstsen naess,"IAB11 Law, Gov’t & Politics",0.85,scraped,
minister of finance norway jens stoltenberg,"IAB11 Law, Gov’t & Politics",0.85,scraped,
minister of energy norway terje lien aasland,"IAB11 Law, Gov’t & Politics",0.85,scraped,
minister of agriculture & food norway nils kristen sandtrãen,"IAB11 Law, Gov’t & Politics",0.85,scraped,
president. nepal ram chandra poudel,"IAB11 Law, Gov’t & Politics",0.85,scraped,
vice president. nepal ram sahaya yadav,"IAB11 Law, Gov’t & Politics",0.85,scraped,
prime minister nepal khadga prasad oli,"IAB11 Law, Gov’t & Politics",0.85,scraped,
deputy. prime minister nepal prakash man singh,"IAB11 Law, Gov’t & Politics",0.85,scraped,
deputy. prime minister nepal bishnu prasad paudel,"IAB11 Law, Gov’t & Politics",0.85,scraped,
minister of agriculture & livestock development nepal ram nath adhikari,"IAB11 Law, Gov’t & Politics",0.85,scraped,
minister of communications & information technology nepal prithvi subba gurung,"IAB11 Law, Gov’t & Politics",0.85,scraped,
"permanent representative to the un, new york norway merete field brattested","IAB11 Law, Gov’t & Politics",0.85,scraped,
"minister of culture, tourism, & civil aviation nepal badri pandey","IAB11 Law, Gov’t & Politics",0.85,scraped,
"minister of education, science, & technology nepal bidya bhattarai","IAB11 Law, Gov’t & Politics",0.85,scraped,
"minister of energy, water resources, & irrigation nepal deepak khadka","IAB11 Law, Gov’t & Politics",0.85,scraped,
minister of finance nepal bishnu prasad paudel,"IAB11 Law, Gov’t & Politics",0.85,scraped,
minister of foreign affairs nepal arzu rana deuba,"IAB11 Law, Gov’t & Politics",0.85,scraped,
minister of forest & environment nepal aain bahadur shahi thakuri,"IAB11 Law, Gov’t & Politics",0.85,scraped,
minister of health & population nepal pradip paudel,"IAB11 Law, Gov’t & Politics",0.85,scraped,
minister of home affairs nepal ramesh lekhak,"IAB11 Law, Gov’t & Politics",0.85,scraped,
minister of defense nepal manbir rai,"IAB11 Law, Gov’t & Politics",0.85,scraped,
ambassador to the us norway anniken huitfeldt,"IAB11 Law, Gov’t & Politics",0.85,scraped,
"governor, norges bank norway ida wolden bache","IAB11 Law, Gov’t & Politics",0.85,scraped,
minister of transport norway jon-ivar nygard,"IAB11 Law, Gov’t & Politics",0.85,scraped,
minister of children & families norway lene vagslid,"IAB11 Law, Gov’t & Politics",0.85,scraped,
minister of climate & environment norway andreas bjelland eriksen,"IAB11 Law, Gov’t & Politics",0.85,scraped,
minister of culture & equality norway lubna jaffery,"IAB11 Law, Gov’t & Politics",0.85,scraped,
minister of defense norway tore sandvik,"IAB11 Law, Gov’t & Politics",0.85,scraped,
minister of digitalization and public governance administration norway karianne oldernes tung,"IAB11 Law, Gov’t & Politics",0.85,scraped,
minister of education norway kari ness nordtun,"IAB11 Law, Gov’t & Politics",0.85,scraped,
"minister of state, federal capital territory nigeria mairiga mahmud","IAB11 Law, Gov’t & Politics",0.85,scraped,
minister of the federal capital territory nigeria nyeson wike,"IAB11 Law, Gov’t & Politics",0.85,scraped,
minister of environment nigeria balarabe abbas lawal,"IAB11 Law, Gov’t & Politics",0.85,scraped,
"minister of industry, development, & commerce nicaragua jose de jesus bermudez carvajal","IAB11 Law, Gov’t & Politics",0.85,scraped,
minister of labor nicaragua alba luz torres briones,"IAB11 Law, Gov’t & Politics",0.85,scraped,
minister of tourism nicaragua anasha campbell,"IAB11 Law, Gov’t & Politics",0.85,scraped,
minister of transportation & infrastructure nicaragua oscar mojica obregon,"IAB11 Law, Gov’t & Politics",0.85,scraped,
minister of women nicaragua tamara vanessa martinez,"IAB11 Law, Gov’t & Politics",0.85,scraped,
secretary. of the presidency nicaragua martha elena ruiz sevilla,"IAB11 Law, Gov’t & Politics",0.85,scraped,
minister of health nicaragua martha reyes,"IAB11 Law, Gov’t & Politics",0.85,scraped,
president. nicaragua daniel ortega saavedra,"IAB11 Law, Gov’t & Politics",0.85,scraped,
minister of agriculture & forestry nicaragua indiana raquel fuentes ramirez,"IAB11 Law, Gov’t & Politics",0.85,scraped,
ambassador to the us nigeria uzoma emenike,"IAB11 Law, Gov’t & Politics",0.85,scraped,
"minister of state, petroleum resources (gas) nigeria ekperikpe ekpo","IAB11 Law, Gov’t & Politics",0.85,scraped,
"minister of state, petroleum resources (oil) nigeria heineken lokpobiri","IAB11 Law, Gov’t & Politics",0.85,scraped,
minister of police affairs nigeria ibrahim geidami,"IAB11 Law, Gov’t & Politics",0.85,scraped,
minister of power nigeria adebayo adelabu,"IAB11 Law, Gov’t & Politics",0.85,scraped,
minister of regional development nigeria abubakar momoh,"IAB11 Law, Gov’t & Politics",0.85,scraped,
"permanent representative to the un, new york nigeria nan","IAB11 Law, Gov’t & Politics",0.85,scraped,
minister of solid minerals development nigeria dele alake,"IAB11 Law, Gov’t & Politics",0.85,scraped,
minister of special duties & intergovernmental affairs nigeria zephaniah jisalo,"IAB11 Law, Gov’t & Politics",0.85,scraped,
"minister of state, regional development nigeria uba maigari ahmadu","IAB11 Law, Gov’t & Politics",0.85,scraped,
minister of tourism nigeria lola ade-john,"IAB11 Law, Gov’t & Politics",0.85,scraped,
minister of transportation nigeria saidu alkali,"IAB11 Law, Gov’t & Politics",0.85,scraped,
minister of water resources & sanitation nigeria joseph utsev,"IAB11 Law, Gov’t & Politics",0.85,scraped,
minister of women affairs nigeria imaam sulaiman-ibrahim,"IAB11 Law, Gov’t & Politics",0.85,scraped,
minister of works nigeria david umahi,"IAB11 Law, Gov’t & Politics",0.85,scraped,
minister of youth development nigeria ayodele olawande,"IAB11 Law, Gov’t & Politics",0.85,scraped,
attorney gen. of the federation nigeria lateef fagbemi,"IAB11 Law, Gov’t & Politics",0.85,scraped,
"governor, central bank of nigeria nigeria olayemi cardoso","IAB11 Law, Gov’t & Politics",0.85,scraped,
minister of steel development nigeria shuaibu audu,"IAB11 Law, Gov’t & Politics",0.85,scraped,
minister of interior nicaragua maria amelia coronel kinloch,"IAB11 Law, Gov’t & Politics",0.85,scraped,
minister of foreign affairs nicaragua denis moncada colindres,"IAB11 Law, Gov’t & Politics",0.85,scraped,
"chief of staff to the president. niger souman boubacar,dr.","IAB11 Law, Gov’t & Politics",0.85,scraped,
vice president. nicaragua rosario murillo zambrana de ortega,"IAB11 Law, Gov’t & Politics",0.85,scraped,
minister to the president's office niger rhissa ag boula,"IAB11 Law, Gov’t & Politics",0.85,scraped,
govt. spokesperson niger gado sabo moctar,"IAB11 Law, Gov’t & Politics",0.85,scraped,
ambassador to the us niger vacant,"IAB11 Law, Gov’t & Politics",0.85,scraped,
"permanent representative to the un, new york niger vacant","IAB11 Law, Gov’t & Politics",0.85,scraped,
president. nigeria bola tinubu,"IAB11 Law, Gov’t & Politics",0.85,scraped,
vice president. nigeria kashim shettima,"IAB11 Law, Gov’t & Politics",0.85,scraped,
minister of agriculture & food security nigeria abubakar kyari,"IAB11 Law, Gov’t & Politics",0.85,scraped,
"minister of state, agriculture & food security nigeria aliyu abdullahi","IAB11 Law, Gov’t & Politics",0.85,scraped,
"minister of art, culture, tourism & creative economy nigeria hannatu musawa","IAB11 Law, Gov’t & Politics",0.85,scraped,
minister of aviation & aerospace development nigeria festus keyamo,"IAB11 Law, Gov’t & Politics",0.85,scraped,
minister of budget & economic planning nigeria atiku bagudu,"IAB11 Law, Gov’t & Politics",0.85,scraped,
"minister of communications, innovation, & digital economy nigeria bosun tijani","IAB11 Law, Gov’t & Politics",0.85,scraped,
minister of defense nigeria mohammed badaru,"IAB11 Law, Gov’t & Politics",0.85,scraped,
"minister of state, defense nigeria bello matawalle","IAB11 Law, Gov’t & Politics",0.85,scraped,
minister of education nigeria morufu olatuni alausa,"IAB11 Law, Gov’t & Politics",0.85,scraped,
"minister of state, education nigeria suwaiba said ahmad","IAB11 Law, Gov’t & Politics",0.85,scraped,
"minister of state, labor & employment nigeria nkiruka onyejeocha","IAB11 Law, Gov’t & Politics",0.85,scraped,
minister of livestock development nigeria idi mukhtar maiha,"IAB11 Law, Gov’t & Politics",0.85,scraped,
minister of labor & employment nigeria muhammadu maigari dingyadi,"IAB11 Law, Gov’t & Politics",0.85,scraped,
minister of petroleum resources nigeria bola tinubu,"IAB11 Law, Gov’t & Politics",0.85,scraped,
minister of marine & blue economy nigeria adegboyega oyetola,"IAB11 Law, Gov’t & Politics",0.85,scraped,
minister of defense nicaragua rosa adelina barahona castro,"IAB11 Law, Gov’t & Politics",0.85,scraped,
minister of education nicaragua mendy arauz,"IAB11 Law, Gov’t & Politics",0.85,scraped,
minister of energy & mines nicaragua salvador mansell,"IAB11 Law, Gov’t & Politics",0.85,scraped,
minister of environment & natural resources nicaragua heyddy calderon,"IAB11 Law, Gov’t & Politics",0.85,scraped,
minister of family nicaragua fulvia castro,"IAB11 Law, Gov’t & Politics",0.85,scraped,
minister of finance & public credit nicaragua bruno mauricio gallardo palaviccine,"IAB11 Law, Gov’t & Politics",0.85,scraped,
prime minister norway jonas gahr store,"IAB11 Law, Gov’t & Politics",0.85,scraped,
king norway harald v,"IAB11 Law, Gov’t & Politics",0.85,scraped,
deputy. prime minister netherlands sophie hermans,"IAB11 Law, Gov’t & Politics",0.85,scraped,
"minister of land reform, housing, & urban planning mauritania niang mamadou","IAB11 Law, Gov’t & Politics",0.85,scraped,
minister of agro-industry & food security mauritius arvin boolell,"IAB11 Law, Gov’t & Politics",0.85,scraped,
minister of mines & industry mauritania thiam tidjani,"IAB11 Law, Gov’t & Politics",0.85,scraped,
"minister of vocational training, crafts, & trades mauritania maalainine ould eyih","IAB11 Law, Gov’t & Politics",0.85,scraped,
"minister of youth, sports, & civil service mauritania mohamed abdallahi louly","IAB11 Law, Gov’t & Politics",0.85,scraped,
"governor, central bank mauritania mohamed lemine ould dhehby","IAB11 Law, Gov’t & Politics",0.85,scraped,
ambassador to the us mauritania cisse mint cheik ould boide,"IAB11 Law, Gov’t & Politics",0.85,scraped,
"permanent representative to the un, new york mauritania sidi ould baham ould mohamed laghdaf","IAB11 Law, Gov’t & Politics",0.85,scraped,
president. mauritius dharam gokhool,"IAB11 Law, Gov’t & Politics",0.85,scraped,
prime minister mauritius navinchandra ramgoolam,"IAB11 Law, Gov’t & Politics",0.85,scraped,
minister of trade & tourism mauritania zeinebou mint ahmednah,"IAB11 Law, Gov’t & Politics",0.85,scraped,
"minister of public service, administrative, & institutional reforms mauritius anjiv ramdhany","IAB11 Law, Gov’t & Politics",0.85,scraped,
minister of regional administrations mauritius ranjiv woochit,"IAB11 Law, Gov’t & Politics",0.85,scraped,
minister for rodrigues & outer islands mauritius navinchandra ramgoolam,"IAB11 Law, Gov’t & Politics",0.85,scraped,
minister of lands malawi deus gumba,"IAB11 Law, Gov’t & Politics",0.85,scraped,
"minister of local govt., unity, & culture malawi richard chimwendo banda","IAB11 Law, Gov’t & Politics",0.85,scraped,
minister of mining malawi ken zikhale ng'oma,"IAB11 Law, Gov’t & Politics",0.85,scraped,
minister of natural resources & climate change malawi owen chomanika,"IAB11 Law, Gov’t & Politics",0.85,scraped,
minister of public works & transport malawi jacob hara,"IAB11 Law, Gov’t & Politics",0.85,scraped,
minister of state for public service delivery malawi michael bizwick usi,"IAB11 Law, Gov’t & Politics",0.85,scraped,
minister of tourism malawi vera kamtukule,"IAB11 Law, Gov’t & Politics",0.85,scraped,
minister of labor malawi nan,"IAB11 Law, Gov’t & Politics",0.85,scraped,
minister of trade & industry malawi vitumbiko mumba,"IAB11 Law, Gov’t & Politics",0.85,scraped,
minister of youth & sports malawi uchizi mkandawire,"IAB11 Law, Gov’t & Politics",0.85,scraped,
attorney gen. malawi thabo chakaka nyirenda,"IAB11 Law, Gov’t & Politics",0.85,scraped,
"governor, reserve bank malawi wilson t. banda","IAB11 Law, Gov’t & Politics",0.85,scraped,
ambassador to the us malawi esme jynet chombo,"IAB11 Law, Gov’t & Politics",0.85,scraped,
"permanent representative to the un, new york malawi agnes mary chimbiri-molande","IAB11 Law, Gov’t & Politics",0.85,scraped,
minister of livestock mauritania mokhtar gaguih,"IAB11 Law, Gov’t & Politics",0.85,scraped,
minister of justice mauritania mohamed mahmoud boya,"IAB11 Law, Gov’t & Politics",0.85,scraped,
prime minister malaysia anwar ibrahim,"IAB11 Law, Gov’t & Politics",0.85,scraped,
minister of islamic affairs & original education mauritania sidi yahya cheikhna lemrabott,"IAB11 Law, Gov’t & Politics",0.85,scraped,
minister of communications malaysia fahmi fadzil,"IAB11 Law, Gov’t & Politics",0.85,scraped,
"minister of transport & equipment niger salissou mahaman,col.","IAB11 Law, Gov’t & Politics",0.85,scraped,
minister of agriculture & food security malaysia mohamad sabu,"IAB11 Law, Gov’t & Politics",0.85,scraped,
deputy prime minister malaysia ahmad zahid hamidi,"IAB11 Law, Gov’t & Politics",0.85,scraped,
minister of commerce & consumer protection mauritius michael sik yuen,"IAB11 Law, Gov’t & Politics",0.85,scraped,
"minister of defense, home affairs, & external communications mauritius navinchandra ramgoolam","IAB11 Law, Gov’t & Politics",0.85,scraped,
"minister of education, tertiary education, & scientific and technology mauritius mahend gungapersad","IAB11 Law, Gov’t & Politics",0.85,scraped,
minister of energy & public utilities mauritius patrick assirvaden,"IAB11 Law, Gov’t & Politics",0.85,scraped,
"minister of environment, solid waste management, & climate change mauritius rajesh bhagwan","IAB11 Law, Gov’t & Politics",0.85,scraped,
minister of finance mauritius navinchandra ramgoolam,"IAB11 Law, Gov’t & Politics",0.85,scraped,
minister of financial services & economic planning mauritius jyoti jeetun,"IAB11 Law, Gov’t & Politics",0.85,scraped,
"minister of blue economy, marine resources, fisheries & shipping mauritius sudheer maudhoo","IAB11 Law, Gov’t & Politics",0.85,scraped,
"minister of foreign affairs, regional integration, & intl. trade mauritius dhananjay ritish ramful","IAB11 Law, Gov’t & Politics",0.85,scraped,
minister of health & wellness mauritius ajay gunness,"IAB11 Law, Gov’t & Politics",0.85,scraped,
minister of housing & land use planning mauritius louis steven obeegadoo,"IAB11 Law, Gov’t & Politics",0.85,scraped,
"minister of industrial development, smes, & cooperatives mauritius aadil ameer meea","IAB11 Law, Gov’t & Politics",0.85,scraped,
"minister of information technology, communication, & innovation mauritius darsanand balgobin","IAB11 Law, Gov’t & Politics",0.85,scraped,
"minister of labor, human resource development, & training mauritius reza uteem","IAB11 Law, Gov’t & Politics",0.85,scraped,
minister of land transport & light rail mauritius alan ganoo,"IAB11 Law, Gov’t & Politics",0.85,scraped,
minister of local govt. & disaster risk management mauritius mahen jhugroo,"IAB11 Law, Gov’t & Politics",0.85,scraped,
minister of gender equality & family welfare mauritius arianne navarre-marie,"IAB11 Law, Gov’t & Politics",0.85,scraped,
minister of national infrastructure & community development mauritius mahendranuth sharma hurreeram,"IAB11 Law, Gov’t & Politics",0.85,scraped,
minister of arts & cultural heritage mauritius mahen gondeea,"IAB11 Law, Gov’t & Politics",0.85,scraped,
deputy. prime minister mauritius paul berenger,"IAB11 Law, Gov’t & Politics",0.85,scraped,
minister of higher education & scientific research mauritania yacoub moine,"IAB11 Law, Gov’t & Politics",0.85,scraped,
minister of hydraulics & sanitation mauritania amal mouloud,"IAB11 Law, Gov’t & Politics",0.85,scraped,
"minister of interior, decentralization, & local development mauritania mohamed ahmed ould mohamed lemine","IAB11 Law, Gov’t & Politics",0.85,scraped,
king malaysia sultan ibrahim iskandar,"IAB11 Law, Gov’t & Politics",0.85,scraped,
minister of water & sanitation malawi abida sidik mia,"IAB11 Law, Gov’t & Politics",0.85,scraped,
minister for climate policy & green growth netherlands sophie hermans,"IAB11 Law, Gov’t & Politics",0.85,scraped,
minister of justice & security netherlands david van weel,"IAB11 Law, Gov’t & Politics",0.85,scraped,
minister for legal protection netherlands teun struycken,"IAB11 Law, Gov’t & Politics",0.85,scraped,
minister for primary & secondary education & equal opportunities netherlands marielle paul,"IAB11 Law, Gov’t & Politics",0.85,scraped,
minister for reparations for groningen netherlands eddie van marum,"IAB11 Law, Gov’t & Politics",0.85,scraped,
minister of social affairs & employment netherlands eddy van hijum,"IAB11 Law, Gov’t & Politics",0.85,scraped,
minister for tax affairs & tax administration netherlands tjebbe van oostenbruggen,"IAB11 Law, Gov’t & Politics",0.85,scraped,
"minister for youth, prevention, & sport netherlands vincent karremans","IAB11 Law, Gov’t & Politics",0.85,scraped,
"president., the netherlands central bank netherlands klaas henderikus willem knot","IAB11 Law, Gov’t & Politics",0.85,scraped,
ambassador to the us netherlands birgitta tazelaar,"IAB11 Law, Gov’t & Politics",0.85,scraped,
minister for participation & integration netherlands jurgen nobel,"IAB11 Law, Gov’t & Politics",0.85,scraped,
"permanent representative to the un, new york netherlands lise gregoire-van haaren","IAB11 Law, Gov’t & Politics",0.85,scraped,
minister of finance netherlands eelco heinen,"IAB11 Law, Gov’t & Politics",0.85,scraped,
minister of defence netherlands ruben brekelmans,"IAB11 Law, Gov’t & Politics",0.85,scraped,
"minister of youth & sports niger abdourahamane amadou,col. maj.","IAB11 Law, Gov’t & Politics",0.85,scraped,
minister for central & commercial agencies niue dalton tagelagi,"IAB11 Law, Gov’t & Politics",0.85,scraped,
minister of finance & infrastructure niue crossley tatui,"IAB11 Law, Gov’t & Politics",0.85,scraped,
minister of foreign affairs niue dalton tagelagi,"IAB11 Law, Gov’t & Politics",0.85,scraped,
minister of natural resources niue mona ainu'u,"IAB11 Law, Gov’t & Politics",0.85,scraped,
minister of social services niue sonya talagi,"IAB11 Law, Gov’t & Politics",0.85,scraped,
king netherlands willem-alexander,"IAB11 Law, Gov’t & Politics",0.85,scraped,
"minister of education, culture, & science netherlands eppo bruins","IAB11 Law, Gov’t & Politics",0.85,scraped,
prime minister netherlands dick schoof,"IAB11 Law, Gov’t & Politics",0.85,scraped,
deputy. prime minister netherlands eddy van hijum,"IAB11 Law, Gov’t & Politics",0.85,scraped,
deputy. prime minister netherlands mona keijzer,"IAB11 Law, Gov’t & Politics",0.85,scraped,
"minister of agriculture, fisheries, food security, & nature netherlands femke wiersma","IAB11 Law, Gov’t & Politics",0.85,scraped,
minister for arms procurement & personnel netherlands gijs tuinman,"IAB11 Law, Gov’t & Politics",0.85,scraped,
minister of asylum & migration netherlands david van weel,"IAB11 Law, Gov’t & Politics",0.85,scraped,
minister for benefits and redress netherlands sandra palmen-schlangen,"IAB11 Law, Gov’t & Politics",0.85,scraped,
"minister for fishery, food security, horticulture, & nature conservation netherlands jean rummenie","IAB11 Law, Gov’t & Politics",0.85,scraped,
minister of the interior & kingdom relations netherlands judith uitermark,"IAB11 Law, Gov’t & Politics",0.85,scraped,
minister of justice malawi titus mvalo,"IAB11 Law, Gov’t & Politics",0.85,scraped,
minister of infrastructure & water management netherlands sophie hermans,"IAB11 Law, Gov’t & Politics",0.85,scraped,
minister of information malawi moses kunkuyu,"IAB11 Law, Gov’t & Politics",0.85,scraped,
minister of homeland security malawi ezekiel chingoma,"IAB11 Law, Gov’t & Politics",0.85,scraped,
"minister of social integration, social security, & national solidarity mauritius ashok subron","IAB11 Law, Gov’t & Politics",0.85,scraped,
minister of tourism mauritius richard duval,"IAB11 Law, Gov’t & Politics",0.85,scraped,
"minister of youth empowerment, sports, & recreation mauritius deven nagalingum","IAB11 Law, Gov’t & Politics",0.85,scraped,
attorney gen. mauritius gavin glover,"IAB11 Law, Gov’t & Politics",0.85,scraped,
"governor, central bank mauritius rama sithanen","IAB11 Law, Gov’t & Politics",0.85,scraped,
charge d'affaires in the us mauritius dhanandjay goboodun,"IAB11 Law, Gov’t & Politics",0.85,scraped,
"permanent representative to the un, new york mauritius jagdish koonjul","IAB11 Law, Gov’t & Politics",0.85,scraped,
president. malawi lazarus mccarthy chakwera,"IAB11 Law, Gov’t & Politics",0.85,scraped,
minister of agriculture malawi samuel kawale,"IAB11 Law, Gov’t & Politics",0.85,scraped,
minister of defense malawi monica chang'anamuno,"IAB11 Law, Gov’t & Politics",0.85,scraped,
minister of education malawi madalitso kawbauwa wirima,"IAB11 Law, Gov’t & Politics",0.85,scraped,
minister of energy malawi ibrahim matola,"IAB11 Law, Gov’t & Politics",0.85,scraped,
minister of finance & economic affairs malawi sosten alfred gwengwe,"IAB11 Law, Gov’t & Politics",0.85,scraped,
minister of foreign affairs malawi nancy tembo,"IAB11 Law, Gov’t & Politics",0.85,scraped,
"minister of gender, community development, & social welfare malawi jean sendeza","IAB11 Law, Gov’t & Politics",0.85,scraped,
minister of health malawi khumbize kandodo chiponda,"IAB11 Law, Gov’t & Politics",0.85,scraped,
"minister of higher education malawi jesse kabwila,dr.","IAB11 Law, Gov’t & Politics",0.85,scraped,
deputy prime minister malaysia fadillah yusof,"IAB11 Law, Gov’t & Politics",0.85,scraped,
minister of urban planning & housing niger salissou sahirou adamou,"IAB11 Law, Gov’t & Politics",0.85,scraped,
minister of tourism & craftsmanship niger guichen agaichata atta,"IAB11 Law, Gov’t & Politics",0.85,scraped,
minister delegate to the prime minister in charge of finance niger moumouni boubacar saidou,"IAB11 Law, Gov’t & Politics",0.85,scraped,
minister of foreign affairs netherlands caspar veldkamp,"IAB11 Law, Gov’t & Politics",0.85,scraped,
minister for foreign trade & development netherlands caspar veldkamp,"IAB11 Law, Gov’t & Politics",0.85,scraped,
"minister of health, welfare, & sport netherlands eddy van hijum","IAB11 Law, Gov’t & Politics",0.85,scraped,
minister of housing & spatial planning netherlands mona keijzer,"IAB11 Law, Gov’t & Politics",0.85,scraped,
governor gen. new zealand alcyion cynthia kiro,"IAB11 Law, Gov’t & Politics",0.85,scraped,
ambassador to the us nauru margo reminisse deiye,"IAB11 Law, Gov’t & Politics",0.85,scraped,
minister for tourism malta clayton bartolo,"IAB11 Law, Gov’t & Politics",0.85,scraped,
"minister of finance kuwait anwar ali abdallah mudhaf,dr.","IAB11 Law, Gov’t & Politics",0.85,scraped,
minister of economy & trade lebanon amin salam,"IAB11 Law, Gov’t & Politics",0.85,scraped,
minister of education lebanon rima karami,"IAB11 Law, Gov’t & Politics",0.85,scraped,
minister of energy & water lebanon joe saddi,"IAB11 Law, Gov’t & Politics",0.85,scraped,
minister of administrative reform lebanon fadi makki,"IAB11 Law, Gov’t & Politics",0.85,scraped,
"minister of state for housing affairs kuwait mahmoud abdulaziz mahmoud bushahri,dr.","IAB11 Law, Gov’t & Politics",0.85,scraped,
"minister of state for economic affairs & investments kuwait anwar ali abdallah mudhaf,dr.","IAB11 Law, Gov’t & Politics",0.85,scraped,
minister of state for communications kuwait omar saud abdulaziz al-omar,"IAB11 Law, Gov’t & Politics",0.85,scraped,
"deputy. prime minister kuwait imad muhammad abdulaziz al-ateeqi,dr.","IAB11 Law, Gov’t & Politics",0.85,scraped,
minister of trade & industry kuwait omar saud abdulaziz al-omar,"IAB11 Law, Gov’t & Politics",0.85,scraped,
minister of defense kuwait fahad yusuf saud al-sabah,"IAB11 Law, Gov’t & Politics",0.85,scraped,
"minister of education, higher education, and scientific research kuwait adel muhammad abdullah al-adwani,dr.","IAB11 Law, Gov’t & Politics",0.85,scraped,
"minister of electricity, water, & renewable energy kuwait mahmoud abdulaziz mahmoud bushahri,dr.","IAB11 Law, Gov’t & Politics",0.85,scraped,
"minister of awqaf (endowments) & islamic affairs kuwait muhammad ibrahim muhammad al-wasmi al-wasmi,dr.","IAB11 Law, Gov’t & Politics",0.85,scraped,
minister of foreign affairs kuwait abdullah ali abdullah al-yahya,"IAB11 Law, Gov’t & Politics",0.85,scraped,
"governor, national bank of cambodia cambodia chea serey","IAB11 Law, Gov’t & Politics",0.85,scraped,
"minister of health kuwait ahmed abdel-wahab ahmed al-awadhi,dr.","IAB11 Law, Gov’t & Politics",0.85,scraped,
minister of information and culture kuwait abdulrahman badah al-mutairi,"IAB11 Law, Gov’t & Politics",0.85,scraped,
minister of interior kuwait fahad yusuf saud al-sabah,"IAB11 Law, Gov’t & Politics",0.85,scraped,
"minister of justice kuwait muhammad ibrahim muhammad al-wasmi al-wasmi,dr.","IAB11 Law, Gov’t & Politics",0.85,scraped,
"minister of oil kuwait imad muhammad abdulaziz al-ateeqi,dr.","IAB11 Law, Gov’t & Politics",0.85,scraped,
"minister of public works and municipality kuwait noura mohammed khaled al-mashaan,dr.","IAB11 Law, Gov’t & Politics",0.85,scraped,
"minister of social affairs, family, and childhood affairs kuwait mathal hadi hayef al-huwaila,dr.","IAB11 Law, Gov’t & Politics",0.85,scraped,
minister of state for amiri diwan affairs kuwait muhammad abdallah al-sabah,"IAB11 Law, Gov’t & Politics",0.85,scraped,
minister of state for cabinet affairs kuwait sharida abdallah saad al-maousherji,"IAB11 Law, Gov’t & Politics",0.85,scraped,
minister of finance lebanon yasin jabir,"IAB11 Law, Gov’t & Politics",0.85,scraped,
governor gen. saint lucia cyril charles,"IAB11 Law, Gov’t & Politics",0.85,scraped,
prime minister saint lucia philip pierre,"IAB11 Law, Gov’t & Politics",0.85,scraped,
"minister for finance, economic development, & the youth economy saint lucia philip pierre","IAB11 Law, Gov’t & Politics",0.85,scraped,
minister of displaced affairs and state minister for technology & artificial intelligence lebanon kamal shehadeh,"IAB11 Law, Gov’t & Politics",0.85,scraped,
minister of defense lebanon michel manassa,"IAB11 Law, Gov’t & Politics",0.85,scraped,
minister of culture lebanon ghassan salame,"IAB11 Law, Gov’t & Politics",0.85,scraped,
minister of agriculture lebanon nizar hani,"IAB11 Law, Gov’t & Politics",0.85,scraped,
ambassador to the us cambodia vacant,"IAB11 Law, Gov’t & Politics",0.85,scraped,
"permanent representative to the un, new york cambodia keo chhea","IAB11 Law, Gov’t & Politics",0.85,scraped,
president. kiribati taneti maamau,"IAB11 Law, Gov’t & Politics",0.85,scraped,
"vice president. kiribati teuea toatu,dr.","IAB11 Law, Gov’t & Politics",0.85,scraped,
"minister for commerce, industry, & cooperatives kiribati tangariki reete","IAB11 Law, Gov’t & Politics",0.85,scraped,
minister for justice kiribati martin moreti,"IAB11 Law, Gov’t & Politics",0.85,scraped,
minister for culture & internal affairs kiribati harry tekaiti,"IAB11 Law, Gov’t & Politics",0.85,scraped,
minister for employment & human resources kiribati auria kitina,"IAB11 Law, Gov’t & Politics",0.85,scraped,
"minister for environment, lands, & agricultural development kiribati tokaibure rabaua","IAB11 Law, Gov’t & Politics",0.85,scraped,
"minister for finance & economic development kiribati teuea toatu,dr.","IAB11 Law, Gov’t & Politics",0.85,scraped,
minister for fisheries & marine resources development kiribati ribanataake tiwau,"IAB11 Law, Gov’t & Politics",0.85,scraped,
minister for foreign affairs & immigration kiribati taneti maamau,"IAB11 Law, Gov’t & Politics",0.85,scraped,
"minister for health & medical services kiribati booti nauan,dr.","IAB11 Law, Gov’t & Politics",0.85,scraped,
"minister for information, communications, & transport kiribati alexander teabo","IAB11 Law, Gov’t & Politics",0.85,scraped,
minister for education kiribati ruateki tekaiara,"IAB11 Law, Gov’t & Politics",0.85,scraped,
prime minister kuwait ahmad abdullah al-ahmad al-sabah,"IAB11 Law, Gov’t & Politics",0.85,scraped,
first deputy. prime minister kuwait fahad yusuf saud al-sabah,"IAB11 Law, Gov’t & Politics",0.85,scraped,
deputy. prime minister kuwait sharida abdallah saad al-maousherji,"IAB11 Law, Gov’t & Politics",0.85,scraped,
minister of state for national assembly kuwait essa al-kandari,"IAB11 Law, Gov’t & Politics",0.85,scraped,
"minister of state for youth affairs kuwait mathal hadi hayef al-huwaila,dr.","IAB11 Law, Gov’t & Politics",0.85,scraped,
"governor, central bank of kuwait kuwait basel ahmed al-haroon","IAB11 Law, Gov’t & Politics",0.85,scraped,
ambassador to the us kuwait al-zain sabah al-naser al-sabah,"IAB11 Law, Gov’t & Politics",0.85,scraped,
"permanent representative to the un, new york kuwait nasser al-hayan","IAB11 Law, Gov’t & Politics",0.85,scraped,
president. lebanon joseph awn,"IAB11 Law, Gov’t & Politics",0.85,scraped,
prime minister lebanon nawaf salam,"IAB11 Law, Gov’t & Politics",0.85,scraped,
"minister of state for municipal affairs kuwait noura mohammed khaled al-mashaan,dr.","IAB11 Law, Gov’t & Politics",0.85,scraped,
deputy. prime minister lebanon tarek mitri,"IAB11 Law, Gov’t & Politics",0.85,scraped,
vice prime minister luxembourg xavier bettel,"IAB11 Law, Gov’t & Politics",0.85,scraped,
"minister of agriculture, food, & viticulture luxembourg martine hansen","IAB11 Law, Gov’t & Politics",0.85,scraped,
minister for the civil service luxembourg serge wilmes,"IAB11 Law, Gov’t & Politics",0.85,scraped,
minister of social security & labor lithuania inga ruginiene,"IAB11 Law, Gov’t & Politics",0.85,scraped,
"governor, bank of lithuania lithuania gediminas simkus","IAB11 Law, Gov’t & Politics",0.85,scraped,
minister of foreign affairs lithuania kestutis budrys,"IAB11 Law, Gov’t & Politics",0.85,scraped,
minister for home affairs luxembourg leon gloden,"IAB11 Law, Gov’t & Politics",0.85,scraped,
minister of housing & spatial planning luxembourg claude meisch,"IAB11 Law, Gov’t & Politics",0.85,scraped,
minister of justice luxembourg elisabeth margue,"IAB11 Law, Gov’t & Politics",0.85,scraped,
minister of health latvia hosams abu meri,"IAB11 Law, Gov’t & Politics",0.85,scraped,
minister of interior latvia rihards kozlovskis,"IAB11 Law, Gov’t & Politics",0.85,scraped,
minister of justice latvia inese libina-egnere,"IAB11 Law, Gov’t & Politics",0.85,scraped,
minister of smart administration and regional development latvia inga berzina,"IAB11 Law, Gov’t & Politics",0.85,scraped,
minister of transit latvia kaspars briskens,"IAB11 Law, Gov’t & Politics",0.85,scraped,
minister of welfare latvia uldis augulis,"IAB11 Law, Gov’t & Politics",0.85,scraped,
"governor, bank of latvia latvia martins kazaks","IAB11 Law, Gov’t & Politics",0.85,scraped,
minister of foreign affairs latvia baiba braze,"IAB11 Law, Gov’t & Politics",0.85,scraped,
ambassador to the us latvia elita kuzma,"IAB11 Law, Gov’t & Politics",0.85,scraped,
king morocco mohammed vi,"IAB11 Law, Gov’t & Politics",0.85,scraped,
prime minister morocco aziz akhannouch,"IAB11 Law, Gov’t & Politics",0.85,scraped,
"minister of agriculture, fisheries,  rural development, & water and forests morocco ahmed bouari","IAB11 Law, Gov’t & Politics",0.85,scraped,
"minister of economic inclusion, small business, employment, & skills morocco younes sekkouri","IAB11 Law, Gov’t & Politics",0.85,scraped,
minister of economy & finance morocco nadia fettah alaoui,"IAB11 Law, Gov’t & Politics",0.85,scraped,
minister of energy transition & sustainable development morocco leila benali,"IAB11 Law, Gov’t & Politics",0.85,scraped,
"minister of foreign affairs, african cooperation, and expatriates morocco nasser bourita","IAB11 Law, Gov’t & Politics",0.85,scraped,
"permanent representative to the un, new york latvia sanita pavluta-deslands","IAB11 Law, Gov’t & Politics",0.85,scraped,
minister of finance latvia arvils aseradens,"IAB11 Law, Gov’t & Politics",0.85,scraped,
minister of education & science latvia anda caksa,"IAB11 Law, Gov’t & Politics",0.85,scraped,
minister of economics latvia viktors valainis,"IAB11 Law, Gov’t & Politics",0.85,scraped,
minister of labor luxembourg georges mischo,"IAB11 Law, Gov’t & Politics",0.85,scraped,
minister-del. for media & connectivity luxembourg elisabeth margue,"IAB11 Law, Gov’t & Politics",0.85,scraped,
minister of transport & communications lithuania eugenijus sabutis,"IAB11 Law, Gov’t & Politics",0.85,scraped,
minister of national defense lithuania dovile sakaliene,"IAB11 Law, Gov’t & Politics",0.85,scraped,
minister for consumer protection luxembourg martine hansen,"IAB11 Law, Gov’t & Politics",0.85,scraped,
minister of justice lithuania rimantas mockus,"IAB11 Law, Gov’t & Politics",0.85,scraped,
minister for culture luxembourg eric thill,"IAB11 Law, Gov’t & Politics",0.85,scraped,
minister of defense luxembourg yuriko backes,"IAB11 Law, Gov’t & Politics",0.85,scraped,
minister for development cooperation & humanitarian affairs luxembourg xavier bettel,"IAB11 Law, Gov’t & Politics",0.85,scraped,
prime minister luxembourg luc frieden,"IAB11 Law, Gov’t & Politics",0.85,scraped,
minister for digitalization luxembourg stephanie obertin,"IAB11 Law, Gov’t & Politics",0.85,scraped,
"minister of education, children, & youth luxembourg claude meisch","IAB11 Law, Gov’t & Politics",0.85,scraped,
"minister of environment, climate, & biodiversity luxembourg serge wilmes","IAB11 Law, Gov’t & Politics",0.85,scraped,
"minister for family affairs, solidarity, living together & reception of refugees luxembourg max hahn","IAB11 Law, Gov’t & Politics",0.85,scraped,
minister of finance luxembourg gilles roth,"IAB11 Law, Gov’t & Politics",0.85,scraped,
minister for foreign affairs & foreign trade luxembourg xavier bettel,"IAB11 Law, Gov’t & Politics",0.85,scraped,
minister for gender equality & diversity luxembourg yuriko backes,"IAB11 Law, Gov’t & Politics",0.85,scraped,
minister of health & social security luxembourg martine deprez,"IAB11 Law, Gov’t & Politics",0.85,scraped,
"minister of the economy, small- & medium-sized enterprises, energy, & tourism luxembourg lex delles","IAB11 Law, Gov’t & Politics",0.85,scraped,
minister of higher education & research luxembourg claude meisch,"IAB11 Law, Gov’t & Politics",0.85,scraped,
grand duke luxembourg henri,"IAB11 Law, Gov’t & Politics",0.85,scraped,
ambassador to the us lithuania audra plepyte,"IAB11 Law, Gov’t & Politics",0.85,scraped,
prime minister lithuania gintautas paluckas,"IAB11 Law, Gov’t & Politics",0.85,scraped,
minister of agriculture lithuania ignas hofmanas,"IAB11 Law, Gov’t & Politics",0.85,scraped,
minister of culture lithuania sarunas birutis,"IAB11 Law, Gov’t & Politics",0.85,scraped,
minister of economy & innovation lithuania lukas savickas,"IAB11 Law, Gov’t & Politics",0.85,scraped,
"minister of education, science, & sport lithuania raminta popoviene","IAB11 Law, Gov’t & Politics",0.85,scraped,
minister of energy lithuania zygimantas vaiciunas,"IAB11 Law, Gov’t & Politics",0.85,scraped,
minister of environment lithuania povilas poderskis,"IAB11 Law, Gov’t & Politics",0.85,scraped,
"permanent representative to the un, new york lithuania rytis paulauskas","IAB11 Law, Gov’t & Politics",0.85,scraped,
minister of finance lithuania rimantas sadzius,"IAB11 Law, Gov’t & Politics",0.85,scraped,
minister of health lithuania marija jakubauskiene,"IAB11 Law, Gov’t & Politics",0.85,scraped,
minister of the interior lithuania vladislavas kondratovicius,"IAB11 Law, Gov’t & Politics",0.85,scraped,
"state secretariat of civil aviation cambodia mao havannall,gen.","IAB11 Law, Gov’t & Politics",0.85,scraped,
minister for infrastructure & sustainable energy kiribati tekeeua tarati,"IAB11 Law, Gov’t & Politics",0.85,scraped,
minister for women & social development affairs nauru charmaine eraidinomo scotty,"IAB11 Law, Gov’t & Politics",0.85,scraped,
minister of justice lebanon adil nassar,"IAB11 Law, Gov’t & Politics",0.85,scraped,
minister of public works liberia roland giddings,"IAB11 Law, Gov’t & Politics",0.85,scraped,
minister of transportation liberia sirleaf ralph tyler,"IAB11 Law, Gov’t & Politics",0.85,scraped,
minister of youth & sport liberia jeror cole bangalu,"IAB11 Law, Gov’t & Politics",0.85,scraped,
minister of state for presidential affairs liberia sylvester grigsby,"IAB11 Law, Gov’t & Politics",0.85,scraped,
minister of state liberia mamaka bility,"IAB11 Law, Gov’t & Politics",0.85,scraped,
minister of state liberia samuel a. stevquoah,"IAB11 Law, Gov’t & Politics",0.85,scraped,
"executive governor, central bank of liberia liberia j. aloysius tarlue","IAB11 Law, Gov’t & Politics",0.85,scraped,
minister of posts & telecommunications liberia sekou m. kromah,"IAB11 Law, Gov’t & Politics",0.85,scraped,
"ambassador to the us liberia jeff gongoer dowana, sr","IAB11 Law, Gov’t & Politics",0.85,scraped,
"minister of education liberia jarso meley jallah,dr.","IAB11 Law, Gov’t & Politics",0.85,scraped,
minister of commerce & industry liberia amin modad,"IAB11 Law, Gov’t & Politics",0.85,scraped,
minister of information lebanon paul morcos,"IAB11 Law, Gov’t & Politics",0.85,scraped,
minister of interior & municipalities lebanon ahmad al-hajjar,"IAB11 Law, Gov’t & Politics",0.85,scraped,
minister of labor lebanon muhammad haidar,"IAB11 Law, Gov’t & Politics",0.85,scraped,
minister for the line & phoenix islands development kiribati mikarite temari,"IAB11 Law, Gov’t & Politics",0.85,scraped,
minister of public health lebanon rakan nasr al-din,"IAB11 Law, Gov’t & Politics",0.85,scraped,
minister of public works & transportation lebanon fayiz rasamni,"IAB11 Law, Gov’t & Politics",0.85,scraped,
minister of social affairs lebanon hanin al-sayyid,"IAB11 Law, Gov’t & Politics",0.85,scraped,
minister of defense (acting) liberia geraldine george,"IAB11 Law, Gov’t & Politics",0.85,scraped,
minister of telecommunications lebanon charles al-hajj,"IAB11 Law, Gov’t & Politics",0.85,scraped,
minister of youth & sports lebanon nora bayrakdarian,"IAB11 Law, Gov’t & Politics",0.85,scraped,
"governor, central bank of lebanon lebanon karim suaid","IAB11 Law, Gov’t & Politics",0.85,scraped,
charge dâaffaires to the us lebanon wael hachem,"IAB11 Law, Gov’t & Politics",0.85,scraped,
"permanent representative to the un, new york lebanon amal mudallali","IAB11 Law, Gov’t & Politics",0.85,scraped,
president. liberia joseph boakai,"IAB11 Law, Gov’t & Politics",0.85,scraped,
vice president. liberia jeremiah koung,"IAB11 Law, Gov’t & Politics",0.85,scraped,
minister of agriculture liberia j. alexander nuetah,"IAB11 Law, Gov’t & Politics",0.85,scraped,
minister of tourism lebanon laura al-khazin lahud,"IAB11 Law, Gov’t & Politics",0.85,scraped,
"minister of land, mines, & energy liberia wilmot paye","IAB11 Law, Gov’t & Politics",0.85,scraped,
minister of finance & development planning liberia boima kamara,"IAB11 Law, Gov’t & Politics",0.85,scraped,
minister of labor liberia cooper kruah,"IAB11 Law, Gov’t & Politics",0.85,scraped,
minister of justice liberia oswald tweh,"IAB11 Law, Gov’t & Politics",0.85,scraped,
minister for social and affordable accommodation malta roderick galdes,"IAB11 Law, Gov’t & Politics",0.85,scraped,
president. malta myriam spiteri debono,"IAB11 Law, Gov’t & Politics",0.85,scraped,
prime minister malta robert abela,"IAB11 Law, Gov’t & Politics",0.85,scraped,
deputy. prime minister malta christopher fearne,"IAB11 Law, Gov’t & Politics",0.85,scraped,
minister for active aging malta jo-etienne abela,"IAB11 Law, Gov’t & Politics",0.85,scraped,
"minister for agriculture, fisheries, and animal rights malta anton refalo","IAB11 Law, Gov’t & Politics",0.85,scraped,
"minister for the economy, european funds, & lands malta silvio schembri","IAB11 Law, Gov’t & Politics",0.85,scraped,
"minister for education, sport, youth, research, and innovation malta clifton grima","IAB11 Law, Gov’t & Politics",0.85,scraped,
"minister for the environment, energy, & enterprise climate change and planning malta miriam dalli","IAB11 Law, Gov’t & Politics",0.85,scraped,
minister for finance & employment malta clyde caruana,"IAB11 Law, Gov’t & Politics",0.85,scraped,
minister for foreign and european affairs & trade malta ian borg,"IAB11 Law, Gov’t & Politics",0.85,scraped,
minister for gozo malta clint camilleri,"IAB11 Law, Gov’t & Politics",0.85,scraped,
minister for health malta christopher fearne,"IAB11 Law, Gov’t & Politics",0.85,scraped,
"minister for home affairs, security, reforms, & equality malta byron camilleri","IAB11 Law, Gov’t & Politics",0.85,scraped,
"minister for inclusion, voluntary organizations, & consumer rights malta julia farrugia portelli","IAB11 Law, Gov’t & Politics",0.85,scraped,
minister for justice malta jonathan attard,"IAB11 Law, Gov’t & Politics",0.85,scraped,
"minister for the national heritage, the arts, & local government malta owen bonnici","IAB11 Law, Gov’t & Politics",0.85,scraped,
minister for public works & planning malta stefan zrinzo azzopardi,"IAB11 Law, Gov’t & Politics",0.85,scraped,
"minister of education, science & innovation montenegro angela jaksic stojanovic","IAB11 Law, Gov’t & Politics",0.85,scraped,
"minister of higher education, scientific research, & innovation morocco azzedine el midaoui","IAB11 Law, Gov’t & Politics",0.85,scraped,
minister of health & social services morocco amine tahraoui,"IAB11 Law, Gov’t & Politics",0.85,scraped,
minister of habous & islamic affairs morocco ahmed toufiq,"IAB11 Law, Gov’t & Politics",0.85,scraped,
minister of foreign affairs liberia sara beysolow nyanti,"IAB11 Law, Gov’t & Politics",0.85,scraped,
"minister of gender, children, & social protection liberia gbeme horace-kollie","IAB11 Law, Gov’t & Politics",0.85,scraped,
"minister of health & social affairs liberia louise m. kpoto,dr.","IAB11 Law, Gov’t & Politics",0.85,scraped,
"minister of information, culture, & tourism liberia jerolinmek piah","IAB11 Law, Gov’t & Politics",0.85,scraped,
"minister of internal affairs liberia francis sakila nyumalin, sr.","IAB11 Law, Gov’t & Politics",0.85,scraped,
"permanent representative to the un, new york liberia sarah safyn fyneah","IAB11 Law, Gov’t & Politics",0.85,scraped,
"president., gnu presidency council libya muhammad al-manfi","IAB11 Law, Gov’t & Politics",0.85,scraped,
"deputy. president., gnu presidency council libya abdullah al-lafi","IAB11 Law, Gov’t & Politics",0.85,scraped,
minister of education libya musa al-muqarif (acting),"IAB11 Law, Gov’t & Politics",0.85,scraped,
minister of finance libya khalid al-mabruk,"IAB11 Law, Gov’t & Politics",0.85,scraped,
minister of foreign affairs & international cooperation libya al-tahir al-baur (acting),"IAB11 Law, Gov’t & Politics",0.85,scraped,
minister of health libya ramadan abu-janah (acting),"IAB11 Law, Gov’t & Politics",0.85,scraped,
minister of higher education & scientific research libya imran muhammad al-qayb,"IAB11 Law, Gov’t & Politics",0.85,scraped,
minister of housing & construction libya abu-bakir al-ghawi,"IAB11 Law, Gov’t & Politics",0.85,scraped,
minister of industry lebanon joe issa al-khoury,"IAB11 Law, Gov’t & Politics",0.85,scraped,
"permanent representative to the un, new york libya tahir al-sunni","IAB11 Law, Gov’t & Politics",0.85,scraped,
minister of foreign affairs & emigrants lebanon yusuf raji,"IAB11 Law, Gov’t & Politics",0.85,scraped,
minister of the environment lebanon tamara al-zain,"IAB11 Law, Gov’t & Politics",0.85,scraped,
attorney gen. kiribati tetiro semilota,"IAB11 Law, Gov’t & Politics",0.85,scraped,
ambassador to the us kiribati teburoro tito,"IAB11 Law, Gov’t & Politics",0.85,scraped,
"permanent representative to the un, new york kiribati teburoro tito","IAB11 Law, Gov’t & Politics",0.85,scraped,
governor gen. saint kitts and nevis marcella a. liburd,"IAB11 Law, Gov’t & Politics",0.85,scraped,
"prime minister and minister of finance, national security, citizenship and immigration, health and human resource management, and social security saint kitts and nevis terrance michael drew,dr.","IAB11 Law, Gov’t & Politics",0.85,scraped,
"deputy prime minister and minister of education, youth empowerment, housing and human settlement, ecclesiastical and faith-based affairs, social development, gender affairs, and aging and disabilities saint kitts and nevis geoffrey ian hanley,dr.","IAB11 Law, Gov’t & Politics",0.85,scraped,
"minister of agriculture, fisheries, marine resources and cooperatives, small business and entrepreneurship, sports and the creative economy, and entertainment and the arts saint kitts and nevis samal mojah duggins","IAB11 Law, Gov’t & Politics",0.85,scraped,
"minister for women, youth, sports, & social affairs kiribati ruth cross kwansing","IAB11 Law, Gov’t & Politics",0.85,scraped,
"minister of foreign affairs, international trade, industry, commerce and consumer affairs, and economic development and investment saint kitts and nevis denzil llewellyn douglas,dr.","IAB11 Law, Gov’t & Politics",0.85,scraped,
"minister of sustainable development, environment and climate action, and constituency empowerment saint kitts and nevis joyelle trizia clarke,dr.","IAB11 Law, Gov’t & Politics",0.85,scraped,
"minister of tourism, civil aviation, international transport, employment and labor and urban development saint kitts and nevis marsha tamika henderson","IAB11 Law, Gov’t & Politics",0.85,scraped,
"minister with responsibility for social development and gender affairs, youth empowerment, and aging and disabilities saint kitts and nevis isalean felicitee ciara phillip","IAB11 Law, Gov’t & Politics",0.85,scraped,
attorney general and minister of justice and legal affairs saint kitts and nevis garth lucien wilkin,"IAB11 Law, Gov’t & Politics",0.85,scraped,
ambassador to the united states saint kitts and nevis jacinth henry-martin,"IAB11 Law, Gov’t & Politics",0.85,scraped,
"permanent representative to the un, new york saint kitts and nevis mutryce williams","IAB11 Law, Gov’t & Politics",0.85,scraped,
amir kuwait mishal al-ahmad al-jabir al-sabah,"IAB11 Law, Gov’t & Politics",0.85,scraped,
"minister of public infrastructure, energy and utilities, domestic transport, information, communication and technology and posts saint kitts and nevis konris gregor menten maynard","IAB11 Law, Gov’t & Politics",0.85,scraped,
crown prince kuwait sabah al-khalid al-hamad al-sabah,"IAB11 Law, Gov’t & Politics",0.85,scraped,
minister of environment libya ibrahim al-arabi,"IAB11 Law, Gov’t & Politics",0.85,scraped,
minister of economy & commerce libya muhammad al-huwayj,"IAB11 Law, Gov’t & Politics",0.85,scraped,
minister of local government libya badr-al-din al-tumi,"IAB11 Law, Gov’t & Politics",0.85,scraped,
minister of defense libya abd-al-hamid dubaybah (acting),"IAB11 Law, Gov’t & Politics",0.85,scraped,
minister of oil & gas libya khalifa abd-al-sadiq (acting),"IAB11 Law, Gov’t & Politics",0.85,scraped,
minister of planning libya muhammad al-zaydani (acting),"IAB11 Law, Gov’t & Politics",0.85,scraped,
minister of social affairs libya wafa al-kilani,"IAB11 Law, Gov’t & Politics",0.85,scraped,
minister of sports libya abd-al-shafi al-juwaifi,"IAB11 Law, Gov’t & Politics",0.85,scraped,
minister of technical & vocational education libya yakhlaf al-sifaw,"IAB11 Law, Gov’t & Politics",0.85,scraped,
minister of tourism & handicrafts libya nasir-al-din al-fazani (acting),"IAB11 Law, Gov’t & Politics",0.85,scraped,
minister of labor & rehabilitation libya ali al-abid,"IAB11 Law, Gov’t & Politics",0.85,scraped,
minister of transportation libya muhammad al-shahubi,"IAB11 Law, Gov’t & Politics",0.85,scraped,
minister of youth libya fathallah al-zani,"IAB11 Law, Gov’t & Politics",0.85,scraped,
minister of state for cabinet & prime minister's affairs libya adil jumah,"IAB11 Law, Gov’t & Politics",0.85,scraped,
minister of state for communication & political affairs libya walid al-lafi,"IAB11 Law, Gov’t & Politics",0.85,scraped,
minister of state for economic affairs libya salama al-ghuwail,"IAB11 Law, Gov’t & Politics",0.85,scraped,
minister of state for women's affairs libya huriyah al-tarmal,"IAB11 Law, Gov’t & Politics",0.85,scraped,
"governor, central bank of libya libya naji issa bilqasim","IAB11 Law, Gov’t & Politics",0.85,scraped,
ambassador to the us libya nan,"IAB11 Law, Gov’t & Politics",0.85,scraped,
minister of water resources libya tariq abu-fliqah,"IAB11 Law, Gov’t & Politics",0.85,scraped,
minister of justice libya halimah ibrahim,"IAB11 Law, Gov’t & Politics",0.85,scraped,
minister of interior libya imad tarabulsi (acting),"IAB11 Law, Gov’t & Politics",0.85,scraped,
minister of industry & minerals libya ahmad abu-hisa,"IAB11 Law, Gov’t & Politics",0.85,scraped,
"deputy. president., gnu presidency council libya musa al-koni","IAB11 Law, Gov’t & Politics",0.85,scraped,
prime minister libya abd-al-hamid dubaybah,"IAB11 Law, Gov’t & Politics",0.85,scraped,
deputy. prime minister libya ramadan abu-janah,"IAB11 Law, Gov’t & Politics",0.85,scraped,
deputy. prime minister libya husayn al-qatrani,"IAB11 Law, Gov’t & Politics",0.85,scraped,
minister of agriculture libya husayn al-qatrani (acting),"IAB11 Law, Gov’t & Politics",0.85,scraped,
minister of animal & marine resources libya adil sultan,"IAB11 Law, Gov’t & Politics",0.85,scraped,
minister of civil service libya ali al-abid (acting),"IAB11 Law, Gov’t & Politics",0.85,scraped,
minister of culture libya mabrukah tufi awki,"IAB11 Law, Gov’t & Politics",0.85,scraped,
minister for mobility & public works luxembourg yuriko backes,"IAB11 Law, Gov’t & Politics",0.85,scraped,
minister-del. for relations with parliament luxembourg elisabeth margue,"IAB11 Law, Gov’t & Politics",0.85,scraped,
minister for research & higher education luxembourg stephanie obertin,"IAB11 Law, Gov’t & Politics",0.85,scraped,
"minister of housing & urban planning oman khalfan bin said bin mubarak al-shuaili,dr.","IAB11 Law, Gov’t & Politics",0.85,scraped,
minister of social development oman laila bint ahmad bin awadh al-najar,"IAB11 Law, Gov’t & Politics",0.85,scraped,
minister of the royal office oman sultan bin muhammad al-numani,"IAB11 Law, Gov’t & Politics",0.85,scraped,
minister of awqaf (endowments) & religious affairs oman muhammad bin sayid al maamari,"IAB11 Law, Gov’t & Politics",0.85,scraped,
"minister of commerce, industry, & investment promotion oman qais bin muhammad bin moosa al-yusif","IAB11 Law, Gov’t & Politics",0.85,scraped,
"minister of culture, sports, & youth oman theyazin bin haitham bin tarik al said","IAB11 Law, Gov’t & Politics",0.85,scraped,
minister of diwan of the royal court oman khalid bin hilal bin saud al-busaidi,"IAB11 Law, Gov’t & Politics",0.85,scraped,
"minister of economy oman said bin muhammad bin ahmad al-saqri,dr.","IAB11 Law, Gov’t & Politics",0.85,scraped,
"minister of education oman madiha bint ahmad bin nasir al-shibyaniyah,dr.","IAB11 Law, Gov’t & Politics",0.85,scraped,
minister of finance oman sultan bin salim bin said al-habsi,"IAB11 Law, Gov’t & Politics",0.85,scraped,
minister of foreign affairs oman badr bin hamad bin hamud al-busaidi,"IAB11 Law, Gov’t & Politics",0.85,scraped,
"minister of health oman hilal bin ali al sabti,dr.","IAB11 Law, Gov’t & Politics",0.85,scraped,
minister of heritage & tourism oman salim bin muhammad bin said al-mahruqi,"IAB11 Law, Gov’t & Politics",0.85,scraped,
"minister of higher education, research, & innovation oman rahma bint ibrahim bin said al-mahruqiyah,dr.","IAB11 Law, Gov’t & Politics",0.85,scraped,
"minister of information oman abdallah bin nasir bin khalifa al-harrasi,dr.","IAB11 Law, Gov’t & Politics",0.85,scraped,
minister of spatial planning luxembourg claude meisch,"IAB11 Law, Gov’t & Politics",0.85,scraped,
minister of interior oman hamud bin faisal bin said al-busaidi,"IAB11 Law, Gov’t & Politics",0.85,scraped,
"minister of justice & legal affairs oman abdallah bin muhammad bin said al-saidi,dr.","IAB11 Law, Gov’t & Politics",0.85,scraped,
"minister of labor oman mahad bin said bin ali baowain,dr.","IAB11 Law, Gov’t & Politics",0.85,scraped,
"minister of energy & minerals oman salim nasser al-aufi,eng.","IAB11 Law, Gov’t & Politics",0.85,scraped,
minister of justice new zealand paul goldsmith,"IAB11 Law, Gov’t & Politics",0.85,scraped,
minister for human rights pakistan azam nazeer tarar,"IAB11 Law, Gov’t & Politics",0.85,scraped,
minister of internal affairs new zealand brooke van velden,"IAB11 Law, Gov’t & Politics",0.85,scraped,
minister of immigration new zealand erica stanford,"IAB11 Law, Gov’t & Politics",0.85,scraped,
minister for health nauru charmaine eraidinomo scotty,"IAB11 Law, Gov’t & Politics",0.85,scraped,
"minister for information, communication, & technology nauru shadlog bernicke","IAB11 Law, Gov’t & Politics",0.85,scraped,
minister for infrastructure development nauru jesse jeremiah,"IAB11 Law, Gov’t & Politics",0.85,scraped,
minister for internal affairs nauru charmaine eraidinomo scotty,"IAB11 Law, Gov’t & Politics",0.85,scraped,
minister for justice & border control nauru lionel rouwen aingimea,"IAB11 Law, Gov’t & Politics",0.85,scraped,
"minister of transport, communications, & information technology oman said bin hamud bin said al-maawali,eng.","IAB11 Law, Gov’t & Politics",0.85,scraped,
minister for communications pakistan asad mahmood,"IAB11 Law, Gov’t & Politics",0.85,scraped,
minister for housing and works pakistan mian riaz hussain pirzada,"IAB11 Law, Gov’t & Politics",0.85,scraped,
minister of foreign affairs pakistan muhammad ishaq dar,"IAB11 Law, Gov’t & Politics",0.85,scraped,
minister for seniors new zealand casey costello,"IAB11 Law, Gov’t & Politics",0.85,scraped,
minister of police new zealand mark mitchell,"IAB11 Law, Gov’t & Politics",0.85,scraped,
minister for racing new zealand winston peters,"IAB11 Law, Gov’t & Politics",0.85,scraped,
minister for regional development new zealand shane jones,"IAB11 Law, Gov’t & Politics",0.85,scraped,
minister for regulation new zealand david seymour,"IAB11 Law, Gov’t & Politics",0.85,scraped,
minister for resources new zealand shane jones,"IAB11 Law, Gov’t & Politics",0.85,scraped,
"minister of  science, innovation, & technology new zealand judith collins,dr.","IAB11 Law, Gov’t & Politics",0.85,scraped,
minister responsible for the government communications security bureau new zealand judith collins,"IAB11 Law, Gov’t & Politics",0.85,scraped,
minister responsible for ministerial services new zealand christopher luxon,"IAB11 Law, Gov’t & Politics",0.85,scraped,
minister for the public service new zealand nicola willis,"IAB11 Law, Gov’t & Politics",0.85,scraped,
deputy. prime minister for defense affairs & minister of defense oman shihab bin tarik al said,"IAB11 Law, Gov’t & Politics",0.85,scraped,
deputy. prime minister for international relations & cooperation oman asâad bin tarik al said,"IAB11 Law, Gov’t & Politics",0.85,scraped,
"minister of agriculture, fisheries, & water resources oman saud bin hamud bin ahmad al-habsi,dr.","IAB11 Law, Gov’t & Politics",0.85,scraped,
ambassador to the us oman talal bin sulaiman bin habib al rahbi,"IAB11 Law, Gov’t & Politics",0.85,scraped,
"permanent representative to the un, new york oman muhammad bin awadh al hassan,dr.","IAB11 Law, Gov’t & Politics",0.85,scraped,
president. pakistan asif ali zardari,"IAB11 Law, Gov’t & Politics",0.85,scraped,
prime minister pakistan shehbaz sharif,"IAB11 Law, Gov’t & Politics",0.85,scraped,
minister for aviation pakistan khwaja muhammad asif,"IAB11 Law, Gov’t & Politics",0.85,scraped,
minister for board of investment pakistan abdul aleem khan,"IAB11 Law, Gov’t & Politics",0.85,scraped,
minister for climate change pakistan vacant,"IAB11 Law, Gov’t & Politics",0.85,scraped,
"governor, central bank of oman oman ahmed al-musalmi","IAB11 Law, Gov’t & Politics",0.85,scraped,
minister for commerce pakistan jam kamal khan,"IAB11 Law, Gov’t & Politics",0.85,scraped,
minister for defense pakistan khwaja muhammad asif,"IAB11 Law, Gov’t & Politics",0.85,scraped,
minister for defense production pakistan khwaja muhammad asif,"IAB11 Law, Gov’t & Politics",0.85,scraped,
minister for economic affairs pakistan ahad khan cheema,"IAB11 Law, Gov’t & Politics",0.85,scraped,
minister for federal education and professional training pakistan khalid maqbool siddiqui,"IAB11 Law, Gov’t & Politics",0.85,scraped,
minister for finance pakistan muhammad aurangzeb,"IAB11 Law, Gov’t & Politics",0.85,scraped,
minister for land management nauru asterio appi,"IAB11 Law, Gov’t & Politics",0.85,scraped,
minister for media nauru shadlog bernicke,"IAB11 Law, Gov’t & Politics",0.85,scraped,
minister for foreign affairs & trade nauru lionel rouwen aingimea,"IAB11 Law, Gov’t & Politics",0.85,scraped,
minister for nauru shipping line nauru lionel rouwen aingimea,"IAB11 Law, Gov’t & Politics",0.85,scraped,
minister of corrections new zealand mark mitchell,"IAB11 Law, Gov’t & Politics",0.85,scraped,
minister for courts new zealand nicole mckee,"IAB11 Law, Gov’t & Politics",0.85,scraped,
minister of customs new zealand casey costello,"IAB11 Law, Gov’t & Politics",0.85,scraped,
minister of defense new zealand judith collins,"IAB11 Law, Gov’t & Politics",0.85,scraped,
minister for digitizing government new zealand judith collins,"IAB11 Law, Gov’t & Politics",0.85,scraped,
minister for disability issues new zealand louise upston,"IAB11 Law, Gov’t & Politics",0.85,scraped,
minister of education new zealand erica stanford,"IAB11 Law, Gov’t & Politics",0.85,scraped,
minister of conservation new zealand tama potaka,"IAB11 Law, Gov’t & Politics",0.85,scraped,
minister for emergency management new zealand mark mitchell,"IAB11 Law, Gov’t & Politics",0.85,scraped,
minister for the environment new zealand penny simmonds,"IAB11 Law, Gov’t & Politics",0.85,scraped,
minister of finance new zealand nicola willis,"IAB11 Law, Gov’t & Politics",0.85,scraped,
minister of foreign affairs new zealand winston peters,"IAB11 Law, Gov’t & Politics",0.85,scraped,
minister of forestry new zealand todd mcclay,"IAB11 Law, Gov’t & Politics",0.85,scraped,
"minister of health new zealand shane reti,dr.","IAB11 Law, Gov’t & Politics",0.85,scraped,
minister of housing new zealand chris bishop,"IAB11 Law, Gov’t & Politics",0.85,scraped,
minister for hunting and fishing new zealand todd mcclay,"IAB11 Law, Gov’t & Politics",0.85,scraped,
minister of energy new zealand simeon brown,"IAB11 Law, Gov’t & Politics",0.85,scraped,
minister for the community & voluntary sector new zealand louise upston,"IAB11 Law, Gov’t & Politics",0.85,scraped,
minister for child poverty reduction new zealand louise upston,"IAB11 Law, Gov’t & Politics",0.85,scraped,
minister of media & communications new zealand paul goldsmith,"IAB11 Law, Gov’t & Politics",0.85,scraped,
minister for nauru tourism corporation nauru charmaine eraidinomo scotty,"IAB11 Law, Gov’t & Politics",0.85,scraped,
minister for nauru utilities corporation nauru reagan winson aliklik,"IAB11 Law, Gov’t & Politics",0.85,scraped,
minister for people living with disabilities nauru charmaine eraidinomo scotty,"IAB11 Law, Gov’t & Politics",0.85,scraped,
minister for public service nauru david ranibok adeang,"IAB11 Law, Gov’t & Politics",0.85,scraped,
minister for ronphos nauru shadlog bernicke,"IAB11 Law, Gov’t & Politics",0.85,scraped,
minister for sports nauru jesse jeremiah,"IAB11 Law, Gov’t & Politics",0.85,scraped,
minister for transport nauru reagan winson aliklik,"IAB11 Law, Gov’t & Politics",0.85,scraped,
minister for nauru sports development nauru jesse jeremiah,"IAB11 Law, Gov’t & Politics",0.85,scraped,
minister for nauru rpc corporation nauru david ranibok adeang,"IAB11 Law, Gov’t & Politics",0.85,scraped,
minister for multicultural affairs nauru david ranibok adeang,"IAB11 Law, Gov’t & Politics",0.85,scraped,
president. nauru david ranibok adeang,"IAB11 Law, Gov’t & Politics",0.85,scraped,
minister for naoero postal services corporation nauru asterio appi,"IAB11 Law, Gov’t & Politics",0.85,scraped,
minister for national emergency services nauru jesse jeremiah,"IAB11 Law, Gov’t & Politics",0.85,scraped,
minister for nauru air corporation nauru david ranibok adeang,"IAB11 Law, Gov’t & Politics",0.85,scraped,
minister for nauru fiber cable corporation nauru shadlog bernicke,"IAB11 Law, Gov’t & Politics",0.85,scraped,
minister for nauru phosphate royalties trust nauru shadlog bernicke,"IAB11 Law, Gov’t & Politics",0.85,scraped,
minister for nauru police force nauru lionel rouwen aingimea,"IAB11 Law, Gov’t & Politics",0.85,scraped,
minister for nauru port authority nauru lionel rouwen aingimea,"IAB11 Law, Gov’t & Politics",0.85,scraped,
minister for naoero museum & heritage nauru charmaine eraidinomo scotty,"IAB11 Law, Gov’t & Politics",0.85,scraped,
minister for nauru rehabilitation corporation nauru reagan winson aliklik,"IAB11 Law, Gov’t & Politics",0.85,scraped,
minister for fisheries nauru reagan winson aliklik,"IAB11 Law, Gov’t & Politics",0.85,scraped,
minister for environmental management & agriculture nauru jesse jeremiah,"IAB11 Law, Gov’t & Politics",0.85,scraped,
"minister of foreign affairs, african cooperation, & mauritanians abroad mauritania mohamed salem merzoug","IAB11 Law, Gov’t & Politics",0.85,scraped,
minister of urban development nepal prakash man singh,"IAB11 Law, Gov’t & Politics",0.85,scraped,
minister of water supply nepal pradeep yadav,"IAB11 Law, Gov’t & Politics",0.85,scraped,
"minister of women, children, & senior citizens nepal namal kishor saha sudi","IAB11 Law, Gov’t & Politics",0.85,scraped,
minister of youth & sports nepal teju lal chaudhary,"IAB11 Law, Gov’t & Politics",0.85,scraped,
"governor, central bank nepal maha prasad adhikari","IAB11 Law, Gov’t & Politics",0.85,scraped,
ambassador to the us nepal sridhar khatri,"IAB11 Law, Gov’t & Politics",0.85,scraped,
minister for finance & sustainable development nauru david ranibok adeang,"IAB11 Law, Gov’t & Politics",0.85,scraped,
"permanent representative to the un, new york nepal amrit bahadur rai","IAB11 Law, Gov’t & Politics",0.85,scraped,
minister assisting the president nauru lionel rouwen aingimea,"IAB11 Law, Gov’t & Politics",0.85,scraped,
minister for cenpac cooperation nauru shadlog bernicke,"IAB11 Law, Gov’t & Politics",0.85,scraped,
minister for climate change & national resilience nauru asterio appi,"IAB11 Law, Gov’t & Politics",0.85,scraped,
minister for education nauru asterio appi,"IAB11 Law, Gov’t & Politics",0.85,scraped,
minister for eigigu holdings corporation nauru david ranibok adeang,"IAB11 Law, Gov’t & Politics",0.85,scraped,
minister for eigigu procurement limited nauru david ranibok adeang,"IAB11 Law, Gov’t & Politics",0.85,scraped,
minister for eigigu solution corporation nauru david ranibok adeang,"IAB11 Law, Gov’t & Politics",0.85,scraped,
"minister for pacific peoples new zealand shane reti,dr.","IAB11 Law, Gov’t & Politics",0.85,scraped,
minister for oceans & fisheries new zealand shane jones,"IAB11 Law, Gov’t & Politics",0.85,scraped,
minister for national security & intelligence new zealand christopher luxon,"IAB11 Law, Gov’t & Politics",0.85,scraped,
"minister of fisheries, aquatic, & ocean resources sri lanka ramalingam chandrasekar","IAB11 Law, Gov’t & Politics",0.85,scraped,
minister of defense sri lanka anura kumara dissanayake,"IAB11 Law, Gov’t & Politics",0.85,scraped,
"minister of home affairs, economy, & environment liechtenstein sabine monauni","IAB11 Law, Gov’t & Politics",0.85,scraped,
minister of general govt. affairs & finance liechtenstein daniel risch,"IAB11 Law, Gov’t & Politics",0.85,scraped,
"minister of foreign affairs, education, & sport liechtenstein dominique hasler","IAB11 Law, Gov’t & Politics",0.85,scraped,
minister for justice & national security saint lucia philip pierre,"IAB11 Law, Gov’t & Politics",0.85,scraped,
"minister for agriculture, fisheries, food security, & rural development saint lucia alfred prospere","IAB11 Law, Gov’t & Politics",0.85,scraped,
"minister for commerce, manufacturing, business development, cooperatives, & consumer affairs saint lucia emma hippolyte","IAB11 Law, Gov’t & Politics",0.85,scraped,
"minister for education, sustainable development, innovation, science, technology, & vocational training saint lucia shawn edward","IAB11 Law, Gov’t & Politics",0.85,scraped,
"minister for equity, social justice, & empowerment saint lucia joachim henry","IAB11 Law, Gov’t & Politics",0.85,scraped,
"minister for external affairs, international trade, civil aviation, & diaspora affairs saint lucia alva baptiste","IAB11 Law, Gov’t & Politics",0.85,scraped,
"minister for health, wellness, & elderly affairs saint lucia moses baptiste","IAB11 Law, Gov’t & Politics",0.85,scraped,
"minister for infrastructure, ports, transport, physical development, & urban renewal saint lucia stephenson king","IAB11 Law, Gov’t & Politics",0.85,scraped,
"minister for public service, home affairs, labor, & gender affairs saint lucia virginia albert-poyotte,dr.","IAB11 Law, Gov’t & Politics",0.85,scraped,
"minister for tourism, investment, creative industries, culture, & information saint lucia ernest hilaire,dr.","IAB11 Law, Gov’t & Politics",0.85,scraped,
minister for youth development & sports saint lucia kenson casimir,"IAB11 Law, Gov’t & Politics",0.85,scraped,
attorney gen. saint lucia leslie mondesir,"IAB11 Law, Gov’t & Politics",0.85,scraped,
ambassador to the us saint lucia elizabeth clarke,"IAB11 Law, Gov’t & Politics",0.85,scraped,
"permanent representative to the un, new york saint lucia menissa rambally","IAB11 Law, Gov’t & Politics",0.85,scraped,
"head of state liechtenstein hans adam ii,prince","IAB11 Law, Gov’t & Politics",0.85,scraped,
prime minister liechtenstein daniel risch,"IAB11 Law, Gov’t & Politics",0.85,scraped,
deputy. prime minister liechtenstein sabine monauni,"IAB11 Law, Gov’t & Politics",0.85,scraped,
"minister of health & media sri lanka nalinda jayathissa,dr.","IAB11 Law, Gov’t & Politics",0.85,scraped,
"minister of estates, state property, & land reform mauritania mokhtar ahmed bousseif","IAB11 Law, Gov’t & Politics",0.85,scraped,
minister of industry & entrepreneurship development sri lanka sunil handunneththi,"IAB11 Law, Gov’t & Politics",0.85,scraped,
minister of labour sri lanka anil jayantha fernando,"IAB11 Law, Gov’t & Politics",0.85,scraped,
minister of environment and forestry lesotho letsema adontsi,"IAB11 Law, Gov’t & Politics",0.85,scraped,
"minister of finance & development planning lesotho retselisitsoe matlanyane,dr.","IAB11 Law, Gov’t & Politics",0.85,scraped,
"minister of foreign affairs, foreign employment, & tourism sri lanka vijita herath","IAB11 Law, Gov’t & Politics",0.85,scraped,
minister of finance sri lanka anura kumara dissanayake,"IAB11 Law, Gov’t & Politics",0.85,scraped,
"minister of gender, youth & social development lesotho pitso lesaoana","IAB11 Law, Gov’t & Politics",0.85,scraped,
"minister of environment sri lanka dhammika patabandi,dr.","IAB11 Law, Gov’t & Politics",0.85,scraped,
minister of sports luxembourg georges mischo,"IAB11 Law, Gov’t & Politics",0.85,scraped,
minister-del. for tourism luxembourg eric thill,"IAB11 Law, Gov’t & Politics",0.85,scraped,
"chmn., luxembourg central bank luxembourg gaston reinesch","IAB11 Law, Gov’t & Politics",0.85,scraped,
ambassador to the us luxembourg nicole bintner-bakshian,"IAB11 Law, Gov’t & Politics",0.85,scraped,
"permanent representative to the un, new york luxembourg olivier maes","IAB11 Law, Gov’t & Politics",0.85,scraped,
president. latvia edgars rinkevics,"IAB11 Law, Gov’t & Politics",0.85,scraped,
prime minister latvia evika silina,"IAB11 Law, Gov’t & Politics",0.85,scraped,
minister of agriculture latvia armands krauze,"IAB11 Law, Gov’t & Politics",0.85,scraped,
minister of climate & energy latvia kaspars melnis,"IAB11 Law, Gov’t & Politics",0.85,scraped,
minister of culture latvia agnese lace,"IAB11 Law, Gov’t & Politics",0.85,scraped,
minister of defense latvia andris spruds,"IAB11 Law, Gov’t & Politics",0.85,scraped,
president. lithuania gitanas nauseda,"IAB11 Law, Gov’t & Politics",0.85,scraped,
"permanent representative to the un, new york lesotho matete paul nena","IAB11 Law, Gov’t & Politics",0.85,scraped,
ambassador to the us lesotho sankatana gabriel maja,"IAB11 Law, Gov’t & Politics",0.85,scraped,
"governor, central bank of lesotho lesotho emmanuel letete,dr.","IAB11 Law, Gov’t & Politics",0.85,scraped,
minister of social affairs & culture liechtenstein manuel frick,"IAB11 Law, Gov’t & Politics",0.85,scraped,
"chmn., liechtenstein national bank liechtenstein georg wohlwend","IAB11 Law, Gov’t & Politics",0.85,scraped,
ambassador to the us liechtenstein georg sparber,"IAB11 Law, Gov’t & Politics",0.85,scraped,
"permanent representative to the un, new york liechtenstein christian wenaweser","IAB11 Law, Gov’t & Politics",0.85,scraped,
president. sri lanka anura kumara dissanayake,"IAB11 Law, Gov’t & Politics",0.85,scraped,
"prime minister sri lanka harini amarasuriya,dr.","IAB11 Law, Gov’t & Politics",0.85,scraped,
"minister of agriculture, lands, livestock, & irrigation sri lanka k.d. lalkantha","IAB11 Law, Gov’t & Politics",0.85,scraped,
minister of infrastructure & justice liechtenstein graziella marok-wachter,"IAB11 Law, Gov’t & Politics",0.85,scraped,
"minister of buddhasasana, religious, & cultural affairs sri lanka hiniduma sunil senevi","IAB11 Law, Gov’t & Politics",0.85,scraped,
minister of digital economy sri lanka anura kumara dissanayake,"IAB11 Law, Gov’t & Politics",0.85,scraped,
"minister of education, higher education, & vocational education sri lanka harini amarasuriya,dr.","IAB11 Law, Gov’t & Politics",0.85,scraped,
minister of energy sri lanka kumara jayakody,"IAB11 Law, Gov’t & Politics",0.85,scraped,
minister of foreign affairs & intl. relations lesotho lejone mpotjoane,"IAB11 Law, Gov’t & Politics",0.85,scraped,
minister of health lesotho selibe mochoboroane,"IAB11 Law, Gov’t & Politics",0.85,scraped,
minister for mental health new zealand matt doocey,"IAB11 Law, Gov’t & Politics",0.85,scraped,
prime minister lesotho samuel ntsokoane matekane,"IAB11 Law, Gov’t & Politics",0.85,scraped,
minister of justice & national integration sri lanka harshana nanayakkara,"IAB11 Law, Gov’t & Politics",0.85,scraped,
"minister of fisheries, maritime, & port infrastructure mauritania fadhili sidaty","IAB11 Law, Gov’t & Politics",0.85,scraped,
minister of equipment and transport mauritania ely el veirik,"IAB11 Law, Gov’t & Politics",0.85,scraped,
minister of health mauritania abdallahi wedih,"IAB11 Law, Gov’t & Politics",0.85,scraped,
minister for space new zealand judith collins,"IAB11 Law, Gov’t & Politics",0.85,scraped,
minister for sport & recreation new zealand chris bishop,"IAB11 Law, Gov’t & Politics",0.85,scraped,
minister for state-owned enterprises new zealand paul goldsmith,"IAB11 Law, Gov’t & Politics",0.85,scraped,
minister for tourism & hospitality new zealand matt doocey,"IAB11 Law, Gov’t & Politics",0.85,scraped,
minister of trade new zealand todd mcclay,"IAB11 Law, Gov’t & Politics",0.85,scraped,
minister of transport new zealand simeon brown,"IAB11 Law, Gov’t & Politics",0.85,scraped,
minister for treaty of waitangi negotiations new zealand paul goldsmith,"IAB11 Law, Gov’t & Politics",0.85,scraped,
minister for social investment new zealand nicola willis,"IAB11 Law, Gov’t & Politics",0.85,scraped,
minister for whanau ora new zealand tama potaka,"IAB11 Law, Gov’t & Politics",0.85,scraped,
minister for youth new zealand matt doocey,"IAB11 Law, Gov’t & Politics",0.85,scraped,
attorney gen. new zealand judith collins,"IAB11 Law, Gov’t & Politics",0.85,scraped,
"governor, reserve bank of new zealand new zealand adrian orr","IAB11 Law, Gov’t & Politics",0.85,scraped,
ambassador to the us new zealand bede corry,"IAB11 Law, Gov’t & Politics",0.85,scraped,
"permanent representative to the un, new york new zealand carolyn jane weatherall schwalger","IAB11 Law, Gov’t & Politics",0.85,scraped,
sultan oman haitham bin tarik al said,"IAB11 Law, Gov’t & Politics",0.85,scraped,
prime minister oman haitham bin tarik al said,"IAB11 Law, Gov’t & Politics",0.85,scraped,
minister for workplace relations & safety new zealand brooke van velden,"IAB11 Law, Gov’t & Politics",0.85,scraped,
deputy. prime minister for parliamentary affairs oman fahd bin mahmud al said,"IAB11 Law, Gov’t & Politics",0.85,scraped,
minister for social development & employment new zealand louise upston,"IAB11 Law, Gov’t & Politics",0.85,scraped,
minister responsible for the new zealand security intelligence service new zealand judith collins,"IAB11 Law, Gov’t & Politics",0.85,scraped,
minister of local govt. new zealand simeon brown,"IAB11 Law, Gov’t & Politics",0.85,scraped,
minister for maori crown relations new zealand tama potaka,"IAB11 Law, Gov’t & Politics",0.85,scraped,
minister for maori development new zealand tama potaka,"IAB11 Law, Gov’t & Politics",0.85,scraped,
deputy. prime minister lesotho nthomeng majara,"IAB11 Law, Gov’t & Politics",0.85,scraped,
king lesotho letsie iii,"IAB11 Law, Gov’t & Politics",0.85,scraped,
"minister of information, communications, science, technology, & innovation lesotho nthati moorosi","IAB11 Law, Gov’t & Politics",0.85,scraped,
"permanent representative to the un, new york sri lanka mohan peiris,dr.","IAB11 Law, Gov’t & Politics",0.85,scraped,
minister of labor & employment lesotho tseliso mokhosi,"IAB11 Law, Gov’t & Politics",0.85,scraped,
minister of energy lesotho nqosa mahao,"IAB11 Law, Gov’t & Politics",0.85,scraped,
minister of law & justice lesotho richard ramoeletsi,"IAB11 Law, Gov’t & Politics",0.85,scraped,
minister of natural resources lesotho mohlomi moleko,"IAB11 Law, Gov’t & Politics",0.85,scraped,
minister of parliamentary affairs lesotho nthomeng majara,"IAB11 Law, Gov’t & Politics",0.85,scraped,
minister in the prime ministerâs office lesotho limpho tau,"IAB11 Law, Gov’t & Politics",0.85,scraped,
minister of public service lesotho mphuthi mphuthi,"IAB11 Law, Gov’t & Politics",0.85,scraped,
minister of public works & transport lesotho neo matjato moteane,"IAB11 Law, Gov’t & Politics",0.85,scraped,
"minister of tourism, sports, arts, & culture lesotho motlatsi maqelepo","IAB11 Law, Gov’t & Politics",0.85,scraped,
"minister of trade, industry & small businesses lesotho mokhethi shelile","IAB11 Law, Gov’t & Politics",0.85,scraped,
"minister of local government, chieftainship, home affairs, & police lesotho lebona lephema","IAB11 Law, Gov’t & Politics",0.85,scraped,
"minister of education & training lesotho ntoi rapapa,dr.","IAB11 Law, Gov’t & Politics",0.85,scraped,
minister of defense & national security lesotho samuel ntsokoane matekane,"IAB11 Law, Gov’t & Politics",0.85,scraped,
"minister of agriculture, food security, & nutrition lesotho thabo mofosi","IAB11 Law, Gov’t & Politics",0.85,scraped,
minister of planning sri lanka anura kumara dissanayake,"IAB11 Law, Gov’t & Politics",0.85,scraped,
minister of plantation & community infrastructure sri lanka samantha vidyarathna,"IAB11 Law, Gov’t & Politics",0.85,scraped,
"minister of public administration, provincial councils, & local govt. sri lanka chandana abeyratne","IAB11 Law, Gov’t & Politics",0.85,scraped,
minister of public security & parliamentary affairs sri lanka ananda wijepala,"IAB11 Law, Gov’t & Politics",0.85,scraped,
"minister of rural development, social security, & community empowerment sri lanka upali pannilage","IAB11 Law, Gov’t & Politics",0.85,scraped,
minister of science & technology sri lanka chrishantha abeysena,"IAB11 Law, Gov’t & Politics",0.85,scraped,
"minister of trade, commerce, food security, & co-operative development sri lanka wasantha samarasingha","IAB11 Law, Gov’t & Politics",0.85,scraped,
"minister of transport, highways, ports, & civil aviation sri lanka bimal rathnayake","IAB11 Law, Gov’t & Politics",0.85,scraped,
"minister of urban development, construction, & housing sri lanka anura karunathilake","IAB11 Law, Gov’t & Politics",0.85,scraped,
minister of women & child affairs sri lanka sarojani savithri paulraj,"IAB11 Law, Gov’t & Politics",0.85,scraped,
minister of youth affairs & sports sri lanka sunil kumara gamage,"IAB11 Law, Gov’t & Politics",0.85,scraped,
"governor, central bank sri lanka nandalal weerasinghe","IAB11 Law, Gov’t & Politics",0.85,scraped,
ambassador to the us sri lanka mahinda samarasinghe,"IAB11 Law, Gov’t & Politics",0.85,scraped,
minister of health saudi arabia fahd al-jalajil,"IAB11 Law, Gov’t & Politics",0.85,scraped,
