text,iab_label,confidence,source,labels
science shows fruit flies perform fighter jet stunts,IAB15 Science,0.96,pseudo labeled,
Paranormal Phenomena,IAB15 Science,0.95,subcategories,
Weather,IAB15 Science,0.95,subcategories,
Biology,IAB15 Science,0.95,subcategories,
Chemistry,IAB15 Science,0.95,subcategories,
Geology,IAB15 Science,0.95,subcategories,
Astrology,IAB15 Science,0.95,subcategories,
Physics,IAB15 Science,0.95,subcategories,
Space/Astronomy,IAB15 Science,0.95,subcategories,
Geography,IAB15 Science,0.95,subcategories,
Botany,IAB15 Science,0.95,subcategories,
Geography as a Science: A Historical Perspective,IAB15 Science,0.94,synthetic,
liquid nitrogen plus 1500 ping pong balls equals awesome yeah science,IAB15 Science,0.91,pseudo labeled,
fist bumps sanitary handshakes says science,IAB15 Science,0.9,pseudo labeled,
web25 sir tim bernerslees computer began show science,IAB15 Science,0.89,pseudo labeled,
science notes americas frontrow seat tuesdays lunar eclipse,IAB15 Science,0.88,pseudo labeled,
white house science fair focus girls stem,IAB15 Science,0.88,pseudo labeled,
colon cancer test exact sciences detects tumors,IAB15 Science,0.88,pseudo labeled,
science grew vaginas lab implanted women,IAB15 Science,0.87,pseudo labeled,
fistbumping hygienic shaking hands scientists,IAB15 Science,0.87,pseudo labeled,
theres scientific proof kate middleton perfect nose,IAB15 Science,0.87,pseudo labeled,
science says women like terrible dance moves,IAB15 Science,0.87,pseudo labeled,
science adding new element 117 periodic table,IAB15 Science,0.87,pseudo labeled,
cosmos science cool starring neil degrasse tyson,IAB15 Science,0.86,pseudo labeled,
scientist find evidence support big bang theory,IAB15 Science,0.86,pseudo labeled,
Physics is a fundamental science that has had a profound impact on our understanding of the world around us.,IAB15 Science,0.86,synthetic,
exact sciences stock halted ahead fda panel meeting update,IAB15 Science,0.86,pseudo labeled,
scientific discipline coastal geography,IAB15 Science,0.85,scraped,
scientific discipline science softwarequalitative data analysissimulationstatistics,IAB15 Science,0.85,scraped,
scientific discipline history of the yellow river civilization,IAB15 Science,0.85,scraped,
scientific discipline developmental psychology,IAB15 Science,0.85,scraped,
scientific discipline the stone age,IAB15 Science,0.85,scraped,
scientific discipline statistics,IAB15 Science,0.85,scraped,
scientific discipline reference management,IAB15 Science,0.85,scraped,
scientific discipline simulation,IAB15 Science,0.85,scraped,
scientific discipline lis softwarebibliometricsreference management,IAB15 Science,0.85,scraped,
scientific discipline gis software,IAB15 Science,0.85,scraped,
scientific discipline argument technology,IAB15 Science,0.85,scraped,
scientific discipline systematic review,IAB15 Science,0.85,scraped,
scientific discipline scoping review,IAB15 Science,0.85,scraped,
scientific discipline meta-analysis,IAB15 Science,0.85,scraped,
scientific discipline emergency management,IAB15 Science,0.85,scraped,
scientific discipline public choice,IAB15 Science,0.85,scraped,
scientific discipline climatology,IAB15 Science,0.85,scraped,
scientific discipline biogeography,IAB15 Science,0.85,scraped,
scientific discipline atmology,IAB15 Science,0.85,scraped,
scientific discipline cartographycelestial cartographyplanetary cartographytopography,IAB15 Science,0.85,scraped,
scientific discipline integrated geography,IAB15 Science,0.85,scraped,
scientific discipline human geographybehavioural geographycognitive geographycultural geographydevelopment geographyeconomic geographyhealth geographyhistorical geographylanguage geographymathematical geographymarketing geographymilitary geographypolitical geographypopulation geographyreligion geographysocial geographystrategic geographytime geographytourism geographytransport geographyurban geography,IAB15 Science,0.85,scraped,
scientific discipline environmental geography,IAB15 Science,0.85,scraped,
scientific discipline physical geography(is also listed inearth science)atmologybiogeographyclimatologycoastal geographyemergency managementenvironmental geographygeobiologygeochemistrygeographic information systemsgeologygeomaticsgeomorphologygeophysicsglaciologyhydrologylandscape ecologylithologymeteorologymineralogyoceanographypalaeogeographypalaeontologypetrologyquaternary sciencesoil geography,IAB15 Science,0.85,scraped,
scientific discipline transport economics,IAB15 Science,0.85,scraped,
scientific discipline social choice theory,IAB15 Science,0.85,scraped,
scientific discipline resource economics,IAB15 Science,0.85,scraped,
scientific discipline real estate economics,IAB15 Science,0.85,scraped,
scientific discipline public finance,IAB15 Science,0.85,scraped,
scientific discipline bibliometrics,IAB15 Science,0.85,scraped,
scientific discipline public economics,IAB15 Science,0.85,scraped,
scientific discipline literature review,IAB15 Science,0.85,scraped,
scientific discipline choral conducting,IAB15 Science,0.85,scraped,
scientific discipline cultural mapping,IAB15 Science,0.85,scraped,
scientific discipline quasi-experiment,IAB15 Science,0.85,scraped,
scientific discipline television(outline)television studies,IAB15 Science,0.85,scraped,
scientific discipline theatre(outline)actingdirectingdramaturgyhistory of theatremusical theatreplaywrightingpuppetryscenographystage designventriloquism,IAB15 Science,0.85,scraped,
scientific discipline film(outline)animationfilm criticismfilmmakingfilm theorylive action,IAB15 Science,0.85,scraped,
scientific discipline accompanying,IAB15 Science,0.85,scraped,
scientific discipline chamber music,IAB15 Science,0.85,scraped,
scientific discipline church music,IAB15 Science,0.85,scraped,
scientific discipline conductingchoral conductingorchestralconductingwind ensemble conducting,IAB15 Science,0.85,scraped,
scientific discipline early music,IAB15 Science,0.85,scraped,
scientific discipline jazzstudies (outline),IAB15 Science,0.85,scraped,
scientific discipline musical composition,IAB15 Science,0.85,scraped,
scientific discipline music education,IAB15 Science,0.85,scraped,
scientific discipline music history,IAB15 Science,0.85,scraped,
scientific discipline musicologyhistorical musicologysystematic musicology,IAB15 Science,0.85,scraped,
scientific discipline ethnomusicology,IAB15 Science,0.85,scraped,
scientific discipline music theory,IAB15 Science,0.85,scraped,
scientific discipline orchestralstudies,IAB15 Science,0.85,scraped,
"scientific discipline organologyorganandhistorical keyboardspianostrings,harp,oud, andguitar(outline)singingwoodwinds,brass, andpercussion",IAB15 Science,0.85,scraped,
scientific discipline recording,IAB15 Science,0.85,scraped,
scientific discipline welfare economics,IAB15 Science,0.85,scraped,
scientific discipline dance(outline)choreographydance notationethnochoreologyhistory of dance,IAB15 Science,0.85,scraped,
scientific discipline wind ensemble conducting,IAB15 Science,0.85,scraped,
"scientific discipline music(outline)accompanyingchamber musicchurch musicconductingchoral conductingorchestralconductingwind ensemble conductingearly musicjazzstudies (outline)musical compositionmusic educationmusic historymusicologyhistorical musicologysystematic musicologyethnomusicologymusic theoryorchestralstudiesorganologyorganandhistorical keyboardspianostrings,harp,oud, andguitar(outline)singingwoodwinds,brass, andpercussionrecording",IAB15 Science,0.85,scraped,
scientific discipline qualitative data analysis,IAB15 Science,0.85,scraped,
scientific discipline phenomenography,IAB15 Science,0.85,scraped,
scientific discipline secondary researchbibliometricsliterature reviewmeta-analysisscoping reviewsystematic review,IAB15 Science,0.85,scraped,
scientific discipline scientific modellingsimulation,IAB15 Science,0.85,scraped,
scientific discipline survey,IAB15 Science,0.85,scraped,
scientific discipline field experiment,IAB15 Science,0.85,scraped,
scientific discipline social experiment,IAB15 Science,0.85,scraped,
scientific discipline political economy,IAB15 Science,0.85,scraped,
scientific discipline lithology,IAB15 Science,0.85,scraped,
scientific discipline neuroeconomics,IAB15 Science,0.85,scraped,
scientific discipline law and economics,IAB15 Science,0.85,scraped,
scientific discipline social anthropology,IAB15 Science,0.85,scraped,
scientific discipline cultural anthropology,IAB15 Science,0.85,scraped,
scientific discipline linguistic anthropology,IAB15 Science,0.85,scraped,
scientific discipline biological anthropology,IAB15 Science,0.85,scraped,
scientific discipline arabic studies,IAB15 Science,0.85,scraped,
scientific discipline dravidian studies,IAB15 Science,0.85,scraped,
scientific discipline sanskrit studies,IAB15 Science,0.85,scraped,
scientific discipline protestant theology,IAB15 Science,0.85,scraped,
scientific discipline paleoanthropology,IAB15 Science,0.85,scraped,
scientific discipline microeconomics,IAB15 Science,0.85,scraped,
scientific discipline computational economics,IAB15 Science,0.85,scraped,
scientific discipline econometrics,IAB15 Science,0.85,scraped,
scientific discipline managerial economics,IAB15 Science,0.85,scraped,
scientific discipline macroeconomics,IAB15 Science,0.85,scraped,
scientific discipline health economics,IAB15 Science,0.85,scraped,
scientific discipline geobiology,IAB15 Science,0.85,scraped,
scientific discipline labor economics,IAB15 Science,0.85,scraped,
scientific discipline international economics,IAB15 Science,0.85,scraped,
scientific discipline institutional economics,IAB15 Science,0.85,scraped,
scientific discipline information economics,IAB15 Science,0.85,scraped,
scientific discipline development economics,IAB15 Science,0.85,scraped,
scientific discipline growth economics,IAB15 Science,0.85,scraped,
scientific discipline family economics,IAB15 Science,0.85,scraped,
scientific discipline experimental economics,IAB15 Science,0.85,scraped,
scientific discipline environmental economics,IAB15 Science,0.85,scraped,
scientific discipline energy economics,IAB15 Science,0.85,scraped,
scientific discipline education economics,IAB15 Science,0.85,scraped,
scientific discipline economic systems,IAB15 Science,0.85,scraped,
scientific discipline economic sociology,IAB15 Science,0.85,scraped,
scientific discipline economic geography,IAB15 Science,0.85,scraped,
scientific discipline biocultural anthropology,IAB15 Science,0.85,scraped,
scientific discipline behavioural economics,IAB15 Science,0.85,scraped,
scientific discipline history of the yangtze civilization,IAB15 Science,0.85,scraped,
scientific discipline feminist archaeology,IAB15 Science,0.85,scraped,
scientific discipline geographic information systems,IAB15 Science,0.85,scraped,
scientific discipline cognitive geography,IAB15 Science,0.85,scraped,
scientific discipline behavioural geography,IAB15 Science,0.85,scraped,
scientific discipline soil geography,IAB15 Science,0.85,scraped,
scientific discipline quaternary science,IAB15 Science,0.85,scraped,
scientific discipline petrology,IAB15 Science,0.85,scraped,
scientific discipline palaeontology,IAB15 Science,0.85,scraped,
scientific discipline palaeogeography,IAB15 Science,0.85,scraped,
scientific discipline oceanography,IAB15 Science,0.85,scraped,
scientific discipline geochemistry,IAB15 Science,0.85,scraped,
scientific discipline mineralogy,IAB15 Science,0.85,scraped,
scientific discipline interviews,IAB15 Science,0.85,scraped,
scientific discipline landscape ecology,IAB15 Science,0.85,scraped,
scientific discipline hydrology,IAB15 Science,0.85,scraped,
scientific discipline glaciology,IAB15 Science,0.85,scraped,
scientific discipline geophysics,IAB15 Science,0.85,scraped,
scientific discipline geomorphology,IAB15 Science,0.85,scraped,
scientific discipline geomatics,IAB15 Science,0.85,scraped,
scientific discipline geology,IAB15 Science,0.85,scraped,
scientific discipline meteorology,IAB15 Science,0.85,scraped,
scientific discipline cultural geography,IAB15 Science,0.85,scraped,
scientific discipline monetary economics,IAB15 Science,0.85,scraped,
scientific discipline mathematical economics,IAB15 Science,0.85,scraped,
scientific discipline applied economics,IAB15 Science,0.85,scraped,
scientific discipline agricultural economics,IAB15 Science,0.85,scraped,
scientific discipline climate,IAB15 Science,0.85,scraped,
scientific discipline cashless society,IAB15 Science,0.85,scraped,
scientific discipline maritime archaeology,IAB15 Science,0.85,scraped,
scientific discipline forensic anthropology,IAB15 Science,0.85,scraped,
scientific discipline mappingcultural mapping,IAB15 Science,0.85,scraped,
scientific discipline interdisciplinary,IAB15 Science,0.85,scraped,
scientific discipline inferential statistics,IAB15 Science,0.85,scraped,
scientific discipline pre-columbian erahistory,IAB15 Science,0.85,scraped,
scientific discipline interior architecture,IAB15 Science,0.85,scraped,
scientific discipline history of theatre,IAB15 Science,0.85,scraped,
scientific discipline musical theatre,IAB15 Science,0.85,scraped,
scientific discipline playwrighting,IAB15 Science,0.85,scraped,
scientific discipline puppetry,IAB15 Science,0.85,scraped,
scientific discipline scenography,IAB15 Science,0.85,scraped,
scientific discipline stage design,IAB15 Science,0.85,scraped,
scientific discipline acting,IAB15 Science,0.85,scraped,
scientific discipline landscape architecturelandscape designlandscape planning,IAB15 Science,0.85,scraped,
scientific discipline assyriancivilization,IAB15 Science,0.85,scraped,
scientific discipline historic preservation,IAB15 Science,0.85,scraped,
scientific discipline modern history,IAB15 Science,0.85,scraped,
scientific discipline philosophical historyancient philosophycontemporary philosophymedieval philosophyhumanism(outline)scholasticismmodern philosophy,IAB15 Science,0.85,scraped,
scientific discipline political historyhistory of political thought,IAB15 Science,0.85,scraped,
scientific discipline prehistory,IAB15 Science,0.85,scraped,
scientific discipline jewish history,IAB15 Science,0.85,scraped,
scientific discipline public history,IAB15 Science,0.85,scraped,
scientific discipline russian history,IAB15 Science,0.85,scraped,
scientific discipline scientific history,IAB15 Science,0.85,scraped,
scientific discipline technological history,IAB15 Science,0.85,scraped,
scientific discipline world history,IAB15 Science,0.85,scraped,
scientific discipline ancient egypt,IAB15 Science,0.85,scraped,
scientific discipline carthage,IAB15 Science,0.85,scraped,
scientific discipline ancient roman history(outline),IAB15 Science,0.85,scraped,
scientific discipline systematic musicology,IAB15 Science,0.85,scraped,
scientific discipline bronze agecivilizations,IAB15 Science,0.85,scraped,
scientific discipline biblical history,IAB15 Science,0.85,scraped,
scientific discipline history of the indus valley civilization,IAB15 Science,0.85,scraped,
scientific discipline preclassic maya,IAB15 Science,0.85,scraped,
scientific discipline latin american history,IAB15 Science,0.85,scraped,
scientific discipline directing,IAB15 Science,0.85,scraped,
scientific discipline television studies,IAB15 Science,0.85,scraped,
scientific discipline animation,IAB15 Science,0.85,scraped,
scientific discipline history of dance,IAB15 Science,0.85,scraped,
scientific discipline textile arts,IAB15 Science,0.85,scraped,
scientific discipline fine artsgraphic artsdrawing(outline)painting(outline)photography(outline)sculpture(outline),IAB15 Science,0.85,scraped,
scientific discipline fashion,IAB15 Science,0.85,scraped,
scientific discipline organandhistorical keyboards,IAB15 Science,0.85,scraped,
scientific discipline live action,IAB15 Science,0.85,scraped,
scientific discipline film theory,IAB15 Science,0.85,scraped,
scientific discipline art director,IAB15 Science,0.85,scraped,
scientific discipline applied artsanimationtextile artsart directorcalligraphyculinary artsoutline of cuisinesdecorative artsdigital artmixed mediaprintmakingstudio artgraphic designarchitecture(outline of architecture)interior architecturelandscape architecturelandscape designlandscape planningarchitectural analyticshistoric preservationinterior design(interior architecture)technical drawing,IAB15 Science,0.85,scraped,
scientific discipline calligraphy,IAB15 Science,0.85,scraped,
scientific discipline architecture(outline of architecture)interior architecturelandscape architecturelandscape designlandscape planningarchitectural analyticshistoric preservationinterior design(interior architecture)technical drawing,IAB15 Science,0.85,scraped,
scientific discipline outline of cuisines,IAB15 Science,0.85,scraped,
scientific discipline decorative arts,IAB15 Science,0.85,scraped,
scientific discipline digital art,IAB15 Science,0.85,scraped,
scientific discipline mixed media,IAB15 Science,0.85,scraped,
scientific discipline printmaking,IAB15 Science,0.85,scraped,
scientific discipline studio art,IAB15 Science,0.85,scraped,
scientific discipline graphic design,IAB15 Science,0.85,scraped,
scientific discipline filmmaking,IAB15 Science,0.85,scraped,
scientific discipline culinary arts,IAB15 Science,0.85,scraped,
scientific discipline film criticism,IAB15 Science,0.85,scraped,
scientific discipline dramaturgy,IAB15 Science,0.85,scraped,
scientific discipline ventriloquism,IAB15 Science,0.85,scraped,
scientific discipline piano,IAB15 Science,0.85,scraped,
"scientific discipline strings,harp,oud, andguitar(outline)",IAB15 Science,0.85,scraped,
scientific discipline singing,IAB15 Science,0.85,scraped,
"scientific discipline woodwinds,brass, andpercussion",IAB15 Science,0.85,scraped,
scientific discipline choreography,IAB15 Science,0.85,scraped,
scientific discipline dance notation,IAB15 Science,0.85,scraped,
scientific discipline ethnochoreology,IAB15 Science,0.85,scraped,
scientific discipline architectural analytics,IAB15 Science,0.85,scraped,
scientific discipline european history,IAB15 Science,0.85,scraped,
scientific discipline historical method,IAB15 Science,0.85,scraped,
scientific discipline question,IAB15 Science,0.85,scraped,
scientific discipline case study,IAB15 Science,0.85,scraped,
scientific discipline content analysis,IAB15 Science,0.85,scraped,
scientific discipline descriptive statistics,IAB15 Science,0.85,scraped,
scientific discipline discourse analysis,IAB15 Science,0.85,scraped,
scientific discipline ethnographyautoethnography,IAB15 Science,0.85,scraped,
scientific discipline experimentfield experimentsocial experimentquasi-experiment,IAB15 Science,0.85,scraped,
scientific discipline field research,IAB15 Science,0.85,scraped,
scientific discipline scientific method,IAB15 Science,0.85,scraped,
scientific discipline critical realism,IAB15 Science,0.85,scraped,
scientific discipline realismcritical realismsubtle realism,IAB15 Science,0.85,scraped,
scientific discipline pragmatism,IAB15 Science,0.85,scraped,
scientific discipline history of mesopotamia,IAB15 Science,0.85,scraped,
scientific discipline ethics,IAB15 Science,0.85,scraped,
scientific discipline proposal,IAB15 Science,0.85,scraped,
scientific discipline writingargumentreferencing,IAB15 Science,0.85,scraped,
scientific discipline interior design(interior architecture),IAB15 Science,0.85,scraped,
scientific discipline argument,IAB15 Science,0.85,scraped,
scientific discipline referencing,IAB15 Science,0.85,scraped,
scientific discipline development geography,IAB15 Science,0.85,scraped,
scientific discipline multimethodology,IAB15 Science,0.85,scraped,
scientific discipline qualitativeart-based,IAB15 Science,0.85,scraped,
scientific discipline quantitative,IAB15 Science,0.85,scraped,
scientific discipline art-based,IAB15 Science,0.85,scraped,
scientific discipline antipositivism,IAB15 Science,0.85,scraped,
scientific discipline constructivism,IAB15 Science,0.85,scraped,
scientific discipline critical rationalism,IAB15 Science,0.85,scraped,
scientific discipline empiricism,IAB15 Science,0.85,scraped,
scientific discipline fallibilism,IAB15 Science,0.85,scraped,
scientific discipline positivism,IAB15 Science,0.85,scraped,
scientific discipline postpositivism,IAB15 Science,0.85,scraped,
scientific discipline analysis,IAB15 Science,0.85,scraped,
scientific discipline phenomenology,IAB15 Science,0.85,scraped,
scientific discipline subtle realism,IAB15 Science,0.85,scraped,
scientific discipline narrative inquiry,IAB15 Science,0.85,scraped,
scientific discipline technical drawing,IAB15 Science,0.85,scraped,
scientific discipline landscape design,IAB15 Science,0.85,scraped,
scientific discipline landscape planning,IAB15 Science,0.85,scraped,
scientific discipline graphic artsdrawing(outline)painting(outline)photography(outline),IAB15 Science,0.85,scraped,
scientific discipline sculpture(outline),IAB15 Science,0.85,scraped,
scientific discipline drawing(outline),IAB15 Science,0.85,scraped,
scientific discipline painting(outline),IAB15 Science,0.85,scraped,
scientific discipline photography(outline),IAB15 Science,0.85,scraped,
scientific discipline african history,IAB15 Science,0.85,scraped,
scientific discipline american history,IAB15 Science,0.85,scraped,
scientific discipline ancient historyancient egyptcarthageancient greek history(outline)ancient roman history(outline)assyriancivilizationbronze agecivilizationsbiblical historyhistory of the indus valley civilizationpreclassic mayahistory of mesopotamiathe stone agehistory of the yangtze civilizationhistory of the yellow river civilization,IAB15 Science,0.85,scraped,
scientific discipline art history,IAB15 Science,0.85,scraped,
scientific discipline asian historychinese historyindian history(outline)indonesian historyiranian history,IAB15 Science,0.85,scraped,
scientific discipline australian history,IAB15 Science,0.85,scraped,
scientific discipline cultural history,IAB15 Science,0.85,scraped,
scientific discipline ecclesiastical history of the catholic church,IAB15 Science,0.85,scraped,
scientific discipline economic history,IAB15 Science,0.85,scraped,
scientific discipline environmental history,IAB15 Science,0.85,scraped,
scientific discipline intellectual history,IAB15 Science,0.85,scraped,
scientific discipline historical musicology,IAB15 Science,0.85,scraped,
scientific discipline autoethnography,IAB15 Science,0.85,scraped,
scientific discipline orchestralconducting,IAB15 Science,0.85,scraped,
scientific discipline action research,IAB15 Science,0.85,scraped,
scientific discipline art methodology,IAB15 Science,0.85,scraped,
scientific discipline critical theory,IAB15 Science,0.85,scraped,
scientific discipline grounded theory,IAB15 Science,0.85,scraped,
scientific discipline hermeneutics,IAB15 Science,0.85,scraped,
scientific discipline historiography,IAB15 Science,0.85,scraped,
scientific discipline human subject research,IAB15 Science,0.85,scraped,
scientific discipline financial economics,IAB15 Science,0.85,scraped,
scientific discipline ancient greek history(outline),IAB15 Science,0.85,scraped,
scientific discipline health geography,IAB15 Science,0.85,scraped,
scientific discipline religious educationtechniques,IAB15 Science,0.85,scraped,
scientific discipline poetics,IAB15 Science,0.85,scraped,
scientific discipline literary criticism,IAB15 Science,0.85,scraped,
scientific discipline critical theory(outline),IAB15 Science,0.85,scraped,
scientific discipline post-modern literature,IAB15 Science,0.85,scraped,
scientific discipline post-colonial literature,IAB15 Science,0.85,scraped,
scientific discipline medieval literature,IAB15 Science,0.85,scraped,
scientific discipline ancient literature,IAB15 Science,0.85,scraped,
scientific discipline fiction(outline),IAB15 Science,0.85,scraped,
scientific discipline canon law,IAB15 Science,0.85,scraped,
scientific discipline philosophy of engineering,IAB15 Science,0.85,scraped,
scientific discipline aesthetics(outline),IAB15 Science,0.85,scraped,
scientific discipline philosophy of language,IAB15 Science,0.85,scraped,
scientific discipline sacred music,IAB15 Science,0.85,scraped,
scientific discipline liturgy,IAB15 Science,0.85,scraped,
scientific discipline pastoral theology,IAB15 Science,0.85,scraped,
scientific discipline biblical studies/sacred scripture,IAB15 Science,0.85,scraped,
scientific discipline pastoral counseling,IAB15 Science,0.85,scraped,
scientific discipline theology(outline)dogmatic theologyecclesiologysacramentaltheologysystematic theologychristian ethicshindu ethicsmoral theologyhistorical theology,IAB15 Science,0.85,scraped,
scientific discipline scriptural study and languagesbiblical hebrewbiblical studies/sacred scripturevedic studynew testament greeklatinold church slavonic,IAB15 Science,0.85,scraped,
scientific discipline missiology,IAB15 Science,0.85,scraped,
scientific discipline philosophy of history,IAB15 Science,0.85,scraped,
scientific discipline phenomenology of religion,IAB15 Science,0.85,scraped,
scientific discipline psychology of religion,IAB15 Science,0.85,scraped,
scientific discipline sociology of religion,IAB15 Science,0.85,scraped,
scientific discipline anthropology of religion,IAB15 Science,0.85,scraped,
scientific discipline history of religion,IAB15 Science,0.85,scraped,
scientific discipline marxism,IAB15 Science,0.85,scraped,
scientific discipline libertarianism(outline),IAB15 Science,0.85,scraped,
scientific discipline anarchism(outline),IAB15 Science,0.85,scraped,
scientific discipline church history,IAB15 Science,0.85,scraped,
scientific discipline american literatureafrican-american literaturesouthern literature,IAB15 Science,0.85,scraped,
scientific discipline british literature,IAB15 Science,0.85,scraped,
scientific discipline canadian literature,IAB15 Science,0.85,scraped,
scientific discipline indian english literature,IAB15 Science,0.85,scraped,
scientific discipline literary theorycritical theory(outline)literary criticismpoetics,IAB15 Science,0.85,scraped,
scientific discipline history of literatureancient literaturemedieval literaturepost-colonial literaturepost-modern literature,IAB15 Science,0.85,scraped,
scientific discipline english literature,IAB15 Science,0.85,scraped,
scientific discipline creative writingpoetryprosenon-fictionfiction(outline),IAB15 Science,0.85,scraped,
scientific discipline comparative literature,IAB15 Science,0.85,scraped,
scientific discipline comics studies,IAB15 Science,0.85,scraped,
scientific discipline english studies,IAB15 Science,0.85,scraped,
scientific discipline history of political thought,IAB15 Science,0.85,scraped,
scientific discipline world literatureamerican literatureafrican-american literaturesouthern literaturebritish literaturecanadian literatureindian english literatureirish literaturenew zealand literaturescottish literaturesouth african literaturewelsh literature,IAB15 Science,0.85,scraped,
scientific discipline scholasticism,IAB15 Science,0.85,scraped,
scientific discipline modern philosophy,IAB15 Science,0.85,scraped,
scientific discipline medieval philosophyhumanism(outline)scholasticism,IAB15 Science,0.85,scraped,
scientific discipline contemporary philosophy,IAB15 Science,0.85,scraped,
scientific discipline ancient philosophy,IAB15 Science,0.85,scraped,
scientific discipline iranian history,IAB15 Science,0.85,scraped,
scientific discipline indonesian history,IAB15 Science,0.85,scraped,
scientific discipline indian history(outline),IAB15 Science,0.85,scraped,
scientific discipline chinese history,IAB15 Science,0.85,scraped,
scientific discipline humanism(outline),IAB15 Science,0.85,scraped,
scientific discipline poetry,IAB15 Science,0.85,scraped,
scientific discipline prose,IAB15 Science,0.85,scraped,
scientific discipline non-fiction,IAB15 Science,0.85,scraped,
scientific discipline southern literature,IAB15 Science,0.85,scraped,
scientific discipline african-american literature,IAB15 Science,0.85,scraped,
scientific discipline welsh literature,IAB15 Science,0.85,scraped,
scientific discipline south african literature,IAB15 Science,0.85,scraped,
scientific discipline scottish literature,IAB15 Science,0.85,scraped,
scientific discipline new zealand literature,IAB15 Science,0.85,scraped,
scientific discipline irish literature,IAB15 Science,0.85,scraped,
scientific discipline biblical hebrew,IAB15 Science,0.85,scraped,
scientific discipline vedic study,IAB15 Science,0.85,scraped,
scientific discipline civil lawadmiralty lawanimal law/animal rightscivil procedurecommon lawcontract lawcorporationsenvironmental lawfamily lawfederal lawinternational lawpublic international lawsupranational lawlabor lawproperty lawtax lawtort law(outline),IAB15 Science,0.85,scraped,
scientific discipline continental philosophy,IAB15 Science,0.85,scraped,
scientific discipline systems philosophy,IAB15 Science,0.85,scraped,
scientific discipline philosophy of technology,IAB15 Science,0.85,scraped,
scientific discipline philosophy of social science,IAB15 Science,0.85,scraped,
scientific discipline philosophy of physical sciencesphilosophy of biologyphilosophy of chemistryphilosophy of physics,IAB15 Science,0.85,scraped,
scientific discipline philosophy of religion,IAB15 Science,0.85,scraped,
scientific discipline philosophy of psychology,IAB15 Science,0.85,scraped,
scientific discipline philosophy of music,IAB15 Science,0.85,scraped,
scientific discipline philosophy of mathematics,IAB15 Science,0.85,scraped,
scientific discipline philosophy of law,IAB15 Science,0.85,scraped,
scientific discipline animal rights,IAB15 Science,0.85,scraped,
scientific discipline bioethics,IAB15 Science,0.85,scraped,
scientific discipline philosophy of biology,IAB15 Science,0.85,scraped,
scientific discipline virtue ethics,IAB15 Science,0.85,scraped,
scientific discipline analytic philosophy,IAB15 Science,0.85,scraped,
scientific discipline environmental ethics,IAB15 Science,0.85,scraped,
scientific discipline pali studies,IAB15 Science,0.85,scraped,
scientific discipline african philosophy,IAB15 Science,0.85,scraped,
scientific discipline philosophy of perception,IAB15 Science,0.85,scraped,
scientific discipline philosophy of artificial intelligence,IAB15 Science,0.85,scraped,
scientific discipline aristotelianism,IAB15 Science,0.85,scraped,
scientific discipline theismandatheism,IAB15 Science,0.85,scraped,
scientific discipline teleology,IAB15 Science,0.85,scraped,
scientific discipline philosophy of pain,IAB15 Science,0.85,scraped,
scientific discipline philosophy of mindphilosophy of painphilosophy of artificial intelligencephilosophy of perception,IAB15 Science,0.85,scraped,
scientific discipline mathematical logic,IAB15 Science,0.85,scraped,
scientific discipline ontology,IAB15 Science,0.85,scraped,
scientific discipline determinismandfree will,IAB15 Science,0.85,scraped,
scientific discipline philosophical logic,IAB15 Science,0.85,scraped,
scientific discipline philosophy of space and time,IAB15 Science,0.85,scraped,
scientific discipline historical geography,IAB15 Science,0.85,scraped,
scientific discipline political philosophy,IAB15 Science,0.85,scraped,
scientific discipline feminist philosophy,IAB15 Science,0.85,scraped,
scientific discipline philosophy of chemistry,IAB15 Science,0.85,scraped,
scientific discipline philosophy of physics,IAB15 Science,0.85,scraped,
"scientific discipline biblical hebrew,koine greek,aramaic",IAB15 Science,0.85,scraped,
scientific discipline muslim theologyarabic studies,IAB15 Science,0.85,scraped,
scientific discipline jewish theology,IAB15 Science,0.85,scraped,
scientific discipline hindu theologysanskrit studiesdravidian studies,IAB15 Science,0.85,scraped,
scientific discipline christian theologyanglican theologybaptist theologycatholic theologyeastern orthodox theologyprotestant theology,IAB15 Science,0.85,scraped,
scientific discipline philosophy of action,IAB15 Science,0.85,scraped,
scientific discipline buddhist theologypali studies,IAB15 Science,0.85,scraped,
"scientific discipline biblical studiesbiblical hebrew,koine greek,aramaic",IAB15 Science,0.85,scraped,
scientific discipline historical theology,IAB15 Science,0.85,scraped,
scientific discipline moral theology,IAB15 Science,0.85,scraped,
scientific discipline hindu ethics,IAB15 Science,0.85,scraped,
scientific discipline christian ethics,IAB15 Science,0.85,scraped,
scientific discipline systematic theology,IAB15 Science,0.85,scraped,
scientific discipline sacramentaltheology,IAB15 Science,0.85,scraped,
scientific discipline ecclesiology,IAB15 Science,0.85,scraped,
scientific discipline dogmatic theology,IAB15 Science,0.85,scraped,
scientific discipline old church slavonic,IAB15 Science,0.85,scraped,
scientific discipline latin,IAB15 Science,0.85,scraped,
scientific discipline new testament greek,IAB15 Science,0.85,scraped,
scientific discipline platonism,IAB15 Science,0.85,scraped,
scientific discipline islamic philosophy,IAB15 Science,0.85,scraped,
scientific discipline field ministrypastoral counselingpastoral theologyreligious educationtechniqueshomileticsliturgysacred musicmissiology,IAB15 Science,0.85,scraped,
scientific discipline eastern philosophy,IAB15 Science,0.85,scraped,
scientific discipline normative ethicsvirtue ethics,IAB15 Science,0.85,scraped,
"scientific discipline moral psychology,descriptive ethics,value theory",IAB15 Science,0.85,scraped,
scientific discipline meta-ethics,IAB15 Science,0.85,scraped,
scientific discipline applied ethicsanimal rightsbioethicsenvironmental ethics,IAB15 Science,0.85,scraped,
scientific discipline reasoning errors,IAB15 Science,0.85,scraped,
scientific discipline justification,IAB15 Science,0.85,scraped,
scientific discipline administrative law,IAB15 Science,0.85,scraped,
scientific discipline homiletics,IAB15 Science,0.85,scraped,
scientific discipline philosophy of education,IAB15 Science,0.85,scraped,
scientific discipline celestial cartography,IAB15 Science,0.85,scraped,
scientific discipline criminal psychology,IAB15 Science,0.85,scraped,
scientific discipline counseling psychology,IAB15 Science,0.85,scraped,
scientific discipline consumer psychology,IAB15 Science,0.85,scraped,
scientific discipline conservation psychology,IAB15 Science,0.85,scraped,
scientific discipline comparative psychology,IAB15 Science,0.85,scraped,
scientific discipline community psychology,IAB15 Science,0.85,scraped,
scientific discipline ecological psychology,IAB15 Science,0.85,scraped,
scientific discipline civics,IAB15 Science,0.85,scraped,
scientific discipline canadian politics,IAB15 Science,0.85,scraped,
scientific discipline american politics,IAB15 Science,0.85,scraped,
scientific discipline composition studies,IAB15 Science,0.85,scraped,
scientific discipline applied linguistics,IAB15 Science,0.85,scraped,
scientific discipline topography,IAB15 Science,0.85,scraped,
scientific discipline planetary cartography,IAB15 Science,0.85,scraped,
scientific discipline urban geography,IAB15 Science,0.85,scraped,
scientific discipline differential psychology,IAB15 Science,0.85,scraped,
scientific discipline transport geography,IAB15 Science,0.85,scraped,
scientific discipline tourism geography,IAB15 Science,0.85,scraped,
scientific discipline computational linguistics,IAB15 Science,0.85,scraped,
scientific discipline time geography,IAB15 Science,0.85,scraped,
scientific discipline social geography,IAB15 Science,0.85,scraped,
scientific discipline religion geography,IAB15 Science,0.85,scraped,
scientific discipline population geography,IAB15 Science,0.85,scraped,
scientific discipline political geography,IAB15 Science,0.85,scraped,
scientific discipline military geography,IAB15 Science,0.85,scraped,
scientific discipline marketing geography,IAB15 Science,0.85,scraped,
scientific discipline mathematical geography,IAB15 Science,0.85,scraped,
scientific discipline language geography,IAB15 Science,0.85,scraped,
scientific discipline strategic geography,IAB15 Science,0.85,scraped,
scientific discipline etymology,IAB15 Science,0.85,scraped,
scientific discipline cultural psychologyasian psychologyblack psychology,IAB15 Science,0.85,scraped,
scientific discipline educational psychology,IAB15 Science,0.85,scraped,
scientific discipline grammatology,IAB15 Science,0.85,scraped,
scientific discipline geopolitics(political geography),IAB15 Science,0.85,scraped,
scientific discipline applied psychology,IAB15 Science,0.85,scraped,
scientific discipline abnormal psychology,IAB15 Science,0.85,scraped,
scientific discipline singapore politics,IAB15 Science,0.85,scraped,
scientific discipline psephology,IAB15 Science,0.85,scraped,
scientific discipline public law,IAB15 Science,0.85,scraped,
scientific discipline public administration,IAB15 Science,0.85,scraped,
scientific discipline political history,IAB15 Science,0.85,scraped,
scientific discipline political culture,IAB15 Science,0.85,scraped,
scientific discipline biological psychology,IAB15 Science,0.85,scraped,
scientific discipline political behavior,IAB15 Science,0.85,scraped,
scientific discipline peace and conflict studies,IAB15 Science,0.85,scraped,
scientific discipline nationalism studies,IAB15 Science,0.85,scraped,
scientific discipline international organizations,IAB15 Science,0.85,scraped,
scientific discipline international relations,IAB15 Science,0.85,scraped,
scientific discipline european studies,IAB15 Science,0.85,scraped,
scientific discipline clinical psychology,IAB15 Science,0.85,scraped,
scientific discipline comparative law,IAB15 Science,0.85,scraped,
scientific discipline biopolitics,IAB15 Science,0.85,scraped,
scientific discipline policy studies,IAB15 Science,0.85,scraped,
scientific discipline health politics,IAB15 Science,0.85,scraped,
scientific discipline clinical neuropsychology,IAB15 Science,0.85,scraped,
scientific discipline cognitive psychology,IAB15 Science,0.85,scraped,
gilead sciences value stock,IAB15 Science,0.85,pseudo labeled,
physics spidermans webs,IAB15 Science,0.85,pseudo labeled,
scientists isolate suicide risk gene,IAB15 Science,0.85,pseudo labeled,
scientific discipline family psychology,IAB15 Science,0.85,scraped,
scientific discipline group psychology,IAB15 Science,0.85,scraped,
scientific discipline experimental psychology,IAB15 Science,0.85,scraped,
scientific discipline evolutionary psychology,IAB15 Science,0.85,scraped,
scientific discipline environmental psychology,IAB15 Science,0.85,scraped,
scientific discipline grammar,IAB15 Science,0.85,scraped,
scientific discipline comparative politics,IAB15 Science,0.85,scraped,
scientific discipline word usage,IAB15 Science,0.85,scraped,
scientific discipline international lawpublic international lawsupranational law,IAB15 Science,0.85,scraped,
scientific discipline procedural law,IAB15 Science,0.85,scraped,
scientific discipline legal management (academic discipline)commercial lawcorporate law,IAB15 Science,0.85,scraped,
scientific discipline jurisprudence(philosophy of law),IAB15 Science,0.85,scraped,
scientific discipline jewish law(outline),IAB15 Science,0.85,scraped,
scientific discipline islamic law,IAB15 Science,0.85,scraped,
scientific discipline criminal lawcriminal justice(outline)criminal procedureforensic science(outline)police science,IAB15 Science,0.85,scraped,
scientific discipline constitutional law,IAB15 Science,0.85,scraped,
scientific discipline substantive law,IAB15 Science,0.85,scraped,
scientific discipline labor law,IAB15 Science,0.85,scraped,
scientific discipline property law,IAB15 Science,0.85,scraped,
scientific discipline tax law,IAB15 Science,0.85,scraped,
scientific discipline philosophy of economics,IAB15 Science,0.85,scraped,
scientific discipline social philosophyandpolitical philosophyanarchism(outline)feminist philosophylibertarianism(outline)marxism,IAB15 Science,0.85,scraped,
scientific discipline philosophical traditions and schoolsafrican philosophyanalytic philosophyaristotelianismcontinental philosophyeastern philosophyfeminist philosophyislamic philosophyplatonism,IAB15 Science,0.85,scraped,
scientific discipline metaphysics(outline)philosophy of actiondeterminismandfree willontologyphilosophy of mindphilosophy of painphilosophy of artificial intelligencephilosophy of perceptionphilosophy of space and timeteleologytheismandatheism,IAB15 Science,0.85,scraped,
scientific discipline meta-philosophy,IAB15 Science,0.85,scraped,
scientific discipline logic(outline)mathematical logicphilosophical logic,IAB15 Science,0.85,scraped,
"scientific discipline ethics(outline)applied ethicsanimal rightsbioethicsenvironmental ethicsmeta-ethicsmoral psychology,descriptive ethics,value theorynormative ethicsvirtue ethics",IAB15 Science,0.85,scraped,
scientific discipline epistemology(outline)justificationreasoning errors,IAB15 Science,0.85,scraped,
scientific discipline applied philosophyphilosophy of economicsphilosophy of educationphilosophy of engineeringphilosophy of historyphilosophy of languagephilosophy of lawphilosophy of mathematicsphilosophy of musicphilosophy of psychologyphilosophy of religionphilosophy of physical sciencesphilosophy of biologyphilosophy of chemistryphilosophy of physicsphilosophy of social sciencephilosophy of technologysystems philosophypolitical philosophy,IAB15 Science,0.85,scraped,
scientific discipline baptist theology,IAB15 Science,0.85,scraped,
scientific discipline corporate law,IAB15 Science,0.85,scraped,
scientific discipline commercial law,IAB15 Science,0.85,scraped,
scientific discipline police science,IAB15 Science,0.85,scraped,
scientific discipline forensic science(outline),IAB15 Science,0.85,scraped,
scientific discipline criminal procedureforensic science(outline)police science,IAB15 Science,0.85,scraped,
scientific discipline criminal justice(outline),IAB15 Science,0.85,scraped,
scientific discipline supranational law,IAB15 Science,0.85,scraped,
scientific discipline public international law,IAB15 Science,0.85,scraped,
scientific discipline admiralty law,IAB15 Science,0.85,scraped,
scientific discipline competition law,IAB15 Science,0.85,scraped,
scientific discipline animal law/animal rights,IAB15 Science,0.85,scraped,
scientific discipline interlinguistics,IAB15 Science,0.85,scraped,
scientific discipline syntax,IAB15 Science,0.85,scraped,
scientific discipline sociolinguistics,IAB15 Science,0.85,scraped,
scientific discipline semiotics(outline),IAB15 Science,0.85,scraped,
scientific discipline semantics,IAB15 Science,0.85,scraped,
scientific discipline rhetoric,IAB15 Science,0.85,scraped,
scientific discipline civil procedure,IAB15 Science,0.85,scraped,
scientific discipline pragmatics,IAB15 Science,0.85,scraped,
scientific discipline phonology,IAB15 Science,0.85,scraped,
scientific discipline phonetics,IAB15 Science,0.85,scraped,
scientific discipline philology,IAB15 Science,0.85,scraped,
scientific discipline natural language processing,IAB15 Science,0.85,scraped,
scientific discipline morphology (linguistics),IAB15 Science,0.85,scraped,
scientific discipline linguistic typology,IAB15 Science,0.85,scraped,
scientific discipline lexicology,IAB15 Science,0.85,scraped,
scientific discipline psycholinguistics,IAB15 Science,0.85,scraped,
scientific discipline tort law(outline),IAB15 Science,0.85,scraped,
scientific discipline federal law,IAB15 Science,0.85,scraped,
scientific discipline history of linguistics,IAB15 Science,0.85,scraped,
scientific discipline common law,IAB15 Science,0.85,scraped,
scientific discipline contract law,IAB15 Science,0.85,scraped,
scientific discipline corporations,IAB15 Science,0.85,scraped,
scientific discipline environmental law,IAB15 Science,0.85,scraped,
scientific discipline family law,IAB15 Science,0.85,scraped,
scientific discipline usage,IAB15 Science,0.85,scraped,
scientific discipline evolutionary anthropology,IAB15 Science,0.85,scraped,
scientific discipline catholic theology,IAB15 Science,0.85,scraped,
scientific discipline eastern orthodox theology,IAB15 Science,0.85,scraped,
scientific discipline anglican theology,IAB15 Science,0.85,scraped,
scientific discipline historical linguistics,IAB15 Science,0.85,scraped,
omg science says stop shaking handsand instead,IAB15 Science,0.84,pseudo labeled,
identical twins offer selves science one staying earth one,IAB15 Science,0.84,pseudo labeled,
Scientists are working to better understand the causes and effects of ADD.,IAB15 Science,0.84,synthetic,
scientists create transparent mouse take look creatures anatomy,IAB15 Science,0.84,pseudo labeled,
gravitational ripples big bang mean physics,IAB15 Science,0.84,pseudo labeled,
exact sciences colon cancer test detects tumors,IAB15 Science,0.84,pseudo labeled,
gilead sciences may see healthy earnings beat,IAB15 Science,0.84,pseudo labeled,
iphone 5s samsung galaxy s5 htc one m8 destroyed science,IAB15 Science,0.84,pseudo labeled,
Physics is a fascinating and ever-changing field of study that offers a unique perspective on the universe.,IAB15 Science,0.83,synthetic,
scientists use gene therapy create natural biological pacemaker,IAB15 Science,0.83,pseudo labeled,
scientists make stem cells adult skin,IAB15 Science,0.83,pseudo labeled,
exact sciences colon cancer test home finds tumors 1,IAB15 Science,0.83,pseudo labeled,
scientists discover direct evidence big bang,IAB15 Science,0.83,pseudo labeled,
scientists grow functioning vaginas girls cells,IAB15 Science,0.83,pseudo labeled,
scientists discover zebras stripes,IAB15 Science,0.82,pseudo labeled,
scientists grow viable vaginas girls cells,IAB15 Science,0.82,pseudo labeled,
elevated co2 robs crops nutrients say scientists,IAB15 Science,0.82,pseudo labeled,
studies find dogs sniff cancer incredible accuracy,IAB15 Science,0.82,pseudo labeled,
science reveals women rate men dance floor video,IAB15 Science,0.82,pseudo labeled,
researchers split electron photon create matter,IAB15 Science,0.82,pseudo labeled,
watch james franco murder science everything wrong rise,IAB15 Science,0.82,pseudo labeled,
It is a fundamental science that has had a profound impact on our understanding of the world around us.,IAB15 Science,0.82,synthetic,
scientists make key big bang discovery,IAB15 Science,0.82,pseudo labeled,
name science microsoft makes msdos word source code public,IAB15 Science,0.82,pseudo labeled,
stephen colbert best thing ever happen science tv,IAB15 Science,0.81,pseudo labeled,
scientists create worlds first vagina lab using patients tissues,IAB15 Science,0.81,pseudo labeled,
scientists achieve cloning advance use treating diseases,IAB15 Science,0.81,pseudo labeled,
scientists grow artificial working vaginas lab,IAB15 Science,0.81,pseudo labeled,
floridas rick scott im scientist,IAB15 Science,0.81,pseudo labeled,
trading temporarily halted exact sciences stock,IAB15 Science,0.81,pseudo labeled,
japanese whaling scientific,IAB15 Science,0.81,pseudo labeled,
scientists create biological pacemakers keep heart beat,IAB15 Science,0.81,pseudo labeled,
scientists work turn light matter,IAB15 Science,0.81,pseudo labeled,
researchers create personalized diseasespecific stem cells,IAB15 Science,0.8,pseudo labeled,
scca experts develop helpful tool simplify colon cancer prevention,IAB15 Science,0.8,pseudo labeled,
headbanging causes blood clot metal fan science says,IAB15 Science,0.8,pseudo labeled,
scientists discover genetic marker predicts suicide risk,IAB15 Science,0.8,pseudo labeled,
gsks cancer vaccine flunks another trial,IAB15 Science,0.8,pseudo labeled,
scientists discovered remarkable way sniff cancer,IAB15 Science,0.8,pseudo labeled,
scientists claim find evidence big bangs first ripples,IAB15 Science,0.8,pseudo labeled,
scientists young blood help effects aging,IAB15 Science,0.8,pseudo labeled,
scientists make biological pacemakers hearts cells,IAB15 Science,0.8,pseudo labeled,
scientists develop blood test detect dementia,IAB15 Science,0.8,pseudo labeled,
biodelivery sciences surging phase 3 results bema,IAB15 Science,0.8,pseudo labeled,
cancer stem cells microscope albert einstein college medicine,IAB15 Science,0.8,pseudo labeled,
scientists create 1st living organism artificial dna,IAB15 Science,0.8,pseudo labeled,
scientists closer blood test,IAB15 Science,0.8,pseudo labeled,
exact sciences announces fda advisory committee unanimously,IAB15 Science,0.8,pseudo labeled,
exact sciences stock trading halted today fda advisory committee meeting,IAB15 Science,0.8,pseudo labeled,
montgomery blair science finalist makes top 10 intel national competition,IAB15 Science,0.8,pseudo labeled,
scientists develop dementia blood test,IAB15 Science,0.79,pseudo labeled,
researchers find direct evidence cosmic inflation,IAB15 Science,0.79,pseudo labeled,
white house science fair kids smarter obama says obama,IAB15 Science,0.79,pseudo labeled,
scientists create element 117 40 heavier lead,IAB15 Science,0.79,pseudo labeled,
scientists discover longevity gene makes people smarter,IAB15 Science,0.79,pseudo labeled,
scientists discover fossil hedgehog size thumb,IAB15 Science,0.79,pseudo labeled,
coral larvae fishes stay away damaged coral reefs scientists,IAB15 Science,0.79,pseudo labeled,
scientists build pacemaker hearts cells,IAB15 Science,0.79,pseudo labeled,
scientists create first organisms pass artificial dna,IAB15 Science,0.79,pseudo labeled,
"Biology has a long and rich history, dating back to the ancient Greeks.",IAB15 Science,0.79,synthetic,
researchers make biological pacemakers hearts cells,IAB15 Science,0.79,pseudo labeled,
americas future meet 2014 white house science fair exhibitors,IAB15 Science,0.79,pseudo labeled,
biodelivery sciences international bdsi set new high study results,IAB15 Science,0.79,pseudo labeled,
geologists link earthquakes fracking,IAB15 Science,0.79,pseudo labeled,
studies show autism linked environment,IAB15 Science,0.78,pseudo labeled,
scientists hail breakthrough alzheimers blood test,IAB15 Science,0.78,pseudo labeled,
scientists observe cosmic inflation quantum gravity big bang,IAB15 Science,0.78,pseudo labeled,
living organism alien dna created scientists,IAB15 Science,0.78,pseudo labeled,
japans whaling scientific,IAB15 Science,0.78,pseudo labeled,
scientists using gene therapy create biological pacemaker,IAB15 Science,0.78,pseudo labeled,
home science technology nasas mars rover,IAB15 Science,0.78,pseudo labeled,
researchers find worlds biggest flying bird fossil,IAB15 Science,0.78,pseudo labeled,
facebook messed users emotionsfor science,IAB15 Science,0.78,pseudo labeled,
proteome sciences develops blood test early warning signs alzheimers,IAB15 Science,0.78,pseudo labeled,
insider selling gilead sciences evp sells 16728 shares stock gild,IAB15 Science,0.78,pseudo labeled,
scientists find first asteroid rings,IAB15 Science,0.78,pseudo labeled,
exact sciences exas comments fda adcomm unanimous,IAB15 Science,0.78,pseudo labeled,
scientists identify antibodies mers,IAB15 Science,0.78,pseudo labeled,
scientists found evidence big bang 3 graphs explain,IAB15 Science,0.78,pseudo labeled,
researchers discover magic mushrooms affect brain,IAB15 Science,0.78,pseudo labeled,
scientists discover evidence water deep beneath earths surface,IAB15 Science,0.78,pseudo labeled,
scientists detect echoes universes big bang,IAB15 Science,0.78,pseudo labeled,
orbital sciences nasa launch carbonmonitoring spacecraft mike miller,IAB15 Science,0.78,pseudo labeled,
tube talk sweden science scifi,IAB15 Science,0.78,pseudo labeled,
scientists young blood rejuvenates older mice,IAB15 Science,0.78,pseudo labeled,
scientists create first living organism artificial dna,IAB15 Science,0.77,pseudo labeled,
andi dorfman chemistry nick viall josh murray poll,IAB15 Science,0.77,pseudo labeled,
researchers trying gene therapy create biological pacemaker,IAB15 Science,0.77,pseudo labeled,
big bang theory scientists find direct point universes growth,IAB15 Science,0.77,pseudo labeled,
scientists create insulinmaking cells dna diabetic woman,IAB15 Science,0.77,pseudo labeled,
science probes secrets contagious yawning,IAB15 Science,0.77,pseudo labeled,
icj japanese whaling scientific,IAB15 Science,0.77,pseudo labeled,
scientists develop environmentfriendly solar cell,IAB15 Science,0.77,pseudo labeled,
scientists build life form adds letters genetic code,IAB15 Science,0.77,pseudo labeled,
scientists create detailed map human genes,IAB15 Science,0.77,pseudo labeled,
scientists study antiaging laboratory mice,IAB15 Science,0.77,pseudo labeled,
"It is a fundamental science that has applications in many fields, including medicine, engineering, and materials science.",IAB15 Science,0.77,synthetic,
researchers discover gene augments cognitive capabilities,IAB15 Science,0.77,pseudo labeled,
researchers created cells help heart keep perfect pace,IAB15 Science,0.77,pseudo labeled,
scientists discover echo big bang,IAB15 Science,0.77,pseudo labeled,
scientists generate reproductive organs vaginas lab,IAB15 Science,0.77,pseudo labeled,
scientists find magic mushrooms alter human mind,IAB15 Science,0.77,pseudo labeled,
scientists find magic mushrooms alter mind,IAB15 Science,0.77,pseudo labeled,
Science fiction is often set in the future and explores the potential impact of new technologies and scientific discoveries.,IAB15 Science,0.77,synthetic,
scientists reverse aging process young blood,IAB15 Science,0.77,pseudo labeled,
scientists uncover inbetween goldilocks nature dinosaur blood,IAB15 Science,0.77,pseudo labeled,
chemistry ryan gosling rachel mcadams fought âthe,IAB15 Science,0.77,pseudo labeled,
scientists discover megaearth examining kepler telescope data,IAB15 Science,0.77,pseudo labeled,
wow amazing images science week,IAB15 Science,0.77,pseudo labeled,
scientists study impact global warming arctic ice,IAB15 Science,0.77,pseudo labeled,
scientists closer finding cure alzheimers,IAB15 Science,0.77,pseudo labeled,
exact sciences noninvasive colon cancer test home shows promise,IAB15 Science,0.77,pseudo labeled,
scientists discover dinosaur name chicken hell,IAB15 Science,0.77,pseudo labeled,
colbert loves science,IAB15 Science,0.77,pseudo labeled,
scientists created first living organism using artificial dna,IAB15 Science,0.77,pseudo labeled,
science journal retracts paper stem cell discovery,IAB15 Science,0.76,pseudo labeled,
wallace baine baine street silence science,IAB15 Science,0.76,pseudo labeled,
scientists discover tiny dinosaur roamed arctic,IAB15 Science,0.76,pseudo labeled,
scientists induced lucid dreaming electric shocks,IAB15 Science,0.76,pseudo labeled,
scientists close finding earths twin,IAB15 Science,0.76,pseudo labeled,
scientists creating biological pacemaker,IAB15 Science,0.76,pseudo labeled,
scientists create creepylooking transparent mice,IAB15 Science,0.76,pseudo labeled,
scientists clone insulinproducing cells,IAB15 Science,0.76,pseudo labeled,
vaginas made lab hailed scientific win,IAB15 Science,0.76,pseudo labeled,
scientists create biological pacemakers transplanting gene hearts,IAB15 Science,0.76,pseudo labeled,
scientists develop test predict binge drinking,IAB15 Science,0.76,pseudo labeled,
gilead sciences serious pricing problem,IAB15 Science,0.76,pseudo labeled,
inspired 18thcentury contest uk prize offers 17 million solve key science,IAB15 Science,0.76,pseudo labeled,
Scientists are working on developing new treatments and ways to prevent allergies.,IAB15 Science,0.76,synthetic,
sevenstorey dinosaur may milestone moment science,IAB15 Science,0.76,pseudo labeled,
researchers develop small dialysis machine newborns kidney injuries,IAB15 Science,0.76,pseudo labeled,
scientists discover octopuses avoid tying knots,IAB15 Science,0.76,pseudo labeled,
scientists discover polar bear tyrannosaur arctic,IAB15 Science,0.76,pseudo labeled,
researchers explore growing solar panels bacteria,IAB15 Science,0.76,pseudo labeled,
researchers create new rung dna ladder offering hope new drugs,IAB15 Science,0.76,pseudo labeled,
- The Scientific Revolution (16th-17th centuries): This period saw the development of new scientific methods and the application of these methods to the study of geography.,IAB15 Science,0.76,synthetic,
Geology is a science that is constantly evolving.,IAB15 Science,0.76,synthetic,
scientists discovered simple way predict alzheimers,IAB15 Science,0.76,pseudo labeled,
scientists show monarch butterflies employ magnetic compass,IAB15 Science,0.76,pseudo labeled,
scientists tie new protein alzheimers disease,IAB15 Science,0.76,pseudo labeled,
physicists find evidence cosmic inflation,IAB15 Science,0.76,pseudo labeled,
scientists reverse aging mice giving young blood,IAB15 Science,0.76,pseudo labeled,
proteome sciences publishes study alzheimers blood test,IAB15 Science,0.76,pseudo labeled,
gilead sciences solvadi game changer,IAB15 Science,0.76,pseudo labeled,
researchers find gene boosts intelligence,IAB15 Science,0.75,pseudo labeled,
scientists use ultrasound read heartbeats young stars,IAB15 Science,0.75,pseudo labeled,
scientists successfully create vaginas lab help women born without,IAB15 Science,0.75,pseudo labeled,
"Biology is a field that is constantly changing, and there is always something new to learn.",IAB15 Science,0.75,synthetic,
science images week,IAB15 Science,0.75,pseudo labeled,
17 million prize scientific breakthrough,IAB15 Science,0.75,pseudo labeled,
ripples big bang spotted scientists,IAB15 Science,0.75,pseudo labeled,
neil degrasse tyson cosmos science got cool doesnt,IAB15 Science,0.75,pseudo labeled,
science confirms dollar bills covered bajillion gross germs,IAB15 Science,0.75,pseudo labeled,
scientists spot bang big bang,IAB15 Science,0.75,pseudo labeled,
scientists find earth twin maybe cousin,IAB15 Science,0.75,pseudo labeled,
scientists identify antibodies deadly emerging disease,IAB15 Science,0.75,pseudo labeled,
researchers find blood test predict alzheimers,IAB15 Science,0.75,pseudo labeled,
researchers discover giant chickenlike dinosaur,IAB15 Science,0.75,pseudo labeled,
rising denier fray neil degrasse tyson makes science cool,IAB15 Science,0.75,pseudo labeled,
scientists discover earth sized planet goldilocks zone,IAB15 Science,0.75,pseudo labeled,
boris johnson pfizer takeover bid astrazeneca must hit uk science,IAB15 Science,0.75,pseudo labeled,
scientists find mers virus antibodies,IAB15 Science,0.75,pseudo labeled,
phoenix students compete white house science fair,IAB15 Science,0.75,pseudo labeled,
scientists create first living organism containing artificial dna,IAB15 Science,0.75,pseudo labeled,
scientists transplant labmade sexual organs,IAB15 Science,0.75,pseudo labeled,
study shows certain chemicals everyday life linked breast cancer,IAB15 Science,0.74,pseudo labeled,
scientists solve mystery egg sperm connect,IAB15 Science,0.74,pseudo labeled,
studys surprise find fats heart health,IAB15 Science,0.74,pseudo labeled,
madison exact sciences cologuard gets fda committee nod,IAB15 Science,0.74,pseudo labeled,
scientists grow cellular pacemakers inside live animals hearts,IAB15 Science,0.74,pseudo labeled,
johns hopkins cosmologist shares excitement big bang breakthrough,IAB15 Science,0.74,pseudo labeled,
physicists explain light converted matter,IAB15 Science,0.74,pseudo labeled,
scientists identify worlds largest flying bird,IAB15 Science,0.74,pseudo labeled,
science produced spiritual idea history,IAB15 Science,0.74,pseudo labeled,
scientists create bionic pancreas help patients better manage type 1 diabetes,IAB15 Science,0.74,pseudo labeled,
astronomers find smoking gun search traces big bang expansion,IAB15 Science,0.74,pseudo labeled,
scientists create newgene atlas maps human dna activity,IAB15 Science,0.74,pseudo labeled,
Biology is a fascinating and rewarding field of study.,IAB15 Science,0.74,synthetic,
scientists discover earthlike planet,IAB15 Science,0.74,pseudo labeled,
researchers clone cells two adult men,IAB15 Science,0.74,pseudo labeled,
researchers gain new understanding triceratops evolution,IAB15 Science,0.74,pseudo labeled,
giraffe meteor shower may burst meteor storm friday night science roundup,IAB15 Science,0.74,pseudo labeled,
researchers gain new insight evolution triceratops,IAB15 Science,0.74,pseudo labeled,
scientists find evidence oceans earths centre,IAB15 Science,0.74,pseudo labeled,
scientists wake forest grow new organs existing tissue,IAB15 Science,0.74,pseudo labeled,
scientists link child autism air pollution,IAB15 Science,0.74,pseudo labeled,
orbital sciences orb looks good stock adds 52 session,IAB15 Science,0.74,pseudo labeled,
scientists create new superheavy element 117,IAB15 Science,0.74,pseudo labeled,
science behind powdered alcohol latest way get drunk,IAB15 Science,0.74,pseudo labeled,
"Biology is a vast and complex field, but it is also a fascinating one.",IAB15 Science,0.74,synthetic,
scientists discover planet like earth planet still,IAB15 Science,0.74,pseudo labeled,
scientists may discovered key reversing aging,IAB15 Science,0.74,pseudo labeled,
researchers find smokinggun evidence proving big bang theory,IAB15 Science,0.74,pseudo labeled,
best science technology pictures week,IAB15 Science,0.74,pseudo labeled,
orbital sciences corp pt raised 3600 stifel nicolaus orb,IAB15 Science,0.73,pseudo labeled,
science entrepreneurship beat climate change,IAB15 Science,0.73,pseudo labeled,
scientists discover evidence big bang gravitational waves,IAB15 Science,0.73,pseudo labeled,
researchers uncover biggestever flying bird,IAB15 Science,0.73,pseudo labeled,
astronomers discover earthsize diamond space,IAB15 Science,0.73,pseudo labeled,
scientists identify fossils worlds largest flying bird,IAB15 Science,0.73,pseudo labeled,
gsks experimental ebola vaccine approved testing humans,IAB15 Science,0.73,pseudo labeled,
scientists discover planet 17 times earths weight,IAB15 Science,0.73,pseudo labeled,
scientists create stem cells adults,IAB15 Science,0.73,pseudo labeled,
exact sciences colon cancer test clears key hurdle fda next,IAB15 Science,0.73,pseudo labeled,
nomura increases gilead sciences price target 12100 gild,IAB15 Science,0.73,pseudo labeled,
seethrough mouse big deal scientists,IAB15 Science,0.73,pseudo labeled,
scientists discover megaearth,IAB15 Science,0.73,pseudo labeled,
scientists spot planet looks like earths cousin,IAB15 Science,0.73,pseudo labeled,
scientists dont shake hands bump fists,IAB15 Science,0.73,pseudo labeled,
scientists confirm existence element 117,IAB15 Science,0.73,pseudo labeled,
home science technology tired home come,IAB15 Science,0.73,pseudo labeled,
studies show certain foods act sunscreen,IAB15 Science,0.73,pseudo labeled,
scientists reverse type 1 diabetes mice,IAB15 Science,0.73,pseudo labeled,
headbanging make brain bleed science confirms,IAB15 Science,0.73,pseudo labeled,
scientists invent intelligent house robot change furniture,IAB15 Science,0.73,pseudo labeled,
asteroid collisions common scientists record 26 nuclearscale explosions,IAB15 Science,0.73,pseudo labeled,
scientists find ancient landscape greenland ice sheet,IAB15 Science,0.73,pseudo labeled,
study states much sitting cause certain types cancer,IAB15 Science,0.73,pseudo labeled,
caruba science free speech courts,IAB15 Science,0.73,pseudo labeled,
corals fish sniff bad neighborhood say scientists video,IAB15 Science,0.73,pseudo labeled,
scientists use google glass map future medical testing video,IAB15 Science,0.72,pseudo labeled,
scientists discover rings around small asteroid,IAB15 Science,0.72,pseudo labeled,
video scientists confirm universes growth spurt big bang,IAB15 Science,0.72,pseudo labeled,
transcendence review sciwhy scifi,IAB15 Science,0.72,pseudo labeled,
researchers study dna combat food poisoning,IAB15 Science,0.72,pseudo labeled,
scientists create life alien dna,IAB15 Science,0.72,pseudo labeled,
scientists find planet like earth,IAB15 Science,0.72,pseudo labeled,
scientists solve riddle zebras stripes,IAB15 Science,0.72,pseudo labeled,
studies find young blood reverses effects aging mice,IAB15 Science,0.72,pseudo labeled,
yes organic food really better ways say scientists,IAB15 Science,0.72,pseudo labeled,
scientists find diamondshaped white dwarf star,IAB15 Science,0.72,pseudo labeled,
first scientists regrow auditory nerves lab,IAB15 Science,0.72,pseudo labeled,
biodelivery sciences international inc stock soared,IAB15 Science,0.72,pseudo labeled,
scientists create first life form alien dna,IAB15 Science,0.72,pseudo labeled,
alcohol 14 binge drinking risk say scientists,IAB15 Science,0.72,pseudo labeled,
bacteria survive long flights scientists,IAB15 Science,0.72,pseudo labeled,
science free speech courts,IAB15 Science,0.72,pseudo labeled,
It is a branch of science that deals with the study of matter and energy and their interactions.,IAB15 Science,0.72,synthetic,
researchers design bioinspired drones flying robots,IAB15 Science,0.72,pseudo labeled,
transcendence man machine moral science,IAB15 Science,0.72,pseudo labeled,
scientists discovered planet thought impossible,IAB15 Science,0.72,pseudo labeled,
study links brain growth autism,IAB15 Science,0.72,pseudo labeled,
experiment proves mammals came ocean,IAB15 Science,0.72,pseudo labeled,
remember scientists use lasers manipulate memories mice,IAB15 Science,0.72,pseudo labeled,
scientists finally figured weed makes paranoid,IAB15 Science,0.72,pseudo labeled,
scientists discover new chicken hell dinosaur,IAB15 Science,0.72,pseudo labeled,
study links cancer risk inactivity,IAB15 Science,0.72,pseudo labeled,
scientists discover ancient foureyed daddy longlegs,IAB15 Science,0.72,pseudo labeled,
"Some of the most famous science fiction and fantasy authors include Isaac Asimov, Arthur C. Clarke, J.R.R. Tolkien, and Ursula K. Le Guin.",IAB15 Science,0.72,synthetic,
researchers dose measles puts womans cancer remission,IAB15 Science,0.72,pseudo labeled,
science says swatting fruit flies annoying theyre basically tiny,IAB15 Science,0.72,pseudo labeled,
researchers develop test could predict alzheimers disease,IAB15 Science,0.72,pseudo labeled,
"Biology is the scientific study of life and living organisms, including their structure, function, growth, origin, evolution, and distribution.",IAB15 Science,0.72,synthetic,
science journal nature retracts gamechanger stemcell study,IAB15 Science,0.72,pseudo labeled,
dont octopuses tie knots science answer,IAB15 Science,0.72,pseudo labeled,
fist bumps hygienic handshakes say scientists,IAB15 Science,0.72,pseudo labeled,
avian flu discovered penguins antarctica scientist,IAB15 Science,0.72,pseudo labeled,
science fiction film fails deliver despite strong performances depp bettany,IAB15 Science,0.72,pseudo labeled,
scientists propose way turn light matter,IAB15 Science,0.72,pseudo labeled,
researchers design composite material stronger airplanes inspired shrimp,IAB15 Science,0.71,pseudo labeled,
scientists discover iqboosting gene,IAB15 Science,0.71,pseudo labeled,
2013 fourth sixth seventh hottest year record say scientists,IAB15 Science,0.71,pseudo labeled,
uc davis study autism risk pesticide exposure associated,IAB15 Science,0.71,pseudo labeled,
scientific proof george clooney finally met match amal alamuddin,IAB15 Science,0.71,pseudo labeled,
researchers finally solve mystery zebra stripes,IAB15 Science,0.71,pseudo labeled,
scientists discovered fossils largest flying bird,IAB15 Science,0.71,pseudo labeled,
scientists explore new target malaria vaccine,IAB15 Science,0.71,pseudo labeled,
giant step stem cell research,IAB15 Science,0.71,pseudo labeled,
researchers discover octopus suckers grab onto creature,IAB15 Science,0.71,pseudo labeled,
scientists successfully expand genetic alphabet,IAB15 Science,0.71,pseudo labeled,
study explains polar bears fat yet healthy,IAB15 Science,0.71,pseudo labeled,
wiretap rubio sea climate change science economics,IAB15 Science,0.71,pseudo labeled,
researchers find link autism environmental toxins,IAB15 Science,0.71,pseudo labeled,
scientists find new birdlike dinosaur anzu wyliei,IAB15 Science,0.71,pseudo labeled,
scientists find earthsized world orbit friendly life,IAB15 Science,0.71,pseudo labeled,
researchers explore new target malaria vaccine,IAB15 Science,0.71,pseudo labeled,
researchers identify drugs slow incurable lung disease,IAB15 Science,0.71,pseudo labeled,
researchers clone stem cells human adults,IAB15 Science,0.71,pseudo labeled,
astronomers discover gravitational waves expansion big bang,IAB15 Science,0.71,pseudo labeled,
researchers find link adhd obesity kids,IAB15 Science,0.71,pseudo labeled,
scientists uncover potential vaccine candidate,IAB15 Science,0.71,pseudo labeled,
research shows science behind health olive oil,IAB15 Science,0.71,pseudo labeled,
intel buys wearables company basis science,IAB15 Science,0.71,pseudo labeled,
scientists build life form adds letters genetic alphabet,IAB15 Science,0.71,pseudo labeled,
scientific evidence organic food nutritious,IAB15 Science,0.71,pseudo labeled,
scientists use cloning create stem cells adult donors science roundup,IAB15 Science,0.71,pseudo labeled,
researchers create seethrough mice,IAB15 Science,0.71,pseudo labeled,
scientists discover remains largest flying bird,IAB15 Science,0.71,pseudo labeled,
climate change science settled politics much commentary,IAB15 Science,0.71,pseudo labeled,
researchers demonstrate amazing new hepatitis c treatment,IAB15 Science,0.71,pseudo labeled,
cbss big bang theory renewed three seasons,IAB15 Science,0.71,pseudo labeled,
scientists create biological pacemaker pig hearts,IAB15 Science,0.71,pseudo labeled,
researchers say piece big bang puzzle found,IAB15 Science,0.71,pseudo labeled,
researchers work determine premature baby girls better,IAB15 Science,0.71,pseudo labeled,
scientists find egg sperm fuse,IAB15 Science,0.71,pseudo labeled,
bigfoot bear unless hes cow science says,IAB15 Science,0.71,pseudo labeled,
scientists say test alzheimers disease,IAB15 Science,0.71,pseudo labeled,
"It is a vast and complex field that encompasses many different disciplines, including anatomy, biochemistry, botany, cell biology, ecology, evolution, genetics, microbiology, molecular biology, physiology, and zoology.",IAB15 Science,0.71,synthetic,
gilead sciences target unusually high options trading gild,IAB15 Science,0.71,pseudo labeled,
researchers record huge waves arctic ocean,IAB15 Science,0.71,pseudo labeled,
scientists study release methane atlantic ocean floor,IAB15 Science,0.7,pseudo labeled,
gilead sciences heading 80,IAB15 Science,0.7,pseudo labeled,
scientists find probable cause aids,IAB15 Science,0.7,pseudo labeled,
afterglow big bang scientists see smoking gun universe growth,IAB15 Science,0.7,pseudo labeled,
biologists create cells 6 dna letters instead 4,IAB15 Science,0.7,pseudo labeled,
scientists discover 101 geysers erupting saturns intriguing icy moon,IAB15 Science,0.7,pseudo labeled,
scientists discover new megaearth,IAB15 Science,0.7,pseudo labeled,
scientists may found key unlock big bang mystery,IAB15 Science,0.7,pseudo labeled,
scientists grow insulinproducing cells using cloning techniques,IAB15 Science,0.7,pseudo labeled,
scientists create functioning synthetic dna,IAB15 Science,0.7,pseudo labeled,
nasauci study indicates loss west antarctic glaciers appears unstoppable,IAB15 Science,0.7,pseudo labeled,
afterglow big bang scientists see smoking gun universes early,IAB15 Science,0.7,pseudo labeled,
scientists create semisynthetic living cells extra dna letters,IAB15 Science,0.7,pseudo labeled,
researchers find switch good bad memories mice,IAB15 Science,0.7,pseudo labeled,
johnny depp scientist scifi thriller,IAB15 Science,0.7,pseudo labeled,
researchers find trio black holes expect find many like,IAB15 Science,0.7,pseudo labeled,
new penny dreadful video blog explores science medicine,IAB15 Science,0.7,pseudo labeled,
Physics is the scientific study of the fundamental constituents of the universe and the laws that govern their behavior.,IAB15 Science,0.7,synthetic,
researchers discover new prehistoric hedgehog bc fossil bed,IAB15 Science,0.7,pseudo labeled,
studies suggest odor test eye exam might detect early alzheimers,IAB15 Science,0.7,pseudo labeled,
scientists solve riddle zebra stripes,IAB15 Science,0.7,pseudo labeled,
scientists discovered megaearth,IAB15 Science,0.7,pseudo labeled,
scientists discover protein could lead malaria vaccine,IAB15 Science,0.7,pseudo labeled,
scientists create first living organism transmits unnatural dna letters,IAB15 Science,0.7,pseudo labeled,
scientists confirm new extremely dense element,IAB15 Science,0.7,pseudo labeled,
orbital sciences orb looks good stock adds 52 session tale,IAB15 Science,0.7,pseudo labeled,
superheavy element 117 confirmed heres scientists made,IAB15 Science,0.7,pseudo labeled,
special edition 60second knowitall apollo 11s science experiment still,IAB15 Science,0.7,pseudo labeled,
scientists made smallest nanowires using electron beams,IAB15 Science,0.7,pseudo labeled,
colin pillinger scientist colin pillinger dead 70,IAB15 Science,0.7,pseudo labeled,
scientists discovered genghis khans secret weapon,IAB15 Science,0.7,pseudo labeled,
scientists say genetic marker determine suicide risk,IAB15 Science,0.7,pseudo labeled,
electric dreams scientists find way control plotlines dreams,IAB15 Science,0.7,pseudo labeled,
big bang theory harvard physicists find bmode polarization proof,IAB15 Science,0.7,pseudo labeled,
scientists use cloning make stem cells matched two adults,IAB15 Science,0.7,pseudo labeled,
scientists find remains big old dinosaur argentina,IAB15 Science,0.7,pseudo labeled,
big bang scientists find smoking gun growth spurt universe,IAB15 Science,0.7,pseudo labeled,
insider selling gilead sciences director sells 5000 shares stock gild,IAB15 Science,0.7,pseudo labeled,
scientists create alien life form artificial genetic code,IAB15 Science,0.7,pseudo labeled,
astronomers find missing key big bang theory,IAB15 Science,0.7,pseudo labeled,
studies labgrown nostrils vaginas working well,IAB15 Science,0.7,pseudo labeled,
duckfaces science nasa organizing globalselfie earth day,IAB15 Science,0.7,pseudo labeled,
gilead sciences gild earnings boost stock aftermarket trading,IAB15 Science,0.7,pseudo labeled,
mass general scientists build brain implants,IAB15 Science,0.7,pseudo labeled,
researchers discover better way reduce iron deficiency newborns,IAB15 Science,0.7,pseudo labeled,
orphan black premieres tonight oh hey science actually cloned adult,IAB15 Science,0.7,pseudo labeled,
researchers discover remains earths largest creature ever,IAB15 Science,0.7,pseudo labeled,
gilead sciences sees strong trading volume analyst upgrade gild,IAB15 Science,0.7,pseudo labeled,
scientists discover mouse species elephant genes namibia,IAB15 Science,0.69,pseudo labeled,
pmam science cinema,IAB15 Science,0.69,pseudo labeled,
scientists discover new solar system member,IAB15 Science,0.69,pseudo labeled,
3000yearold skeleton cancer helps scientists understand disease evolution,IAB15 Science,0.69,pseudo labeled,
astronomers discover echo big bang,IAB15 Science,0.69,pseudo labeled,
tech beams gene therapy ears improves hearing,IAB15 Science,0.69,pseudo labeled,
vaginas noses grown cells studies find,IAB15 Science,0.69,pseudo labeled,
deutsche bank reiterates buy rating gilead sciences gild,IAB15 Science,0.69,pseudo labeled,
researchers developed blood test alzheimers,IAB15 Science,0.69,pseudo labeled,
researchers find link high cholesterol infertility,IAB15 Science,0.69,pseudo labeled,
Chemistry is a vital field of science that has made significant contributions to our understanding of the world around us.,IAB15 Science,0.69,synthetic,
geologists link small quakes fracking,IAB15 Science,0.69,pseudo labeled,
emma stones gwen stacy nod scientist aunt,IAB15 Science,0.69,pseudo labeled,
darpa program develop brain implants mental disorders,IAB15 Science,0.69,pseudo labeled,
vampires onto something science finds rejuvenating properties young,IAB15 Science,0.69,pseudo labeled,
scientific gene therapy breakthrough provides music deaf,IAB15 Science,0.69,pseudo labeled,
scientists discover largest prehistoric flying bird,IAB15 Science,0.69,pseudo labeled,
scientists find protein lets egg sperm hook,IAB15 Science,0.69,pseudo labeled,
studies find young blood rejuvenates aging mice,IAB15 Science,0.69,pseudo labeled,
scientists make insulinproducing cells using cloning technology,IAB15 Science,0.69,pseudo labeled,
"Saltwater fishing contributes to scientific research, as anglers often collect data on fish species, populations, and habitats.",IAB15 Science,0.69,synthetic,
scientists discover skull tiny trex dinosaur,IAB15 Science,0.69,pseudo labeled,
study test chocolate pills helping heart,IAB15 Science,0.69,pseudo labeled,
scientists develop blood test predict alzheimers 90,IAB15 Science,0.69,pseudo labeled,
"Chemistry has had a significant influence on the development of other fields of science, such as physics, biology, and geology.",IAB15 Science,0.69,synthetic,
scientists discover largest dinosaur ever walked earth,IAB15 Science,0.69,pseudo labeled,
science google cars detect cyclists road construction,IAB15 Science,0.69,pseudo labeled,
obama urges science students bolster usjapan ties,IAB15 Science,0.69,pseudo labeled,
check uplifting clip physicist andrei linde learning big,IAB15 Science,0.69,pseudo labeled,
researchers reveal koalas hug trees,IAB15 Science,0.69,pseudo labeled,
scientists discover largest dinosaur bones ever,IAB15 Science,0.69,pseudo labeled,
study shows lab rodents lose shit around men,IAB15 Science,0.69,pseudo labeled,
scientists discover largest animal ever earth,IAB15 Science,0.69,pseudo labeled,
iconic 1964 worlds fair photos reveal future science technology,IAB15 Science,0.69,pseudo labeled,
another medical use cannabis scientists find helps reduce seizures,IAB15 Science,0.68,pseudo labeled,
researchers find link chronic inflammation prostate cancer,IAB15 Science,0.68,pseudo labeled,
georgetown scientists predict onset alzheimers,IAB15 Science,0.68,pseudo labeled,
proteome sciences makes progress test alzhheimers,IAB15 Science,0.68,pseudo labeled,
scientists reveal chicken hell dinosaur discovery,IAB15 Science,0.68,pseudo labeled,
cosmos recap wading tide pools evolution,IAB15 Science,0.68,pseudo labeled,
indian americans place 8th 10th intel science contest,IAB15 Science,0.68,pseudo labeled,
scientists confirm existence heaviest element ever seen,IAB15 Science,0.68,pseudo labeled,
curiosity completes first martian year red planet,IAB15 Science,0.68,pseudo labeled,
researchers find bacteria healthy placentas,IAB15 Science,0.68,pseudo labeled,
mit develops robot swim like real fish,IAB15 Science,0.68,pseudo labeled,
scientists identify fossil largest flying bird,IAB15 Science,0.68,pseudo labeled,
study links environmental toxins risk factor autism,IAB15 Science,0.68,pseudo labeled,
astronomers identify earthsize diamond space,IAB15 Science,0.68,pseudo labeled,
researchers develop test predicts teen binge drinking,IAB15 Science,0.68,pseudo labeled,
week ahead senate focus epa budget house science budget,IAB15 Science,0.68,pseudo labeled,
scientists investigate giant mystery crater siberian peninsula,IAB15 Science,0.68,pseudo labeled,
scientists discover megaearth 17 times bigger planet,IAB15 Science,0.68,pseudo labeled,
scientists create life dna containing artificial genetic code,IAB15 Science,0.68,pseudo labeled,
gsks ebola vaccine begin us clinical trials weeks,IAB15 Science,0.68,pseudo labeled,
scientists discover pink dwarf planet inner oort cloud,IAB15 Science,0.68,pseudo labeled,
scientists create semisynthetic alien organism modified e coli,IAB15 Science,0.68,pseudo labeled,
scientists uncover secret aging young blood helps restore elderly mice,IAB15 Science,0.68,pseudo labeled,
morgan freeman explains physics sucking helium,IAB15 Science,0.68,pseudo labeled,
element 117 scientists discover new superheavy element,IAB15 Science,0.68,pseudo labeled,
scientists create stem cells adults cloning first,IAB15 Science,0.68,pseudo labeled,
nasa astronaut identical twins take part yearlong scientific experiment,IAB15 Science,0.68,pseudo labeled,
remarks president obama miraikan science youth expo,IAB15 Science,0.68,pseudo labeled,
scientists create cloned human embryos make stem cells,IAB15 Science,0.68,pseudo labeled,
geologic clock interior earth helps determine moons age,IAB15 Science,0.68,pseudo labeled,
biodelivery sciences international bdsi todays premarket mover,IAB15 Science,0.68,pseudo labeled,
clinical trial indicates high sensitivity exact sciences dnabased colorectal,IAB15 Science,0.68,pseudo labeled,
world court japans whaling program scientific,IAB15 Science,0.68,pseudo labeled,
cellular culprit identified invasive bladder cancer according stanford study,IAB15 Science,0.68,pseudo labeled,
gilead sciences earnings cure ails,IAB15 Science,0.68,pseudo labeled,
studies show young blood reverses effects aging vampires supported,IAB15 Science,0.68,pseudo labeled,
scientists discover 3 supermassive black holes distaaant galaxy,IAB15 Science,0.68,pseudo labeled,
astronomers identify earthsized diamond space,IAB15 Science,0.68,pseudo labeled,
stephen colberts promotion loss science,IAB15 Science,0.68,pseudo labeled,
scientists discover new dwarf planet 2012 vp113 joe biden,IAB15 Science,0.68,pseudo labeled,
study links autism brain growth problems birth,IAB15 Science,0.68,pseudo labeled,
tibetans inherited highaltitude gene extinct human lineage say scientists,IAB15 Science,0.67,pseudo labeled,
scientists identify biggest bird ever flew,IAB15 Science,0.67,pseudo labeled,
scientist identifies worlds biggestever flying bird,IAB15 Science,0.67,pseudo labeled,
britain launches 17 million science prize,IAB15 Science,0.67,pseudo labeled,
researchers blood test may able predict alzheimers,IAB15 Science,0.67,pseudo labeled,
scientists may finally found cure cancer,IAB15 Science,0.67,pseudo labeled,
scientists uncover new malaria vaccine based blood protein,IAB15 Science,0.67,pseudo labeled,
gilead sciences q1 profit triples results beat view,IAB15 Science,0.67,pseudo labeled,
us scientists indentify suicide gene,IAB15 Science,0.67,pseudo labeled,
scientists induce lucid dreaming first time,IAB15 Science,0.67,pseudo labeled,
"Science fiction and fantasy have been around for centuries, and they continue to be popular today.",IAB15 Science,0.67,synthetic,
future google glass life sciences,IAB15 Science,0.67,pseudo labeled,
scientists reveal major discovery harvardsmithsonian centre astrophysics,IAB15 Science,0.67,pseudo labeled,
diabetes research advanced stem cell cloning,IAB15 Science,0.67,pseudo labeled,
science fix giant monster planet hiding solar system,IAB15 Science,0.67,pseudo labeled,
scientists create living organism using controversial artificial dna,IAB15 Science,0.67,pseudo labeled,
science seasonal allergies theyre awful,IAB15 Science,0.67,pseudo labeled,
study test chocolate pills prevent heart attacks,IAB15 Science,0.67,pseudo labeled,
bigfoot hair true say scientists,IAB15 Science,0.67,pseudo labeled,
scientists say lots lots water trapped deep earth,IAB15 Science,0.67,pseudo labeled,
scientists confirm existence elusive 117th element,IAB15 Science,0.67,pseudo labeled,
"Science fiction and fantasy are two of the most popular genres of literature, film, and television.",IAB15 Science,0.67,synthetic,
gilead sciences q1 profit rises reiterates 2014 guidance,IAB15 Science,0.67,pseudo labeled,
scientists build synthetic life form adding letters genetic alphabet,IAB15 Science,0.67,pseudo labeled,
scientist rediscovers lost snake species mexico,IAB15 Science,0.67,pseudo labeled,
scientists say solved mystery zebras stripes,IAB15 Science,0.67,pseudo labeled,
jacques cousteaus grandson breaks scientific record,IAB15 Science,0.67,pseudo labeled,
viagra potential treat duchenne muscular dystrophy say scientists,IAB15 Science,0.67,pseudo labeled,
big scientists found earths first cousin,IAB15 Science,0.67,pseudo labeled,
scientists picked big bangs echoes,IAB15 Science,0.67,pseudo labeled,
video scientists create first life form manmade genetic code,IAB15 Science,0.67,pseudo labeled,
2 indians among top 10 intel science awards,IAB15 Science,0.67,pseudo labeled,
scientists create alien living organism using artificial dna,IAB15 Science,0.67,pseudo labeled,
guest editorial science clear humans caused climate change,IAB15 Science,0.67,pseudo labeled,
scientists say theyve discovered echoes big bang,IAB15 Science,0.67,pseudo labeled,
scripps bacterium uses artificial dna code,IAB15 Science,0.67,pseudo labeled,
scientists identify 21 distinct facial expressions human face,IAB15 Science,0.67,pseudo labeled,
striking nerve science hype ms stem cell tx,IAB15 Science,0.67,pseudo labeled,
greenwich scientist identifies worlds largest bird,IAB15 Science,0.67,pseudo labeled,
sweet dreams scientists discover way preventing nightmares applying,IAB15 Science,0.67,pseudo labeled,
researchers discover biomarker leading cancer drug resistance,IAB15 Science,0.67,pseudo labeled,
study links reduced sleep infants childhood obesity,IAB15 Science,0.67,pseudo labeled,
curiosity red planet 687 days,IAB15 Science,0.67,pseudo labeled,
researchers find giant chickenlike raptor,IAB15 Science,0.67,pseudo labeled,
researchers reveal new secrets fertilization,IAB15 Science,0.67,pseudo labeled,
bearish stocks gilead sciences nasdaqgild pandora media nysep,IAB15 Science,0.67,pseudo labeled,
okcupid sometimes messes bit love name science,IAB15 Science,0.67,pseudo labeled,
scientists find first moment universe born,IAB15 Science,0.66,pseudo labeled,
scientists reveal marijuana induces paranoia,IAB15 Science,0.66,pseudo labeled,
orbital sciences corp orb say oco2 satellite successfully launched,IAB15 Science,0.66,pseudo labeled,
scientists may figured turn light matter,IAB15 Science,0.66,pseudo labeled,
medics grow vaginas laboratory implant four teenage girls,IAB15 Science,0.66,pseudo labeled,
new ipcc report deliberately excludes misrepresents important science,IAB15 Science,0.66,pseudo labeled,
"Some of the key figures in the history of physics include Isaac Newton, Albert Einstein, and Marie Curie.",IAB15 Science,0.66,synthetic,
astronomical forensics uncover planetary disks nasas hubble archive,IAB15 Science,0.66,pseudo labeled,
scientists successfully turn bad memories good good bad,IAB15 Science,0.66,pseudo labeled,
researchers find first evidence possible exomoon,IAB15 Science,0.66,pseudo labeled,
researchers send experiments space tap zero gravitys potential,IAB15 Science,0.66,pseudo labeled,
study shows income decides cancer risks,IAB15 Science,0.66,pseudo labeled,
scientists discover pinnochio rex cousin tyrannosaurus,IAB15 Science,0.66,pseudo labeled,
scientists create alien life form using artificial dna,IAB15 Science,0.66,pseudo labeled,
researchers discover new marker derived human umbilical cord blood,IAB15 Science,0.66,pseudo labeled,
ripples big bang detected team including u scientist,IAB15 Science,0.66,pseudo labeled,
studies labgrown nostrils bladders working well,IAB15 Science,0.66,pseudo labeled,
scientists may detect alzheimers disease early new eye exams smell,IAB15 Science,0.66,pseudo labeled,
scientist discovered ebola frustrated deadly guinea outbreak,IAB15 Science,0.66,pseudo labeled,
economics science almost devoid agreement,IAB15 Science,0.66,pseudo labeled,
scientists solve mystery centuriesold ship buried world trade center,IAB15 Science,0.66,pseudo labeled,
heres simple explanation astrophysicists unraveled big bang,IAB15 Science,0.66,pseudo labeled,
nasa maven discover mars lost atmosphere billions,IAB15 Science,0.66,pseudo labeled,
scientists solve mystery shipwreck found world trade,IAB15 Science,0.66,pseudo labeled,
scientists claim worlds largest dinosaur find,IAB15 Science,0.66,pseudo labeled,
scientists sequence genome nevada dampwood termite,IAB15 Science,0.66,pseudo labeled,
neuroscientists thunder takes minutes analyse brains big data,IAB15 Science,0.66,pseudo labeled,
astronomical forensics uncover planetary disks hubble archive,IAB15 Science,0.66,pseudo labeled,
ringed asteroid shocks science smallest object seen rings like,IAB15 Science,0.66,pseudo labeled,
studies labgrown organs working well,IAB15 Science,0.66,pseudo labeled,
astronomers discover echoes big bang expansion,IAB15 Science,0.66,pseudo labeled,
researchers find closest earthlike planet yet,IAB15 Science,0.66,pseudo labeled,
aliens exist found pretty soon say scientists,IAB15 Science,0.66,pseudo labeled,
bazinga direct evidence big bang seen inflation glow universe,IAB15 Science,0.66,pseudo labeled,
scientists discover earthlike planet kepler186f,IAB15 Science,0.66,pseudo labeled,
researchers use finely focused electron beams create 3atom wide,IAB15 Science,0.66,pseudo labeled,
italian scientists create babysized dialysis machine,IAB15 Science,0.66,pseudo labeled,
cloning breakthrough adult stem cells perfectly replicated moving science,IAB15 Science,0.66,pseudo labeled,
scientists find less plastic oceans expected,IAB15 Science,0.66,pseudo labeled,
home science technology astronauts pee get,IAB15 Science,0.66,pseudo labeled,
star cluster study inspires new ideas sunlike stars form,IAB15 Science,0.66,pseudo labeled,
astronomers discover new megaearth distant constellation,IAB15 Science,0.66,pseudo labeled,
obama turns chief geek annual white house science fair,IAB15 Science,0.65,pseudo labeled,
researchers find way use ecoli manufacturing items,IAB15 Science,0.65,pseudo labeled,
gilead sciences eps estimates improved past month,IAB15 Science,0.65,pseudo labeled,
scientists united states say theyve discovered new species dinosaur,IAB15 Science,0.65,pseudo labeled,
orphan black ipsa scientia potestas est review shes got power,IAB15 Science,0.65,pseudo labeled,
legacy big bang scientists discover gravitational waves left expansion,IAB15 Science,0.65,pseudo labeled,
researchers solve mystery 1918 pandemic flu virus,IAB15 Science,0.65,pseudo labeled,
possible overwrite bad memories say neuroscientists,IAB15 Science,0.65,pseudo labeled,
study links low vitamin levels premature death,IAB15 Science,0.65,pseudo labeled,
autism rates skyrocket 30 percent two years science debates origins,IAB15 Science,0.65,pseudo labeled,
scientists question link saturated fat heart disease,IAB15 Science,0.65,pseudo labeled,
breaking news world science,IAB15 Science,0.65,pseudo labeled,
study shows benefit widely used antioxidant treating deadly lung,IAB15 Science,0.65,pseudo labeled,
study links pesticides increased autism risk,IAB15 Science,0.65,pseudo labeled,
study links lack sleep childhood obesity,IAB15 Science,0.65,pseudo labeled,
scientists report seeing big bangs first ripples,IAB15 Science,0.65,pseudo labeled,
researchers find link pesticides autism developmental delay,IAB15 Science,0.65,pseudo labeled,
study links pesticide exposure pregnancy autism risk kids,IAB15 Science,0.65,pseudo labeled,
frankenstein science mit brings together worlds living nonliving,IAB15 Science,0.65,pseudo labeled,
study test chocolate pills see nutrients help prevent heart attacks,IAB15 Science,0.65,pseudo labeled,
scans vital judging severity brain damage,IAB15 Science,0.65,pseudo labeled,
scientists struggle complete climate impacts report,IAB15 Science,0.65,pseudo labeled,
study shows drilling wastewater causes quakes,IAB15 Science,0.65,pseudo labeled,
study infant rats smell mothers fear,IAB15 Science,0.65,pseudo labeled,
study links high doses antidepressants suicide risk youth,IAB15 Science,0.65,pseudo labeled,
study shows google glass potential use surgical settings,IAB15 Science,0.65,pseudo labeled,
biotech tweets week gilead sciences orexigen,IAB15 Science,0.65,pseudo labeled,
study shows coffee good eye health,IAB15 Science,0.65,pseudo labeled,
dinosaur skeleton creation museum,IAB15 Science,0.65,pseudo labeled,
scientists help galapagos finches combat killer maggots,IAB15 Science,0.65,pseudo labeled,
scientists create first living organism transmits added letters dna alphabet,IAB15 Science,0.65,pseudo labeled,
scientists say whales engineers sea,IAB15 Science,0.65,pseudo labeled,
scientists discover new pink world edge solar system,IAB15 Science,0.65,pseudo labeled,
roombots scientists develop robots form different types furniture,IAB15 Science,0.65,pseudo labeled,
scientists find way induce lucid dreams buhbye nightmares long,IAB15 Science,0.65,pseudo labeled,
scientists unveil dinosaur dubbed chicken hell,IAB15 Science,0.64,pseudo labeled,
studies show young blood could reverse aging,IAB15 Science,0.64,pseudo labeled,
marco rubio scientist man,IAB15 Science,0.64,pseudo labeled,
researchers present comprehensive roadmap blood cells,IAB15 Science,0.64,pseudo labeled,
chicken hell dinosaur gets scientific name,IAB15 Science,0.64,pseudo labeled,
laserpowered particle accelerator cheaper rf waves study,IAB15 Science,0.64,pseudo labeled,
experimental sars treatment also fight mers,IAB15 Science,0.64,pseudo labeled,
scientists report evidence gravitational waves early universe,IAB15 Science,0.64,pseudo labeled,
oh baby scientists find protein lets egg sperm hook,IAB15 Science,0.64,pseudo labeled,
high salt intake accelerates cellular aging obese teensstudy,IAB15 Science,0.64,pseudo labeled,
first scientists find asteroid rings,IAB15 Science,0.64,pseudo labeled,
researchers find 3millionyearold landscape beneath greenland ice sheet,IAB15 Science,0.64,pseudo labeled,
studies young blood rejuvenates old mice,IAB15 Science,0.64,pseudo labeled,
study links poor sleep obesity children,IAB15 Science,0.64,pseudo labeled,
cosmos making science sexy,IAB15 Science,0.64,pseudo labeled,
mt students attend white house science fair winning nationwide contest,IAB15 Science,0.64,pseudo labeled,
study test chocolate pills heart health,IAB15 Science,0.64,pseudo labeled,
researchers developed new antiviral drug combat measles outbreaks,IAB15 Science,0.64,pseudo labeled,
matloff intel high school science contest overrated,IAB15 Science,0.64,pseudo labeled,
gilead sciences shares 45 following analyst upgrade gild,IAB15 Science,0.64,pseudo labeled,
scientists find way control dreams,IAB15 Science,0.64,pseudo labeled,
kepler10c scientists discover megaearth density 17 times,IAB15 Science,0.64,pseudo labeled,
cygnus delivers science station supplies,IAB15 Science,0.64,pseudo labeled,
university scientists unraveling nature higgs boson,IAB15 Science,0.64,pseudo labeled,
scientists find widespread methane leaks atlantic,IAB15 Science,0.64,pseudo labeled,
studies find younger blood rejuvenates older mice,IAB15 Science,0.64,pseudo labeled,
kiwis scientists help find frozen earthlike planet,IAB15 Science,0.64,pseudo labeled,
scientists dont octopuses tie knots,IAB15 Science,0.64,pseudo labeled,
element 117 scientists confirm existence heaviest element ever seen,IAB15 Science,0.64,pseudo labeled,
scientists say predict teenagers become binge drinkers,IAB15 Science,0.64,pseudo labeled,
scientists find new earthsized planet could host life,IAB15 Science,0.64,pseudo labeled,
scientist backtracks stem cell breakthrough,IAB15 Science,0.64,pseudo labeled,
scientists discover new beetle species worlds deepest cave,IAB15 Science,0.64,pseudo labeled,
nasa tests new flying saucer flies,IAB15 Science,0.64,pseudo labeled,
science dont dumbo diet,IAB15 Science,0.64,pseudo labeled,
scientists discover godzilla earths,IAB15 Science,0.64,pseudo labeled,
red hat helps cern discover beginning universe,IAB15 Science,0.64,pseudo labeled,
researchers create worlds thinnest nanowires thin three atoms,IAB15 Science,0.64,pseudo labeled,
intel confirms acquisition health wearable company basis science,IAB15 Science,0.64,pseudo labeled,
There is a growing body of scientific evidence to support the use of herbs for health.,IAB15 Science,0.64,synthetic,
cavemen ate greens scientists find,IAB15 Science,0.64,pseudo labeled,
curiosity spots 2 asteroids mars surface first time,IAB15 Science,0.64,pseudo labeled,
scientists close finding another earth,IAB15 Science,0.64,pseudo labeled,
study reveals ways keep brain healthy,IAB15 Science,0.64,pseudo labeled,
move saturn scientists find rings around miniature planet,IAB15 Science,0.64,pseudo labeled,
studies wildfires worse due global warming,IAB15 Science,0.64,pseudo labeled,
scientists create alien lifeform,IAB15 Science,0.64,pseudo labeled,
researcher finds archaic skeleton cancer,IAB15 Science,0.64,pseudo labeled,
semen study men sperm defects may higher risk dying,IAB15 Science,0.64,pseudo labeled,
scientists discover massive amounts water deep earths mantle,IAB15 Science,0.64,pseudo labeled,
scientists mapped 21 distinct emotional facial expressions,IAB15 Science,0.64,pseudo labeled,
study links infertility higher cholesterol levels,IAB15 Science,0.64,pseudo labeled,
astronomers using kepler telescope discover first earthsized exoplanet,IAB15 Science,0.63,pseudo labeled,
researchers study male babies generally worse outcomes females,IAB15 Science,0.63,pseudo labeled,
scientists examine mysterious giant crater siberias end world,IAB15 Science,0.63,pseudo labeled,
researchers detect vast underground water reservoir deep earths surface,IAB15 Science,0.63,pseudo labeled,
This research is focused on developing new vaccines and treatments for cold and flu.,IAB15 Science,0.63,synthetic,
"In the 20th century, scientists made significant progress in understanding allergies.",IAB15 Science,0.63,synthetic,
study links farm pesticides pregnancy twothirds increased risk autism,IAB15 Science,0.63,pseudo labeled,
researcher studies past climate change understand future impact,IAB15 Science,0.63,pseudo labeled,
eternal sunshine spotless mouse scientists successfully erase bad,IAB15 Science,0.63,pseudo labeled,
scientists probe dark chocolates health secrets,IAB15 Science,0.63,pseudo labeled,
scientists discover new mammal species tiny mouse genetically,IAB15 Science,0.63,pseudo labeled,
chocolate pill studied heart attack stroke prevention,IAB15 Science,0.63,pseudo labeled,
astronomers find new type planet megaearth,IAB15 Science,0.63,pseudo labeled,
experiments confirm existence new superheavy element 117,IAB15 Science,0.63,pseudo labeled,
researchers develop new antiviral drug combat measles outbreaks,IAB15 Science,0.63,pseudo labeled,
dna tests find bigfoot possible yeti,IAB15 Science,0.63,pseudo labeled,
sf state professor researchers make landmark discovery search planets,IAB15 Science,0.63,pseudo labeled,
scientists identify remains largest bird ever found planet,IAB15 Science,0.63,pseudo labeled,
lab grown vaginas successfully implanted patients,IAB15 Science,0.63,pseudo labeled,
nasa solicits proposals science equipment europa probe,IAB15 Science,0.63,pseudo labeled,
study links autism flawed prenatal brain growth,IAB15 Science,0.63,pseudo labeled,
3d printing space iss study,IAB15 Science,0.63,pseudo labeled,
study shows marriage healthy heart,IAB15 Science,0.63,pseudo labeled,
"In the 17th century, the scientific revolution led to a number of important discoveries in chemistry, including the development of the periodic table.",IAB15 Science,0.63,synthetic,
genome map breakthrough scientists create atlas genetic switches,IAB15 Science,0.63,pseudo labeled,
scientists created heaviest metal ever ununseptium,IAB15 Science,0.63,pseudo labeled,
monkeys evolved distinct faces prevent interbreeding say scientists,IAB15 Science,0.63,pseudo labeled,
japan ordered stop killing antarctic whales science,IAB15 Science,0.63,pseudo labeled,
scientists discovered sperm egg protein may solve infertility,IAB15 Science,0.63,pseudo labeled,
study traces nature evolved ancient beasts birds,IAB15 Science,0.63,pseudo labeled,
scientists discover 3 closely orbiting supermassive black holes distant galaxy,IAB15 Science,0.63,pseudo labeled,
exact sciences climbs record high positive results colon cancer,IAB15 Science,0.63,pseudo labeled,
researchers evidence found universes early growth spurt,IAB15 Science,0.63,pseudo labeled,
mark kelly scott kelly offer selves space science 1 leaves earth year,IAB15 Science,0.63,pseudo labeled,
gilead sciences hepatitis c drug smashing success,IAB15 Science,0.63,pseudo labeled,
bigfoot samples analyzed lab,IAB15 Science,0.63,pseudo labeled,
curiosity drilling uturn wobbly mars rock,IAB15 Science,0.63,pseudo labeled,
study finds marriage lowers risk heart disease,IAB15 Science,0.63,pseudo labeled,
samhsa data reveal impact behavioral health conditions treatment,IAB15 Science,0.63,pseudo labeled,
study test effect chocolate pills heart health,IAB15 Science,0.63,pseudo labeled,
researchers discover secret behind teen binge drinking,IAB15 Science,0.63,pseudo labeled,
colon cancer prevention efforts expanding sc,IAB15 Science,0.63,pseudo labeled,
scientists unveil key discovery tied big bang,IAB15 Science,0.63,pseudo labeled,
scientist finds lost vials extinct smallpox virus,IAB15 Science,0.63,pseudo labeled,
scientists added artificial dna microbes,IAB15 Science,0.63,pseudo labeled,
gilead sciences drops jaws 209 increase q1 net income,IAB15 Science,0.63,pseudo labeled,
harvardsmithsonian astrophysicists evidence universes early growth,IAB15 Science,0.63,pseudo labeled,
scientists record 16foot swells arctic ocean quickening ice breakage,IAB15 Science,0.63,pseudo labeled,
scientists categorize dinosaurs coldblooded warmblooded,IAB15 Science,0.63,pseudo labeled,
pinocchio rex new old dinosaur unearthed scots scientists,IAB15 Science,0.63,pseudo labeled,
argentine fossil biggest dinosaur ever scientists,IAB15 Science,0.63,pseudo labeled,
biological pacemaker tested lab,IAB15 Science,0.62,pseudo labeled,
electrical stimulation brain alters dreams study,IAB15 Science,0.62,pseudo labeled,
scientists tracking breakup arctic summer sea ice,IAB15 Science,0.62,pseudo labeled,
study shows e coli mrsa survive days planes,IAB15 Science,0.62,pseudo labeled,
scientists closing drugs may stop deadly ebola virus,IAB15 Science,0.62,pseudo labeled,
study says placenta sterile zone,IAB15 Science,0.62,pseudo labeled,
Space and astronomy can help us to better understand our universe and our place in it.,IAB15 Science,0.62,synthetic,
researchers create threeatom wide wires using electron beams,IAB15 Science,0.62,pseudo labeled,
gilead sciences given buy rating wells fargo co gild,IAB15 Science,0.62,pseudo labeled,
uc davis study finds link pesticides autism,IAB15 Science,0.62,pseudo labeled,
nasa tests flying saucer craft,IAB15 Science,0.62,pseudo labeled,
study links obesity ovarian cancer,IAB15 Science,0.62,pseudo labeled,
astronomers discover rocky mega earth,IAB15 Science,0.62,pseudo labeled,
researchers fist bumps transmit far fewer germs handshake,IAB15 Science,0.62,pseudo labeled,
scientists created bionic pancreas outperforms insulin pumps,IAB15 Science,0.62,pseudo labeled,
"You can take classes at a local college or university, or you can read books and articles about biology.",IAB15 Science,0.62,synthetic,
knighthood indian physicist angelina jolies honorary dame,IAB15 Science,0.62,pseudo labeled,
scientists create element 117 soon get name,IAB15 Science,0.62,pseudo labeled,
"Some of the most popular science fiction and fantasy films include Star Wars, The Lord of the Rings, and The Matrix.",IAB15 Science,0.62,synthetic,
cosmos among new tv week,IAB15 Science,0.62,pseudo labeled,
nasa selects 7 science instruments next mars rover,IAB15 Science,0.62,pseudo labeled,
bigfoots dna scientists test 30 hair samples,IAB15 Science,0.62,pseudo labeled,
mit boffins design living materials,IAB15 Science,0.62,pseudo labeled,
scientists urge widespread public smoking bans,IAB15 Science,0.62,pseudo labeled,
spinal cord research helps paralyzed men move,IAB15 Science,0.62,pseudo labeled,
689003 users emotions science manipulated facebook,IAB15 Science,0.62,pseudo labeled,
tributes scientist pillinger,IAB15 Science,0.62,pseudo labeled,
public interest test apply top uk science companies target,IAB15 Science,0.62,pseudo labeled,
drinkable sunscreen relies shady science,IAB15 Science,0.62,pseudo labeled,
2 indian students among top 10 intel science awards,IAB15 Science,0.62,pseudo labeled,
ebola outbreak scientists sequence virus genomes find clues,IAB15 Science,0.62,pseudo labeled,
astronomers find possible exomoon,IAB15 Science,0.62,pseudo labeled,
scientists propose collider could turn light matter,IAB15 Science,0.62,pseudo labeled,
study finds obesity negative effect young breast cancer patients,IAB15 Science,0.62,pseudo labeled,
scientists discover may biggest bird ever fly,IAB15 Science,0.62,pseudo labeled,
biological pacemaker tried tested la lab,IAB15 Science,0.62,pseudo labeled,
home science technology soon watch works,IAB15 Science,0.62,pseudo labeled,
scientists discover new earthlike planet could home extraterrestrial,IAB15 Science,0.62,pseudo labeled,
study says autism linked pesticides pregnancy,IAB15 Science,0.62,pseudo labeled,
researchers discover protein could lead new malaria vaccine,IAB15 Science,0.62,pseudo labeled,
gross science says quit shaking hands stat,IAB15 Science,0.62,pseudo labeled,
scientists struggle figure ground shaking heartland,IAB15 Science,0.62,pseudo labeled,
carmel valley teen scientist eric chen wins top national competition,IAB15 Science,0.62,pseudo labeled,
study says coffee helps prevent deteriorating eyesight,IAB15 Science,0.62,pseudo labeled,
kidney dialysis machine developed italian scientists newborn babies,IAB15 Science,0.61,pseudo labeled,
researchers explain mediterranean diet good health,IAB15 Science,0.61,pseudo labeled,
japanese whaling scientific purpose world court,IAB15 Science,0.61,pseudo labeled,
japans arctic whaling scientific purposes world court,IAB15 Science,0.61,pseudo labeled,
Biology is a constantly evolving field.,IAB15 Science,0.61,synthetic,
simulation shows dark energy matter reproduce universe,IAB15 Science,0.61,pseudo labeled,
study test chocolate pills see nurtients help prevent heart attacks,IAB15 Science,0.61,pseudo labeled,
study finds ancient gene,IAB15 Science,0.61,pseudo labeled,
letter un climate panel driven politics science,IAB15 Science,0.61,pseudo labeled,
researchers speak new study exposing link ssris autism,IAB15 Science,0.61,pseudo labeled,
scientists doubt saturated acids add heart disease risk,IAB15 Science,0.61,pseudo labeled,
research shows socioeconomic status link cancer,IAB15 Science,0.61,pseudo labeled,
big bang gravitational waves discovered new insight creation universe,IAB15 Science,0.61,pseudo labeled,
jupiters giant red spot could gone 17 years scientist says,IAB15 Science,0.61,pseudo labeled,
researchers uncover clues deadly 1918 flu pandemic,IAB15 Science,0.61,pseudo labeled,
facebook manipulates users emotions name science,IAB15 Science,0.61,pseudo labeled,
scientist accused manipulating data stem cell study,IAB15 Science,0.61,pseudo labeled,
scientists found something startling photos rare goblin shark,IAB15 Science,0.61,pseudo labeled,
scientists get much closer cloning human embryos adult stem cells,IAB15 Science,0.61,pseudo labeled,
study finds significant difference organic nonorganic food,IAB15 Science,0.61,pseudo labeled,
wary wikipedia say scientists,IAB15 Science,0.61,pseudo labeled,
"Over time, geography has evolved into a more complex and sophisticated science.",IAB15 Science,0.61,synthetic,
study sc fossil soaring bird huge wingspan,IAB15 Science,0.61,pseudo labeled,
first direct evidence cosmic inflation,IAB15 Science,0.61,pseudo labeled,
stressed mice scientific men,IAB15 Science,0.61,pseudo labeled,
- The Science Fiction and Fantasy Writers of America,IAB15 Science,0.61,synthetic,
researchers find moral beliefs barrier hpv vaccine,IAB15 Science,0.61,pseudo labeled,
"Science fiction and fantasy can be used to explore social and political issues, and they can offer readers and viewers a new perspective on the world around them.",IAB15 Science,0.61,synthetic,
scientists claim matter created light within one year,IAB15 Science,0.61,pseudo labeled,
intel boosts wearables team basis science purchase,IAB15 Science,0.61,pseudo labeled,
study finds obesity ups risk ovarian cancer,IAB15 Science,0.61,pseudo labeled,
cloning used make stem cells adult humans diabetes breakthrough,IAB15 Science,0.61,pseudo labeled,
matter antimatter big bang theory,IAB15 Science,0.61,pseudo labeled,
astronomers amazed find tiny asteroid saturnlike rings,IAB15 Science,0.61,pseudo labeled,
nasa scientists explore possibility underground ocean plutos moon,IAB15 Science,0.61,pseudo labeled,
orbital sciences soars musks shadow space race,IAB15 Science,0.61,pseudo labeled,
study links infant genetic mutations air pollution,IAB15 Science,0.61,pseudo labeled,
Space and astronomy can also inspire us to dream big and to achieve great things.,IAB15 Science,0.61,synthetic,
reproductive organs grown lab,IAB15 Science,0.61,pseudo labeled,
esas mission found antarcticas ice losses rise,IAB15 Science,0.61,pseudo labeled,
astronomers spot earthsized diamond space,IAB15 Science,0.61,pseudo labeled,
nasas mars rover curiosity arrives next science destination photos,IAB15 Science,0.61,pseudo labeled,
lancet scientists invent kidney dialysis machine babies safely treat,IAB15 Science,0.61,pseudo labeled,
study finds pesticide exposure pregnancy linked autism,IAB15 Science,0.61,pseudo labeled,
study finds autism increasing us,IAB15 Science,0.61,pseudo labeled,
reevaluating gilead sciences selloff,IAB15 Science,0.61,pseudo labeled,
chicken hell scientists discover ancient birdlike dinosaur,IAB15 Science,0.61,pseudo labeled,
first tremors big bang detected new era physics,IAB15 Science,0.6,pseudo labeled,
mars rover sets solve red planets environmental mysteries,IAB15 Science,0.6,pseudo labeled,
scientists discover new mammal species resembling mouse carrying,IAB15 Science,0.6,pseudo labeled,
chicken hell scientists name birdlike dinosaur anzu wyliei,IAB15 Science,0.6,pseudo labeled,
scientists pull stem cell claims,IAB15 Science,0.6,pseudo labeled,
study looks effects chocolate heart health,IAB15 Science,0.6,pseudo labeled,
home science technology google glass assist,IAB15 Science,0.6,pseudo labeled,
scientists reveal secrets mysterious ship found 911 ruins,IAB15 Science,0.6,pseudo labeled,
researchers link quakes oklahoma wells colorado study ongoing,IAB15 Science,0.6,pseudo labeled,
scientists hail spectacular cosmic discovery,IAB15 Science,0.6,pseudo labeled,
nasa discovers earths cousin,IAB15 Science,0.6,pseudo labeled,
scientists fail find link saturated fat heart disease,IAB15 Science,0.6,pseudo labeled,
court rules whaling science,IAB15 Science,0.6,pseudo labeled,
scientists find explanation women may seem scared mice,IAB15 Science,0.6,pseudo labeled,
darpa wants develop electronic memoryrestoring implants,IAB15 Science,0.6,pseudo labeled,
mystery object lake saturns moon titan intrigues scientists,IAB15 Science,0.6,pseudo labeled,
todays biotech stocks watch bristolmyers squibb gilead sciences,IAB15 Science,0.6,pseudo labeled,
researchers suggest violent event flipped moon,IAB15 Science,0.6,pseudo labeled,
mit riken scientists switch good bad memories mice,IAB15 Science,0.6,pseudo labeled,
kepler telescope continue planet hunting mission getting new lease life,IAB15 Science,0.6,pseudo labeled,
cherry blossoms fully grown space seeds astonished scientist,IAB15 Science,0.6,pseudo labeled,
nasa observatory launches measure earths climate change,IAB15 Science,0.6,pseudo labeled,
hubble space telescope instruments star new smithsonian exhibit,IAB15 Science,0.6,pseudo labeled,
wells fargo co rethink rating gilead sciences,IAB15 Science,0.6,pseudo labeled,
study says married people fewer heart problems,IAB15 Science,0.6,pseudo labeled,
gilead sciences inc nasdaqgild 1000 pill cure hepatitis c,IAB15 Science,0.6,pseudo labeled,
researchers identify drugs slow progression idiopathic pulmonary fibrosis,IAB15 Science,0.6,pseudo labeled,
antimeteorite proves planet earth contains water,IAB15 Science,0.6,pseudo labeled,
5 great moments episode 1 cosmos,IAB15 Science,0.6,pseudo labeled,
potential breakthrough multiple sclerosis treatment scientists partially,IAB15 Science,0.6,pseudo labeled,
two climate committee mps contradict ipcc two science degrees,IAB15 Science,0.6,pseudo labeled,
ntest sensors spy exploding asteroids,IAB15 Science,0.6,pseudo labeled,
oklahoma fox station accidentally cut evolution cosmos,IAB15 Science,0.6,pseudo labeled,
astronomers uncover earthlike planet could support life,IAB15 Science,0.6,pseudo labeled,
gilead sciences 84000 price hepatitis drug scrutinized,IAB15 Science,0.6,pseudo labeled,
scientists report new successes body parts grown lab,IAB15 Science,0.6,pseudo labeled,
scientists test dogs cats mers virus,IAB15 Science,0.6,pseudo labeled,
gilead sciences gild stock today,IAB15 Science,0.6,pseudo labeled,
aussie scientists create new element,IAB15 Science,0.6,pseudo labeled,
particle physics experiments give shape higgs,IAB15 Science,0.6,pseudo labeled,
friends tend genetically similar us says study,IAB15 Science,0.6,pseudo labeled,
study shows drilling wastewater causes oklahoma earthquakes,IAB15 Science,0.6,pseudo labeled,
mit scientists unveil soft robot swims,IAB15 Science,0.6,pseudo labeled,
scientists americans divided climate change,IAB15 Science,0.6,pseudo labeled,
Get involved in geology today and start learning about the amazing planet we live on!,IAB15 Science,0.6,synthetic,
astrophysicist neil degrasse tyson tackles renewable energys future,IAB15 Science,0.6,pseudo labeled,
Geology is a branch of science that deals with the study of the Earth's physical structure and substance.,IAB15 Science,0.6,synthetic,
scientists get closer stem cells may drive cancers,IAB15 Science,0.6,pseudo labeled,
top scientists urge clamp ecigarettes,IAB15 Science,0.6,pseudo labeled,
oh baby scientists find protein helps egg sperm hook,IAB15 Science,0.6,pseudo labeled,
science open error misinterpretation even fraud,IAB15 Science,0.6,pseudo labeled,
astronomers discover earthsize diamond 900 lightyears away space,IAB15 Science,0.6,pseudo labeled,
study shows aspirin reduce colorectal cancer risks,IAB15 Science,0.6,pseudo labeled,
researchers study whether mobile phones affect teenage brains,IAB15 Science,0.6,pseudo labeled,
study paves way test predict alzheimers,IAB15 Science,0.6,pseudo labeled,
Chemistry is a fascinating and challenging field that offers a wide range of opportunities for those who are interested in pursuing a career in science.,IAB15 Science,0.6,synthetic,
orbital sciences orb says oco2 satellite ready launch,IAB15 Science,0.6,pseudo labeled,
study shows link hpv vaccine blood clots,IAB15 Science,0.6,pseudo labeled,
researchers explain one three alzheimers cases preventable,IAB15 Science,0.6,pseudo labeled,
gilead sciences inc nasdaqgild gets tough options express scripts,IAB15 Science,0.6,pseudo labeled,
scientists publish recipe making bird flu contagious,IAB15 Science,0.6,pseudo labeled,
scientists discover hundreds rising methane plumes ocean floor,IAB15 Science,0.6,pseudo labeled,
italian scientists create first dialysis machine infants,IAB15 Science,0.6,pseudo labeled,
iss astronuats test odorresistant clothing,IAB15 Science,0.6,pseudo labeled,
researchers question tamiflus effectiveness treating flu,IAB15 Science,0.6,pseudo labeled,
astronomers discover new type planet,IAB15 Science,0.6,pseudo labeled,
astronomers discover first saturnlike ring system around asteroid chariklo,IAB15 Science,0.59,pseudo labeled,
experts decode germs dna fight food poisoning,IAB15 Science,0.59,pseudo labeled,
according actual science weird semen youre probably going,IAB15 Science,0.59,pseudo labeled,
scientists climate change skeptics get real,IAB15 Science,0.59,pseudo labeled,
study paves way simple blood test predict alzheimers,IAB15 Science,0.59,pseudo labeled,
study bigfoot hair samples mostly bears wolves,IAB15 Science,0.59,pseudo labeled,
mit engineers design living materials,IAB15 Science,0.59,pseudo labeled,
study finds 3d mammography improves detection,IAB15 Science,0.59,pseudo labeled,
researchers place sensors arctic region study ice melting,IAB15 Science,0.59,pseudo labeled,
old mice young blood reverses aging study,IAB15 Science,0.59,pseudo labeled,
ecigarettes caused cancerous changes lung cells study,IAB15 Science,0.59,pseudo labeled,
orbital sciences cargo craft arrives space station,IAB15 Science,0.59,pseudo labeled,
research finds milk slow arthritis,IAB15 Science,0.59,pseudo labeled,
brain imaging predicts teenage binge drinking,IAB15 Science,0.59,pseudo labeled,
study shows flu vaccine reduced childrens risk intensive care unit flu,IAB15 Science,0.59,pseudo labeled,
curiosity snaps first ever photo asteroids mars,IAB15 Science,0.59,pseudo labeled,
vaginas grown labs implanted women,IAB15 Science,0.59,pseudo labeled,
cornell study chemical coffee may prevent blindness,IAB15 Science,0.59,pseudo labeled,
smiths investigation bed pic daughter 13 shirtless man,IAB15 Science,0.59,pseudo labeled,
gilead sciences rating reiterated wells fargo co gild,IAB15 Science,0.59,pseudo labeled,
ebola epidemic unlikely outside west africa says scientist helped discover,IAB15 Science,0.59,pseudo labeled,
scientists ready test super banana humans,IAB15 Science,0.59,pseudo labeled,
scientists unscramble great spermegg secret,IAB15 Science,0.59,pseudo labeled,
nasa launches orbital sciences satellite study carbon dioxide,IAB15 Science,0.59,pseudo labeled,
scientists monitor arctic summer melt level seen,IAB15 Science,0.59,pseudo labeled,
mit predicts wireless controlled contraception coming soon,IAB15 Science,0.59,pseudo labeled,
watch morgan freeman narrate helium science channel show,IAB15 Science,0.59,pseudo labeled,
new scientific discovery could turn know jesus upside,IAB15 Science,0.59,pseudo labeled,
nasa tests flying saucer,IAB15 Science,0.59,pseudo labeled,
scientists great whites migrating florida,IAB15 Science,0.59,pseudo labeled,
okcupid falsely matched users name web science,IAB15 Science,0.59,pseudo labeled,
yawn cool brains study,IAB15 Science,0.59,pseudo labeled,
ohio geologists link fracking earthquakes,IAB15 Science,0.59,pseudo labeled,
study test tells whether chest pain heart attack,IAB15 Science,0.59,pseudo labeled,
scientists observe deepsea octopus recordbreaking patience,IAB15 Science,0.59,pseudo labeled,
fossils reveal worlds biggest ever flying bird,IAB15 Science,0.59,pseudo labeled,
earthlike planet kepler186f discovered nasa scientists,IAB15 Science,0.59,pseudo labeled,
study shows alzheimers rate seems dropping,IAB15 Science,0.59,pseudo labeled,
fossils reveal biggest flying sea bird,IAB15 Science,0.59,pseudo labeled,
scientist accused manipulating data breakthrough stem cell paper,IAB15 Science,0.59,pseudo labeled,
researchers identify urgent need alzheimers drug development,IAB15 Science,0.59,pseudo labeled,
scripps research institute scientists create first living organism transmits,IAB15 Science,0.59,pseudo labeled,
us scientists use gene therapy create biological heart pacemaker,IAB15 Science,0.59,pseudo labeled,
researchers teach computer predict teen binge drinkers,IAB15 Science,0.59,pseudo labeled,
study shows water births ok present benefits,IAB15 Science,0.59,pseudo labeled,
embryonic cloning shows promise treating diabetes,IAB15 Science,0.59,pseudo labeled,
scientists make major step forward predicting whether someone get,IAB15 Science,0.59,pseudo labeled,
observatory reveals mystery star birth,IAB15 Science,0.58,pseudo labeled,
mit scientists develop robotic fish swim like real fish,IAB15 Science,0.58,pseudo labeled,
research suggests labgrown body parts showing promise,IAB15 Science,0.58,pseudo labeled,
earth secret reservoir water scientists,IAB15 Science,0.58,pseudo labeled,
The study of space and astronomy can also inspire us to dream big and to achieve great things.,IAB15 Science,0.58,synthetic,
scientists discover forgotten vials smallpox virus 1950s,IAB15 Science,0.58,pseudo labeled,
worlds largest dinosaur found scientists,IAB15 Science,0.58,pseudo labeled,
supergenius high school student wins intel science talent search,IAB15 Science,0.58,pseudo labeled,
universe scientific evidence points toward early growth spurt,IAB15 Science,0.58,pseudo labeled,
scientists warn time horizon sea level rise overwhelms us infrastructure,IAB15 Science,0.58,pseudo labeled,
scientists map faces betray feelings,IAB15 Science,0.58,pseudo labeled,
study prototype blood test predict alzheimers disease,IAB15 Science,0.58,pseudo labeled,
study shows aspirin reduce colorectal cancer risks specific gene,IAB15 Science,0.58,pseudo labeled,
parts west antarctic ice sheet starting collapse scientists find,IAB15 Science,0.58,pseudo labeled,
aggie vs aggie science climate change,IAB15 Science,0.58,pseudo labeled,
astronomers discover pink new world nicknamed biden outer reaches,IAB15 Science,0.58,pseudo labeled,
us scientists discover chicken hell dinosaur,IAB15 Science,0.58,pseudo labeled,
studies show autism rates risen 30 percent among us,IAB15 Science,0.58,pseudo labeled,
japans whaling scientific purposes must cease,IAB15 Science,0.58,pseudo labeled,
dr max gomez researchers identify obesity risk factor ovarian cancer,IAB15 Science,0.58,pseudo labeled,
european scientists build proving ground mars rovers,IAB15 Science,0.58,pseudo labeled,
study examines air pollution levels,IAB15 Science,0.58,pseudo labeled,
ihs teardown reveals galaxy s5 bom,IAB15 Science,0.58,pseudo labeled,
study carbon dioxide could affect food nutrients,IAB15 Science,0.58,pseudo labeled,
study identifies 3 factors reduce diabetes related complications,IAB15 Science,0.58,pseudo labeled,
boston scientific lotus valve system demonstrates sustained safety,IAB15 Science,0.58,pseudo labeled,
nasa launches flying saucer test mars landing technology,IAB15 Science,0.58,pseudo labeled,
gilead sciences big threat merck,IAB15 Science,0.58,pseudo labeled,
keybanc downgrades orbital sciences orb hold,IAB15 Science,0.58,pseudo labeled,
dna testing proves yeti actually prehistoric polar bear scientist says,IAB15 Science,0.58,pseudo labeled,
trying swat fly scientists find missed,IAB15 Science,0.58,pseudo labeled,
first evidence universes big bang found,IAB15 Science,0.58,pseudo labeled,
study shows minutes running cut death risk 45,IAB15 Science,0.58,pseudo labeled,
study links pesticides increased chance developmental disorders,IAB15 Science,0.58,pseudo labeled,
emperor penguins decline alarming rate scientists say seaice loss,IAB15 Science,0.58,pseudo labeled,
rutgers study finds popular prostate cancer treatment largely ineffective,IAB15 Science,0.58,pseudo labeled,
research shows bacteria remain airplane surfaces days,IAB15 Science,0.58,pseudo labeled,
researchers discover eating olive oil helps lower bp,IAB15 Science,0.58,pseudo labeled,
orbital sciences surges elon musks shadow space race,IAB15 Science,0.58,pseudo labeled,
intel buys wearable tech developer basis science,IAB15 Science,0.58,pseudo labeled,
nasas mars rover discover signs life near mount sharp,IAB15 Science,0.58,pseudo labeled,
court rules japan longer allowed annual whale hunt science,IAB15 Science,0.58,pseudo labeled,
matrix redux astronomers create first realistic virtual universe,IAB15 Science,0.58,pseudo labeled,
study finds stress may reduce crash rates teen drivers,IAB15 Science,0.58,pseudo labeled,
uc davis study finds zebras stripes ward bloodsucking flies,IAB15 Science,0.58,pseudo labeled,
big bang theory season 8 jim parsons kaley cuoco johnny galecki,IAB15 Science,0.58,pseudo labeled,
scientists taught computer detect future teen binge,IAB15 Science,0.58,pseudo labeled,
orbital sciences corp price target increased 4200 analysts fbr,IAB15 Science,0.58,pseudo labeled,
researchers predict teens binge drink,IAB15 Science,0.58,pseudo labeled,
studies highlight potential alzheimers disease risk factors,IAB15 Science,0.58,pseudo labeled,
creation stem cells make human cloning possible,IAB15 Science,0.58,pseudo labeled,
boffins confirm superheavy element 117 exist albeit briefly,IAB15 Science,0.58,pseudo labeled,
scientists spot earthsized planet may hold liquid water alien life,IAB15 Science,0.58,pseudo labeled,
astronomers discover earths twin planet,IAB15 Science,0.58,pseudo labeled,
climate change effecting nutrient content staple crops study,IAB15 Science,0.58,pseudo labeled,
study marriage linked lower heart risks,IAB15 Science,0.58,pseudo labeled,
researchers develop glass fabricbased thermoelectric generator wearable,IAB15 Science,0.58,pseudo labeled,
artificial dna breakthrough microbes genetic material created,IAB15 Science,0.58,pseudo labeled,
scientists dwarf star lacks goldilocks planet capable lif,IAB15 Science,0.58,pseudo labeled,
marijuana heart disease link study shows pot use cause serious,IAB15 Science,0.58,pseudo labeled,
scientists scramble determine comet siding springs risk mars spacecraft,IAB15 Science,0.58,pseudo labeled,
americans think science great except dont,IAB15 Science,0.58,pseudo labeled,
scientists uncover could biggest dinosaur species ever discovered,IAB15 Science,0.58,pseudo labeled,
scientists unscramble great spermegg secret opening new avenues fertility,IAB15 Science,0.58,pseudo labeled,
universes evolution including dark matter simulated stunning computer,IAB15 Science,0.58,pseudo labeled,
gravity waves big bang theory,IAB15 Science,0.58,pseudo labeled,
study smell men stresses lab mice,IAB15 Science,0.57,pseudo labeled,
gilead sciences announces positive results ldvsof phase 2 studies,IAB15 Science,0.57,pseudo labeled,
nasa unveils best map ever neptunes moon triton,IAB15 Science,0.57,pseudo labeled,
scientists believe dna could used determine ancestors might,IAB15 Science,0.57,pseudo labeled,
trying gene therapy create biological pacemaker,IAB15 Science,0.57,pseudo labeled,
big bang proof new evidence backs theory physicist nj ties,IAB15 Science,0.57,pseudo labeled,
chicago public schools wins competitive stem grant white house science fair,IAB15 Science,0.57,pseudo labeled,
study finds intense exercise may harmful heart,IAB15 Science,0.57,pseudo labeled,
dna left crime scene could create mugshots catch criminals scientists,IAB15 Science,0.57,pseudo labeled,
gene helps seniors live longer also makes smarter says study,IAB15 Science,0.57,pseudo labeled,
stock update gilead sciences inc nasdaqgild england agrees funding,IAB15 Science,0.57,pseudo labeled,
christian astronomer talks blood moons,IAB15 Science,0.57,pseudo labeled,
researchers find thousands bacteria living cash,IAB15 Science,0.57,pseudo labeled,
vaginal organs grown labs successfully implanted girls,IAB15 Science,0.57,pseudo labeled,
intel buys fitness band maker basis science,IAB15 Science,0.57,pseudo labeled,
study 7 charts prove legalizing medical marijuana increase crime,IAB15 Science,0.57,pseudo labeled,
curiosity rover celebrates 1 martian year red planet,IAB15 Science,0.57,pseudo labeled,
fda committee meets consider exact sciences cancer test,IAB15 Science,0.57,pseudo labeled,
happened universe moment big bang,IAB15 Science,0.57,pseudo labeled,
intel acquires highend fitness tracker maker basis science,IAB15 Science,0.57,pseudo labeled,
Biology has had a profound impact on our understanding of the world around us.,IAB15 Science,0.57,synthetic,
universe evolution recreated laboratory,IAB15 Science,0.57,pseudo labeled,
study shows penguins endangered waning antarctic ice,IAB15 Science,0.57,pseudo labeled,
study brain scans show vegetative patients may actually recover,IAB15 Science,0.57,pseudo labeled,
study finds link pesticides autism,IAB15 Science,0.57,pseudo labeled,
experts investigate evidence marijuana use treat epilepsy,IAB15 Science,0.57,pseudo labeled,
Nutrition is the science of nutrients and their impact on health and disease.,IAB15 Science,0.57,synthetic,
researchers mammogram choices individualized,IAB15 Science,0.57,pseudo labeled,
research center workers find forgotten vials smallpox,IAB15 Science,0.57,pseudo labeled,
uofsc researchers available discuss aspects tobacco use,IAB15 Science,0.57,pseudo labeled,
study vast underground ocean discovered near earths core,IAB15 Science,0.57,pseudo labeled,
carbon dioxide levels nutrients crops study,IAB15 Science,0.57,pseudo labeled,
phoenix students robotics work nets invitation white house science fair,IAB15 Science,0.57,pseudo labeled,
studies foods rich fish oils dont reduce heart attack risk,IAB15 Science,0.57,pseudo labeled,
study backs nonsurgical method fix heart valves,IAB15 Science,0.57,pseudo labeled,
astronomers spot hint first exomoon possibly,IAB15 Science,0.57,pseudo labeled,
fabien cousteau scientists complete 31day underwater mission,IAB15 Science,0.57,pseudo labeled,
study sheds light tiny environments stem cells occupy animal bodies,IAB15 Science,0.57,pseudo labeled,
bioengineered vaginas grown patients cells,IAB15 Science,0.57,pseudo labeled,
science group says climate change worsening dangerous,IAB15 Science,0.57,pseudo labeled,
dna testing bigfoot hairs shows come bears wolves cows,IAB15 Science,0.57,pseudo labeled,
scientists predict possible threat h5n1 bird flu virus spread air,IAB15 Science,0.57,pseudo labeled,
genetic study reveals reason polar bears survive highfat diet,IAB15 Science,0.57,pseudo labeled,
geologist discovers natural methane seepage unlikely place,IAB15 Science,0.57,pseudo labeled,
ladee science orbiter crashes moon ends mission,IAB15 Science,0.57,pseudo labeled,
research shows medicaid expansion improves nations health essential,IAB15 Science,0.57,pseudo labeled,
tremors big bang first direct evidence cosmic inflation official,IAB15 Science,0.57,pseudo labeled,
two 5star biotech picks sp gilead sciences inc celgene corporation,IAB15 Science,0.57,pseudo labeled,
artists regrown ear marvel art science,IAB15 Science,0.57,pseudo labeled,
physicists film promoting earthcentered universe,IAB15 Science,0.57,pseudo labeled,
government scientist finds forgotten vials smallpox storage room,IAB15 Science,0.57,pseudo labeled,
study ties antidepressant use pregnancy autism risk boys,IAB15 Science,0.57,pseudo labeled,
study shows mans best friend could help save life,IAB15 Science,0.57,pseudo labeled,
proteinrich diets help cut stroke risk scientists say,IAB15 Science,0.57,pseudo labeled,
googles latest moonshot full map human body,IAB15 Science,0.57,pseudo labeled,
identical twins offer selves space science,IAB15 Science,0.57,pseudo labeled,
orbital sciences orb2 status report 15 july 2014,IAB15 Science,0.56,pseudo labeled,
brain study suggests autism starts birth,IAB15 Science,0.56,pseudo labeled,
cousteau lauds scientific research accomplished 31day underwater,IAB15 Science,0.56,pseudo labeled,
cosmos spacetime odyssey begins going big science,IAB15 Science,0.56,pseudo labeled,
astronomers announce big bang breakthrough,IAB15 Science,0.56,pseudo labeled,
gilead sciences rating lowered neutral zacks gild,IAB15 Science,0.56,pseudo labeled,
study gives hint heart protected mediterranean diet,IAB15 Science,0.56,pseudo labeled,
mystery island saturn moons methane sea puzzles scientists,IAB15 Science,0.56,pseudo labeled,
curiosity rover captures asteroids martian sky first time look,IAB15 Science,0.56,pseudo labeled,
boston scientific announces result maditcrt study,IAB15 Science,0.56,pseudo labeled,
baseline googles new moonshot learn everything human body,IAB15 Science,0.56,pseudo labeled,
study ties breast gene highrisk uterine cancer,IAB15 Science,0.56,pseudo labeled,
study says one trillion smells detected human,IAB15 Science,0.56,pseudo labeled,
astromers using pasadenadeveloped telescope find new planet,IAB15 Science,0.56,pseudo labeled,
cosmos recap neil degrasse tyson beats god,IAB15 Science,0.56,pseudo labeled,
astronomers find new massive godzilla earth giant creatures could exist,IAB15 Science,0.56,pseudo labeled,
big bang theory,IAB15 Science,0.56,pseudo labeled,
mit researchers transform ecoli bacteria futuristic material factory,IAB15 Science,0.56,pseudo labeled,
common core k12 science education could start climate,IAB15 Science,0.56,pseudo labeled,
physicist blind luck prevents citykiller asteroids striking earth,IAB15 Science,0.56,pseudo labeled,
first life alien dna created lab,IAB15 Science,0.56,pseudo labeled,
scientists discover deepsea octopus broods eggs 4 years,IAB15 Science,0.56,pseudo labeled,
injecting science school lunch policy,IAB15 Science,0.56,pseudo labeled,
detection spacetime ripples makes waves big bang theory,IAB15 Science,0.56,pseudo labeled,
paleontologists find worlds smallest hedgehog,IAB15 Science,0.56,pseudo labeled,
gilead sciences evp norbert w bischofberger unloads 90000 shares gild,IAB15 Science,0.56,pseudo labeled,
nasa successfully tests flying saucer,IAB15 Science,0.56,pseudo labeled,
study shows antipsychotic drugs could significantly reduce violent crime,IAB15 Science,0.56,pseudo labeled,
scientists unveil dinosaur dubbed chicken hell fox carolina 21,IAB15 Science,0.56,pseudo labeled,
marriage help heart studies suggest yes,IAB15 Science,0.56,pseudo labeled,
study 50000yearold poop proves neanderthals ate veggies,IAB15 Science,0.56,pseudo labeled,
study identifies certain factors predict babys size birth,IAB15 Science,0.56,pseudo labeled,
ksc comes together cure,IAB15 Science,0.56,pseudo labeled,
study finds humans smell least 1 trillion odors,IAB15 Science,0.56,pseudo labeled,
neil degrasse tyson shows science religion coexist cosmos,IAB15 Science,0.56,pseudo labeled,
researchers explore mystery contagious yawning,IAB15 Science,0.56,pseudo labeled,
uspstf recommends lowdose aspirin prevent preeclampsia,IAB15 Science,0.56,pseudo labeled,
really thigh bone mars nasa gives predictable answer,IAB15 Science,0.56,pseudo labeled,
google flu trends longer good predicting flu scientists find,IAB15 Science,0.56,pseudo labeled,
astronomers discover planet could support life,IAB15 Science,0.56,pseudo labeled,
artificial organism created scientists using additional dna,IAB15 Science,0.56,pseudo labeled,
nasa conduct unprecedented twin experiment,IAB15 Science,0.56,pseudo labeled,
study shows increase hiv infections,IAB15 Science,0.56,pseudo labeled,
nasa tests flying saucer successfully,IAB15 Science,0.56,pseudo labeled,
leading edge medicals vina broadcast stem cell truth tv,IAB15 Science,0.56,pseudo labeled,
study finds organic foods benefits,IAB15 Science,0.56,pseudo labeled,
study shows important parallels epidemic hivaids opioid,IAB15 Science,0.56,pseudo labeled,
researchers help nasa measure carbon dioxide atmosphere,IAB15 Science,0.56,pseudo labeled,
new crew launches space station continue scientific research,IAB15 Science,0.56,pseudo labeled,
small outbreak mumps stevens institute technology campus,IAB15 Science,0.56,pseudo labeled,
jpl scientists launch nasas flying saucer experiment hawaii,IAB15 Science,0.56,pseudo labeled,
big bang theory gets 3season deal,IAB15 Science,0.56,pseudo labeled,
watch bigbang physicist learn theory right,IAB15 Science,0.56,pseudo labeled,
study finds 3d mammography effective detecting lethal breast,IAB15 Science,0.56,pseudo labeled,
chocolate pills studied heart health,IAB15 Science,0.56,pseudo labeled,
scientists say computer detect future teen binge drinkers,IAB15 Science,0.56,pseudo labeled,
edward snowden sxsw regrets leaking nsa documents,IAB15 Science,0.56,pseudo labeled,
ai adna us scientists create first living organism artificial dna,IAB15 Science,0.56,pseudo labeled,
great spermegg secret unscrambled,IAB15 Science,0.56,pseudo labeled,
investors alert medical marijuana inc otcmktsmjna cannabis science inc,IAB15 Science,0.56,pseudo labeled,
un court orders japan end whaling hunt scientific 1,IAB15 Science,0.56,pseudo labeled,
investors alert cannabis science incotcmktscbis hemp inc,IAB15 Science,0.55,pseudo labeled,
bigfoot hair bears wolves study,IAB15 Science,0.55,pseudo labeled,
colin pillinger dies five facts beagle 2 scientist,IAB15 Science,0.55,pseudo labeled,
researchers discover genetic markers may predict people,IAB15 Science,0.55,pseudo labeled,
whales serve important ecosystem engineers study finds,IAB15 Science,0.55,pseudo labeled,
study says cynicism affects health poses risk dementia,IAB15 Science,0.55,pseudo labeled,
nasa discovers earthsized planet may sustain life,IAB15 Science,0.55,pseudo labeled,
study incredible shrinking dinosaur shapeshifts hummingbird,IAB15 Science,0.55,pseudo labeled,
older sperm donors good study,IAB15 Science,0.55,pseudo labeled,
study looks borderline high blood pressure stroke risk,IAB15 Science,0.55,pseudo labeled,
study ties daylight saving time change rise heart attacks,IAB15 Science,0.55,pseudo labeled,
us scientists create seethrough mice get detailed look inner anatomy,IAB15 Science,0.55,pseudo labeled,
nasa launches flying saucer test mars landing tech video,IAB15 Science,0.55,pseudo labeled,
study says 3d scanning may detect breast cancer,IAB15 Science,0.55,pseudo labeled,
boulder scientists celebrate discovery earthlike planet yet,IAB15 Science,0.55,pseudo labeled,
american scientists create organism,IAB15 Science,0.55,pseudo labeled,
study fracking likely caused oklahoma earthquakes,IAB15 Science,0.55,pseudo labeled,
friends genetically similar says study,IAB15 Science,0.55,pseudo labeled,
study ties pesticides autism,IAB15 Science,0.55,pseudo labeled,
study investigates tested applicability google glass daily pediatric surgical,IAB15 Science,0.55,pseudo labeled,
trending stocks watch list oi sa adr nyseoibr orbital sciences nyse,IAB15 Science,0.55,pseudo labeled,
study fossil found sc giant bird huge wingspan,IAB15 Science,0.55,pseudo labeled,
trio studies show young blood revitalize old mice,IAB15 Science,0.55,pseudo labeled,
scientists see smoking gun universes early growth spurt,IAB15 Science,0.55,pseudo labeled,
scientists use nature inspire next generation drones,IAB15 Science,0.55,pseudo labeled,
researchers find ancient tibetan altitude gene,IAB15 Science,0.55,pseudo labeled,
study finds diagnosing physicians influence therapy decisions prostate,IAB15 Science,0.55,pseudo labeled,
study corn waste fuels better gas,IAB15 Science,0.55,pseudo labeled,
astronomers discover megaearth exoplanet,IAB15 Science,0.55,pseudo labeled,
research develops novel approach malaria vaccine,IAB15 Science,0.55,pseudo labeled,
nasa testing lowdensity supersonic decelerator flying saucer future,IAB15 Science,0.55,pseudo labeled,
cosmos takes viewers journey led neil degrasse tyson,IAB15 Science,0.55,pseudo labeled,
scientology super couple laura prepon tom cruise rumors,IAB15 Science,0.55,pseudo labeled,
us scientists make embryonic stem cells adult skin,IAB15 Science,0.55,pseudo labeled,
notre dame professor helped discover earthlike planet,IAB15 Science,0.55,pseudo labeled,
nasa plans nextgen scientific tools 2020 mars rover,IAB15 Science,0.55,pseudo labeled,
mit researchers develop fish robot,IAB15 Science,0.55,pseudo labeled,
study finds married people fewer heart problems,IAB15 Science,0.55,pseudo labeled,
25 minutes meditation lower stress says study,IAB15 Science,0.55,pseudo labeled,
edinburgh university discovers new dinosaur,IAB15 Science,0.55,pseudo labeled,
honey shrunk dinosaurs study traces dinosaur evolution early birds,IAB15 Science,0.55,pseudo labeled,
scientists unveil chicken hell,IAB15 Science,0.55,pseudo labeled,
mit researchers develop robotic fish moves like real one,IAB15 Science,0.55,pseudo labeled,
researchers blood test predicts alzheimers ease researchers say,IAB15 Science,0.55,pseudo labeled,
alcohol linked memory loss study,IAB15 Science,0.55,pseudo labeled,
mega earth scientists discover giant planet could bear life,IAB15 Science,0.55,pseudo labeled,
nasa discovers earthlike planet,IAB15 Science,0.55,pseudo labeled,
giant mystery crater siberia scientists stumped theyre looking,IAB15 Science,0.55,pseudo labeled,
scientists help galapagos finches,IAB15 Science,0.55,pseudo labeled,
study lists dangerous chemicals linked breast cancer,IAB15 Science,0.55,pseudo labeled,
supernova study telescopic robotic observing system reveals death,IAB15 Science,0.55,pseudo labeled,
scientists found stray vials smallpox 1950s,IAB15 Science,0.55,pseudo labeled,
space telescope finds another earthsized planet,IAB15 Science,0.55,pseudo labeled,
space scientist colin pillinger dies 70,IAB15 Science,0.55,pseudo labeled,
orbital sciences atk merge 5b stock deal,IAB15 Science,0.55,pseudo labeled,
ocearch scientists make startling new discovery great white sharks,IAB15 Science,0.55,pseudo labeled,
nasa discovers first earthsized planet,IAB15 Science,0.55,pseudo labeled,
return cosmos extend scope science religion,IAB15 Science,0.55,pseudo labeled,
teenager turn binge drinker scientists test,IAB15 Science,0.55,pseudo labeled,
astronomers find earthlike planet could support life,IAB15 Science,0.55,pseudo labeled,
rise planet apes really bad science,IAB15 Science,0.55,pseudo labeled,
study test benefits chocolate vitamin,IAB15 Science,0.54,pseudo labeled,
astrophysicists model universe 12 billion parts,IAB15 Science,0.54,pseudo labeled,
study proves physical activity helps maintain mobility older adults,IAB15 Science,0.54,pseudo labeled,
nasa flying saucer launch test mars landing parachute tech,IAB15 Science,0.54,pseudo labeled,
45 years moon landing nasa looks next giant leap,IAB15 Science,0.54,pseudo labeled,
scientists announce new dinosaur discovery,IAB15 Science,0.54,pseudo labeled,
study examines patient preferences emergency treatment stroke,IAB15 Science,0.54,pseudo labeled,
japan banned killing whales international court finds scientific,IAB15 Science,0.54,pseudo labeled,
biggest dinosaur ever discovered scientists uncover 80tonne,IAB15 Science,0.54,pseudo labeled,
molecular fountain youth proven repair brain muscle tissue,IAB15 Science,0.54,pseudo labeled,
english planetary scientist colin pillinger dies 70,IAB15 Science,0.54,pseudo labeled,
kepler186f scientists go gaga exoplanet proof yet alien lifeform,IAB15 Science,0.54,pseudo labeled,
bacteria live even healthy placentas says study,IAB15 Science,0.54,pseudo labeled,
blackberry acquire voice data encryption vendor secusmart,IAB15 Science,0.54,pseudo labeled,
nasas mars 2020 rover tools use hunt ancient microbial life,IAB15 Science,0.54,pseudo labeled,
colon cancer screening helps age 75 study says,IAB15 Science,0.54,pseudo labeled,
brain scans spot potential coma recovery,IAB15 Science,0.54,pseudo labeled,
facebooktoyswithuseremotionsforscience,IAB15 Science,0.54,pseudo labeled,
study finds gay men app users higher risk std,IAB15 Science,0.54,pseudo labeled,
japans antarctic whale hunts scientific icj,IAB15 Science,0.54,pseudo labeled,
study explores natural gas methane leaks,IAB15 Science,0.54,pseudo labeled,
edwards lifesciences corp ew rising fda approval,IAB15 Science,0.54,pseudo labeled,
study shows health rankings local counties,IAB15 Science,0.54,pseudo labeled,
nasa discovers earthsized planet could support life,IAB15 Science,0.54,pseudo labeled,
neanderthal poop yields clues early mans diet,IAB15 Science,0.54,pseudo labeled,
studies find existing experimental drugs active merscoronavirus,IAB15 Science,0.54,pseudo labeled,
cambridgeshire scientists solve longstanding mystery biology decade,IAB15 Science,0.54,pseudo labeled,
first direct evidence supporting cosmic inflation,IAB15 Science,0.54,pseudo labeled,
nasa researchers discover godzilla earths,IAB15 Science,0.54,pseudo labeled,
nasa cargo launches space station aboard orbital sciences resupply,IAB15 Science,0.54,pseudo labeled,
morgan freemans voice meets helium science channels,IAB15 Science,0.54,pseudo labeled,
study finds association ssri use pregnancy autism,IAB15 Science,0.54,pseudo labeled,
archeologists find oldest human cancer,IAB15 Science,0.54,pseudo labeled,
study find increased risk blood clot following hpv vaccination,IAB15 Science,0.54,pseudo labeled,
scientists id may biggest bird,IAB15 Science,0.54,pseudo labeled,
nasa launches carbon observatory,IAB15 Science,0.54,pseudo labeled,
astronomers including one texas detect cold earthmass planet,IAB15 Science,0.54,pseudo labeled,
study links breast gene highrisk uterine cancer,IAB15 Science,0.54,pseudo labeled,
earthlike planet scientists discover new celestial body kepler186f,IAB15 Science,0.54,pseudo labeled,
scientists cant wrong global warming,IAB15 Science,0.54,pseudo labeled,
ununseptium heaviest metal ever confirmed scientists,IAB15 Science,0.54,pseudo labeled,
study finds married people fewer heart blood vessel problems,IAB15 Science,0.54,pseudo labeled,
largest wingspan ever pelagornis sandersi astounds scientists,IAB15 Science,0.54,pseudo labeled,
searchers scour new area jet debris,IAB15 Science,0.54,pseudo labeled,
nasa study reveals west antarctic glacier melting appears irreversible,IAB15 Science,0.54,pseudo labeled,
recent study shows hotspots common bacteria develop ulcers,IAB15 Science,0.54,pseudo labeled,
medical review yes childhood vaccines safe,IAB15 Science,0.54,pseudo labeled,
nasa go start building 2016 mars lander,IAB15 Science,0.54,pseudo labeled,
cosmos dazzles debut episode,IAB15 Science,0.54,pseudo labeled,
scientists climate change puts historic sites risk,IAB15 Science,0.54,pseudo labeled,
nasa discovers earthlike planet yet,IAB15 Science,0.54,pseudo labeled,
gilead sciences inc nasdaqgild us lawmakers ask gilead sovaldi,IAB15 Science,0.54,pseudo labeled,
"The Role of Sleep in Women's Health: Getting Enough Rest, Improving Cognitive Function, Reducing Stress",IAB15 Science,0.54,synthetic,
study shows hivinfected men susceptible increased risk heart disease,IAB15 Science,0.54,pseudo labeled,
hubble telescope marks anniversary capturing star birth,IAB15 Science,0.54,pseudo labeled,
laboratory japan weighs retraction stem cell paper,IAB15 Science,0.54,pseudo labeled,
dinosaurs blood type confirmed,IAB15 Science,0.54,pseudo labeled,
space tech helped scientists id gravitational waves big bang inflation,IAB15 Science,0.54,pseudo labeled,
marking scientific milestone celebrating gay hero hiv epidemic,IAB15 Science,0.54,pseudo labeled,
study shows smartphone app help alcoholics stay sober,IAB15 Science,0.54,pseudo labeled,
researchers extend liver preservation transplantation,IAB15 Science,0.54,pseudo labeled,
first stem cell study bipolar disorder offers hope better treatments,IAB15 Science,0.54,pseudo labeled,
alone nasa scientists discover earths twin,IAB15 Science,0.53,pseudo labeled,
video humans distinguish 1 trillion smells says study,IAB15 Science,0.53,pseudo labeled,
us scientists create first living organism artificial dna,IAB15 Science,0.53,pseudo labeled,
study test chocolate heart health,IAB15 Science,0.53,pseudo labeled,
researchers find att best overall wireless carrier boston tmobile,IAB15 Science,0.53,pseudo labeled,
orbital sciences cygnus made space station,IAB15 Science,0.53,pseudo labeled,
study finds bionic pancreas could help people type 1 diabetes,IAB15 Science,0.53,pseudo labeled,
cautioned science world nix ecigarettes,IAB15 Science,0.53,pseudo labeled,
climate change report suggests potential benefits sask,IAB15 Science,0.53,pseudo labeled,
astronomers possibly sight first exomoon,IAB15 Science,0.53,pseudo labeled,
astronomers discover earthlike planet ever found,IAB15 Science,0.53,pseudo labeled,
nasa test flying saucer,IAB15 Science,0.53,pseudo labeled,
stanford ucsf researchers use vampire mice show newer blood,IAB15 Science,0.53,pseudo labeled,
study backs nonsurgical way fix heart valves,IAB15 Science,0.53,pseudo labeled,
california scientist knack finding alien worlds like,IAB15 Science,0.53,pseudo labeled,
htc sense apps hit google play confirm google play edition htc one m8,IAB15 Science,0.53,pseudo labeled,
researchers back surgery lifestyle changes managing type 2 diabetes,IAB15 Science,0.53,pseudo labeled,
study paves way simple blood test predict onset alzheimers,IAB15 Science,0.53,pseudo labeled,
study links disposing wastewater oklahoma earthquakes,IAB15 Science,0.53,pseudo labeled,
scientists find 14 dancing frog species troubled indian habitat,IAB15 Science,0.53,pseudo labeled,
"The equestrian sport is a popular form of science, with many scientific studies being conducted on horses and equestrian events.",IAB15 Science,0.53,synthetic,
scientists unveil dinosaur dubbed chicken hell wfsb 3 connecticut,IAB15 Science,0.53,pseudo labeled,
spinal cord therapy breakthrough four men paralyzed years,IAB15 Science,0.53,pseudo labeled,
big bang waves detected adding evidence theory universes birth,IAB15 Science,0.53,pseudo labeled,
baby gates arent always safe says study,IAB15 Science,0.53,pseudo labeled,
nasa curiosity rover takes selfie celebrating 1 martian year red planet,IAB15 Science,0.53,pseudo labeled,
ucsf study shows ecigarettes youth gateway regular smoking,IAB15 Science,0.53,pseudo labeled,
study eating red meat may lower breast cancer risk,IAB15 Science,0.53,pseudo labeled,
nasas kepler telescope discovers first earthsize planet habitable zone,IAB15 Science,0.53,pseudo labeled,
nasas cassini mission studies oceans titan,IAB15 Science,0.53,pseudo labeled,
engineers invent way beam power medical chips deep inside body,IAB15 Science,0.53,pseudo labeled,
study electrical implant helps paralyzed men move legs,IAB15 Science,0.53,pseudo labeled,
astronomers prove two potentially habitable planets exist,IAB15 Science,0.53,pseudo labeled,
medical marijuana save lives legalized regulated studies show,IAB15 Science,0.53,pseudo labeled,
climate change ice age fossil studies show ancient environment,IAB15 Science,0.53,pseudo labeled,
dna tests bigfoot another animal,IAB15 Science,0.53,pseudo labeled,
scientists warn dengue brazil,IAB15 Science,0.53,pseudo labeled,
researchers change emotional association memories,IAB15 Science,0.53,pseudo labeled,
climate change disturbing deep ocean currents study,IAB15 Science,0.53,pseudo labeled,
ksby investigatessolutions improving mental health care part 3,IAB15 Science,0.53,pseudo labeled,
scientists created best simulation universe ever,IAB15 Science,0.53,pseudo labeled,
study links pesticide exposure pregnancy autism risk wsfacom,IAB15 Science,0.53,pseudo labeled,
lucid dreams brain stimulation alter way sleeping study,IAB15 Science,0.53,pseudo labeled,
friends feel like family framingham study says could genetics,IAB15 Science,0.53,pseudo labeled,
granmy turn sciencepublic gap,IAB15 Science,0.53,pseudo labeled,
sxsw 2014 neil degrasse tyson proves science cool video,IAB15 Science,0.53,pseudo labeled,
genome gives clues polar bears rapidly evolved cope highfat diet,IAB15 Science,0.53,pseudo labeled,
orbital sciences corps spacecraft cygnus blasts iss,IAB15 Science,0.53,pseudo labeled,
astronauts grow lettuce space nasa veggie farm,IAB15 Science,0.53,pseudo labeled,
yale study aspirin may cut risk pancreatic cancer half,IAB15 Science,0.53,pseudo labeled,
study elevated levels atmospheric co2 threaten human nutrition,IAB15 Science,0.53,pseudo labeled,
scientists produce sharp views asteroid 2014 hq124,IAB15 Science,0.53,pseudo labeled,
single cell type found cause invasive bladder cancers study,IAB15 Science,0.53,pseudo labeled,
mit researchers develop real fishlike soft efficient robot,IAB15 Science,0.53,pseudo labeled,
scientists say hawaiis climate getting warmer,IAB15 Science,0.53,pseudo labeled,
nasa launches flying saucer hawaii test mars landing tech,IAB15 Science,0.53,pseudo labeled,
study high protein could lower stroke risk,IAB15 Science,0.53,pseudo labeled,
Future possibilities for weather science include the development of more accurate weather forecasts and the ability to control weather conditions.,IAB15 Science,0.53,synthetic,
new study reveals gene predicts suicide risk,IAB15 Science,0.53,pseudo labeled,
earthlike planet scientists amazed finding planet could support life,IAB15 Science,0.53,pseudo labeled,
astronomers spot planet like earth,IAB15 Science,0.53,pseudo labeled,
studies antarctic glacier melting unstoppable,IAB15 Science,0.53,pseudo labeled,
scientists spy magic island titan saturns strangest moon,IAB15 Science,0.53,pseudo labeled,
beeghazi conservative war obama science common sense bees,IAB15 Science,0.53,pseudo labeled,
next generation mars rover tools search life past,IAB15 Science,0.53,pseudo labeled,
ohio geologists link small quakes fracking work,IAB15 Science,0.52,pseudo labeled,
researchers say antarctic ice loss doubled since 2010,IAB15 Science,0.52,pseudo labeled,
femur bone rock mars nasa says,IAB15 Science,0.52,pseudo labeled,
nasa releases new map neptunes moon triton mark 25th anniversary,IAB15 Science,0.52,pseudo labeled,
study finds link mens biking prostate cancer erectile issues,IAB15 Science,0.52,pseudo labeled,
cosmos recap 7 things learned last nights premiere,IAB15 Science,0.52,pseudo labeled,
study biking tied prostate cancer,IAB15 Science,0.52,pseudo labeled,
ohio geologists link small quakes fracking,IAB15 Science,0.52,pseudo labeled,
big bang theory gets renewed three seasons,IAB15 Science,0.52,pseudo labeled,
scientists say found landmark evidence big bang offers,IAB15 Science,0.52,pseudo labeled,
brain study suggests autism originates womb,IAB15 Science,0.52,pseudo labeled,
breakthrough discovery scientists finds evidence big bang theory,IAB15 Science,0.52,pseudo labeled,
longnosed pinocchio rex dinosaur discovered scientists,IAB15 Science,0.52,pseudo labeled,
study finds 3000 types bacteria dollar bills,IAB15 Science,0.52,pseudo labeled,
real octomom scientists find recordbreaking octopus stayed,IAB15 Science,0.52,pseudo labeled,
The Sputnik launch in 1957 sparked a renewed focus on science and math education in K-6 classrooms.,IAB15 Science,0.52,synthetic,
express scripts adds fuel fire fight gilead sciences sovaldi,IAB15 Science,0.52,pseudo labeled,
spaceage cloning could combat disease,IAB15 Science,0.52,pseudo labeled,
fossils la brea tar pits show climate change drove evolution ice age,IAB15 Science,0.52,pseudo labeled,
alliant techsystems orbital sciences aerospace combine mergerofequals,IAB15 Science,0.52,pseudo labeled,
study fetal gene may protect brain alzheimers,IAB15 Science,0.52,pseudo labeled,
mit conducts 500000 worth bitcoin experiment,IAB15 Science,0.52,pseudo labeled,
studies claimed simple way make stem cells withdrawn extensive,IAB15 Science,0.52,pseudo labeled,
devil rays deep diving habits explain warm brains,IAB15 Science,0.52,pseudo labeled,
study finds little benefit harm steroid shots back pain,IAB15 Science,0.52,pseudo labeled,
climate study emperor penguins waddling extinction,IAB15 Science,0.52,pseudo labeled,
doctors implant labgrown vagina,IAB15 Science,0.52,pseudo labeled,
study finds vaccine side effect extremely rare,IAB15 Science,0.52,pseudo labeled,
us scientists discover new megaearth,IAB15 Science,0.52,pseudo labeled,
study 850000 people shows women diabetes 44 likely develop,IAB15 Science,0.52,pseudo labeled,
new antarctic melt causing science concerns,IAB15 Science,0.52,pseudo labeled,
study huge dose measles vaccine wiped womans cancer,IAB15 Science,0.52,pseudo labeled,
astronomers surprised discover megaearth,IAB15 Science,0.52,pseudo labeled,
scientists 5 mutations bird flu goes airborne,IAB15 Science,0.52,pseudo labeled,
scientists urge classify ecigarettes tobacco product,IAB15 Science,0.52,pseudo labeled,
blood test predicts suicide risk study suggests,IAB15 Science,0.52,pseudo labeled,
exact sciences colon cancer screening test results published nejm,IAB15 Science,0.52,pseudo labeled,
evolution samsung galaxy series one amazing picture,IAB15 Science,0.52,pseudo labeled,
study sees bigger role placenta newborns health,IAB15 Science,0.52,pseudo labeled,
stunning nasa video shows gigantic sun eruption,IAB15 Science,0.52,pseudo labeled,
scientists warn newly discovered greenland melting could accelerate sea,IAB15 Science,0.52,pseudo labeled,
britainlaunches2417millionscienceprize,IAB15 Science,0.52,pseudo labeled,
scientists say earthsized planet could sustain life,IAB15 Science,0.52,pseudo labeled,
nifty hits 7500 sensex 150 points early trade,IAB15 Science,0.52,pseudo labeled,
scientists biggestever bird massive 20foot wingspan,IAB15 Science,0.52,pseudo labeled,
nasa scientists capture radar images asteroid skirted earth sunday,IAB15 Science,0.52,pseudo labeled,
california scientists discover mouselike mammal related elephants,IAB15 Science,0.52,pseudo labeled,
studies suggest men still overtreated prostate cancer,IAB15 Science,0.52,pseudo labeled,
searchers close wreckage missing flight,IAB15 Science,0.52,pseudo labeled,
studies question fatty acids heart benefits,IAB15 Science,0.52,pseudo labeled,
match made dna study finds married couples share close genetic bonds,IAB15 Science,0.52,pseudo labeled,
mike miller orbital sciencesbuilt satellite begins co2 research mission,IAB15 Science,0.52,pseudo labeled,
study says fuels corn waste better gas,IAB15 Science,0.52,pseudo labeled,
creating biological pacemakers heart gene therapy breakthrough,IAB15 Science,0.52,pseudo labeled,
identical twins offer space science,IAB15 Science,0.52,pseudo labeled,
study says first socalled goldilocks zone planet found turns even,IAB15 Science,0.52,pseudo labeled,
nose knows scientists reveal humans smell trillion odours,IAB15 Science,0.52,pseudo labeled,
study moles red meat linked breast cancer,IAB15 Science,0.52,pseudo labeled,
big bang discovery significant years says british physicist dr,IAB15 Science,0.52,pseudo labeled,
cosmos review knowledge conquered fear,IAB15 Science,0.52,pseudo labeled,
study drinking diet beverages proves effective weight loss,IAB15 Science,0.52,pseudo labeled,
christie fallon demonstrate evolution dad dancing,IAB15 Science,0.52,pseudo labeled,
virtual universe created scientist video,IAB15 Science,0.52,pseudo labeled,
uc davis researchers find farm pesticides may increase chances,IAB15 Science,0.52,pseudo labeled,
siemens said prepare alstom offer gain gas turbines,IAB15 Science,0.52,pseudo labeled,
usc study shows teen sexters likely sexually active,IAB15 Science,0.51,pseudo labeled,
astronomers spot new type planet mega earth,IAB15 Science,0.51,pseudo labeled,
study links young dads increases depression symptoms,IAB15 Science,0.51,pseudo labeled,
cancer research calls better prostate cancer tests,IAB15 Science,0.51,pseudo labeled,
study finds bacteria live days airplanes protect,IAB15 Science,0.51,pseudo labeled,
fish coral smell bad neighborhood scientist research,IAB15 Science,0.51,pseudo labeled,
novartis deal google shows science project legs,IAB15 Science,0.51,pseudo labeled,
"It is a multidisciplinary field that draws on the principles of physics, chemistry, biology, and mathematics.",IAB15 Science,0.51,synthetic,
mit scientists use lasers replace bad memories good ones mice,IAB15 Science,0.51,pseudo labeled,
matching genes studies show married couples similar dna blueprints,IAB15 Science,0.51,pseudo labeled,
nih study links high cholesterol levels lower fertility,IAB15 Science,0.51,pseudo labeled,
study bigfoot yeti exist,IAB15 Science,0.51,pseudo labeled,
study pesticide exposure pregnancy linked autism,IAB15 Science,0.51,pseudo labeled,
gilead sciences inc nasdaqgild sovaldi saga,IAB15 Science,0.51,pseudo labeled,
nasa showcases lunar eclipse,IAB15 Science,0.51,pseudo labeled,
dna analyses hair samples reveal evidence bigfoot yeti,IAB15 Science,0.51,pseudo labeled,
mit builds soft robotic fish thats perfectly cuddly moves like real thing,IAB15 Science,0.51,pseudo labeled,
study links oklahoma quakes wastewater injection,IAB15 Science,0.51,pseudo labeled,
study reveals everyone wants emergency stroke drug,IAB15 Science,0.51,pseudo labeled,
immunizations lead autism study,IAB15 Science,0.51,pseudo labeled,
lost nightsnake species resurfaces volcanic island mexico scientists,IAB15 Science,0.51,pseudo labeled,
dna tests find bigfoot possible yeti new study,IAB15 Science,0.51,pseudo labeled,
california high school student wins intel science talent search,IAB15 Science,0.51,pseudo labeled,
study indicates smartphone app aids alcoholics recovery,IAB15 Science,0.51,pseudo labeled,
study finds 3d mammography detects invasive cancers reduces call,IAB15 Science,0.51,pseudo labeled,
astronomers spot diamond size earth,IAB15 Science,0.51,pseudo labeled,
youll cut risk death 30 percent study says,IAB15 Science,0.51,pseudo labeled,
ohio geologists link earthquake activity fracking,IAB15 Science,0.51,pseudo labeled,
study shows red wine chocolate may healthy,IAB15 Science,0.51,pseudo labeled,
curiosity taken life mars 377 earth microbes rover,IAB15 Science,0.51,pseudo labeled,
curiosity rover photographs thigh boneshaped rock mars,IAB15 Science,0.51,pseudo labeled,
scientists retract studies making stem cells,IAB15 Science,0.51,pseudo labeled,
astronomers find earthsized exoplanet,IAB15 Science,0.51,pseudo labeled,
humans smell 1 trillion different scents study finds,IAB15 Science,0.51,pseudo labeled,
paleontologists discover fossils largest dinosaur species,IAB15 Science,0.51,pseudo labeled,
nasas kepler discovers earthsized world stars habitable zone,IAB15 Science,0.51,pseudo labeled,
seminar increases solar awareness scotland,IAB15 Science,0.51,pseudo labeled,
emma stone inspired andrew garfield chemistry,IAB15 Science,0.51,pseudo labeled,
marriage appears heart healthy study shows,IAB15 Science,0.51,pseudo labeled,
arctic warming taking edge extreme winters study,IAB15 Science,0.51,pseudo labeled,
nasa tests flying saucershaped vehicle future mars landing,IAB15 Science,0.51,pseudo labeled,
zebra stripes evolved keep biting flies away study reveals,IAB15 Science,0.51,pseudo labeled,
nasa discovers earthsized planet may inhabitable,IAB15 Science,0.51,pseudo labeled,
planes harbor deadly germs 7 days study shows,IAB15 Science,0.51,pseudo labeled,
study married people fewer heart issues,IAB15 Science,0.51,pseudo labeled,
samples greenland ice sheet reveal ancient tundra,IAB15 Science,0.51,pseudo labeled,
study fetalbrain protein reactivates old age fight dementia,IAB15 Science,0.51,pseudo labeled,
nasa gets goahead build new lander mars exploration,IAB15 Science,0.51,pseudo labeled,
flying saucer splashes nasa test,IAB15 Science,0.51,pseudo labeled,
icj rules japans whaling scientific research,IAB15 Science,0.51,pseudo labeled,
study testing key nutrient chocolate preventing heart attacks strokes,IAB15 Science,0.51,pseudo labeled,
study says coffee good eyes,IAB15 Science,0.51,pseudo labeled,
johns hopkins study blood test could predict suicide risk,IAB15 Science,0.51,pseudo labeled,
kepler telescope discovers first earthsize planet habitable zone,IAB15 Science,0.51,pseudo labeled,
researchers figured make robots assemble,IAB15 Science,0.51,pseudo labeled,
Physics has played a major role in the development of modern science and technology.,IAB15 Science,0.51,synthetic,
nasa prepping mars probes rovers close comet flyby,IAB15 Science,0.51,pseudo labeled,
osu study finds link hunger anger,IAB15 Science,0.51,pseudo labeled,
study ties breast cancer gene highrisk uterine tumors women already,IAB15 Science,0.51,pseudo labeled,
handshakes hygienic say scientistspublish date jul 28 2014,IAB15 Science,0.51,pseudo labeled,
scientists replicate environment planet mars earth,IAB15 Science,0.51,pseudo labeled,
"Space and astronomy have also inspired works of art, literature, and music.",IAB15 Science,0.51,synthetic,
discovery cosmic inflation provides support big bang theory,IAB15 Science,0.51,pseudo labeled,
researchers use electrical current control dreams,IAB15 Science,0.51,pseudo labeled,
fist bumps way better handshakes scientists confirm,IAB15 Science,0.51,pseudo labeled,
old smallpox vials found cardboard box us lab,IAB15 Science,0.51,pseudo labeled,
nasa discovers another earth,IAB15 Science,0.51,pseudo labeled,
siemens tables e142bn alstom,IAB15 Science,0.51,pseudo labeled,
home science technology facebook deliver,IAB15 Science,0.51,pseudo labeled,
study hiv positive men increased risk heart attacks,IAB15 Science,0.51,pseudo labeled,
study finds women much higher risk developing,IAB15 Science,0.51,pseudo labeled,
negotiations actors delays start big bang theory production,IAB15 Science,0.51,pseudo labeled,
decade research reveals iconic orcas struggle,IAB15 Science,0.51,pseudo labeled,
hipster science women prefer men facial hair,IAB15 Science,0.51,pseudo labeled,
jarvis jenny mccarthy versus science,IAB15 Science,0.51,pseudo labeled,
cambridge research team observe auxeticity embryonic stem cell nucleii,IAB15 Science,0.51,pseudo labeled,
boulder scientists continue voice global climate assessments,IAB15 Science,0.51,pseudo labeled,
study disproves 2 earthlike planets existence,IAB15 Science,0.51,pseudo labeled,
experts evaluate evidence marijuana treatment epilepsy,IAB15 Science,0.51,pseudo labeled,
colin pillinger planetary scientist known britains beagle 2 mars mission,IAB15 Science,0.51,pseudo labeled,
whales engineers ocean ecosystems study finds,IAB15 Science,0.51,pseudo labeled,
like big bang theory stay,IAB15 Science,0.51,pseudo labeled,
smithsonian acquires rex bones,IAB15 Science,0.5,pseudo labeled,
study shows children samesex couples happier,IAB15 Science,0.5,pseudo labeled,
university wisconsin researchers seek another way combat deer ticks,IAB15 Science,0.5,pseudo labeled,
study shows chikungunya mutation places several countries risk epidemic,IAB15 Science,0.5,pseudo labeled,
scientists warn dont get sucked supermoon hype,IAB15 Science,0.5,pseudo labeled,
scientists disagree seriousness climate issue walt hannan,IAB15 Science,0.5,pseudo labeled,
research shows link hpv vaccine risk blood clots,IAB15 Science,0.5,pseudo labeled,
dinosaur skeleton bound smithsonian,IAB15 Science,0.5,pseudo labeled,
research uncovers simple ways detect signs alzheimers,IAB15 Science,0.5,pseudo labeled,
one movie neil degrasse tyson approves scientifically,IAB15 Science,0.5,pseudo labeled,
mediterranean diet good scientists think know,IAB15 Science,0.5,pseudo labeled,
fda advisers back exact sciences colon cancer test,IAB15 Science,0.5,pseudo labeled,
astronomers may found coldest faintest white dwarf ever,IAB15 Science,0.5,pseudo labeled,
study estimates humans smell 1 trillion odors,IAB15 Science,0.5,pseudo labeled,
inside health u study links energy drinks unhealthy habits,IAB15 Science,0.5,pseudo labeled,
scientists unveil chicken hell dinosaur lived 66 million years ago,IAB15 Science,0.5,pseudo labeled,
universe evolution recreated lab,IAB15 Science,0.5,pseudo labeled,
fountain youth young blood rejuvenates aging mice studies find,IAB15 Science,0.5,pseudo labeled,
scientists withdraw report stem cells,IAB15 Science,0.5,pseudo labeled,
This research will lead to better treatments and a better understanding of ADD.,IAB15 Science,0.5,synthetic,
wellpreserved allosaurus fossil featured new creation museum exhibit,IAB15 Science,0.5,pseudo labeled,
study confirms childhood vaccines safe,IAB15 Science,0.5,pseudo labeled,
mass general study links chronic sleep loss childhood obesity,IAB15 Science,0.5,pseudo labeled,
schumacher medical documents stolen,IAB15 Science,0.5,pseudo labeled,
scary science mystery happened oceans plastic trash,IAB15 Science,0.5,pseudo labeled,
race begins turn light matter landmark collider experiment,IAB15 Science,0.5,pseudo labeled,
study disproves existence 2 earthlike planets,IAB15 Science,0.5,pseudo labeled,
global warming pause continues scientists make dire predictions,IAB15 Science,0.5,pseudo labeled,
nasa discovers closest planet earth yet best case habitable,IAB15 Science,0.5,pseudo labeled,
scientists unveil dinosaur affectionately called chicken hell,IAB15 Science,0.5,pseudo labeled,
astronomers spot earths closest twin,IAB15 Science,0.5,pseudo labeled,
stress hormone tied crash risk among teens study,IAB15 Science,0.5,pseudo labeled,
fist bumps hygienic handshakes scientists say,IAB15 Science,0.5,pseudo labeled,
microbiologists create alien bacterium,IAB15 Science,0.5,pseudo labeled,
unlocking secrets polar bears extraordinary evolution,IAB15 Science,0.5,pseudo labeled,
"In the 2000s, scientists developed the first allergy microarrays.",IAB15 Science,0.5,synthetic,
first labgrown vagina implants success,IAB15 Science,0.5,pseudo labeled,
second episode cosmos neil degrasse tyson quick reaction,IAB15 Science,0.5,pseudo labeled,
study dark chocolate could key improving blood flow,IAB15 Science,0.5,pseudo labeled,
scientists blame neonicotinoids insecticides mysterious disappearance,IAB15 Science,0.5,pseudo labeled,
nasa snaps cosmic colour portrait,IAB15 Science,0.5,pseudo labeled,
mathematicians develop app supposedly eliminate jetlag,IAB15 Science,0.5,pseudo labeled,
landmark alzheimers study pinpoints protein protects aging brain,IAB15 Science,0.5,pseudo labeled,
scientists retract studies making stem cells wake falsified data claims,IAB15 Science,0.5,pseudo labeled,
photos goblin shark draw attention scientists,IAB15 Science,0.5,pseudo labeled,
detection waves space buttresses landmark theory big bang,IAB15 Science,0.5,pseudo labeled,
mathematicians battle jet lag,IAB15 Science,0.5,pseudo labeled,
research shows big difference organic conventional produce,IAB15 Science,0.5,pseudo labeled,
study doubts saturated fats link heart disease,IAB15 Science,0.5,pseudo labeled,
got bad memories scientists use light technique overwrite,IAB15 Science,0.5,pseudo labeled,
siemens tables alstom counterbid,IAB15 Science,0.5,pseudo labeled,
astronomers discover godzilla earths 17 times heavier planet,IAB15 Science,0.5,pseudo labeled,
researchers find 3000 types bacteria 1 bills,IAB15 Science,0.5,pseudo labeled,
finally labgrown vaginas,IAB15 Science,0.5,pseudo labeled,
study reveals kinds bacteria living money,IAB15 Science,0.5,pseudo labeled,
experimental vaccine appeared effective malaria treatment,IAB15 Science,0.5,pseudo labeled,
study married couples fewer heart problems,IAB15 Science,0.5,pseudo labeled,
japanese whaling ruled scientific,IAB15 Science,0.5,pseudo labeled,
ap scientists find probable cause killer disease republic,IAB15 Science,0.5,pseudo labeled,
study fetal gene could help prevent alzheimers,IAB15 Science,0.5,pseudo labeled,
researchers find genetic link obesity fried foods,IAB15 Science,0.5,pseudo labeled,
nist chips help bicep2 telescope find direct evidence origin universe,IAB15 Science,0.5,pseudo labeled,
kepler telescope begin new planet hunting mission,IAB15 Science,0.5,pseudo labeled,
researchers demonstrate hack samsungs galaxy s5 using,IAB15 Science,0.5,pseudo labeled,
firstever study produces blood test alzheimers,IAB15 Science,0.5,pseudo labeled,
scientists hear echo universes birth cry,IAB15 Science,0.5,pseudo labeled,
scientists declare antarctic glacier doomed florida drastically shrink,IAB15 Science,0.5,pseudo labeled,
2 decades scientists could discover alien life,IAB15 Science,0.5,pseudo labeled,
