text,iab_label,confidence,source,labels
Studying Business,IAB5 Education,0.95,subcategories,
Graduate School,IAB5 Education,0.95,subcategories,
Homeschooling,IAB5 Education,0.95,subcategories,
Special Education,IAB5 Education,0.95,subcategories,
Private School,IAB5 Education,0.95,subcategories,
K-6 Educators,IAB5 Education,0.95,subcategories,
Homework/Study Tips,IAB5 Education,0.95,subcategories,
7-12 Education,IAB5 Education,0.95,subcategories,
English as a 2nd Language,IAB5 Education,0.95,subcategories,
Distance Learning,IAB5 Education,0.95,subcategories,
College Life,IAB5 Education,0.95,subcategories,
College Administration,IAB5 Education,0.95,subcategories,
Art History,IAB5 Education,0.95,subcategories,
Adult Education,IAB5 Education,0.95,subcategories,
Language Learning,IAB5 Education,0.95,subcategories,
"Influence on Education: Shaping Curriculum, Faculty Hiring, and Student Services",IAB5 Education,0.94,synthetic,
net neutrality matters education,IAB5 Education,0.89,pseudo labeled,
Copyright infringement is a serious problem for the education industry.,IAB5 Education,0.89,synthetic,
- The rising cost of education,IAB5 Education,0.88,synthetic,
The Role of Television in Education: How TV Can Be Used to Teach and Inform,IAB5 Education,0.87,synthetic,
field battlefield archaeology,IAB5 Education,0.85,scraped,
field calceology,IAB5 Education,0.85,scraped,
field archaeogeography,IAB5 Education,0.85,scraped,
field conflict archaeology,IAB5 Education,0.85,scraped,
field digital archaeology,IAB5 Education,0.85,scraped,
field experimental archaeology,IAB5 Education,0.85,scraped,
field environmental archaeology,IAB5 Education,0.85,scraped,
field ethnoarchaeology,IAB5 Education,0.85,scraped,
field forensic archaeology,IAB5 Education,0.85,scraped,
field household archaeology,IAB5 Education,0.85,scraped,
field glyptology,IAB5 Education,0.85,scraped,
field history of archaeology,IAB5 Education,0.85,scraped,
field folklore,IAB5 Education,0.85,scraped,
field landscape archaeologyandlandscape history,IAB5 Education,0.85,scraped,
field data archaeology,IAB5 Education,0.85,scraped,
field archaeoastronomy,IAB5 Education,0.85,scraped,
field archaeoacoustics,IAB5 Education,0.85,scraped,
field archaeo-optics,IAB5 Education,0.85,scraped,
field ethnomuseology,IAB5 Education,0.85,scraped,
field ethnomusicology,IAB5 Education,0.85,scraped,
field feminist anthropology,IAB5 Education,0.85,scraped,
field archaeomythology,IAB5 Education,0.85,scraped,
field kinship,IAB5 Education,0.85,scraped,
field legal anthropology,IAB5 Education,0.85,scraped,
field mythology,IAB5 Education,0.85,scraped,
field architectural analytics,IAB5 Education,0.85,scraped,
university dominica,IAB5 Education,0.85,scraped,
field archaeology of trade,IAB5 Education,0.85,scraped,
field archaeology of religion and ritual,IAB5 Education,0.85,scraped,
university tunisia,IAB5 Education,0.85,scraped,
university uganda,IAB5 Education,0.85,scraped,
university zambia,IAB5 Education,0.85,scraped,
university zimbabwe,IAB5 Education,0.85,scraped,
university antigua and barbuda,IAB5 Education,0.85,scraped,
university argentina,IAB5 Education,0.85,scraped,
university bahamas,IAB5 Education,0.85,scraped,
university barbados,IAB5 Education,0.85,scraped,
university belize,IAB5 Education,0.85,scraped,
university bolivia,IAB5 Education,0.85,scraped,
university brazil,IAB5 Education,0.85,scraped,
university canada,IAB5 Education,0.85,scraped,
university cayman islands,IAB5 Education,0.85,scraped,
university chile,IAB5 Education,0.85,scraped,
university colombia,IAB5 Education,0.85,scraped,
university costa rica,IAB5 Education,0.85,scraped,
university cuba,IAB5 Education,0.85,scraped,
field political economic anthropology,IAB5 Education,0.85,scraped,
university south sudan,IAB5 Education,0.85,scraped,
university wales,IAB5 Education,0.85,scraped,
university australia,IAB5 Education,0.85,scraped,
university cook islands,IAB5 Education,0.85,scraped,
field archaeological culture,IAB5 Education,0.85,scraped,
field archaeological theorygreat ages archaeologyfunctionalismprocessualismpost-processualismcognitive archaeologygender archaeologyfeminist archaeology,IAB5 Education,0.85,scraped,
field archaeometryarchaeogeneticsbioarchaeologycomputational archaeologydendrochronologygeoarchaeologyisotope analysispalynologyradiocarbon datingzooarchaeology,IAB5 Education,0.85,scraped,
field political anthropology,IAB5 Education,0.85,scraped,
field visual anthropology,IAB5 Education,0.85,scraped,
field psychological anthropology,IAB5 Education,0.85,scraped,
field public anthropology,IAB5 Education,0.85,scraped,
field ancient historyancient greek history(outline)ancient roman history(outline)history of the roman republichistory of the roman empireancient egyptian history(outline)ancient chinese history(outline)ancient middle eastern history,IAB5 Education,0.85,scraped,
field asian historychinese historyjapanese historykorean historymongolian historyindian history(outline)turkish historyiranian historyphilippine historyindonesian history,IAB5 Education,0.85,scraped,
field european historybritish historyfrench historygerman historydutch historyitalian historyspanish historyportuguese historypolish historybalkan historyscandinavian historyswedish historynorwegian historydanish historyfinnish historyicelandic historyrussian history,IAB5 Education,0.85,scraped,
field australian history,IAB5 Education,0.85,scraped,
field economic history,IAB5 Education,0.85,scraped,
field environmental history,IAB5 Education,0.85,scraped,
field post-medieval archaeology,IAB5 Education,0.85,scraped,
field radiocarbon dating,IAB5 Education,0.85,scraped,
field palynology,IAB5 Education,0.85,scraped,
field isotope analysis,IAB5 Education,0.85,scraped,
field music archaeology,IAB5 Education,0.85,scraped,
field osteology,IAB5 Education,0.85,scraped,
field palaeoarchaeology,IAB5 Education,0.85,scraped,
field paleoethnobotany,IAB5 Education,0.85,scraped,
field paleopathology,IAB5 Education,0.85,scraped,
field paleoradiology,IAB5 Education,0.85,scraped,
field taphonomy,IAB5 Education,0.85,scraped,
field urban archaeology,IAB5 Education,0.85,scraped,
field historical archaeologyprehistoric archaeologyprotohistoric archaeologybiblical archaeologyclassical archaeologyegyptologyassyriologyetruscologynear eastern archaeologymedieval archaeologypost-medieval archaeologyindustrial archaeologycontemporary archaeology,IAB5 Education,0.85,scraped,
field great ages archaeology,IAB5 Education,0.85,scraped,
field functionalism,IAB5 Education,0.85,scraped,
field processualism,IAB5 Education,0.85,scraped,
field post-processualism,IAB5 Education,0.85,scraped,
field cognitive archaeology,IAB5 Education,0.85,scraped,
field gender archaeology,IAB5 Education,0.85,scraped,
field african historysouth african historyegyptian historyeast and central african historynigerian history,IAB5 Education,0.85,scraped,
field contemporary archaeology,IAB5 Education,0.85,scraped,
field industrial archaeology,IAB5 Education,0.85,scraped,
field ethnology,IAB5 Education,0.85,scraped,
field symbolic anthropology,IAB5 Education,0.85,scraped,
field transpersonal anthropology,IAB5 Education,0.85,scraped,
field urban anthropology,IAB5 Education,0.85,scraped,
field anthropology of art,IAB5 Education,0.85,scraped,
field anthropology of institutions,IAB5 Education,0.85,scraped,
field anthropology of media,IAB5 Education,0.85,scraped,
university tanzania,IAB5 Education,0.85,scraped,
field aerial archaeology,IAB5 Education,0.85,scraped,
field aviation archaeology,IAB5 Education,0.85,scraped,
field anthracology,IAB5 Education,0.85,scraped,
field manuscriptology,IAB5 Education,0.85,scraped,
field maritime archaeology,IAB5 Education,0.85,scraped,
field medieval archaeology,IAB5 Education,0.85,scraped,
field modern archaeologysettlement archaeology,IAB5 Education,0.85,scraped,
field settlement archaeology,IAB5 Education,0.85,scraped,
field prehistoric archaeology,IAB5 Education,0.85,scraped,
field protohistoric archaeology,IAB5 Education,0.85,scraped,
field biblical archaeology,IAB5 Education,0.85,scraped,
field classical archaeology,IAB5 Education,0.85,scraped,
field egyptology,IAB5 Education,0.85,scraped,
field assyriology,IAB5 Education,0.85,scraped,
field etruscology,IAB5 Education,0.85,scraped,
field near eastern archaeology,IAB5 Education,0.85,scraped,
field zooarchaeology,IAB5 Education,0.85,scraped,
university togo,IAB5 Education,0.85,scraped,
university uruguay,IAB5 Education,0.85,scraped,
university south africa,IAB5 Education,0.85,scraped,
university dominican republic,IAB5 Education,0.85,scraped,
university lithuania,IAB5 Education,0.85,scraped,
university luxembourg,IAB5 Education,0.85,scraped,
university malta,IAB5 Education,0.85,scraped,
university moldova,IAB5 Education,0.85,scraped,
university monaco,IAB5 Education,0.85,scraped,
university croatia,IAB5 Education,0.85,scraped,
university scotland,IAB5 Education,0.85,scraped,
university cambodia,IAB5 Education,0.85,scraped,
university bhutan,IAB5 Education,0.85,scraped,
university ivory coast,IAB5 Education,0.85,scraped,
university kenya,IAB5 Education,0.85,scraped,
university lesotho,IAB5 Education,0.85,scraped,
university liberia,IAB5 Education,0.85,scraped,
university libya,IAB5 Education,0.85,scraped,
university madagascar,IAB5 Education,0.85,scraped,
university malawi,IAB5 Education,0.85,scraped,
university mali,IAB5 Education,0.85,scraped,
university mauritania,IAB5 Education,0.85,scraped,
university guinea-bissau,IAB5 Education,0.85,scraped,
university mauritius,IAB5 Education,0.85,scraped,
university mozambique,IAB5 Education,0.85,scraped,
university namibia,IAB5 Education,0.85,scraped,
university niger,IAB5 Education,0.85,scraped,
university nigeria,IAB5 Education,0.85,scraped,
university rwanda,IAB5 Education,0.85,scraped,
university liechtenstein,IAB5 Education,0.85,scraped,
university latvia,IAB5 Education,0.85,scraped,
university kosovo,IAB5 Education,0.85,scraped,
university montenegro,IAB5 Education,0.85,scraped,
university turkey,IAB5 Education,0.85,scraped,
university ukraine,IAB5 Education,0.85,scraped,
university united kingdom:universities;colleges offering he coursesenglandnorthern irelandscotlandwales,IAB5 Education,0.85,scraped,
university vatican city,IAB5 Education,0.85,scraped,
university faroe islands,IAB5 Education,0.85,scraped,
university greenland,IAB5 Education,0.85,scraped,
university england,IAB5 Education,0.85,scraped,
university northern ireland,IAB5 Education,0.85,scraped,
university sweden,IAB5 Education,0.85,scraped,
university northern cyprus,IAB5 Education,0.85,scraped,
university netherlands,IAB5 Education,0.85,scraped,
university czech republic,IAB5 Education,0.85,scraped,
university italy,IAB5 Education,0.85,scraped,
university denmarkfaroe islandsgreenland,IAB5 Education,0.85,scraped,
university estonia,IAB5 Education,0.85,scraped,
university finland,IAB5 Education,0.85,scraped,
university france,IAB5 Education,0.85,scraped,
university georgia,IAB5 Education,0.85,scraped,
university germany,IAB5 Education,0.85,scraped,
university gibraltar,IAB5 Education,0.85,scraped,
university greece,IAB5 Education,0.85,scraped,
university hungary,IAB5 Education,0.85,scraped,
university iceland,IAB5 Education,0.85,scraped,
university ireland,IAB5 Education,0.85,scraped,
university são tomé and príncipe,IAB5 Education,0.85,scraped,
university senegal,IAB5 Education,0.85,scraped,
university seychelles,IAB5 Education,0.85,scraped,
university peru,IAB5 Education,0.85,scraped,
university sudan,IAB5 Education,0.85,scraped,
university guatemala,IAB5 Education,0.85,scraped,
university guyana,IAB5 Education,0.85,scraped,
university haiti,IAB5 Education,0.85,scraped,
university honduras,IAB5 Education,0.85,scraped,
university jamaica,IAB5 Education,0.85,scraped,
university mexico,IAB5 Education,0.85,scraped,
university nicaragua,IAB5 Education,0.85,scraped,
university panama,IAB5 Education,0.85,scraped,
university paraguay,IAB5 Education,0.85,scraped,
university grenada,IAB5 Education,0.85,scraped,
university saint vincent and the grenadines,IAB5 Education,0.85,scraped,
university brunei,IAB5 Education,0.85,scraped,
university suriname,IAB5 Education,0.85,scraped,
university trinidad and tobago,IAB5 Education,0.85,scraped,
university united states,IAB5 Education,0.85,scraped,
field archaeogenetics,IAB5 Education,0.85,scraped,
university venezuela,IAB5 Education,0.85,scraped,
university afghanistan,IAB5 Education,0.85,scraped,
university bahrain,IAB5 Education,0.85,scraped,
university bangladesh,IAB5 Education,0.85,scraped,
university saint kitts and nevis,IAB5 Education,0.85,scraped,
university el salvador,IAB5 Education,0.85,scraped,
university ecuador,IAB5 Education,0.85,scraped,
university somaliland,IAB5 Education,0.85,scraped,
university somalia,IAB5 Education,0.85,scraped,
university sierra leone,IAB5 Education,0.85,scraped,
university cameroon,IAB5 Education,0.85,scraped,
university morocco,IAB5 Education,0.85,scraped,
university guinea,IAB5 Education,0.85,scraped,
university ghana,IAB5 Education,0.85,scraped,
university the gambia,IAB5 Education,0.85,scraped,
field regional geography,IAB5 Education,0.85,scraped,
university algeria,IAB5 Education,0.85,scraped,
university angola,IAB5 Education,0.85,scraped,
university benin,IAB5 Education,0.85,scraped,
university botswana,IAB5 Education,0.85,scraped,
university burkina faso,IAB5 Education,0.85,scraped,
university burundi,IAB5 Education,0.85,scraped,
university cape verde,IAB5 Education,0.85,scraped,
university gabon,IAB5 Education,0.85,scraped,
university central african republic,IAB5 Education,0.85,scraped,
university chad,IAB5 Education,0.85,scraped,
university comoros,IAB5 Education,0.85,scraped,
university congo,IAB5 Education,0.85,scraped,
university democratic republic of the congo,IAB5 Education,0.85,scraped,
university djibouti,IAB5 Education,0.85,scraped,
university egypt,IAB5 Education,0.85,scraped,
university eritrea,IAB5 Education,0.85,scraped,
university ethiopia,IAB5 Education,0.85,scraped,
university equatorial guinea,IAB5 Education,0.85,scraped,
university eswatini,IAB5 Education,0.85,scraped,
field feminist archaeology,IAB5 Education,0.85,scraped,
university hispanic america (1538–1812),IAB5 Education,0.85,scraped,
field bioarchaeology,IAB5 Education,0.85,scraped,
field computer graphicsimage processingscientific visualization,IAB5 Education,0.85,scraped,
field stellar astrophysicshelioseismologysolar physicsstellar evolutionstellar nucleosynthesis,IAB5 Education,0.85,scraped,
field space plasma physics,IAB5 Education,0.85,scraped,
field black holes,IAB5 Education,0.85,scraped,
field astrophysical plasma,IAB5 Education,0.85,scraped,
field galaxy formation and evolution,IAB5 Education,0.85,scraped,
field high-energy astrophysics,IAB5 Education,0.85,scraped,
field magnetohydrodynamics,IAB5 Education,0.85,scraped,
field star formation,IAB5 Education,0.85,scraped,
field helioseismology,IAB5 Education,0.85,scraped,
field solar physics,IAB5 Education,0.85,scraped,
field stellar nucleosynthesis,IAB5 Education,0.85,scraped,
field exoplanetology,IAB5 Education,0.85,scraped,
field planetary formation,IAB5 Education,0.85,scraped,
field planetary rings,IAB5 Education,0.85,scraped,
field magnetospheres,IAB5 Education,0.85,scraped,
field planetary geology,IAB5 Education,0.85,scraped,
field planetary surfaces,IAB5 Education,0.85,scraped,
field small solar system bodies,IAB5 Education,0.85,scraped,
field theory of computationautomata theory(formal languages)computability theorycomputational complexity theoryconcurrency theory,IAB5 Education,0.85,scraped,
field vlsi design,IAB5 Education,0.85,scraped,
field operating systems,IAB5 Education,0.85,scraped,
field algorithmsrandomized algorithmsdistributed algorithmsparallel algorithmscomputational geometry,IAB5 Education,0.85,scraped,
field database,IAB5 Education,0.85,scraped,
field stellar evolution,IAB5 Education,0.85,scraped,
field gravitational astronomyblack holes,IAB5 Education,0.85,scraped,
field relativistic astrophysics,IAB5 Education,0.85,scraped,
field orbital mechanics,IAB5 Education,0.85,scraped,
field numerical simulationsastrophysical plasmagalaxy formation and evolutionhigh-energy astrophysicshydrodynamicsmagnetohydrodynamicsstar formation,IAB5 Education,0.85,scraped,
field randomized algorithms,IAB5 Education,0.85,scraped,
field programming languagesprogramming paradigmsimperative programmingobject-oriented programmingfunctional programminglogic programmingconcurrent programmingprogram semanticstype theorycompilers,IAB5 Education,0.85,scraped,
field human–computer interaction,IAB5 Education,0.85,scraped,
"field information science(outline)data managementdata miningdatabase(outline)relational databasedistributed databaseobject databaseinformation retrievalinformation managementinformation systeminformation technologyknowledge managementmultimedia,hypermediasound and music computingquantum information",IAB5 Education,0.85,scraped,
field theoretical computer science,IAB5 Education,0.85,scraped,
field artificial intelligence(outline)cognitive scienceautomated reasoningmachine learningartificial neural networksupport vector machinenatural language processing(computational linguistics)computer vision(outline)expert systemsrobotics(outline),IAB5 Education,0.85,scraped,
"field computer communications (networks)information theoryinternet,world wide webwireless computing(mobile computing)ubiquitous computingcloud computing",IAB5 Education,0.85,scraped,
"field computing inmathematics,natural sciences,engineering, andmedicinenumerical analysisalgebraic (symbolic) computationcomputational number theorycomputational mathematicsscientific computing (computational science)computational biology (bioinformatics)computational physicscomputational chemistrycomputational neurosciencecomputer-aided engineeringfinite element analysiscomputational fluid dynamics",IAB5 Education,0.85,scraped,
field automata theory(formal languages),IAB5 Education,0.85,scraped,
field computability theory,IAB5 Education,0.85,scraped,
field computational complexity theory,IAB5 Education,0.85,scraped,
field concurrency theory,IAB5 Education,0.85,scraped,
field distributed algorithms,IAB5 Education,0.85,scraped,
field interstellar medium,IAB5 Education,0.85,scraped,
field parallel algorithms,IAB5 Education,0.85,scraped,
field computational geometry,IAB5 Education,0.85,scraped,
field information theory,IAB5 Education,0.85,scraped,
"field internet,world wide web",IAB5 Education,0.85,scraped,
field wireless computing(mobile computing),IAB5 Education,0.85,scraped,
field ubiquitous computing,IAB5 Education,0.85,scraped,
field cloud computing,IAB5 Education,0.85,scraped,
"field computing insocial sciences,arts,humanities, andprofessionscomputational economicscomputational sociologycomputational financedigital humanities(humanities computing)history of computer hardwarehistory of computer science(outline)humanistic informaticscommunity informatics",IAB5 Education,0.85,scraped,
field cryptanalysis,IAB5 Education,0.85,scraped,
field computer architecture,IAB5 Education,0.85,scraped,
field data science,IAB5 Education,0.85,scraped,
field cryptography,IAB5 Education,0.85,scraped,
field grid computing,IAB5 Education,0.85,scraped,
field natural language processing(computational linguistics),IAB5 Education,0.85,scraped,
field object-oriented programming,IAB5 Education,0.85,scraped,
field automated reasoning,IAB5 Education,0.85,scraped,
field expert systems,IAB5 Education,0.85,scraped,
field high-performance computing,IAB5 Education,0.85,scraped,
field image processing,IAB5 Education,0.85,scraped,
field scientific visualization,IAB5 Education,0.85,scraped,
field formal methods(formal verification),IAB5 Education,0.85,scraped,
field programming paradigmsimperative programmingobject-oriented programmingfunctional programminglogic programmingconcurrent programming,IAB5 Education,0.85,scraped,
field program semantics,IAB5 Education,0.85,scraped,
field type theory,IAB5 Education,0.85,scraped,
field compilers,IAB5 Education,0.85,scraped,
field imperative programming,IAB5 Education,0.85,scraped,
field functional programming,IAB5 Education,0.85,scraped,
field digital humanities(humanities computing),IAB5 Education,0.85,scraped,
field logic programming,IAB5 Education,0.85,scraped,
field concurrent programming,IAB5 Education,0.85,scraped,
field robotics(outline),IAB5 Education,0.85,scraped,
field data management,IAB5 Education,0.85,scraped,
field database(outline)relational databasedistributed databaseobject database,IAB5 Education,0.85,scraped,
field information retrieval,IAB5 Education,0.85,scraped,
field information management,IAB5 Education,0.85,scraped,
field information system,IAB5 Education,0.85,scraped,
field information technology,IAB5 Education,0.85,scraped,
field knowledge management,IAB5 Education,0.85,scraped,
"field multimedia,hypermediasound and music computing",IAB5 Education,0.85,scraped,
field fault-tolerant computing,IAB5 Education,0.85,scraped,
field logical reasoning,IAB5 Education,0.85,scraped,
field computer vision(outline),IAB5 Education,0.85,scraped,
field machine learningartificial neural networksupport vector machine,IAB5 Education,0.85,scraped,
field artificial neural network,IAB5 Education,0.85,scraped,
field support vector machine,IAB5 Education,0.85,scraped,
field numerical analysis,IAB5 Education,0.85,scraped,
field algebraic (symbolic) computation,IAB5 Education,0.85,scraped,
field computational number theory,IAB5 Education,0.85,scraped,
field computational mathematics,IAB5 Education,0.85,scraped,
field scientific computing (computational science),IAB5 Education,0.85,scraped,
field computational biology (bioinformatics),IAB5 Education,0.85,scraped,
field computer-aided engineeringfinite element analysiscomputational fluid dynamics,IAB5 Education,0.85,scraped,
field finite element analysis,IAB5 Education,0.85,scraped,
field computational fluid dynamics,IAB5 Education,0.85,scraped,
field computational finance,IAB5 Education,0.85,scraped,
field philosophical logiclogical reasoningmodal logicdeontic logicdoxastic logic,IAB5 Education,0.85,scraped,
field history of computer hardware,IAB5 Education,0.85,scraped,
field history of computer science(outline),IAB5 Education,0.85,scraped,
field humanistic informatics,IAB5 Education,0.85,scraped,
field community informatics,IAB5 Education,0.85,scraped,
field mathematical logicset theoryproof theorymodel theoryrecursion theorymodal logicintuitionistic logic,IAB5 Education,0.85,scraped,
field set theory,IAB5 Education,0.85,scraped,
field proof theory,IAB5 Education,0.85,scraped,
field model theory,IAB5 Education,0.85,scraped,
field recursion theory,IAB5 Education,0.85,scraped,
field modal logic,IAB5 Education,0.85,scraped,
field intuitionistic logic,IAB5 Education,0.85,scraped,
field software engineeringformal methods(formal verification),IAB5 Education,0.85,scraped,
field quantum computing,IAB5 Education,0.85,scraped,
field computational archaeology,IAB5 Education,0.85,scraped,
field parallel computinghigh-performance computing,IAB5 Education,0.85,scraped,
university middle ages (pre-1500),IAB5 Education,0.85,scraped,
university international college database,IAB5 Education,0.85,scraped,
university fiji,IAB5 Education,0.85,scraped,
university french polynesia,IAB5 Education,0.85,scraped,
university new zealand,IAB5 Education,0.85,scraped,
university nauru,IAB5 Education,0.85,scraped,
university niue,IAB5 Education,0.85,scraped,
university palau,IAB5 Education,0.85,scraped,
university papua new guinea,IAB5 Education,0.85,scraped,
university samoa,IAB5 Education,0.85,scraped,
university solomon islands,IAB5 Education,0.85,scraped,
university tokelau,IAB5 Education,0.85,scraped,
university tonga,IAB5 Education,0.85,scraped,
university tuvalu,IAB5 Education,0.85,scraped,
university vanuatu,IAB5 Education,0.85,scraped,
university wallis and futuna,IAB5 Education,0.85,scraped,
university international schools,IAB5 Education,0.85,scraped,
university education articles by country,IAB5 Education,0.85,scraped,
university for-profit universities and colleges,IAB5 Education,0.85,scraped,
university largest universities and university networks by enrollment,IAB5 Education,0.85,scraped,
university lists of universities and colleges,IAB5 Education,0.85,scraped,
university world universities and colleges,IAB5 Education,0.85,scraped,
university university directory worldwide,IAB5 Education,0.85,scraped,
field classical arabic,IAB5 Education,0.85,scraped,
field koine greek,IAB5 Education,0.85,scraped,
university early modern age (1501–1800),IAB5 Education,0.85,scraped,
field theology(outline)dogmatic theologyecclesiologysacramental theologysystematic theologychristian ethicshindu ethicsmoral theologyhistorical theology,IAB5 Education,0.85,scraped,
field biblical studies/sacred scripture,IAB5 Education,0.85,scraped,
field canon law,IAB5 Education,0.85,scraped,
field dendrochronology,IAB5 Education,0.85,scraped,
field geoarchaeology,IAB5 Education,0.85,scraped,
field media archaeology,IAB5 Education,0.85,scraped,
field ethnohistory,IAB5 Education,0.85,scraped,
field ethnography,IAB5 Education,0.85,scraped,
field ethnobotany,IAB5 Education,0.85,scraped,
university contemporary (post-1945),IAB5 Education,0.85,scraped,
university spain,IAB5 Education,0.85,scraped,
university spanish philippines (1589–1898),IAB5 Education,0.85,scraped,
university thirteen colonies (1636–1769),IAB5 Education,0.85,scraped,
university oldest universities in continuous operation,IAB5 Education,0.85,scraped,
field church history,IAB5 Education,0.85,scraped,
field biblical hebrew,IAB5 Education,0.85,scraped,
field field ministrypastoral counselingpastoral theologyreligious educationtechniqueshomileticsliturgysacred musicmissiology,IAB5 Education,0.85,scraped,
field hermeneutics,IAB5 Education,0.85,scraped,
university late modern age (1801–1945),IAB5 Education,0.85,scraped,
field scriptural study and languagesbiblical hebrewbiblical studies/sacred scriptureclassical arabickoine greeklatinold church slavonicpalivedic sanskrit,IAB5 Education,0.85,scraped,
field pastoral counseling,IAB5 Education,0.85,scraped,
field pastoral theology,IAB5 Education,0.85,scraped,
field religious educationtechniques,IAB5 Education,0.85,scraped,
field homiletics,IAB5 Education,0.85,scraped,
field liturgy,IAB5 Education,0.85,scraped,
field sacred music,IAB5 Education,0.85,scraped,
field missiology,IAB5 Education,0.85,scraped,
field latin,IAB5 Education,0.85,scraped,
field old church slavonic,IAB5 Education,0.85,scraped,
field medical anthropology,IAB5 Education,0.85,scraped,
field diachronic linguistics(orhistorical linguistics),IAB5 Education,0.85,scraped,
field systematic theology,IAB5 Education,0.85,scraped,
field christian ethics,IAB5 Education,0.85,scraped,
field hindu ethics,IAB5 Education,0.85,scraped,
field moral theology,IAB5 Education,0.85,scraped,
field historical theology,IAB5 Education,0.85,scraped,
field anthropological criminology,IAB5 Education,0.85,scraped,
field anthropological linguisticssynchronic linguistics(ordescriptive linguistics)diachronic linguistics(orhistorical linguistics)ethnolinguisticssemiotic anthropologysociolinguistics,IAB5 Education,0.85,scraped,
field anthrozoology,IAB5 Education,0.85,scraped,
field biological anthropologygene-culture coevolutionevolutionary anthropologyforensic anthropologyhuman behavioral ecologyhuman evolutionmedical anthropologymolecular anthropologyneuroanthropologynutritional anthropologypaleoanthropologypopulation geneticsprimatology,IAB5 Education,0.85,scraped,
field biocultural anthropology,IAB5 Education,0.85,scraped,
field synchronic linguistics(ordescriptive linguistics),IAB5 Education,0.85,scraped,
field ethnolinguistics,IAB5 Education,0.85,scraped,
field ecclesiology,IAB5 Education,0.85,scraped,
field semiotic anthropology,IAB5 Education,0.85,scraped,
field sociolinguistics,IAB5 Education,0.85,scraped,
field gene-culture coevolution,IAB5 Education,0.85,scraped,
field forensic anthropology,IAB5 Education,0.85,scraped,
field remote sensing,IAB5 Education,0.85,scraped,
field ethnomethodology,IAB5 Education,0.85,scraped,
field coastal geography,IAB5 Education,0.85,scraped,
field computer program,IAB5 Education,0.85,scraped,
field computer programming,IAB5 Education,0.85,scraped,
field computer securityandreliabilitycryptanalysiscryptographyfault-tolerant computing,IAB5 Education,0.85,scraped,
field distributed computinggrid computing,IAB5 Education,0.85,scraped,
field sacramental theology,IAB5 Education,0.85,scraped,
field dogmatic theology,IAB5 Education,0.85,scraped,
field molecular anthropology,IAB5 Education,0.85,scraped,
field cognitive anthropology,IAB5 Education,0.85,scraped,
field neuroanthropology,IAB5 Education,0.85,scraped,
field nutritional anthropology,IAB5 Education,0.85,scraped,
field paleoanthropology,IAB5 Education,0.85,scraped,
field population genetics,IAB5 Education,0.85,scraped,
field primatology,IAB5 Education,0.85,scraped,
field cultural anthropologyanthropology of developmentanthropology of religionapplied anthropologycognitive anthropologycyborg anthropologydigital anthropologydigital cultureecological anthropologyeconomic anthropologyenvironmental anthropologyethnobiologyethnobotanyethnographyethnohistoryethnologyethnomuseologyethnomusicologyfeminist anthropologyfolklorekinshiplegal anthropologymythologymissiologypolitical anthropologypolitical economic anthropologypsychological anthropologypublic anthropologysymbolic anthropologytranspersonal anthropologyurban anthropology,IAB5 Education,0.85,scraped,
field linguistic anthropology,IAB5 Education,0.85,scraped,
field social anthropologyanthropology of artanthropology of institutionsanthropology of mediavisual anthropology,IAB5 Education,0.85,scraped,
field anthropology of development,IAB5 Education,0.85,scraped,
field anthropology of religion,IAB5 Education,0.85,scraped,
field applied anthropology,IAB5 Education,0.85,scraped,
field cyborg anthropology,IAB5 Education,0.85,scraped,
field vedic sanskrit,IAB5 Education,0.85,scraped,
field digital anthropology,IAB5 Education,0.85,scraped,
field digital culture,IAB5 Education,0.85,scraped,
field ecological anthropology,IAB5 Education,0.85,scraped,
field economic anthropology,IAB5 Education,0.85,scraped,
field environmental anthropology,IAB5 Education,0.85,scraped,
field ethnobiology,IAB5 Education,0.85,scraped,
field human evolution,IAB5 Education,0.85,scraped,
field modern history,IAB5 Education,0.85,scraped,
field human behavioral ecology,IAB5 Education,0.85,scraped,
field evolutionary anthropology,IAB5 Education,0.85,scraped,
field pali,IAB5 Education,0.85,scraped,
university switzerland,IAB5 Education,0.85,scraped,
university norway,IAB5 Education,0.85,scraped,
university north macedonia,IAB5 Education,0.85,scraped,
field terminology science,IAB5 Education,0.85,scraped,
field argentine history,IAB5 Education,0.85,scraped,
field mayan history,IAB5 Education,0.85,scraped,
field spanish history,IAB5 Education,0.85,scraped,
field epistemology(outline)justificationreasoning errors,IAB5 Education,0.85,scraped,
field portuguese history,IAB5 Education,0.85,scraped,
field balkan history,IAB5 Education,0.85,scraped,
field philosophy of linguistics,IAB5 Education,0.85,scraped,
field linguistic philosophy,IAB5 Education,0.85,scraped,
field philology,IAB5 Education,0.85,scraped,
field phonetics,IAB5 Education,0.85,scraped,
field phonology,IAB5 Education,0.85,scraped,
field pragmatics,IAB5 Education,0.85,scraped,
field psycholinguistics,IAB5 Education,0.85,scraped,
field semantics,IAB5 Education,0.85,scraped,
field semiotics(outline),IAB5 Education,0.85,scraped,
field philosophy of language,IAB5 Education,0.85,scraped,
field syntax,IAB5 Education,0.85,scraped,
field rhetoric,IAB5 Education,0.85,scraped,
field usage,IAB5 Education,0.85,scraped,
field zoroastrianism,IAB5 Education,0.85,scraped,
field business english,IAB5 Education,0.85,scraped,
field classical language,IAB5 Education,0.85,scraped,
field modern language,IAB5 Education,0.85,scraped,
field standard english,IAB5 Education,0.85,scraped,
field world englishes,IAB5 Education,0.85,scraped,
field peruvian history,IAB5 Education,0.85,scraped,
field venezuelan history,IAB5 Education,0.85,scraped,
field colombian history,IAB5 Education,0.85,scraped,
field public history,IAB5 Education,0.85,scraped,
field british history,IAB5 Education,0.85,scraped,
field french history,IAB5 Education,0.85,scraped,
field german history,IAB5 Education,0.85,scraped,
field dutch history,IAB5 Education,0.85,scraped,
field italian history,IAB5 Education,0.85,scraped,
field indian history(outline),IAB5 Education,0.85,scraped,
field mississippian culture,IAB5 Education,0.85,scraped,
field inca history,IAB5 Education,0.85,scraped,
field aztec history,IAB5 Education,0.85,scraped,
field technological history,IAB5 Education,0.85,scraped,
field world history,IAB5 Education,0.85,scraped,
field south african history,IAB5 Education,0.85,scraped,
field brazilian history,IAB5 Education,0.85,scraped,
field egyptian history,IAB5 Education,0.85,scraped,
field east and central african history,IAB5 Education,0.85,scraped,
field nigerian history,IAB5 Education,0.85,scraped,
field north american historyamerican historycanadian historymexican historycuban history,IAB5 Education,0.85,scraped,
field south american historylatin american historybrazilian historycolombian historyvenezuelan historyperuvian historyargentine history,IAB5 Education,0.85,scraped,
field pre-columbian eramayan historyaztec historyinca historymississippian culture,IAB5 Education,0.85,scraped,
field american history,IAB5 Education,0.85,scraped,
field canadian history,IAB5 Education,0.85,scraped,
field mexican history,IAB5 Education,0.85,scraped,
field cuban history,IAB5 Education,0.85,scraped,
field latin american history,IAB5 Education,0.85,scraped,
field meta-philosophy,IAB5 Education,0.85,scraped,
field natural language processing,IAB5 Education,0.85,scraped,
field audio game,IAB5 Education,0.85,scraped,
field morphology,IAB5 Education,0.85,scraped,
field economic geography,IAB5 Education,0.85,scraped,
field economic sector,IAB5 Education,0.85,scraped,
field economic sociology,IAB5 Education,0.85,scraped,
field economic systems,IAB5 Education,0.85,scraped,
field economic value,IAB5 Education,0.85,scraped,
field energy economics,IAB5 Education,0.85,scraped,
field entrepreneurial economics,IAB5 Education,0.85,scraped,
field digital economy,IAB5 Education,0.85,scraped,
field environmental economics,IAB5 Education,0.85,scraped,
field experimental economics,IAB5 Education,0.85,scraped,
field feminist economics,IAB5 Education,0.85,scraped,
field financial economics,IAB5 Education,0.85,scraped,
field financial econometrics,IAB5 Education,0.85,scraped,
field green economics,IAB5 Education,0.85,scraped,
field growth economics,IAB5 Education,0.85,scraped,
field human development theory,IAB5 Education,0.85,scraped,
field industrial organization,IAB5 Education,0.85,scraped,
field information economics,IAB5 Education,0.85,scraped,
field evolutionary economics,IAB5 Education,0.85,scraped,
field development economics,IAB5 Education,0.85,scraped,
field consumer economics,IAB5 Education,0.85,scraped,
field computational economics,IAB5 Education,0.85,scraped,
field performance poetry,IAB5 Education,0.85,scraped,
field spoken word,IAB5 Education,0.85,scraped,
field storytelling,IAB5 Education,0.85,scraped,
field econometrics,IAB5 Education,0.85,scraped,
field ecological economics,IAB5 Education,0.85,scraped,
field nontheism,IAB5 Education,0.85,scraped,
field comics studies,IAB5 Education,0.85,scraped,
field linguistic typology,IAB5 Education,0.85,scraped,
field scandinavian historyswedish historynorwegian historydanish historyfinnish historyicelandic history,IAB5 Education,0.85,scraped,
field russian history,IAB5 Education,0.85,scraped,
field swedish history,IAB5 Education,0.85,scraped,
field norwegian history,IAB5 Education,0.85,scraped,
field danish history,IAB5 Education,0.85,scraped,
field finnish history,IAB5 Education,0.85,scraped,
field icelandic history,IAB5 Education,0.85,scraped,
field classics(outline),IAB5 Education,0.85,scraped,
field languagesbusiness englishclassical languagemodern languagestandard englishworld englishes,IAB5 Education,0.85,scraped,
field applied linguistics,IAB5 Education,0.85,scraped,
field composition studies,IAB5 Education,0.85,scraped,
field culinary arts,IAB5 Education,0.85,scraped,
field computational linguistics,IAB5 Education,0.85,scraped,
field discourse analysis,IAB5 Education,0.85,scraped,
field english studies,IAB5 Education,0.85,scraped,
field etymology,IAB5 Education,0.85,scraped,
field grammar,IAB5 Education,0.85,scraped,
field historical linguistics,IAB5 Education,0.85,scraped,
field history of linguistics,IAB5 Education,0.85,scraped,
field interlinguistics,IAB5 Education,0.85,scraped,
field lexicology,IAB5 Education,0.85,scraped,
field polish history,IAB5 Education,0.85,scraped,
field agnosticism,IAB5 Education,0.85,scraped,
field indonesian history,IAB5 Education,0.85,scraped,
field philippine history,IAB5 Education,0.85,scraped,
field iranian history,IAB5 Education,0.85,scraped,
field turkish history,IAB5 Education,0.85,scraped,
field applied philosophyphilosophy of educationphilosophy of historyphilosophy of religionphilosophy of languagephilosophy of lawphilosophy of mathematicsphilosophy of musicphilosophy of sciencephilosophy of social sciencephilosophy of physicsphilosophy of biologyphilosophy of chemistryphilosophy of economicsphilosophy of psychologyphilosophy of engineeringsystems philosophy,IAB5 Education,0.85,scraped,
field ontology,IAB5 Education,0.85,scraped,
field teleology,IAB5 Education,0.85,scraped,
field philosophy of mindphilosophy of artificial intelligencephilosophy of perceptionphilosophy of pain,IAB5 Education,0.85,scraped,
field philosophy of space and time,IAB5 Education,0.85,scraped,
field philosophy of action,IAB5 Education,0.85,scraped,
field determinismandfree will,IAB5 Education,0.85,scraped,
field philosophy of artificial intelligence,IAB5 Education,0.85,scraped,
field philosophy of perception,IAB5 Education,0.85,scraped,
field philosophy of religion,IAB5 Education,0.85,scraped,
field justification,IAB5 Education,0.85,scraped,
field reasoning errors,IAB5 Education,0.85,scraped,
field meta-ethics,IAB5 Education,0.85,scraped,
field normative ethicsvirtue ethics,IAB5 Education,0.85,scraped,
field applied ethicsanimal rightsbioethicsenvironmental ethics,IAB5 Education,0.85,scraped,
"field moral psychology,descriptive ethics,value theory",IAB5 Education,0.85,scraped,
field virtue ethics,IAB5 Education,0.85,scraped,
field bioethics,IAB5 Education,0.85,scraped,
field philosophy of law,IAB5 Education,0.85,scraped,
field philosophy of chemistry,IAB5 Education,0.85,scraped,
field philosophy of music,IAB5 Education,0.85,scraped,
field sikhism(outline),IAB5 Education,0.85,scraped,
field chinese folk religion,IAB5 Education,0.85,scraped,
field confucianism,IAB5 Education,0.85,scraped,
field shinto,IAB5 Education,0.85,scraped,
field logic(outline)philosophical logicmathematical logic,IAB5 Education,0.85,scraped,
field history of philosophyancient philosophymedieval philosophyscholasticismhumanism(outline)modern philosophycontemporary philosophy,IAB5 Education,0.85,scraped,
field philosophical traditions and schoolsplatonismaristotelianismanalytic philosophycontinental philosophyeastern philosophyfeminist philosophy,IAB5 Education,0.85,scraped,
field medieval philosophyscholasticismhumanism(outline),IAB5 Education,0.85,scraped,
field analytic philosophy,IAB5 Education,0.85,scraped,
field aristotelianism,IAB5 Education,0.85,scraped,
field platonism,IAB5 Education,0.85,scraped,
"Role of Teachers: Educating, Supporting, Collaborating with Parents",IAB5 Education,0.85,synthetic,
field libertarianism(outline),IAB5 Education,0.85,scraped,
field manosphere schools of gender dynamics,IAB5 Education,0.85,scraped,
field feminist philosophy,IAB5 Education,0.85,scraped,
field continental philosophy,IAB5 Education,0.85,scraped,
field marxism,IAB5 Education,0.85,scraped,
field eastern philosophy,IAB5 Education,0.85,scraped,
field mathematical logic,IAB5 Education,0.85,scraped,
field modern philosophy,IAB5 Education,0.85,scraped,
field social philosophyandpolitical philosophyanarchism(outline)feminist philosophymanosphere schools of gender dynamicslibertarianism(outline)marxism,IAB5 Education,0.85,scraped,
field contemporary philosophy,IAB5 Education,0.85,scraped,
field scholasticism,IAB5 Education,0.85,scraped,
field humanism(outline),IAB5 Education,0.85,scraped,
field philosophical logic,IAB5 Education,0.85,scraped,
field anarchism(outline),IAB5 Education,0.85,scraped,
field philosophy of education,IAB5 Education,0.85,scraped,
field philosophy of history,IAB5 Education,0.85,scraped,
field ancient philosophy,IAB5 Education,0.85,scraped,
field environmental ethics,IAB5 Education,0.85,scraped,
field philosophy of pain,IAB5 Education,0.85,scraped,
field animal rights,IAB5 Education,0.85,scraped,
field daoism(outline),IAB5 Education,0.85,scraped,
field i-kuan tao,IAB5 Education,0.85,scraped,
field caodaism,IAB5 Education,0.85,scraped,
field word usage,IAB5 Education,0.85,scraped,
field east asian religionschinese folk religionconfucianismshintodaoism(outline)i-kuan taocaodaismchondogyotenrikyooomoto,IAB5 Education,0.85,scraped,
field other religionsafrican religionsancient egyptian religionnative american religionsgnosticismoccultesotericismmysticismspiritualitynew religious movementssumerian religionzoroastrianism,IAB5 Education,0.85,scraped,
field comparative religion,IAB5 Education,0.85,scraped,
field mythologyandfolklore,IAB5 Education,0.85,scraped,
field theism,IAB5 Education,0.85,scraped,
field irreligionagnosticismatheism(outline) andreligious humanismnontheism,IAB5 Education,0.85,scraped,
field christianity(outline)christian theology(outline),IAB5 Education,0.85,scraped,
field islam(outline)/islamic studies,IAB5 Education,0.85,scraped,
field judaism(outline)/jewish studies,IAB5 Education,0.85,scraped,
field philosophy of mathematics,IAB5 Education,0.85,scraped,
"field ethics(outline)meta-ethicsnormative ethicsvirtue ethicsapplied ethicsanimal rightsbioethicsenvironmental ethicsmoral psychology,descriptive ethics,value theory",IAB5 Education,0.85,scraped,
field metaphysics(outline)ontologyteleologyphilosophy of mindphilosophy of artificial intelligencephilosophy of perceptionphilosophy of painphilosophy of space and timephilosophy of actiondeterminismandfree will,IAB5 Education,0.85,scraped,
field apologetics,IAB5 Education,0.85,scraped,
field ancient roman history(outline)history of the roman republichistory of the roman empire,IAB5 Education,0.85,scraped,
field ancient egyptian history(outline),IAB5 Education,0.85,scraped,
field ancient chinese history(outline),IAB5 Education,0.85,scraped,
field ancient middle eastern history,IAB5 Education,0.85,scraped,
field history of the roman republic,IAB5 Education,0.85,scraped,
field history of the roman empire,IAB5 Education,0.85,scraped,
field chinese history,IAB5 Education,0.85,scraped,
field japanese history,IAB5 Education,0.85,scraped,
field korean history,IAB5 Education,0.85,scraped,
field ancient greek history(outline),IAB5 Education,0.85,scraped,
field mongolian history,IAB5 Education,0.85,scraped,
field indian religionsbuddhism(outline)/buddhist studieshinduism(outline)jainismsikhism(outline),IAB5 Education,0.85,scraped,
field abrahamic religionschristianity(outline)christian theology(outline)islam(outline)/islamic studiesjudaism(outline)/jewish studies,IAB5 Education,0.85,scraped,
field chondogyo,IAB5 Education,0.85,scraped,
field sumerian religion,IAB5 Education,0.85,scraped,
field tenrikyo,IAB5 Education,0.85,scraped,
field jainism,IAB5 Education,0.85,scraped,
field oomoto,IAB5 Education,0.85,scraped,
field ancient egyptian religion,IAB5 Education,0.85,scraped,
field native american religions,IAB5 Education,0.85,scraped,
field gnosticism,IAB5 Education,0.85,scraped,
field occult,IAB5 Education,0.85,scraped,
field esotericism,IAB5 Education,0.85,scraped,
field mysticism,IAB5 Education,0.85,scraped,
field spirituality,IAB5 Education,0.85,scraped,
field new religious movements,IAB5 Education,0.85,scraped,
field african religions,IAB5 Education,0.85,scraped,
field philosophy of psychology,IAB5 Education,0.85,scraped,
field hinduism(outline),IAB5 Education,0.85,scraped,
field buddhism(outline)/buddhist studies,IAB5 Education,0.85,scraped,
field christian theology(outline),IAB5 Education,0.85,scraped,
field philosophy of sciencephilosophy of social sciencephilosophy of physicsphilosophy of biologyphilosophy of chemistryphilosophy of economicsphilosophy of psychology,IAB5 Education,0.85,scraped,
field philosophy of engineering,IAB5 Education,0.85,scraped,
field systems philosophy,IAB5 Education,0.85,scraped,
field philosophy of social science,IAB5 Education,0.85,scraped,
field philosophy of physics,IAB5 Education,0.85,scraped,
field philosophy of biology,IAB5 Education,0.85,scraped,
field aesthetics(outline) /philosophy of art,IAB5 Education,0.85,scraped,
field philosophy of economics,IAB5 Education,0.85,scraped,
field arcade game,IAB5 Education,0.85,scraped,
field outline of video games,IAB5 Education,0.85,scraped,
university slovenia,IAB5 Education,0.85,scraped,
university singapore,IAB5 Education,0.85,scraped,
field theatre(outline)historyactingdirectingstage designpuppetrydramaturgyscenographymusical theatre,IAB5 Education,0.85,scraped,
field film(outline)animationlive actionfilmmakingfilm criticismfilm genrefilm studiesfilm theory,IAB5 Education,0.85,scraped,
field oral literaturepublic speakingperformance poetryspoken wordstorytelling,IAB5 Education,0.85,scraped,
field electronic gamearcade gameaudio gameoutline of video games,IAB5 Education,0.85,scraped,
field accompanying,IAB5 Education,0.85,scraped,
field chamber music,IAB5 Education,0.85,scraped,
field church music,IAB5 Education,0.85,scraped,
field musical composition,IAB5 Education,0.85,scraped,
field conductingchoral conductingorchestral conductingwind ensemble conducting,IAB5 Education,0.85,scraped,
field early music,IAB5 Education,0.85,scraped,
field jazz studies(outline),IAB5 Education,0.85,scraped,
field music education,IAB5 Education,0.85,scraped,
field music history,IAB5 Education,0.85,scraped,
field music genre,IAB5 Education,0.85,scraped,
field music theory,IAB5 Education,0.85,scraped,
field musicologyhistorical musicologysystematic musicology,IAB5 Education,0.85,scraped,
"field organologyorganandhistorical keyboardspianostrings,harp,oud, andguitar(outline)singingwoodwinds,brass, andpercussion",IAB5 Education,0.85,scraped,
field recording,IAB5 Education,0.85,scraped,
field orchestral studies,IAB5 Education,0.85,scraped,
field choral conducting,IAB5 Education,0.85,scraped,
field orchestral conducting,IAB5 Education,0.85,scraped,
field historical musicology,IAB5 Education,0.85,scraped,
field political history,IAB5 Education,0.85,scraped,
field pan-american historynorth american historyamerican historycanadian historymexican historycuban historysouth american historylatin american historybrazilian historycolombian historyvenezuelan historyperuvian historyargentine historypre-columbian eramayan historyaztec historyinca historymississippian culture,IAB5 Education,0.85,scraped,
field intellectual history,IAB5 Education,0.85,scraped,
field wind ensemble conducting,IAB5 Education,0.85,scraped,
field systematic musicology,IAB5 Education,0.85,scraped,
field atheism(outline) andreligious humanism,IAB5 Education,0.85,scraped,
field television studies,IAB5 Education,0.85,scraped,
"field music(outline)accompanyingchamber musicchurch musicmusical compositionconductingchoral conductingorchestral conductingwind ensemble conductingearly musicjazz studies(outline)music educationmusic historymusic genremusic theorymusicologyhistorical musicologysystematic musicologyethnomusicologyorganologyorganandhistorical keyboardspianostrings,harp,oud, andguitar(outline)singingwoodwinds,brass, andpercussionrecordingorchestral studies",IAB5 Education,0.85,scraped,
field dance(outline)choreographydance notationethnochoreologyhistory of dance,IAB5 Education,0.85,scraped,
field television(outline)television studies,IAB5 Education,0.85,scraped,
field piano,IAB5 Education,0.85,scraped,
"field strings,harp,oud, andguitar(outline)",IAB5 Education,0.85,scraped,
field singing,IAB5 Education,0.85,scraped,
"field woodwinds,brass, andpercussion",IAB5 Education,0.85,scraped,
field choreography,IAB5 Education,0.85,scraped,
field dance notation,IAB5 Education,0.85,scraped,
field ethnochoreology,IAB5 Education,0.85,scraped,
field history of dance,IAB5 Education,0.85,scraped,
field history,IAB5 Education,0.85,scraped,
field organandhistorical keyboards,IAB5 Education,0.85,scraped,
field acting,IAB5 Education,0.85,scraped,
field directing,IAB5 Education,0.85,scraped,
field stage design,IAB5 Education,0.85,scraped,
field puppetry,IAB5 Education,0.85,scraped,
field dramaturgy,IAB5 Education,0.85,scraped,
field scenography,IAB5 Education,0.85,scraped,
field musical theatre,IAB5 Education,0.85,scraped,
field animation,IAB5 Education,0.85,scraped,
field live action,IAB5 Education,0.85,scraped,
field filmmaking,IAB5 Education,0.85,scraped,
field film criticism,IAB5 Education,0.85,scraped,
university saudi arabia,IAB5 Education,0.85,scraped,
university south korea,IAB5 Education,0.85,scraped,
field craft,IAB5 Education,0.85,scraped,
university sri lanka,IAB5 Education,0.85,scraped,
university jordan,IAB5 Education,0.85,scraped,
university kazakhstan,IAB5 Education,0.85,scraped,
university kuwait,IAB5 Education,0.85,scraped,
university kyrgyzstan,IAB5 Education,0.85,scraped,
university laos,IAB5 Education,0.85,scraped,
university lebanon,IAB5 Education,0.85,scraped,
university malaysia,IAB5 Education,0.85,scraped,
university macau,IAB5 Education,0.85,scraped,
university mongolia,IAB5 Education,0.85,scraped,
university myanmar,IAB5 Education,0.85,scraped,
university nepal,IAB5 Education,0.85,scraped,
university north korea,IAB5 Education,0.85,scraped,
university oman,IAB5 Education,0.85,scraped,
university bosnia and herzegovina,IAB5 Education,0.85,scraped,
university china (mainland),IAB5 Education,0.85,scraped,
university bulgaria,IAB5 Education,0.85,scraped,
university cyprus,IAB5 Education,0.85,scraped,
field relational database,IAB5 Education,0.85,scraped,
university poland,IAB5 Education,0.85,scraped,
university portugal,IAB5 Education,0.85,scraped,
university romania,IAB5 Education,0.85,scraped,
university russia,IAB5 Education,0.85,scraped,
university san marino,IAB5 Education,0.85,scraped,
university serbia,IAB5 Education,0.85,scraped,
university slovakia,IAB5 Education,0.85,scraped,
university japan,IAB5 Education,0.85,scraped,
university israel,IAB5 Education,0.85,scraped,
university iraq,IAB5 Education,0.85,scraped,
university armenia,IAB5 Education,0.85,scraped,
university syria,IAB5 Education,0.85,scraped,
university taiwan,IAB5 Education,0.85,scraped,
university tajikistan,IAB5 Education,0.85,scraped,
university thailand,IAB5 Education,0.85,scraped,
university turkmenistan,IAB5 Education,0.85,scraped,
university qatar,IAB5 Education,0.85,scraped,
university united arab emirates,IAB5 Education,0.85,scraped,
university vietnam,IAB5 Education,0.85,scraped,
university yemen,IAB5 Education,0.85,scraped,
university albania,IAB5 Education,0.85,scraped,
university andorra,IAB5 Education,0.85,scraped,
university austria,IAB5 Education,0.85,scraped,
university iran,IAB5 Education,0.85,scraped,
university azerbaijan,IAB5 Education,0.85,scraped,
university belarus,IAB5 Education,0.85,scraped,
university belgium,IAB5 Education,0.85,scraped,
university uzbekistan,IAB5 Education,0.85,scraped,
university philippines,IAB5 Education,0.85,scraped,
university palestine,IAB5 Education,0.85,scraped,
university pakistan,IAB5 Education,0.85,scraped,
university east timor,IAB5 Education,0.85,scraped,
university hong kong,IAB5 Education,0.85,scraped,
university india,IAB5 Education,0.85,scraped,
university indonesia,IAB5 Education,0.85,scraped,
field playwrighting,IAB5 Education,0.85,scraped,
field gourmet,IAB5 Education,0.85,scraped,
field gastronomy,IAB5 Education,0.85,scraped,
field food studies,IAB5 Education,0.85,scraped,
field urban geography,IAB5 Education,0.85,scraped,
field development geography,IAB5 Education,0.85,scraped,
field military geography,IAB5 Education,0.85,scraped,
field strategic geography,IAB5 Education,0.85,scraped,
field behavioral geography,IAB5 Education,0.85,scraped,
field children's geographies,IAB5 Education,0.85,scraped,
field health geography,IAB5 Education,0.85,scraped,
field tourism geography,IAB5 Education,0.85,scraped,
field biogeography,IAB5 Education,0.85,scraped,
field climatologypalaeoclimatologycoastal geographygeomorphologygeodesyhydrology/hydrographyglaciologylimnologybiogeochemistryoceanographylandscape ecologypalaeogeography,IAB5 Education,0.85,scraped,
field feminist geography,IAB5 Education,0.85,scraped,
field navigation,IAB5 Education,0.85,scraped,
field cartography(outline),IAB5 Education,0.85,scraped,
field welfare economics,IAB5 Education,0.85,scraped,
field knowledge economy,IAB5 Education,0.85,scraped,
field labor economics,IAB5 Education,0.85,scraped,
field law and economics,IAB5 Education,0.85,scraped,
field macroeconomics,IAB5 Education,0.85,scraped,
field managerial economics,IAB5 Education,0.85,scraped,
field market economy,IAB5 Education,0.85,scraped,
field marxian economics,IAB5 Education,0.85,scraped,
field mathematical economics,IAB5 Education,0.85,scraped,
field microeconomics,IAB5 Education,0.85,scraped,
field monetary economics,IAB5 Education,0.85,scraped,
field neuroeconomics,IAB5 Education,0.85,scraped,
field human geographycultural geographyfeminist geographyeconomic geographydevelopment geographyhistorical geographytime geographypolitical geography&geopoliticsmilitary geographystrategic geographypopulation geographysocial geographybehavioral geographychildren's geographieshealth geographytourism geographyurban geography,IAB5 Education,0.85,scraped,
field social geographybehavioral geographychildren's geographieshealth geographytourism geography,IAB5 Education,0.85,scraped,
field population geography,IAB5 Education,0.85,scraped,
field bioeconomics,IAB5 Education,0.85,scraped,
field fine arts,IAB5 Education,0.85,scraped,
field forgery,IAB5 Education,0.85,scraped,
field graphic artsdrawing(outline)painting(outline)photography(outline),IAB5 Education,0.85,scraped,
field sculpture(outline),IAB5 Education,0.85,scraped,
field drawing(outline),IAB5 Education,0.85,scraped,
field painting(outline),IAB5 Education,0.85,scraped,
field photography(outline),IAB5 Education,0.85,scraped,
field agricultural economics,IAB5 Education,0.85,scraped,
field anarchist economics,IAB5 Education,0.85,scraped,
field applied economics,IAB5 Education,0.85,scraped,
field behavioural economics,IAB5 Education,0.85,scraped,
field business,IAB5 Education,0.85,scraped,
field political geography&geopoliticsmilitary geographystrategic geography,IAB5 Education,0.85,scraped,
field complexity economics,IAB5 Education,0.85,scraped,
field institutional economics,IAB5 Education,0.85,scraped,
field public speaking,IAB5 Education,0.85,scraped,
field international economics,IAB5 Education,0.85,scraped,
field jel classification codesin searching for articles by fields in economics journals,IAB5 Education,0.85,scraped,
field environmental geography,IAB5 Education,0.85,scraped,
field physical geographybiogeography,IAB5 Education,0.85,scraped,
field cultural geographyfeminist geography,IAB5 Education,0.85,scraped,
field economic geographydevelopment geography,IAB5 Education,0.85,scraped,
field historical geography,IAB5 Education,0.85,scraped,
field time geography,IAB5 Education,0.85,scraped,
field participatory economics,IAB5 Education,0.85,scraped,
field political economy,IAB5 Education,0.85,scraped,
field public finance,IAB5 Education,0.85,scraped,
field cuisine,IAB5 Education,0.85,scraped,
field literary journalism,IAB5 Education,0.85,scraped,
field screenwriting,IAB5 Education,0.85,scraped,
field post-colonial literature,IAB5 Education,0.85,scraped,
field traditional food,IAB5 Education,0.85,scraped,
field specialty foods,IAB5 Education,0.85,scraped,
field palatability,IAB5 Education,0.85,scraped,
field acquired taste,IAB5 Education,0.85,scraped,
field aftertaste,IAB5 Education,0.85,scraped,
field appetite,IAB5 Education,0.85,scraped,
field artisanal food,IAB5 Education,0.85,scraped,
field cooking,IAB5 Education,0.85,scraped,
field scientific history,IAB5 Education,0.85,scraped,
field fictionwriting(outline),IAB5 Education,0.85,scraped,
field culinary tourism,IAB5 Education,0.85,scraped,
field delicacy,IAB5 Education,0.85,scraped,
field diet,IAB5 Education,0.85,scraped,
field flavor,IAB5 Education,0.85,scraped,
field food choice,IAB5 Education,0.85,scraped,
field food pairing,IAB5 Education,0.85,scraped,
field food photography,IAB5 Education,0.85,scraped,
field food preparation,IAB5 Education,0.85,scraped,
field food presentation,IAB5 Education,0.85,scraped,
field food safety,IAB5 Education,0.85,scraped,
field food security,IAB5 Education,0.85,scraped,
field non-fictionwriting,IAB5 Education,0.85,scraped,
field creative nonfiction,IAB5 Education,0.85,scraped,
field public economics,IAB5 Education,0.85,scraped,
field english literature,IAB5 Education,0.85,scraped,
field real estate economics,IAB5 Education,0.85,scraped,
field resource economics,IAB5 Education,0.85,scraped,
field social choice theory,IAB5 Education,0.85,scraped,
field socialist economics,IAB5 Education,0.85,scraped,
field socioeconomics,IAB5 Education,0.85,scraped,
field transport economics,IAB5 Education,0.85,scraped,
field islamic economics,IAB5 Education,0.85,scraped,
field film theory,IAB5 Education,0.85,scraped,
field film studies,IAB5 Education,0.85,scraped,
field film genre,IAB5 Education,0.85,scraped,
field comparative literature,IAB5 Education,0.85,scraped,
field world literatureamerican literaturebritish literature,IAB5 Education,0.85,scraped,
field poetics,IAB5 Education,0.85,scraped,
field history of literaturemedieval literaturepost-colonial literaturepost-modern literature,IAB5 Education,0.85,scraped,
field literary theorycritical theory(outline)literary criticismpoeticsrhetoric,IAB5 Education,0.85,scraped,
field literary genre,IAB5 Education,0.85,scraped,
field creative writingcreative nonfictionfictionwriting(outline)non-fictionwritingliterary journalismpoetryscreenwritingplaywrighting,IAB5 Education,0.85,scraped,
field american literature,IAB5 Education,0.85,scraped,
field british literature,IAB5 Education,0.85,scraped,
field poetry,IAB5 Education,0.85,scraped,
field medieval literature,IAB5 Education,0.85,scraped,
field post-modern literature,IAB5 Education,0.85,scraped,
field critical theory(outline),IAB5 Education,0.85,scraped,
field literary criticism,IAB5 Education,0.85,scraped,
field quantum information,IAB5 Education,0.85,scraped,
field data structures,IAB5 Education,0.85,scraped,
field distributed database,IAB5 Education,0.85,scraped,
field political philosophy,IAB5 Education,0.85,scraped,
field medical psychology,IAB5 Education,0.85,scraped,
field military psychology,IAB5 Education,0.85,scraped,
field experimental psychology,IAB5 Education,0.85,scraped,
field moral psychologyanddescriptive ethics,IAB5 Education,0.85,scraped,
field neuropsychology,IAB5 Education,0.85,scraped,
field occupational psychology,IAB5 Education,0.85,scraped,
field occupational health psychology,IAB5 Education,0.85,scraped,
field organizational psychology,IAB5 Education,0.85,scraped,
field parapsychology(outline),IAB5 Education,0.85,scraped,
field pediatric psychology,IAB5 Education,0.85,scraped,
field pedology (children study),IAB5 Education,0.85,scraped,
field personality psychology,IAB5 Education,0.85,scraped,
field phenomenology,IAB5 Education,0.85,scraped,
field political psychology,IAB5 Education,0.85,scraped,
field positive psychology,IAB5 Education,0.85,scraped,
field problem solving,IAB5 Education,0.85,scraped,
field psychoanalysis,IAB5 Education,0.85,scraped,
field music psychology,IAB5 Education,0.85,scraped,
field evolutionary psychology,IAB5 Education,0.85,scraped,
field environmental psychology,IAB5 Education,0.85,scraped,
field educational psychology,IAB5 Education,0.85,scraped,
field nationalism studies,IAB5 Education,0.85,scraped,
field peace and conflict studies,IAB5 Education,0.85,scraped,
field policy studies,IAB5 Education,0.85,scraped,
field political behavior,IAB5 Education,0.85,scraped,
field media psychology,IAB5 Education,0.85,scraped,
field mathematical psychology,IAB5 Education,0.85,scraped,
field legal psychology,IAB5 Education,0.85,scraped,
field sinology(outline) (chinese studies),IAB5 Education,0.85,scraped,
field pacific studies,IAB5 Education,0.85,scraped,
field middle east studiesturkology(turkish studies),IAB5 Education,0.85,scraped,
field russianandeastern european studies,IAB5 Education,0.85,scraped,
field appalachian studies,IAB5 Education,0.85,scraped,
field canadian studies,IAB5 Education,0.85,scraped,
field latin american studies,IAB5 Education,0.85,scraped,
field central asian studies,IAB5 Education,0.85,scraped,
field east asian studies,IAB5 Education,0.85,scraped,
field iranian studies,IAB5 Education,0.85,scraped,
field japanology(japanese studies),IAB5 Education,0.85,scraped,
field korean studies,IAB5 Education,0.85,scraped,
field indology(south asian studies)bengal studiesdravidian studies(dravidology)tamilologypakistan studiessindhology,IAB5 Education,0.85,scraped,
field indigenous psychology,IAB5 Education,0.85,scraped,
field australian studies,IAB5 Education,0.85,scraped,
field geopolitics(political geography),IAB5 Education,0.85,scraped,
field international relations,IAB5 Education,0.85,scraped,
field international organizations,IAB5 Education,0.85,scraped,
field group psychology,IAB5 Education,0.85,scraped,
field family psychology,IAB5 Education,0.85,scraped,
field feminine psychology,IAB5 Education,0.85,scraped,
field forensic psychology,IAB5 Education,0.85,scraped,
field forensic developmental psychology,IAB5 Education,0.85,scraped,
field health psychology,IAB5 Education,0.85,scraped,
field humanistic psychology,IAB5 Education,0.85,scraped,
field political culture,IAB5 Education,0.85,scraped,
field psephology,IAB5 Education,0.85,scraped,
field phytochemistry,IAB5 Education,0.85,scraped,
field public administrationnonprofit administrationnon-governmental organization (ngo) administration,IAB5 Education,0.85,scraped,
field solid-state chemistry,IAB5 Education,0.85,scraped,
field sonochemistry,IAB5 Education,0.85,scraped,
field supramolecular chemistry,IAB5 Education,0.85,scraped,
field surface chemistry,IAB5 Education,0.85,scraped,
field synthetic chemistry,IAB5 Education,0.85,scraped,
field systems chemistry,IAB5 Education,0.85,scraped,
field theoretical chemistry,IAB5 Education,0.85,scraped,
field thermochemistry,IAB5 Education,0.85,scraped,
field electrochemistry,IAB5 Education,0.85,scraped,
field physical organic chemistry,IAB5 Education,0.85,scraped,
field polymer chemistry,IAB5 Education,0.85,scraped,
field atmospheric science,IAB5 Education,0.85,scraped,
field ecology,IAB5 Education,0.85,scraped,
field edaphology,IAB5 Education,0.85,scraped,
field environmental science,IAB5 Education,0.85,scraped,
field forensic geology,IAB5 Education,0.85,scraped,
field gemology,IAB5 Education,0.85,scraped,
field geography(outline),IAB5 Education,0.85,scraped,
field geology(outline),IAB5 Education,0.85,scraped,
field geophysics(outline),IAB5 Education,0.85,scraped,
field hydrogeology,IAB5 Education,0.85,scraped,
field hydrology(outline),IAB5 Education,0.85,scraped,
field meteorology(outline),IAB5 Education,0.85,scraped,
field mineralogy,IAB5 Education,0.85,scraped,
field pedology,IAB5 Education,0.85,scraped,
field soil chemistry,IAB5 Education,0.85,scraped,
field radiochemistry,IAB5 Education,0.85,scraped,
field quantum chemistry,IAB5 Education,0.85,scraped,
field community psychology,IAB5 Education,0.85,scraped,
field public policy,IAB5 Education,0.85,scraped,
field nonprofit administration,IAB5 Education,0.85,scraped,
field non-governmental organization (ngo) administration,IAB5 Education,0.85,scraped,
field abnormal psychology,IAB5 Education,0.85,scraped,
field applied psychology,IAB5 Education,0.85,scraped,
field asian psychology,IAB5 Education,0.85,scraped,
field biological psychology,IAB5 Education,0.85,scraped,
field black psychology,IAB5 Education,0.85,scraped,
field clinical psychology,IAB5 Education,0.85,scraped,
field clinical neuropsychology,IAB5 Education,0.85,scraped,
field cognitive psychology,IAB5 Education,0.85,scraped,
field comparative psychology,IAB5 Education,0.85,scraped,
field urban studiesorurban sociology/rural sociology,IAB5 Education,0.85,scraped,
field conservation psychology,IAB5 Education,0.85,scraped,
field consumer psychology,IAB5 Education,0.85,scraped,
field counseling psychology,IAB5 Education,0.85,scraped,
field criminal psychology,IAB5 Education,0.85,scraped,
field cultural psychology,IAB5 Education,0.85,scraped,
field developmental psychology,IAB5 Education,0.85,scraped,
field differential psychology,IAB5 Education,0.85,scraped,
field ecological psychology,IAB5 Education,0.85,scraped,
field sociomusicology,IAB5 Education,0.85,scraped,
field structural sociology,IAB5 Education,0.85,scraped,
field sociology of the history of science,IAB5 Education,0.85,scraped,
field european studiesceltic studiesgerman studiesindo-european studiesscandinavian studiesslavic studies,IAB5 Education,0.85,scraped,
field bengal studies,IAB5 Education,0.85,scraped,
field asian studiescentral asian studieseast asian studiesiranian studiesjapanology(japanese studies)korean studiessinology(outline) (chinese studies)indology(south asian studies)bengal studiesdravidian studies(dravidology)tamilologypakistan studiessindhologysoutheast asian studies,IAB5 Education,0.85,scraped,
field american studiesappalachian studiescanadian studieslatin american studies,IAB5 Education,0.85,scraped,
field sociobiology,IAB5 Education,0.85,scraped,
field sociocybernetics,IAB5 Education,0.85,scraped,
field sociology of space,IAB5 Education,0.85,scraped,
field social philosophy,IAB5 Education,0.85,scraped,
field sociology of literature,IAB5 Education,0.85,scraped,
field sociology of law,IAB5 Education,0.85,scraped,
field social research,IAB5 Education,0.85,scraped,
field social transformationcomputational sociologyeconomic sociology/socioeconomicseconomic developmentsocial development,IAB5 Education,0.85,scraped,
field sociology of aging,IAB5 Education,0.85,scraped,
field sociology of agriculture,IAB5 Education,0.85,scraped,
field sociology of art,IAB5 Education,0.85,scraped,
field sociology of autism,IAB5 Education,0.85,scraped,
field sociology of childhood,IAB5 Education,0.85,scraped,
field sociology of conflict,IAB5 Education,0.85,scraped,
field sociology of culture,IAB5 Education,0.85,scraped,
field sociology of cyberspace,IAB5 Education,0.85,scraped,
field sociology of deviance,IAB5 Education,0.85,scraped,
field sociology of development,IAB5 Education,0.85,scraped,
field sociology of disaster,IAB5 Education,0.85,scraped,
field sociology of leisure,IAB5 Education,0.85,scraped,
field sociology of education,IAB5 Education,0.85,scraped,
field sociology of fatherhood,IAB5 Education,0.85,scraped,
field sociology of film,IAB5 Education,0.85,scraped,
field sociology of finance,IAB5 Education,0.85,scraped,
field sociology of food,IAB5 Education,0.85,scraped,
field sociological theory,IAB5 Education,0.85,scraped,
field social stratification,IAB5 Education,0.85,scraped,
field social theory,IAB5 Education,0.85,scraped,
field sociology of risk,IAB5 Education,0.85,scraped,
field social economy,IAB5 Education,0.85,scraped,
field social policy,IAB5 Education,0.85,scraped,
field sociology of marriage,IAB5 Education,0.85,scraped,
field sociology of motherhood,IAB5 Education,0.85,scraped,
field sociology of music,IAB5 Education,0.85,scraped,
field sociology of natural resources,IAB5 Education,0.85,scraped,
field sociology of organizations,IAB5 Education,0.85,scraped,
"field sociology of peace, war, and social conflict",IAB5 Education,0.85,scraped,
field sociology of punishment,IAB5 Education,0.85,scraped,
field sociology of race and ethnic relations,IAB5 Education,0.85,scraped,
field sociology of religion,IAB5 Education,0.85,scraped,
field sociology of science,IAB5 Education,0.85,scraped,
field sociology of work,IAB5 Education,0.85,scraped,
field sociology of scientific knowledge,IAB5 Education,0.85,scraped,
field sociology of social change,IAB5 Education,0.85,scraped,
field sociology of markets,IAB5 Education,0.85,scraped,
field sociology of social movements,IAB5 Education,0.85,scraped,
field sociology of sport,IAB5 Education,0.85,scraped,
field sociology of technology,IAB5 Education,0.85,scraped,
field sociology of terrorism,IAB5 Education,0.85,scraped,
field sociology of the body,IAB5 Education,0.85,scraped,
field sociology of the family,IAB5 Education,0.85,scraped,
field file dynamics,IAB5 Education,0.85,scraped,
field sociology of the internet,IAB5 Education,0.85,scraped,
field sociology of gender,IAB5 Education,0.85,scraped,
field sociology of generations,IAB5 Education,0.85,scraped,
field sociology of globalization,IAB5 Education,0.85,scraped,
field dravidian studies(dravidology)tamilology,IAB5 Education,0.85,scraped,
field organizational behavior,IAB5 Education,0.85,scraped,
field organization theory,IAB5 Education,0.85,scraped,
field project management,IAB5 Education,0.85,scraped,
field quality control,IAB5 Education,0.85,scraped,
field strategy,IAB5 Education,0.85,scraped,
field american politics,IAB5 Education,0.85,scraped,
field canadian politics,IAB5 Education,0.85,scraped,
field civics,IAB5 Education,0.85,scraped,
field comparative politics,IAB5 Education,0.85,scraped,
field business studies,IAB5 Education,0.85,scraped,
field european studies,IAB5 Education,0.85,scraped,
field southeast asian studies,IAB5 Education,0.85,scraped,
field human resources management,IAB5 Education,0.85,scraped,
field geomorphology,IAB5 Education,0.85,scraped,
field geodesy,IAB5 Education,0.85,scraped,
field hydrology/hydrographyglaciologylimnologybiogeochemistryoceanography,IAB5 Education,0.85,scraped,
field landscape ecology,IAB5 Education,0.85,scraped,
field palaeogeography,IAB5 Education,0.85,scraped,
field palaeoclimatology,IAB5 Education,0.85,scraped,
field glaciology,IAB5 Education,0.85,scraped,
field limnology,IAB5 Education,0.85,scraped,
field biogeochemistry,IAB5 Education,0.85,scraped,
field oceanography,IAB5 Education,0.85,scraped,
field african studies,IAB5 Education,0.85,scraped,
field management,IAB5 Education,0.85,scraped,
field entrepreneurship,IAB5 Education,0.85,scraped,
field sociology of government,IAB5 Education,0.85,scraped,
field celtic studies,IAB5 Education,0.85,scraped,
field sociology of health and illness,IAB5 Education,0.85,scraped,
field sociology of human consciousness,IAB5 Education,0.85,scraped,
field sociology of immigration,IAB5 Education,0.85,scraped,
field sociology of knowledge,IAB5 Education,0.85,scraped,
field sociology of language,IAB5 Education,0.85,scraped,
field sociology of emotions,IAB5 Education,0.85,scraped,
field psychopathologychild psychopathology,IAB5 Education,0.85,scraped,
field psychology of religion,IAB5 Education,0.85,scraped,
field psychometrics,IAB5 Education,0.85,scraped,
field sindhology,IAB5 Education,0.85,scraped,
field tamilology,IAB5 Education,0.85,scraped,
field german studies,IAB5 Education,0.85,scraped,
field object database,IAB5 Education,0.85,scraped,
field indo-european studies,IAB5 Education,0.85,scraped,
field scandinavian studies,IAB5 Education,0.85,scraped,
field slavic studies,IAB5 Education,0.85,scraped,
field turkology(turkish studies),IAB5 Education,0.85,scraped,
field cultural studies,IAB5 Education,0.85,scraped,
field ethnic studies,IAB5 Education,0.85,scraped,
field culturology,IAB5 Education,0.85,scraped,
field cross-cultural studies,IAB5 Education,0.85,scraped,
field business economics,IAB5 Education,0.85,scraped,
field pakistan studies,IAB5 Education,0.85,scraped,
field business ethics,IAB5 Education,0.85,scraped,
field climatology,IAB5 Education,0.85,scraped,
field physical chemistryelectrochemistryphysical organic chemistry,IAB5 Education,0.85,scraped,
field collective behavioractivismsocial movements,IAB5 Education,0.85,scraped,
field ethnozoology,IAB5 Education,0.85,scraped,
field pure sociology,IAB5 Education,0.85,scraped,
field computational sociology,IAB5 Education,0.85,scraped,
field economic sociology/socioeconomicseconomic developmentsocial development,IAB5 Education,0.85,scraped,
field economic development,IAB5 Education,0.85,scraped,
field social development,IAB5 Education,0.85,scraped,
field aerobiology,IAB5 Education,0.85,scraped,
field anatomycomparative anatomyhuman anatomy(outline),IAB5 Education,0.85,scraped,
field bacteriology,IAB5 Education,0.85,scraped,
field biochemistry(outline),IAB5 Education,0.85,scraped,
field bioinformatics,IAB5 Education,0.85,scraped,
field biophysics(outline),IAB5 Education,0.85,scraped,
field biotechnology(outline),IAB5 Education,0.85,scraped,
field botany(outline)ethnobotanyphycology,IAB5 Education,0.85,scraped,
field cell biology(outline),IAB5 Education,0.85,scraped,
field chronobiology,IAB5 Education,0.85,scraped,
field cognitive biology,IAB5 Education,0.85,scraped,
field computational biology,IAB5 Education,0.85,scraped,
field conservation biology,IAB5 Education,0.85,scraped,
field comparative anatomy,IAB5 Education,0.85,scraped,
field human anatomy(outline),IAB5 Education,0.85,scraped,
field systems biology,IAB5 Education,0.85,scraped,
field embryology,IAB5 Education,0.85,scraped,
field carcinology,IAB5 Education,0.85,scraped,
field cetology,IAB5 Education,0.85,scraped,
field cnidariology,IAB5 Education,0.85,scraped,
field social constructionism,IAB5 Education,0.85,scraped,
field symbolic interactionism,IAB5 Education,0.85,scraped,
field social network analysis,IAB5 Education,0.85,scraped,
field xenobiology,IAB5 Education,0.85,scraped,
field paleobiologypaleontology,IAB5 Education,0.85,scraped,
field parasitology,IAB5 Education,0.85,scraped,
field pathologyanatomical pathologyclinical pathologydermatopathologyforensic pathologyhematopathologyhistopathologymolecular pathologysurgical pathologyphytopathology,IAB5 Education,0.85,scraped,
field physiologyhuman physiologyexercise physiology,IAB5 Education,0.85,scraped,
field population biology,IAB5 Education,0.85,scraped,
field quantum biology,IAB5 Education,0.85,scraped,
field structural biology,IAB5 Education,0.85,scraped,
field atmospheric chemistry,IAB5 Education,0.85,scraped,
field theoretical biology,IAB5 Education,0.85,scraped,
field toxicology,IAB5 Education,0.85,scraped,
field virologymolecular virology,IAB5 Education,0.85,scraped,
field zoology(outline)animal communicationsapiologyarachnologyarthropodologybatrachologybryozoologycarcinologycetologycnidariologyentomologyforensic entomologyethnozoologyethologyhelminthologyherpetologyichthyology(outline)invertebrate zoologymammalogycynologyfelinologymalacologyconchologylimacologyteuthologymyriapodologymyrmecology(outline)nematologyneuroethologyoologyornithology(outline)planktologyprimatologyzootomyzoosemiotics,IAB5 Education,0.85,scraped,
field social movements,IAB5 Education,0.85,scraped,
field nutrition(outline),IAB5 Education,0.85,scraped,
field ecology(outline)agroecologyethnoecologyhuman ecologylandscape ecology,IAB5 Education,0.85,scraped,
field developmental biologyembryologygerontologyteratology,IAB5 Education,0.85,scraped,
field cryobiology,IAB5 Education,0.85,scraped,
field victimology,IAB5 Education,0.85,scraped,
field visual sociology,IAB5 Education,0.85,scraped,
field political sociology,IAB5 Education,0.85,scraped,
field public sociology,IAB5 Education,0.85,scraped,
field social engineering,IAB5 Education,0.85,scraped,
field leisure studies,IAB5 Education,0.85,scraped,
field activism,IAB5 Education,0.85,scraped,
field entomologyforensic entomology,IAB5 Education,0.85,scraped,
field phycology,IAB5 Education,0.85,scraped,
field photochemistry,IAB5 Education,0.85,scraped,
field helminthology,IAB5 Education,0.85,scraped,
field agroecology,IAB5 Education,0.85,scraped,
field ethnoecology,IAB5 Education,0.85,scraped,
field behavioural genetics,IAB5 Education,0.85,scraped,
field molecular genetics,IAB5 Education,0.85,scraped,
field systematics,IAB5 Education,0.85,scraped,
field arthropodology,IAB5 Education,0.85,scraped,
field behavioral neuroscience,IAB5 Education,0.85,scraped,
field neurophysics,IAB5 Education,0.85,scraped,
field computational neuroscience,IAB5 Education,0.85,scraped,
field paleontology,IAB5 Education,0.85,scraped,
field anatomical pathology,IAB5 Education,0.85,scraped,
field clinical pathology,IAB5 Education,0.85,scraped,
field dermatopathology,IAB5 Education,0.85,scraped,
field taxonomy,IAB5 Education,0.85,scraped,
field hematopathology,IAB5 Education,0.85,scraped,
field forensic pathology,IAB5 Education,0.85,scraped,
field apiology,IAB5 Education,0.85,scraped,
field animal communications,IAB5 Education,0.85,scraped,
field exercise physiology,IAB5 Education,0.85,scraped,
field human physiologyexercise physiology,IAB5 Education,0.85,scraped,
field molecular virology,IAB5 Education,0.85,scraped,
field surgical pathology,IAB5 Education,0.85,scraped,
field molecular pathology,IAB5 Education,0.85,scraped,
field histopathology,IAB5 Education,0.85,scraped,
field phytopathology,IAB5 Education,0.85,scraped,
field teratology,IAB5 Education,0.85,scraped,
field gerontology,IAB5 Education,0.85,scraped,
field arachnology,IAB5 Education,0.85,scraped,
field planktology,IAB5 Education,0.85,scraped,
field herpetology,IAB5 Education,0.85,scraped,
field ichthyology(outline),IAB5 Education,0.85,scraped,
field invertebrate zoology,IAB5 Education,0.85,scraped,
field mammalogycynologyfelinology,IAB5 Education,0.85,scraped,
field malacologyconchologylimacologyteuthology,IAB5 Education,0.85,scraped,
field myriapodology,IAB5 Education,0.85,scraped,
field myrmecology(outline),IAB5 Education,0.85,scraped,
field nematology,IAB5 Education,0.85,scraped,
field neuroethology,IAB5 Education,0.85,scraped,
field oology,IAB5 Education,0.85,scraped,
field ornithology(outline),IAB5 Education,0.85,scraped,
field zootomy,IAB5 Education,0.85,scraped,
field ethology,IAB5 Education,0.85,scraped,
field zoosemiotics,IAB5 Education,0.85,scraped,
field forensic entomology,IAB5 Education,0.85,scraped,
field cynology,IAB5 Education,0.85,scraped,
field felinology,IAB5 Education,0.85,scraped,
field conchology,IAB5 Education,0.85,scraped,
field limacology,IAB5 Education,0.85,scraped,
field teuthology,IAB5 Education,0.85,scraped,
field agrochemistry,IAB5 Education,0.85,scraped,
field analytical chemistry,IAB5 Education,0.85,scraped,
field bryozoology,IAB5 Education,0.85,scraped,
field batrachology,IAB5 Education,0.85,scraped,
field neuroscience(outline)behavioral neuroscienceneurophysicscomputational neuroscience,IAB5 Education,0.85,scraped,
field forensic biology,IAB5 Education,0.85,scraped,
field mycology,IAB5 Education,0.85,scraped,
field molecular biology,IAB5 Education,0.85,scraped,
field pharmacology,IAB5 Education,0.85,scraped,
field paleontologypaleobiologypaleoecology,IAB5 Education,0.85,scraped,
field chemical engineering(outline),IAB5 Education,0.85,scraped,
field petrology,IAB5 Education,0.85,scraped,
field sedimentology,IAB5 Education,0.85,scraped,
field mineral physics,IAB5 Education,0.85,scraped,
field molecular physics,IAB5 Education,0.85,scraped,
field nuclear physics,IAB5 Education,0.85,scraped,
field opticsgeometrical opticsphysical opticsquantum optics,IAB5 Education,0.85,scraped,
field particle physics,IAB5 Education,0.85,scraped,
field petrophysics,IAB5 Education,0.85,scraped,
field photonics,IAB5 Education,0.85,scraped,
field physical chemistry,IAB5 Education,0.85,scraped,
field plasma physics,IAB5 Education,0.85,scraped,
field polymer physics,IAB5 Education,0.85,scraped,
field quantum physicsquantum technology,IAB5 Education,0.85,scraped,
field radiophysics,IAB5 Education,0.85,scraped,
field relativitygeneral relativityspecial relativity,IAB5 Education,0.85,scraped,
field mechanicsanalytical mechanicsapplied mechanicsballisticsbiomechanicscelestial mechanicsclassical mechanicscontinuum mechanicsfluid mechanicscompressible flowgas mechanicsfracture mechanicshamiltonian mechanicshydraulicslagrangian mechanicsmatrix mechanicsmolecular mechanicsoptomechanicsparticle mechanicsquantum mechanicsrelativistic mechanicsrelativistic quantum mechanicssoil mechanicssolid mechanicsstatistical mechanicsquantum statistical mechanics,IAB5 Education,0.85,scraped,
field social physics,IAB5 Education,0.85,scraped,
field solid state physics,IAB5 Education,0.85,scraped,
field spintronics,IAB5 Education,0.85,scraped,
field staticsfluid statics,IAB5 Education,0.85,scraped,
field statistical physics,IAB5 Education,0.85,scraped,
field surface physics,IAB5 Education,0.85,scraped,
field petrochemistry,IAB5 Education,0.85,scraped,
field organometallic chemistry,IAB5 Education,0.85,scraped,
field organic chemistry(outline),IAB5 Education,0.85,scraped,
field histochemistry,IAB5 Education,0.85,scraped,
field chemical biology,IAB5 Education,0.85,scraped,
field chemical physics,IAB5 Education,0.85,scraped,
field cheminformatics,IAB5 Education,0.85,scraped,
field computational chemistry,IAB5 Education,0.85,scraped,
field cosmochemistry,IAB5 Education,0.85,scraped,
field environmental chemistry,IAB5 Education,0.85,scraped,
field theoretical sociology,IAB5 Education,0.85,scraped,
field flow chemistry,IAB5 Education,0.85,scraped,
field forensic chemistry,IAB5 Education,0.85,scraped,
field geochemistry,IAB5 Education,0.85,scraped,
field green chemistry,IAB5 Education,0.85,scraped,
field hydrogenation,IAB5 Education,0.85,scraped,
field oenology,IAB5 Education,0.85,scraped,
field immunochemistry,IAB5 Education,0.85,scraped,
field inorganic chemistry,IAB5 Education,0.85,scraped,
field marine chemistry,IAB5 Education,0.85,scraped,
field mathematical chemistry,IAB5 Education,0.85,scraped,
field mechanochemistry,IAB5 Education,0.85,scraped,
field medicinal chemistry,IAB5 Education,0.85,scraped,
field molecular mechanics,IAB5 Education,0.85,scraped,
field nanotechnology,IAB5 Education,0.85,scraped,
field natural product chemistry,IAB5 Education,0.85,scraped,
field neurochemistry,IAB5 Education,0.85,scraped,
field nuclear chemistry,IAB5 Education,0.85,scraped,
field theoretical physicsquantum field theoryquantum gravity,IAB5 Education,0.85,scraped,
field thermal physics,IAB5 Education,0.85,scraped,
field quantum acoustics,IAB5 Education,0.85,scraped,
field femtochemistry,IAB5 Education,0.85,scraped,
field dynamicsanalytical dynamicsastrodynamicsbrownian dynamicsfile dynamicsflight dynamicsfluid dynamicsaerodynamicshydrodynamicsfractional dynamicsgeodynamicsmolecular dynamicsnewtonian dynamicslangevin dynamicsquantum chromodynamicsquantum electrodynamicsrelativistic dynamicsstellar dynamicssystem dynamicsthermodynamicsvehicle dynamics,IAB5 Education,0.85,scraped,
field econophysics,IAB5 Education,0.85,scraped,
field electromagnetismelectricityelectrostaticmagnetism,IAB5 Education,0.85,scraped,
field engineering physics,IAB5 Education,0.85,scraped,
field experimental physics,IAB5 Education,0.85,scraped,
field geophysics(outline)biogeophysicsgeomagnetism,IAB5 Education,0.85,scraped,
field kinematicsfluid kinematicsrelativistic kinematics,IAB5 Education,0.85,scraped,
field kineticselectrokineticshomeokinetics,IAB5 Education,0.85,scraped,
field laser physics,IAB5 Education,0.85,scraped,
"field planetary science(alternatively, a part ofspace science)",IAB5 Education,0.85,scraped,
field catalysts,IAB5 Education,0.85,scraped,
field astrochemistry,IAB5 Education,0.85,scraped,
field cryogenics,IAB5 Education,0.85,scraped,
field genetics(outline)behavioural geneticsmolecular geneticspopulation genetics,IAB5 Education,0.85,scraped,
field geobiology,IAB5 Education,0.85,scraped,
field endocrinology,IAB5 Education,0.85,scraped,
field evolution(outline)systematicstaxonomy,IAB5 Education,0.85,scraped,
field histology,IAB5 Education,0.85,scraped,
field human biology,IAB5 Education,0.85,scraped,
field immunology(outline),IAB5 Education,0.85,scraped,
field linnaean taxonomy,IAB5 Education,0.85,scraped,
field marine biology,IAB5 Education,0.85,scraped,
field mathematical biology,IAB5 Education,0.85,scraped,
field microbiology,IAB5 Education,0.85,scraped,
field digital physics,IAB5 Education,0.85,scraped,
field condensed matter physics,IAB5 Education,0.85,scraped,
field accelerator physics,IAB5 Education,0.85,scraped,
field tectonics,IAB5 Education,0.85,scraped,
field communication physics,IAB5 Education,0.85,scraped,
field atmospheric electricity,IAB5 Education,0.85,scraped,
field analytical dynamics,IAB5 Education,0.85,scraped,
field astrodynamics,IAB5 Education,0.85,scraped,
field soil physics,IAB5 Education,0.85,scraped,
field medical physics,IAB5 Education,0.85,scraped,
field mathematical physics,IAB5 Education,0.85,scraped,
field materials physics,IAB5 Education,0.85,scraped,
field seismology,IAB5 Education,0.85,scraped,
field soil science,IAB5 Education,0.85,scraped,
field speleology,IAB5 Education,0.85,scraped,
field volcanology,IAB5 Education,0.85,scraped,
field computational physics,IAB5 Education,0.85,scraped,
field paleobiology,IAB5 Education,0.85,scraped,
field paleoecology,IAB5 Education,0.85,scraped,
field acoustics(outline)quantum acoustics,IAB5 Education,0.85,scraped,
field agrophysics,IAB5 Education,0.85,scraped,
field applied physics(outline)accelerator physicscommunication physics,IAB5 Education,0.85,scraped,
field astrophysics,IAB5 Education,0.85,scraped,
field atmospheric physicsatmospheric electricity,IAB5 Education,0.85,scraped,
"field atomic, molecular, and optical physics",IAB5 Education,0.85,scraped,
field atomic physics,IAB5 Education,0.85,scraped,
field biophysics(outline)neurophysics,IAB5 Education,0.85,scraped,
field classical physics,IAB5 Education,0.85,scraped,
field psychophysics,IAB5 Education,0.85,scraped,
field decision science,IAB5 Education,0.85,scraped,
field empirical sociology,IAB5 Education,0.85,scraped,
field affect control theory,IAB5 Education,0.85,scraped,
field educational sociology,IAB5 Education,0.85,scraped,
field hydroponics,IAB5 Education,0.85,scraped,
field plant science(outline)pomology,IAB5 Education,0.85,scraped,
field pest control,IAB5 Education,0.85,scraped,
field purification,IAB5 Education,0.85,scraped,
field viticulture,IAB5 Education,0.85,scraped,
field beekeeping(apiculture),IAB5 Education,0.85,scraped,
field aquaculture,IAB5 Education,0.85,scraped,
field food engineering,IAB5 Education,0.85,scraped,
field architecture(outline)interior architecturelandscape architecture,IAB5 Education,0.85,scraped,
field historic preservation,IAB5 Education,0.85,scraped,
field interior design(interior architecture),IAB5 Education,0.85,scraped,
field landscape architecture(landscape planning),IAB5 Education,0.85,scraped,
field landscape design,IAB5 Education,0.85,scraped,
field urban planning(urban design),IAB5 Education,0.85,scraped,
field visual communicationgraphic designtype designtechnical drawing,IAB5 Education,0.85,scraped,
field industrial design(product design)ergonomics(outline)toy and amusement design,IAB5 Education,0.85,scraped,
field user experience designinteraction designinformation architectureuser interface designuser experience evaluation,IAB5 Education,0.85,scraped,
field decorative arts,IAB5 Education,0.85,scraped,
field fashion design,IAB5 Education,0.85,scraped,
field textile design,IAB5 Education,0.85,scraped,
field interior architecture,IAB5 Education,0.85,scraped,
field pomology,IAB5 Education,0.85,scraped,
field landscape architecture,IAB5 Education,0.85,scraped,
field agricultural engineeringbiological systems engineeringfood engineering,IAB5 Education,0.85,scraped,
field forestry,IAB5 Education,0.85,scraped,
field food scienceculinary arts,IAB5 Education,0.85,scraped,
field fogponics,IAB5 Education,0.85,scraped,
field space survival,IAB5 Education,0.85,scraped,
field robotic spacecraft,IAB5 Education,0.85,scraped,
field space corrosion,IAB5 Education,0.85,scraped,
field space architecture,IAB5 Education,0.85,scraped,
field space colonization,IAB5 Education,0.85,scraped,
field space commercializationspace-based economyspace industryspace manufacturingspace tourism,IAB5 Education,0.85,scraped,
field space environment,IAB5 Education,0.85,scraped,
field space logistics,IAB5 Education,0.85,scraped,
field space food,IAB5 Education,0.85,scraped,
field space medicineneuroscience in space,IAB5 Education,0.85,scraped,
field space religion,IAB5 Education,0.85,scraped,
field space sex,IAB5 Education,0.85,scraped,
field space warfare,IAB5 Education,0.85,scraped,
field entomology,IAB5 Education,0.85,scraped,
field space writing,IAB5 Education,0.85,scraped,
field space-based economy,IAB5 Education,0.85,scraped,
field space industry,IAB5 Education,0.85,scraped,
field space manufacturing,IAB5 Education,0.85,scraped,
field space tourism,IAB5 Education,0.85,scraped,
field modal logicdeontic logicdoxastic logic,IAB5 Education,0.85,scraped,
field fluid dynamicsaerodynamicshydrodynamics,IAB5 Education,0.85,scraped,
field deontic logic,IAB5 Education,0.85,scraped,
field logic in computer scienceprogramming language semanticsformal methods(formal verification)type theorylogic programmingmulti-valued logicfuzzy logic,IAB5 Education,0.85,scraped,
field aquaponics,IAB5 Education,0.85,scraped,
field enology,IAB5 Education,0.85,scraped,
field animal husbandry(animal science)beekeeping(apiculture),IAB5 Education,0.85,scraped,
field control systems,IAB5 Education,0.85,scraped,
field physics education,IAB5 Education,0.85,scraped,
field dynamical systems,IAB5 Education,0.85,scraped,
field type design,IAB5 Education,0.85,scraped,
field educational leadership,IAB5 Education,0.85,scraped,
field educational philosophy,IAB5 Education,0.85,scraped,
field educational technology,IAB5 Education,0.85,scraped,
field distance education,IAB5 Education,0.85,scraped,
field alternative education,IAB5 Education,0.85,scraped,
field early childhood education,IAB5 Education,0.85,scraped,
field elementary education,IAB5 Education,0.85,scraped,
field secondary education,IAB5 Education,0.85,scraped,
field higher education,IAB5 Education,0.85,scraped,
field mastery learning,IAB5 Education,0.85,scraped,
field cooperative learning,IAB5 Education,0.85,scraped,
field agricultural education,IAB5 Education,0.85,scraped,
field art education,IAB5 Education,0.85,scraped,
field curriculum and instructionalternative educationearly childhood educationelementary educationsecondary educationhigher educationmastery learningcooperative learningagricultural educationart educationbilingual educationchemistry educationcounselor educationlanguage educationlegal educationmathematics educationmedical educationmilitary education and trainingmusic educationnursing educationoutdoor educationpeace educationphysical education/sports coachingphysics educationreading educationreligious educationscience educationspecial educationsex educationsociology of educationtechnology educationvocational education,IAB5 Education,0.85,scraped,
field bilingual education,IAB5 Education,0.85,scraped,
field counselor education,IAB5 Education,0.85,scraped,
field language education,IAB5 Education,0.85,scraped,
field legal education,IAB5 Education,0.85,scraped,
field mathematics education,IAB5 Education,0.85,scraped,
field medical education,IAB5 Education,0.85,scraped,
field military education and training,IAB5 Education,0.85,scraped,
field nursing education,IAB5 Education,0.85,scraped,
field outdoor education,IAB5 Education,0.85,scraped,
field peace education,IAB5 Education,0.85,scraped,
field graphic designtype design,IAB5 Education,0.85,scraped,
field second-order cybernetics,IAB5 Education,0.85,scraped,
field family systems theory,IAB5 Education,0.85,scraped,
field ergonomics,IAB5 Education,0.85,scraped,
field perceptual control theory,IAB5 Education,0.85,scraped,
field computational systems biology,IAB5 Education,0.85,scraped,
field synthetic biology,IAB5 Education,0.85,scraped,
field systems immunology,IAB5 Education,0.85,scraped,
field systems neuroscience,IAB5 Education,0.85,scraped,
field social dynamics,IAB5 Education,0.85,scraped,
field ecosystem ecology,IAB5 Education,0.85,scraped,
field biological systems engineering,IAB5 Education,0.85,scraped,
field earth systems engineering and management,IAB5 Education,0.85,scraped,
field enterprise systems engineering,IAB5 Education,0.85,scraped,
field anthroponics,IAB5 Education,0.85,scraped,
field systemic therapy,IAB5 Education,0.85,scraped,
field agronomy,IAB5 Education,0.85,scraped,
field biochemical systems theory,IAB5 Education,0.85,scraped,
field ecological systems theory,IAB5 Education,0.85,scraped,
field developmental systems theory,IAB5 Education,0.85,scraped,
field general systems theory,IAB5 Education,0.85,scraped,
field living systems theory,IAB5 Education,0.85,scraped,
field lti system theory,IAB5 Education,0.85,scraped,
field sociotechnical systems theory,IAB5 Education,0.85,scraped,
field mathematical system theory,IAB5 Education,0.85,scraped,
field world-systems theory,IAB5 Education,0.85,scraped,
field aeroponics,IAB5 Education,0.85,scraped,
field agrology,IAB5 Education,0.85,scraped,
field human spaceflight,IAB5 Education,0.85,scraped,
field control engineering,IAB5 Education,0.85,scraped,
field aeronautics,IAB5 Education,0.85,scraped,
field astronauticsspace architecturespace colonizationspace commercializationspace-based economyspace industryspace manufacturingspace tourismspace environmentspace logisticsspace foodspace medicineneuroscience in spacespace religionspace sexspace survivalspace warfarespace writing,IAB5 Education,0.85,scraped,
field quantum field theory,IAB5 Education,0.85,scraped,
field quantum gravity,IAB5 Education,0.85,scraped,
field aerospace engineeringaerospace architectureaerospace physiologyaerospace manufacturingastronauticsspace architecturespace colonizationspace commercializationspace-based economyspace industryspace manufacturingspace tourismspace environmentspace logisticsspace foodspace medicineneuroscience in spacespace religionspace sexspace survivalspace warfarespace writingaeronauticscontrol engineeringhuman spaceflightrobotic spacecraftspace corrosion,IAB5 Education,0.85,scraped,
field space technologyspace telescopesspace-based radarspace-based solar powerspacecraft designspacecraft propulsion,IAB5 Education,0.85,scraped,
field asteroid-impact avoidance,IAB5 Education,0.85,scraped,
field astrobiology,IAB5 Education,0.85,scraped,
field quantum statistical mechanics,IAB5 Education,0.85,scraped,
field astrobotany,IAB5 Education,0.85,scraped,
field fluid mechanicscompressible flowgas mechanics,IAB5 Education,0.85,scraped,
field classical mechanics,IAB5 Education,0.85,scraped,
field fractional dynamics,IAB5 Education,0.85,scraped,
field geodynamics,IAB5 Education,0.85,scraped,
field molecular dynamics,IAB5 Education,0.85,scraped,
field newtonian dynamics,IAB5 Education,0.85,scraped,
field langevin dynamics,IAB5 Education,0.85,scraped,
field quantum chromodynamics,IAB5 Education,0.85,scraped,
field quantum electrodynamics,IAB5 Education,0.85,scraped,
field climatologypalaeoclimatology,IAB5 Education,0.85,scraped,
field stellar dynamics,IAB5 Education,0.85,scraped,
field system dynamics,IAB5 Education,0.85,scraped,
field thermodynamics,IAB5 Education,0.85,scraped,
field vehicle dynamics,IAB5 Education,0.85,scraped,
field aerodynamics,IAB5 Education,0.85,scraped,
field continuum mechanics,IAB5 Education,0.85,scraped,
field hydrodynamics,IAB5 Education,0.85,scraped,
field fluid statics,IAB5 Education,0.85,scraped,
field special relativity,IAB5 Education,0.85,scraped,
field general relativity,IAB5 Education,0.85,scraped,
field particle mechanics,IAB5 Education,0.85,scraped,
field sound and music computing,IAB5 Education,0.85,scraped,
field cognitive scienceautomated reasoningmachine learningartificial neural networksupport vector machinenatural language processing(computational linguistics)computer vision(outline),IAB5 Education,0.85,scraped,
field data mining,IAB5 Education,0.85,scraped,
field computational astrophysics,IAB5 Education,0.85,scraped,
field compact objects,IAB5 Education,0.85,scraped,
field solar astronomy,IAB5 Education,0.85,scraped,
field hamiltonian mechanics,IAB5 Education,0.85,scraped,
field hydraulics,IAB5 Education,0.85,scraped,
field lagrangian mechanics,IAB5 Education,0.85,scraped,
field matrix mechanics,IAB5 Education,0.85,scraped,
field optomechanics,IAB5 Education,0.85,scraped,
field quantum mechanics,IAB5 Education,0.85,scraped,
field quantum technology,IAB5 Education,0.85,scraped,
field relativistic mechanics,IAB5 Education,0.85,scraped,
field relativistic quantum mechanics,IAB5 Education,0.85,scraped,
field soil mechanics,IAB5 Education,0.85,scraped,
field solid mechanics,IAB5 Education,0.85,scraped,
field statistical mechanicsquantum statistical mechanics,IAB5 Education,0.85,scraped,
field compressible flow,IAB5 Education,0.85,scraped,
field fracture mechanics,IAB5 Education,0.85,scraped,
field gas mechanics,IAB5 Education,0.85,scraped,
field geometrical optics,IAB5 Education,0.85,scraped,
field physical optics,IAB5 Education,0.85,scraped,
field quantum optics,IAB5 Education,0.85,scraped,
field magnetism,IAB5 Education,0.85,scraped,
field electrostatic,IAB5 Education,0.85,scraped,
field biogeophysics,IAB5 Education,0.85,scraped,
field neutrino astronomy,IAB5 Education,0.85,scraped,
field spectroscopy,IAB5 Education,0.85,scraped,
field stellar astronomysolar astronomy,IAB5 Education,0.85,scraped,
field radio astronomy,IAB5 Education,0.85,scraped,
field microwave astronomy,IAB5 Education,0.85,scraped,
field submillimetre astronomy,IAB5 Education,0.85,scraped,
field infrared astronomy,IAB5 Education,0.85,scraped,
field optical astronomy,IAB5 Education,0.85,scraped,
field uv astronomy,IAB5 Education,0.85,scraped,
field x-ray astronomy,IAB5 Education,0.85,scraped,
field gamma-ray astronomy,IAB5 Education,0.85,scraped,
field cosmic-ray astronomy,IAB5 Education,0.85,scraped,
field gravitational wave astronomy,IAB5 Education,0.85,scraped,
field space-based solar power,IAB5 Education,0.85,scraped,
field photometry,IAB5 Education,0.85,scraped,
field space-based radar,IAB5 Education,0.85,scraped,
field space telescopes,IAB5 Education,0.85,scraped,
field neuroscience in space,IAB5 Education,0.85,scraped,
field space archaeology,IAB5 Education,0.85,scraped,
field space exploration,IAB5 Education,0.85,scraped,
field space law,IAB5 Education,0.85,scraped,
field space nuclear power,IAB5 Education,0.85,scraped,
field aerospace architecture,IAB5 Education,0.85,scraped,
field aerospace physiology,IAB5 Education,0.85,scraped,
field aerospace manufacturing,IAB5 Education,0.85,scraped,
field observational astronomyradio astronomymicrowave astronomysubmillimetre astronomyinfrared astronomyoptical astronomyuv astronomyx-ray astronomygamma-ray astronomycosmic-ray astronomyneutrino astronomygravitational wave astronomy,IAB5 Education,0.85,scraped,
field high-energy astronomy,IAB5 Education,0.85,scraped,
field geomagnetism,IAB5 Education,0.85,scraped,
field cosmologyphysical cosmology,IAB5 Education,0.85,scraped,
field fluid kinematics,IAB5 Education,0.85,scraped,
field relativistic kinematics,IAB5 Education,0.85,scraped,
field electrokinetics,IAB5 Education,0.85,scraped,
field homeokinetics,IAB5 Education,0.85,scraped,
field analytical mechanics,IAB5 Education,0.85,scraped,
field applied mechanics,IAB5 Education,0.85,scraped,
field ballistics,IAB5 Education,0.85,scraped,
field biomechanics,IAB5 Education,0.85,scraped,
field celestial mechanics,IAB5 Education,0.85,scraped,
field electricityelectrostatic,IAB5 Education,0.85,scraped,
field astrochemistrytheoretical astronomy,IAB5 Education,0.85,scraped,
field micro-g environment research,IAB5 Education,0.85,scraped,
field galactic astronomy,IAB5 Education,0.85,scraped,
field spacecraft design,IAB5 Education,0.85,scraped,
field spacecraft propulsion,IAB5 Education,0.85,scraped,
field theoretical astronomy,IAB5 Education,0.85,scraped,
field physical cosmology,IAB5 Education,0.85,scraped,
field astronomy(outline)archaeoastronomyastrometryamateur astronomyforensic astronomyextragalactic astronomygalactic astronomyhigh-energy astronomyobservational astronomyradio astronomymicrowave astronomysubmillimetre astronomyinfrared astronomyoptical astronomyuv astronomyx-ray astronomygamma-ray astronomycosmic-ray astronomyneutrino astronomygravitational wave astronomyphotometryspectroscopystellar astronomysolar astronomy,IAB5 Education,0.85,scraped,
field astrophysicscelestial mechanicscompact objectscomputational astrophysicsgravitational astronomyblack holesinterstellar mediumnumerical simulationsastrophysical plasmagalaxy formation and evolutionhigh-energy astrophysicshydrodynamicsmagnetohydrodynamicsstar formationorbital mechanicsphysical cosmologyrelativistic astrophysicsstellar astrophysicshelioseismologysolar physicsstellar evolutionstellar nucleosynthesisspace plasma physics,IAB5 Education,0.85,scraped,
"field planetary science(alternatively, a part ofearth science)atmospheric scienceexoplanetologyplanetary formationplanetary ringsmagnetospheresplanetary geologyplanetary surfacessmall solar system bodies",IAB5 Education,0.85,scraped,
field astrometry,IAB5 Education,0.85,scraped,
field amateur astronomy,IAB5 Education,0.85,scraped,
field forensic astronomy,IAB5 Education,0.85,scraped,
field extragalactic astronomy,IAB5 Education,0.85,scraped,
field physical education/sports coaching,IAB5 Education,0.85,scraped,
field horticulture,IAB5 Education,0.85,scraped,
field reading education,IAB5 Education,0.85,scraped,
field human ecology,IAB5 Education,0.85,scraped,
field inventory theory,IAB5 Education,0.85,scraped,
field scheduling,IAB5 Education,0.85,scraped,
field real options analysis,IAB5 Education,0.85,scraped,
field systems analysis,IAB5 Education,0.85,scraped,
field stochastic processes,IAB5 Education,0.85,scraped,
field optimal maintenance,IAB5 Education,0.85,scraped,
field chaos theory,IAB5 Education,0.85,scraped,
field fractal geometry,IAB5 Education,0.85,scraped,
field quantum gravitystring theory,IAB5 Education,0.85,scraped,
field statistical mechanics,IAB5 Education,0.85,scraped,
field string theory,IAB5 Education,0.85,scraped,
field coding theory,IAB5 Education,0.85,scraped,
field mathematical statistics,IAB5 Education,0.85,scraped,
field actuarial science,IAB5 Education,0.85,scraped,
field demography,IAB5 Education,0.85,scraped,
field computational statisticsdata miningregression(outline)simulationbootstrap (statistics),IAB5 Education,0.85,scraped,
field design of experimentsblock designandanalysis of varianceresponse surface methodology,IAB5 Education,0.85,scraped,
field sample surveysampling theory,IAB5 Education,0.85,scraped,
field statistical modellingbiostatisticsepidemiologymultivariate analysisstructural equation modeltime seriesreliability theoryquality control,IAB5 Education,0.85,scraped,
field statistical theorydecision theorymathematical statisticsprobability(outline)survey methodology,IAB5 Education,0.85,scraped,
field doxastic logic,IAB5 Education,0.85,scraped,
field flight dynamics,IAB5 Education,0.85,scraped,
field relativistic dynamics,IAB5 Education,0.85,scraped,
field brownian dynamics,IAB5 Education,0.85,scraped,
field futures studies(outline),IAB5 Education,0.85,scraped,
field decision analysis,IAB5 Education,0.85,scraped,
field assignment problem,IAB5 Education,0.85,scraped,
field dynamic programming,IAB5 Education,0.85,scraped,
field systems psychologyergonomicsfamily systems theorysystemic therapy,IAB5 Education,0.85,scraped,
field block designandanalysis of variance,IAB5 Education,0.85,scraped,
field conceptual systems,IAB5 Education,0.85,scraped,
field complex system,IAB5 Education,0.85,scraped,
field cyberneticsbiocyberneticsengineering cyberneticsmanagement cyberneticsmedical cyberneticsnew cyberneticssecond-order cyberneticssociocybernetics,IAB5 Education,0.85,scraped,
field control theoryaffect control theorycontrol engineeringcontrol systemsdynamical systemsperceptual control theory,IAB5 Education,0.85,scraped,
field operations research,IAB5 Education,0.85,scraped,
field systems biologycomputational systems biologysynthetic biologysystems immunologysystems neuroscience,IAB5 Education,0.85,scraped,
field system dynamicssocial dynamics,IAB5 Education,0.85,scraped,
field systems ecologyecosystem ecology,IAB5 Education,0.85,scraped,
field systems engineeringbiological systems engineeringearth systems engineering and managemententerprise systems engineeringsystems analysis,IAB5 Education,0.85,scraped,
field systems theory in anthropology,IAB5 Education,0.85,scraped,
field systems theorybiochemical systems theoryecological systems theorydevelopmental systems theorygeneral systems theoryliving systems theorylti system theorysociotechnical systems theorymathematical system theoryworld-systems theory,IAB5 Education,0.85,scraped,
field linear programming,IAB5 Education,0.85,scraped,
field biocybernetics,IAB5 Education,0.85,scraped,
field engineering cybernetics,IAB5 Education,0.85,scraped,
field communications system,IAB5 Education,0.85,scraped,
field bootstrap (statistics),IAB5 Education,0.85,scraped,
field simulationbootstrap (statistics),IAB5 Education,0.85,scraped,
field regression(outline),IAB5 Education,0.85,scraped,
field steganography,IAB5 Education,0.85,scraped,
field combinatorics(outline)coding theory,IAB5 Education,0.85,scraped,
field graph theory,IAB5 Education,0.85,scraped,
field game theory,IAB5 Education,0.85,scraped,
field mathematical optimization,IAB5 Education,0.85,scraped,
field historical sociology,IAB5 Education,0.85,scraped,
field humanistic sociology,IAB5 Education,0.85,scraped,
field probability(outline),IAB5 Education,0.85,scraped,
field industrial sociology,IAB5 Education,0.85,scraped,
field rehabilitation psychology,IAB5 Education,0.85,scraped,
field school psychology,IAB5 Education,0.85,scraped,
field social psychology,IAB5 Education,0.85,scraped,
field sport psychology,IAB5 Education,0.85,scraped,
field traffic psychology,IAB5 Education,0.85,scraped,
field transpersonal psychology,IAB5 Education,0.85,scraped,
field travel psychology,IAB5 Education,0.85,scraped,
field child psychopathology,IAB5 Education,0.85,scraped,
field analytical sociology,IAB5 Education,0.85,scraped,
field applied sociologypolitical sociologypublic sociologysocial engineeringleisure studies,IAB5 Education,0.85,scraped,
field architectural sociology,IAB5 Education,0.85,scraped,
field behavioral sociology,IAB5 Education,0.85,scraped,
field evolutionary sociology,IAB5 Education,0.85,scraped,
field chinese sociology,IAB5 Education,0.85,scraped,
field social phenomenon,IAB5 Education,0.85,scraped,
field community informaticssocial network analysis,IAB5 Education,0.85,scraped,
field comparative sociology,IAB5 Education,0.85,scraped,
field conflict theory,IAB5 Education,0.85,scraped,
field critical sociology,IAB5 Education,0.85,scraped,
field cultural sociology,IAB5 Education,0.85,scraped,
field criminology/criminal justice(outline),IAB5 Education,0.85,scraped,
field critical management studies,IAB5 Education,0.85,scraped,
field demography/population,IAB5 Education,0.85,scraped,
field digital sociology,IAB5 Education,0.85,scraped,
field dramaturgical sociology,IAB5 Education,0.85,scraped,
field quantitative psychology,IAB5 Education,0.85,scraped,
field environmental sociology,IAB5 Education,0.85,scraped,
field feminist sociology,IAB5 Education,0.85,scraped,
field natural resource sociology,IAB5 Education,0.85,scraped,
field interactionism,IAB5 Education,0.85,scraped,
field internet sociology,IAB5 Education,0.85,scraped,
field interpretive sociologyphenomenologyethnomethodologysymbolic interactionismsocial constructionism,IAB5 Education,0.85,scraped,
field jealousy sociology,IAB5 Education,0.85,scraped,
field macrosociology,IAB5 Education,0.85,scraped,
field marxist sociology,IAB5 Education,0.85,scraped,
field mathematical sociology,IAB5 Education,0.85,scraped,
field medical sociology,IAB5 Education,0.85,scraped,
field figurational sociology,IAB5 Education,0.85,scraped,
field mesosociology,IAB5 Education,0.85,scraped,
field military sociology,IAB5 Education,0.85,scraped,
field organizational studies,IAB5 Education,0.85,scraped,
education plays vital role recovering brain injuries,IAB5 Education,0.85,pseudo labeled,
field phenomenological sociology,IAB5 Education,0.85,scraped,
field policy sociology,IAB5 Education,0.85,scraped,
field polish sociology,IAB5 Education,0.85,scraped,
field postcolonialism,IAB5 Education,0.85,scraped,
field psychoanalytic sociology,IAB5 Education,0.85,scraped,
field science studies/science and technology studies,IAB5 Education,0.85,scraped,
field sexology,IAB5 Education,0.85,scraped,
field social capital,IAB5 Education,0.85,scraped,
field social change,IAB5 Education,0.85,scraped,
field social conflict theory,IAB5 Education,0.85,scraped,
field microsociology,IAB5 Education,0.85,scraped,
field network science,IAB5 Education,0.85,scraped,
field social controlpure sociology,IAB5 Education,0.85,scraped,
field survey methodology,IAB5 Education,0.85,scraped,
field galois geometry,IAB5 Education,0.85,scraped,
field collective bargaining,IAB5 Education,0.85,scraped,
field human resources,IAB5 Education,0.85,scraped,
field labor history,IAB5 Education,0.85,scraped,
field management information systems,IAB5 Education,0.85,scraped,
field information technology(outline),IAB5 Education,0.85,scraped,
field new cybernetics,IAB5 Education,0.85,scraped,
field medical cybernetics,IAB5 Education,0.85,scraped,
field management cybernetics,IAB5 Education,0.85,scraped,
field operator theory,IAB5 Education,0.85,scraped,
field fourier analysis,IAB5 Education,0.85,scraped,
field measure theoryintegral geometry,IAB5 Education,0.85,scraped,
field ergodic theory,IAB5 Education,0.85,scraped,
field stochastic process,IAB5 Education,0.85,scraped,
field mathematical statisticsprobability(outline),IAB5 Education,0.85,scraped,
field general topology,IAB5 Education,0.85,scraped,
field algebraic topology,IAB5 Education,0.85,scraped,
field geometric topology,IAB5 Education,0.85,scraped,
field differential topology,IAB5 Education,0.85,scraped,
field algebraic geometry,IAB5 Education,0.85,scraped,
field projective geometry,IAB5 Education,0.85,scraped,
field affine geometry,IAB5 Education,0.85,scraped,
field calculus(outline),IAB5 Education,0.85,scraped,
field non-euclidean geometry,IAB5 Education,0.85,scraped,
field discrete geometry,IAB5 Education,0.85,scraped,
field euclidean geometry,IAB5 Education,0.85,scraped,
field accounting scholarship,IAB5 Education,0.85,scraped,
field accounting research,IAB5 Education,0.85,scraped,
field systems science,IAB5 Education,0.85,scraped,
field business administration,IAB5 Education,0.85,scraped,
field chemistry education,IAB5 Education,0.85,scraped,
field technical drawing,IAB5 Education,0.85,scraped,
field critical pedagogy,IAB5 Education,0.85,scraped,
field health informatics,IAB5 Education,0.85,scraped,
field ergonomics(outline),IAB5 Education,0.85,scraped,
field toy and amusement design,IAB5 Education,0.85,scraped,
field interaction design,IAB5 Education,0.85,scraped,
field information architecture,IAB5 Education,0.85,scraped,
field user interface design,IAB5 Education,0.85,scraped,
field user experience evaluation,IAB5 Education,0.85,scraped,
field accountingaccounting researchaccounting scholarship,IAB5 Education,0.85,scraped,
field business analysis,IAB5 Education,0.85,scraped,
field risk managementandinsurance,IAB5 Education,0.85,scraped,
field business law,IAB5 Education,0.85,scraped,
field e-business,IAB5 Education,0.85,scraped,
field finance(outline),IAB5 Education,0.85,scraped,
field industrial and labor relationscollective bargaininghuman resourcesorganizational studieslabor economicslabor history,IAB5 Education,0.85,scraped,
field comparative education,IAB5 Education,0.85,scraped,
field information systems(business informatics)management information systemshealth informatics,IAB5 Education,0.85,scraped,
field international trade,IAB5 Education,0.85,scraped,
field management(outline),IAB5 Education,0.85,scraped,
field marketing(outline),IAB5 Education,0.85,scraped,
field operations management,IAB5 Education,0.85,scraped,
field purchasing,IAB5 Education,0.85,scraped,
field finite geometry,IAB5 Education,0.85,scraped,
field integral geometry,IAB5 Education,0.85,scraped,
field noncommutative geometry,IAB5 Education,0.85,scraped,
field solid geometry,IAB5 Education,0.85,scraped,
field lattice theory(order theory),IAB5 Education,0.85,scraped,
field representation theory,IAB5 Education,0.85,scraped,
field k-theory,IAB5 Education,0.85,scraped,
field category theorytopos theory,IAB5 Education,0.85,scraped,
field commutative algebra,IAB5 Education,0.85,scraped,
field topos theory,IAB5 Education,0.85,scraped,
field real analysiscalculus(outline),IAB5 Education,0.85,scraped,
field complex analysis,IAB5 Education,0.85,scraped,
field functional analysisoperator theory,IAB5 Education,0.85,scraped,
field non-standard analysis,IAB5 Education,0.85,scraped,
field harmonic analysisfourier analysis,IAB5 Education,0.85,scraped,
field dynamical systemschaos theoryfractal geometry,IAB5 Education,0.85,scraped,
field homological algebra,IAB5 Education,0.85,scraped,
field mathematical physicsquantum mechanicsquantum field theoryquantum gravitystring theorystatistical mechanics,IAB5 Education,0.85,scraped,
field theory of computationcomputational complexity theory,IAB5 Education,0.85,scraped,
field response surface methodology,IAB5 Education,0.85,scraped,
field sampling theory,IAB5 Education,0.85,scraped,
field biostatisticsepidemiology,IAB5 Education,0.85,scraped,
field multivariate analysisstructural equation modeltime series,IAB5 Education,0.85,scraped,
field reliability theory,IAB5 Education,0.85,scraped,
field epidemiology,IAB5 Education,0.85,scraped,
field structural equation model,IAB5 Education,0.85,scraped,
field time series,IAB5 Education,0.85,scraped,
field decision theory,IAB5 Education,0.85,scraped,
field differential algebra,IAB5 Education,0.85,scraped,
field universal algebra,IAB5 Education,0.85,scraped,
field multilinear algebra,IAB5 Education,0.85,scraped,
field ordinary differential equations,IAB5 Education,0.85,scraped,
field analytic number theory,IAB5 Education,0.85,scraped,
field algebraic number theory,IAB5 Education,0.85,scraped,
field geometric number theory,IAB5 Education,0.85,scraped,
field arithmetic,IAB5 Education,0.85,scraped,
field arithmetic combinatorics,IAB5 Education,0.85,scraped,
field approximation theory,IAB5 Education,0.85,scraped,
field convex geometry,IAB5 Education,0.85,scraped,
field operations researchmathematical optimizationlinear programmingdynamic programmingassignment problemdecision analysisinventory theoryschedulingreal options analysissystems analysisstochastic processesoptimal maintenance,IAB5 Education,0.85,scraped,
field partial differential equations,IAB5 Education,0.85,scraped,
field p-adic analysis,IAB5 Education,0.85,scraped,
field programming language semantics,IAB5 Education,0.85,scraped,
field multi-valued logicfuzzy logic,IAB5 Education,0.85,scraped,
field fuzzy logic,IAB5 Education,0.85,scraped,
field algebra(outline)group theoryring theorycommutative algebrafield theorylinear algebra(vector space)multilinear algebrauniversal algebrahomological algebradifferential algebralattice theory(order theory)representation theoryk-theorycategory theorytopos theory,IAB5 Education,0.85,scraped,
field analysisreal analysiscalculus(outline)complex analysisfunctional analysisoperator theorynon-standard analysisharmonic analysisfourier analysisp-adic analysisordinary differential equationspartial differential equations,IAB5 Education,0.85,scraped,
field probability theorymeasure theoryintegral geometryergodic theorystochastic process,IAB5 Education,0.85,scraped,
field geometry(outline) andtopologygeneral topologyalgebraic topologygeometric topologydifferential topologyalgebraic geometryprojective geometryaffine geometrynon-euclidean geometryconvex geometrydiscrete geometryintegral geometryeuclidean geometryfinite geometrygalois geometrynoncommutative geometrysolid geometrytrigonometry,IAB5 Education,0.85,scraped,
field number theoryanalytic number theoryalgebraic number theorygeometric number theoryarithmeticarithmetic combinatorics,IAB5 Education,0.85,scraped,
field logicandfoundations of mathematicsset theoryproof theorymodel theoryrecursion theorymodal logicintuitionistic logic,IAB5 Education,0.85,scraped,
field group theory,IAB5 Education,0.85,scraped,
field ring theorycommutative algebra,IAB5 Education,0.85,scraped,
field field theory,IAB5 Education,0.85,scraped,
field linear algebra(vector space),IAB5 Education,0.85,scraped,
field trigonometry,IAB5 Education,0.85,scraped,
Historical events have shaped the evolution of 7-12 education.,IAB5 Education,0.84,synthetic,
- Academic instruction,IAB5 Education,0.84,synthetic,
7-12 education has been subject to ongoing debates and controversies.,IAB5 Education,0.83,synthetic,
The Role of Education in Promoting Italian Cuisine,IAB5 Education,0.83,synthetic,
7-12 Education: A Critical Stage in the Educational Journey,IAB5 Education,0.83,synthetic,
The Role of K-6 Educators in Shaping Young Minds,IAB5 Education,0.82,synthetic,
Support for K-6 Educators:,IAB5 Education,0.82,synthetic,
- The increasing demand for education,IAB5 Education,0.81,synthetic,
The future of 7-12 education holds exciting possibilities.,IAB5 Education,0.81,synthetic,
The Educational Value of C/C++,IAB5 Education,0.81,synthetic,
"Notable educators, researchers, and policymakers have significantly influenced 7-12 education.",IAB5 Education,0.8,synthetic,
higher ed fcc dont slow education,IAB5 Education,0.8,pseudo labeled,
bringing mental health forefront education,IAB5 Education,0.79,pseudo labeled,
education normal heart,IAB5 Education,0.79,pseudo labeled,
"K-6 education has been the subject of debates over curriculum content, teaching methods, and assessment practices.",IAB5 Education,0.78,synthetic,
"7-12 education faces challenges such as equity gaps, funding constraints, and the need for teacher professional development.",IAB5 Education,0.78,synthetic,
"By investing in K-6 education, we invest in the future of our society.",IAB5 Education,0.77,synthetic,
"Special education is a complex and challenging field, but it is also a rewarding one.",IAB5 Education,0.77,synthetic,
ESL teachers need to be patient and understanding.,IAB5 Education,0.77,synthetic,
### 23. Holistic Healing and Education: Empowering Individuals with Knowledge,IAB5 Education,0.77,synthetic,
The Importance of Education and Awareness,IAB5 Education,0.76,synthetic,
"Figures like John Dewey, Maria Montessori, and Howard Gardner have shaped educational theories and practices.",IAB5 Education,0.76,synthetic,
7-12 education is adapting to meet the demands of the 21st century.,IAB5 Education,0.76,synthetic,
"Maria Montessori, John Dewey, and Jean Piaget are among the influential figures who shaped K-6 education.",IAB5 Education,0.75,synthetic,
College education is a valuable investment that can lead to a lifetime of benefits.,IAB5 Education,0.75,synthetic,
Role of Education: Financial education can help individuals understand and utilize financial news effectively,IAB5 Education,0.75,synthetic,
bullying school leaves lifelong scars,IAB5 Education,0.75,pseudo labeled,
The future of special education is bright.,IAB5 Education,0.74,synthetic,
"There are a number of challenges facing adult education today, including:",IAB5 Education,0.74,synthetic,
Investment Education: Empowering Individuals to Make Informed Decisions,IAB5 Education,0.74,synthetic,
"In recent years, there has been a growing trend towards privatization of education.",IAB5 Education,0.73,synthetic,
"7-12 education plays a pivotal role in shaping students' academic, social, and emotional development.",IAB5 Education,0.72,synthetic,
ham radio field day educates,IAB5 Education,0.72,pseudo labeled,
nyc department education branding healthy kids overweight,IAB5 Education,0.72,pseudo labeled,
saudi arabian ministry education selects alliance mobily ibm boost,IAB5 Education,0.72,pseudo labeled,
"### 29. JavaScript's Impact on the Education Sector: Online Learning Platforms, Adaptive Learning, and Personalized Education",IAB5 Education,0.72,synthetic,
"7-12 education has evolved over centuries, reflecting societal changes and educational philosophies.",IAB5 Education,0.71,synthetic,
The Court has played a role in shaping the allocation of government resources for public education and the funding of schools.,IAB5 Education,0.7,synthetic,
tangible play turns ipads camera educational toy,IAB5 Education,0.7,pseudo labeled,
"### 14. JavaScript's Impact on Education: Interactive Learning Platforms, Coding Bootcamps, and Online Courses",IAB5 Education,0.7,synthetic,
making college education affordable,IAB5 Education,0.7,pseudo labeled,
- The need for more research on adult education,IAB5 Education,0.69,synthetic,
"From the elitist education of the past to the more inclusive systems of today, it has undergone significant transformations.",IAB5 Education,0.69,synthetic,
financial experts advise avoid student loan dept,IAB5 Education,0.69,pseudo labeled,
"Adult education has a long and rich history, dating back to the early days of human civilization.",IAB5 Education,0.69,synthetic,
hal rhodes curb excesses higher education,IAB5 Education,0.68,pseudo labeled,
The Importance of Vintage Cars in Education,IAB5 Education,0.68,synthetic,
The Importance of Women's Health Education: Empowering Women to Make Informed Decisions,IAB5 Education,0.68,synthetic,
"Despite these challenges, adult education is a vital part of the educational system in many countries around the world, and it is likely to continue to grow in importance in the years to come.",IAB5 Education,0.68,synthetic,
"Education and research are essential for successful investing, as they empower individuals to make informed decisions.",IAB5 Education,0.68,synthetic,
- Schools and colleges,IAB5 Education,0.68,synthetic,
educating zara,IAB5 Education,0.68,pseudo labeled,
"Key figures in the history of college education include scholars, educators, and policymakers who have shaped its evolution.",IAB5 Education,0.67,synthetic,
ESL is a valuable skill that can benefit people in many ways.,IAB5 Education,0.67,synthetic,
teens sex education sex,IAB5 Education,0.67,pseudo labeled,
The history of special education can be traced back to the early 19th century.,IAB5 Education,0.67,synthetic,
"K-6 educators face challenges such as large class sizes, limited resources, and diverse student needs.",IAB5 Education,0.67,synthetic,
"K-6 educators need ongoing professional development, mentorship, and administrative support.",IAB5 Education,0.67,synthetic,
fcc erate modernization workshop emphasizes educator needs,IAB5 Education,0.66,pseudo labeled,
"Today, special education is a well-established field of education.",IAB5 Education,0.66,synthetic,
"Key Figures: College Presidents, Provosts, Deans, and Department Chairs",IAB5 Education,0.66,synthetic,
alzheimers rate declines us healthy habits education protects brain,IAB5 Education,0.66,pseudo labeled,
hk govt gives youth education priority,IAB5 Education,0.66,pseudo labeled,
ellen degeneres wants decorate home,IAB5 Education,0.66,pseudo labeled,
Technology has become an integral part of 7-12 education.,IAB5 Education,0.65,synthetic,
extension isnt altering aca enrollment strategies,IAB5 Education,0.65,pseudo labeled,
student debt scams part complex predatory system,IAB5 Education,0.65,pseudo labeled,
"In 1975, the Education for All Handicapped Children Act (EHA) was passed.",IAB5 Education,0.64,synthetic,
apple offering discounts ipad students education faculty,IAB5 Education,0.64,pseudo labeled,
"Education plays a crucial role in developing critical thinking skills and media literacy, enabling individuals to evaluate commentary and distinguish between fact and opinion.",IAB5 Education,0.64,synthetic,
Education and awareness about AIDS/HIV are essential for preventing new infections and reducing stigma.,IAB5 Education,0.64,synthetic,
obama highlights push better skilled teachers,IAB5 Education,0.63,pseudo labeled,
derby educators launch school year ice bucket challenge,IAB5 Education,0.63,pseudo labeled,
Adult education is a valuable investment for both individuals and society as a whole.,IAB5 Education,0.63,synthetic,
Art History in Education: A Historical Perspective,IAB5 Education,0.63,synthetic,
"Notable Events: School Entry, Transition to Middle School, Puberty",IAB5 Education,0.63,synthetic,
ny schools racially segregated,IAB5 Education,0.63,pseudo labeled,
iberville board seek financing new schools,IAB5 Education,0.63,pseudo labeled,
author walter dean myers remembered champion literacy education,IAB5 Education,0.62,pseudo labeled,
Here are some of the key figures in the history of adult education:,IAB5 Education,0.62,synthetic,
"Special education services can include a variety of supports, such as:",IAB5 Education,0.62,synthetic,
solar energy lights pajaro valley schools,IAB5 Education,0.62,pseudo labeled,
Forestry's Contribution to Education and Research,IAB5 Education,0.62,synthetic,
google play education longer tablets available,IAB5 Education,0.61,pseudo labeled,
stocks watch bridgepoint education hillshire brands pinnacle foods,IAB5 Education,0.61,pseudo labeled,
Educators can also play a role in helping teens use social media in a healthy way.,IAB5 Education,0.61,synthetic,
- The need for more flexible and accessible education programs,IAB5 Education,0.61,synthetic,
education associated traumatic brain injury recovery,IAB5 Education,0.61,pseudo labeled,
climate panel calls enlightenment,IAB5 Education,0.6,pseudo labeled,
bandaid solutions student debt,IAB5 Education,0.6,pseudo labeled,
ellen degeneres launching lifestyle brand,IAB5 Education,0.6,pseudo labeled,
student loans go,IAB5 Education,0.6,pseudo labeled,
ESL will continue to play an important role in education in the years to come.,IAB5 Education,0.6,synthetic,
eurgbp expect downward movement,IAB5 Education,0.59,pseudo labeled,
people education may recover better brain injury,IAB5 Education,0.59,pseudo labeled,
"K-6 educators play a pivotal role in the cognitive, social, and emotional development of young learners.",IAB5 Education,0.59,synthetic,
"Controversies surrounding college education include debates over the cost of tuition, the value of a college degree, and the role of affirmative action.",IAB5 Education,0.59,synthetic,
public education lyme disease focus legislation pickett says,IAB5 Education,0.59,pseudo labeled,
ellen degeneres launch lifestyle brand,IAB5 Education,0.59,pseudo labeled,
Special education professionals play a vital role in helping students with disabilities reach their full potential.,IAB5 Education,0.59,synthetic,
interest rates rising federal student loans,IAB5 Education,0.59,pseudo labeled,
apple extends education pricing ipad offering discounts 2030,IAB5 Education,0.59,pseudo labeled,
student loan debt time high,IAB5 Education,0.59,pseudo labeled,
chegg buy online tutoring network instaedu 30 mln cash quick,IAB5 Education,0.58,pseudo labeled,
people education may recover better traumatic brain injury,IAB5 Education,0.58,pseudo labeled,
"IDEA has been reauthorized several times since its passage, and it remains the cornerstone of special education law in the United States.",IAB5 Education,0.58,synthetic,
"K-6 educators have a profound impact on students' academic achievement, self-esteem, and social development.",IAB5 Education,0.58,synthetic,
wealth gap widens us student loan debt,IAB5 Education,0.58,pseudo labeled,
There are over 6 million students with disabilities receiving special education services in the United States.,IAB5 Education,0.58,synthetic,
Judaism also emphasizes education and learning.,IAB5 Education,0.58,synthetic,
"The privatization of education has led to the creation of a number of new private schools, as well as the expansion of existing private schools.",IAB5 Education,0.58,synthetic,
literacy council celebrates cinco de mayo fundraising luncheon,IAB5 Education,0.57,pseudo labeled,
1t student loan debt widens us wealth gap,IAB5 Education,0.57,pseudo labeled,
"For individuals, adult education can lead to increased job opportunities, higher earnings, and improved quality of life.",IAB5 Education,0.57,synthetic,
### 26. Java's Impact on Education: A Popular Choice for Teaching Programming Concepts,IAB5 Education,0.57,synthetic,
ellen degeneres sexy megan fox,IAB5 Education,0.57,pseudo labeled,
ESL students need to be motivated and willing to learn.,IAB5 Education,0.57,synthetic,
school lets girl shaved head return,IAB5 Education,0.57,pseudo labeled,
chegg agrees acquire leading online tutoring network instaedu,IAB5 Education,0.57,pseudo labeled,
K-6 educators are essential to the success of our education system.,IAB5 Education,0.57,synthetic,
experts1 trillion student loan debt widening us wealth gap,IAB5 Education,0.56,pseudo labeled,
ESL is a dynamic and ever-changing field.,IAB5 Education,0.56,synthetic,
"The Court's rulings have impacted the allocation of public funding for various purposes, including education, healthcare, and infrastructure.",IAB5 Education,0.56,synthetic,
Special education services are essential for helping students with disabilities reach their full potential.,IAB5 Education,0.55,synthetic,
The Importance of Financial Sustainability: Ensuring the Long-Term Viability of Colleges and Universities,IAB5 Education,0.55,synthetic,
student loan interest rates go today,IAB5 Education,0.55,pseudo labeled,
intel unloads bevy new chromebooks previews education reference design,IAB5 Education,0.55,pseudo labeled,
draghi ecb willing use unconventional measures deflation eds epa,IAB5 Education,0.55,pseudo labeled,
climate panel chair calls enlightenment,IAB5 Education,0.54,pseudo labeled,
kate visits london school,IAB5 Education,0.54,pseudo labeled,
3-D Graphics: Impact on Education and Training,IAB5 Education,0.54,synthetic,
young adults student debt economic wellbeing,IAB5 Education,0.54,pseudo labeled,
K-6 educators will continue to adapt to changing societal needs and technological advancements.,IAB5 Education,0.54,synthetic,
"In the Middle Ages, adult education was primarily the responsibility of the Church, and many monasteries and cathedrals offered classes for adults in a variety of subjects, including reading, writing, and arithmetic.",IAB5 Education,0.54,synthetic,
The Growth of Online Learning: Expanding Access to Higher Education and Flexibility for Students,IAB5 Education,0.54,synthetic,
"The establishment of public high schools, the rise of standardized testing, and the integration of technology are notable examples.",IAB5 Education,0.54,synthetic,
darren aronofsky honours english teacher noah premiere,IAB5 Education,0.53,pseudo labeled,
longview school trustees talk twoplus hours tuesday make call next,IAB5 Education,0.53,pseudo labeled,
"Technology integration, personalized learning, and social-emotional learning are emerging trends in K-6 education.",IAB5 Education,0.53,synthetic,
"The cost of college education has been rising steadily in recent decades, making it a significant financial investment.",IAB5 Education,0.53,synthetic,
The Rise of Student Activism: Advocating for Social Justice and Educational Reform,IAB5 Education,0.53,synthetic,
sorry loss pay student loan,IAB5 Education,0.53,pseudo labeled,
andrew garfield andrew garfield bullied school,IAB5 Education,0.53,pseudo labeled,
ellen degeneres portia de rossi whats really going,IAB5 Education,0.53,pseudo labeled,
madigans office take aim student loan scams,IAB5 Education,0.53,pseudo labeled,
"Special education services are provided by a variety of professionals, including special education teachers, speech-language pathologists, occupational therapists, physical therapists, and counselors.",IAB5 Education,0.53,synthetic,
ESL can be a challenging but rewarding experience.,IAB5 Education,0.53,synthetic,
ESL will continue to be an important part of education in the 21st century.,IAB5 Education,0.53,synthetic,
ESL can help people to become more confident and independent.,IAB5 Education,0.53,synthetic,
video dog read teaches kids read,IAB5 Education,0.53,pseudo labeled,
Future possibilities for ESL include the development of new teaching methods and materials.,IAB5 Education,0.53,synthetic,
loreal usa champions sunscreen innovation education skin protection,IAB5 Education,0.52,pseudo labeled,
michelle obamas food fight gop schools want funds,IAB5 Education,0.52,pseudo labeled,
charen making college affordable,IAB5 Education,0.52,pseudo labeled,
apple adds 50 100 bonus gift cards backtoschool discounted prices,IAB5 Education,0.52,pseudo labeled,
"Community Involvement: After-School Programs, Mentoring, Tutoring",IAB5 Education,0.52,synthetic,
"- Basic education programs, which provide instruction in basic literacy and numeracy skills.",IAB5 Education,0.51,synthetic,
adobe updates encourage use k12 classrooms,IAB5 Education,0.51,pseudo labeled,
"The role of K-6 educators has evolved over time, reflecting societal changes and educational reforms.",IAB5 Education,0.51,synthetic,
school sends home girl shaved head support classmate cancer,IAB5 Education,0.51,pseudo labeled,
"The Renaissance saw a renewed interest in education, and homework became more common as a way to help students learn.",IAB5 Education,0.51,synthetic,
"In the early 20th century, K-6 education focused on basic literacy and numeracy.",IAB5 Education,0.51,synthetic,
Current trends in ESL include the use of technology in the classroom.,IAB5 Education,0.5,synthetic,
fitch affirms massachusetts educational finance authority issue k outlook,IAB5 Education,0.5,pseudo labeled,
game boy turns 25 digital revolution schoolyards,IAB5 Education,0.5,pseudo labeled,
1t student debt widens us wealth gap,IAB5 Education,0.5,pseudo labeled,
"Distance learning has the potential to transform education by making it more accessible, flexible, and personalized.",IAB5 Education,0.5,synthetic,
"Notable events in the history of college education include the establishment of the first universities, the rise of research-intensive institutions, and the expansion of access to higher education.",IAB5 Education,0.5,synthetic,
