text,iab_label,confidence,source,labels
"Football, a sport that has captivated billions worldwide, holds a prominent position within the realm of sports.",IAB17 Sports,0.97,synthetic,
Pro Basketball: A Global Phenomenon,IAB17 Sports,0.97,synthetic,
The World Cup of Hockey: A Showcase of International Talent,IAB17 Sports,0.97,synthetic,
Rugby's Role in Promoting Gender Equality and Inclusion,IAB17 Sports,0.96,synthetic,
Influence on Sports: A Catalyst for Innovation and Competition,IAB17 Sports,0.96,synthetic,
Volleyball is a great way to make a difference in the world.,IAB17 Sports,0.96,synthetic,
Rugby's Impact on Environmental Sustainability,IAB17 Sports,0.96,synthetic,
Rugby's Role in Promoting Teamwork and Discipline,IAB17 Sports,0.96,synthetic,
The Legacy of NASCAR: A Sport Steeped in History and Tradition,IAB17 Sports,0.96,synthetic,
Rodeo,IAB17 Sports,0.95,subcategories,
Fly Fishing,IAB17 Sports,0.95,subcategories,
World Soccer,IAB17 Sports,0.95,subcategories,
Rugby's Role in Promoting Sportsmanship and Fair Play,IAB17 Sports,0.95,synthetic,
Pro Ice Hockey,IAB17 Sports,0.95,subcategories,
Rugby's Impact on the Development of Sports Law and Regulation,IAB17 Sports,0.95,synthetic,
Skateboarding,IAB17 Sports,0.95,subcategories,
Rugby,IAB17 Sports,0.95,subcategories,
Boxing,IAB17 Sports,0.95,subcategories,
"- The Masters Tournament: One of the most prestigious golf tournaments in the world, held annually at Augusta National Golf Club.",IAB17 Sports,0.95,synthetic,
Tennis,IAB17 Sports,0.95,subcategories,
Inline Skating,IAB17 Sports,0.95,subcategories,
Waterski/Wakeboard,IAB17 Sports,0.95,subcategories,
Saltwater Fishing,IAB17 Sports,0.95,subcategories,
Horses,IAB17 Sports,0.95,subcategories,
Running/Jogging,IAB17 Sports,0.95,subcategories,
Golf,IAB17 Sports,0.95,subcategories,
Horse Racing,IAB17 Sports,0.95,subcategories,
Game & Fish,IAB17 Sports,0.95,subcategories,
Skiing,IAB17 Sports,0.95,subcategories,
Hunting/Shooting,IAB17 Sports,0.95,subcategories,
Cricket,IAB17 Sports,0.95,subcategories,
Rugby's Contribution to the Development of Sports Ethics and Values,IAB17 Sports,0.95,synthetic,
Scuba Diving,IAB17 Sports,0.95,subcategories,
Freshwater Fishing,IAB17 Sports,0.95,subcategories,
Baseball,IAB17 Sports,0.95,subcategories,
Bicycling,IAB17 Sports,0.95,subcategories,
Figure Skating,IAB17 Sports,0.95,subcategories,
Pro Basketball,IAB17 Sports,0.95,subcategories,
Power & Motorcycles,IAB17 Sports,0.95,subcategories,
Bodybuilding,IAB17 Sports,0.95,subcategories,
Paintball,IAB17 Sports,0.95,subcategories,
Olympics,IAB17 Sports,0.95,subcategories,
NASCAR Racing,IAB17 Sports,0.95,subcategories,
Mountain Biking,IAB17 Sports,0.95,subcategories,
Sailing,IAB17 Sports,0.95,subcategories,
Auto Racing,IAB17 Sports,0.95,subcategories,
Cheerleading,IAB17 Sports,0.95,subcategories,
Climbing,IAB17 Sports,0.95,subcategories,
Surfing/Bodyboarding,IAB17 Sports,0.95,subcategories,
Snowboarding,IAB17 Sports,0.95,subcategories,
Rugby's Contribution to Cultural Exchange and Understanding,IAB17 Sports,0.95,synthetic,
Table Tennis/Ping-Pong,IAB17 Sports,0.95,subcategories,
Rugby's Role in Fostering International Cooperation and Diplomacy,IAB17 Sports,0.95,synthetic,
NASCAR Racing: A Thrilling Spectacle in the World of Sports,IAB17 Sports,0.95,synthetic,
Canoeing/Kayaking,IAB17 Sports,0.95,subcategories,
Martial Arts,IAB17 Sports,0.95,subcategories,
Rugby's Contribution to the Development of Sports Technology,IAB17 Sports,0.94,synthetic,
Rugby's Current Trends and Innovations,IAB17 Sports,0.94,synthetic,
Rugby's Role in Promoting Physical and Mental Well-being,IAB17 Sports,0.94,synthetic,
"Bodybuilding, a discipline within the realm of sports, has garnered significant influence and recognition over the years.",IAB17 Sports,0.94,synthetic,
The Future of NASCAR: Embracing Innovation and Sustainability,IAB17 Sports,0.94,synthetic,
Rugby's Role in Social and Political Movements,IAB17 Sports,0.94,synthetic,
cricket,IAB17 Sports,0.94,pseudo labeled,
Rugby's Influence on Global Sports Culture,IAB17 Sports,0.94,synthetic,
"Football's legacy as a sport that unites, inspires, and empowers will continue to endure for generations to come.",IAB17 Sports,0.94,synthetic,
Rugby's Economic Impact on Host Cities and Nations,IAB17 Sports,0.94,synthetic,
Football,IAB17 Sports,0.94,synthetic,
Volleyball is a truly global sport that has had a positive impact on the world.,IAB17 Sports,0.93,synthetic,
"Some of the most famous NBA players include Michael Jordan, LeBron James, and Stephen Curry.",IAB17 Sports,0.93,synthetic,
Volleyball is a powerful force for good in the world and has the potential to continue to make a positive impact for years to come.,IAB17 Sports,0.93,synthetic,
sports sports,IAB17 Sports,0.93,pseudo labeled,
"There are many great soccer players in the world, including Lionel Messi, Cristiano Ronaldo, and Neymar.",IAB17 Sports,0.93,synthetic,
Rugby's Origins and Historical Context,IAB17 Sports,0.93,synthetic,
Rugby's Contribution to the Development of Sports Infrastructure,IAB17 Sports,0.93,synthetic,
"Baseball, a sport with a rich history and global appeal, holds a significant place within the broader context of sports.",IAB17 Sports,0.93,synthetic,
Golf's Influence on Sports,IAB17 Sports,0.93,synthetic,
"Pro basketball is one of the most popular sports in the world, with millions of fans around the globe.",IAB17 Sports,0.93,synthetic,
The Stanley Cup Finals: The Ultimate Prize in Ice Hockey,IAB17 Sports,0.93,synthetic,
nfl continues nickel dime mia super bowl xlvi halftime middle,IAB17 Sports,0.93,pseudo labeled,
"Some of the most famous swimmers include Michael Phelps, Katie Ledecky, and Ian Thorpe.",IAB17 Sports,0.92,synthetic,
Horse racing is a sport that is at a crossroads.,IAB17 Sports,0.92,synthetic,
"Surfers and body-boarders are actively involved in environmental conservation efforts and social causes, using their platform to raise awareness and inspire change.",IAB17 Sports,0.92,synthetic,
The Role of Television in the Development of New Sports: How TV Has Led to the Creation of New Sports,IAB17 Sports,0.92,synthetic,
"The sport has faced challenges but has also demonstrated resilience and adaptability, continuing to captivate audiences worldwide.",IAB17 Sports,0.92,synthetic,
Volleyball has also played a role in breaking down cultural barriers and promoting understanding between different countries.,IAB17 Sports,0.92,synthetic,
"The sport has promoted inclusivity and diversity, with initiatives aimed at making snowboarding more accessible to people of all backgrounds.",IAB17 Sports,0.92,synthetic,
let melissa mccarthy explain soccer,IAB17 Sports,0.92,pseudo labeled,
Basketball,IAB17 Sports,0.92,synthetic,
Pro Ice Hockey: A Thrilling Sport with Global Appeal,IAB17 Sports,0.92,synthetic,
The sport is a testament to the human spirit of competition and innovation.,IAB17 Sports,0.92,synthetic,
cricket slideshow,IAB17 Sports,0.91,pseudo labeled,
Rugby's Contribution to Scientific Research and Innovation,IAB17 Sports,0.91,synthetic,
Rugby's Impact on Education and Youth Development,IAB17 Sports,0.91,synthetic,
nfl clear financial incentive draft day,IAB17 Sports,0.91,pseudo labeled,
Volleyball is a great way to meet new people and make friends.,IAB17 Sports,0.91,synthetic,
tubes proudtoplay campaign reflects changing trend sports,IAB17 Sports,0.91,pseudo labeled,
Current Trends in Golf,IAB17 Sports,0.91,synthetic,
Soccer,IAB17 Sports,0.91,synthetic,
"The FIFA World Cup is the most prestigious soccer tournament in the world, and is watched by billions of people around the globe.",IAB17 Sports,0.91,synthetic,
draft day solid football fare fans need fix,IAB17 Sports,0.91,pseudo labeled,
Future Possibilities for Rugby's Growth and Evolution,IAB17 Sports,0.91,synthetic,
- The Ryder Cup: A biennial golf competition between teams from Europe and the United States.,IAB17 Sports,0.91,synthetic,
Rugby's Contribution to the Development of Sports Marketing and Sponsorship,IAB17 Sports,0.91,synthetic,
Volleyball,IAB17 Sports,0.91,synthetic,
youtube celebration lgbt athletes signals turning tide sports,IAB17 Sports,0.9,pseudo labeled,
The Impact of Television on the Sports Industry: How TV Has Changed the Way We Watch Sports,IAB17 Sports,0.9,synthetic,
"Tennis has inspired countless athletes, coaches, and fans around the world, leaving a lasting legacy in the history of sports.",IAB17 Sports,0.9,synthetic,
The sport is a testament to the human spirit and the power of teamwork.,IAB17 Sports,0.9,synthetic,
Horse racing is a sport that is constantly evolving.,IAB17 Sports,0.9,synthetic,
Horse racing is a sport that is facing a number of challenges.,IAB17 Sports,0.9,synthetic,
golf tu men third,IAB17 Sports,0.9,pseudo labeled,
meet washingtons football team clever name,IAB17 Sports,0.9,pseudo labeled,
The sport's growing recognition and acceptance are a testament to its enduring appeal and the transformative power of human endeavor.,IAB17 Sports,0.9,synthetic,
Swimming is a competitive sport that is included in the Olympic Games.,IAB17 Sports,0.9,synthetic,
The Rise of Professionalism: The NHL and Other Major Leagues,IAB17 Sports,0.9,synthetic,
"Cricket has also been embroiled in controversies, including match-fixing scandals and allegations of racism.",IAB17 Sports,0.9,synthetic,
"Football's future is bright, with continued growth and innovation expected in the years to come.",IAB17 Sports,0.9,synthetic,
movie review inside football,IAB17 Sports,0.9,pseudo labeled,
Horse racing is a complex sport that requires a great deal of skill and knowledge.,IAB17 Sports,0.89,synthetic,
"Soccer is a global sport, and is played in every corner of the world.",IAB17 Sports,0.89,synthetic,
draft day slick entertaining ad nfl,IAB17 Sports,0.89,pseudo labeled,
"The sport has faced challenges related to accessibility and inclusivity, with efforts underway to make it more accessible to individuals with disabilities.",IAB17 Sports,0.89,synthetic,
nfls kaepernick investigated police,IAB17 Sports,0.89,pseudo labeled,
"Soccer has a long and rich history, dating back to ancient China.",IAB17 Sports,0.89,synthetic,
tennis nsus jirickova honored,IAB17 Sports,0.89,pseudo labeled,
nfl acts team player draft day,IAB17 Sports,0.89,pseudo labeled,
"Volleyball has had a significant impact on the world of sports, both on and off the court.",IAB17 Sports,0.89,synthetic,
Swimming,IAB17 Sports,0.89,synthetic,
lacrosse insider saturday spotlight john jay vs yorktown,IAB17 Sports,0.89,pseudo labeled,
"The FIFA World Cup, held every four years, is the most prestigious soccer tournament in the world, and is watched by billions of people around the globe.",IAB17 Sports,0.89,synthetic,
"Tennis is a physically demanding sport that requires skill, athleticism, and mental toughness.",IAB17 Sports,0.89,synthetic,
"The sport has produced numerous legendary players, including Karch Kiraly, Misty May-Treanor, and Gabrielle Reece.",IAB17 Sports,0.89,synthetic,
- The MotoGP World Championship,IAB17 Sports,0.89,synthetic,
"Some of the most famous runners in history include Emil Zátopek, Haile Gebrselassie, and Paula Radcliffe.",IAB17 Sports,0.89,synthetic,
"The World Baseball Classic, an international tournament held every four years, showcases the global reach and competitiveness of the sport.",IAB17 Sports,0.89,synthetic,
- The hunting of large animals for sport.,IAB17 Sports,0.89,synthetic,
The sport has provided opportunities for women and girls to participate in athletics and has helped to challenge traditional gender roles.,IAB17 Sports,0.89,synthetic,
"Despite these challenges, tennis remains one of the most popular and respected sports in the world.",IAB17 Sports,0.89,synthetic,
nfls common sense mia,IAB17 Sports,0.89,pseudo labeled,
"World soccer, also known as football, is the most popular sport in the world, with an estimated 3.5 billion fans.",IAB17 Sports,0.88,synthetic,
"Football's cultural influence is evident in its presence in art, literature, and music, inspiring countless creatives.",IAB17 Sports,0.88,synthetic,
Key Figures in Rugby's Development,IAB17 Sports,0.88,synthetic,
greatest relationship drakes life one sports,IAB17 Sports,0.88,pseudo labeled,
college basketball,IAB17 Sports,0.88,pseudo labeled,
movie review draft day football movie,IAB17 Sports,0.88,pseudo labeled,
johnny football makes first cleveland commercial,IAB17 Sports,0.88,pseudo labeled,
"Pro basketball has a long and rich history, dating back to the late 19th century.",IAB17 Sports,0.88,synthetic,
review draft day review football comedy drama manages score,IAB17 Sports,0.88,pseudo labeled,
tennis wimbledon snapshots,IAB17 Sports,0.88,pseudo labeled,
"Surfing and body-boarding facilitate cultural exchange, bringing together people from different backgrounds and fostering a global community.",IAB17 Sports,0.88,synthetic,
The Winter Olympics: Ice Hockey as a Global Spectacle,IAB17 Sports,0.88,synthetic,
Horse racing is a sport that is enjoyed by people of all ages and backgrounds.,IAB17 Sports,0.88,synthetic,
"The 1919 World Series, marred by the ""Black Sox"" scandal, remains a cautionary tale about the dangers of gambling and corruption in sports.",IAB17 Sports,0.88,synthetic,
"Key figures such as Babe Ruth, Jackie Robinson, and Hank Aaron have left an indelible mark on the sport, becoming icons and symbols of excellence.",IAB17 Sports,0.88,synthetic,
skins game written uncle samhas ruled,IAB17 Sports,0.88,pseudo labeled,
"The sport continues to evolve, with current trends and future possibilities reflecting the changing landscape of technology, conservation, and societal attitudes.",IAB17 Sports,0.88,synthetic,
Volleyball's global reach and popularity have made it a significant force in the world of sports.,IAB17 Sports,0.88,synthetic,
Volleyball is a great way to stay connected with your community.,IAB17 Sports,0.88,synthetic,
The Impact of Social Media: Connecting with Fans and Promoting the Sport,IAB17 Sports,0.88,synthetic,
"Future possibilities for baseball lie in expanding its global reach, embracing technological advancements, and continuing to inspire generations of fans.",IAB17 Sports,0.88,synthetic,
draft day review crowdpleasing sports drama fans nonfans alike,IAB17 Sports,0.88,pseudo labeled,
"- The Open Championship: The oldest golf tournament in the world, first played in 1860.",IAB17 Sports,0.88,synthetic,
sports energy drink consumption associated negative behaviors,IAB17 Sports,0.88,pseudo labeled,
sport relief kingscourt school catherington,IAB17 Sports,0.88,pseudo labeled,
The Birth of Ice Hockey: From Frozen Ponds to Organized Leagues,IAB17 Sports,0.88,synthetic,
"Tennis is a major economic driver, generating billions of dollars in revenue each year.",IAB17 Sports,0.88,synthetic,
Rugby's Influence on Fashion and Popular Culture,IAB17 Sports,0.87,synthetic,
Notable Events in Rugby History,IAB17 Sports,0.87,synthetic,
nfl demanding 166 million mia middle finger scandal,IAB17 Sports,0.87,pseudo labeled,
Historical Context of Golf,IAB17 Sports,0.87,synthetic,
Controversies and Scandals in Rugby,IAB17 Sports,0.87,synthetic,
trademark board rules washington nfl team name,IAB17 Sports,0.87,pseudo labeled,
"The Olympics remain a powerful symbol of global unity and athletic excellence, inspiring generations of athletes and fans alike.",IAB17 Sports,0.87,synthetic,
"Surfing and body-boarding present both physical and mental challenges, requiring strength, endurance, and the ability to overcome fear and adversity.",IAB17 Sports,0.87,synthetic,
Current trends in baseball are shaping the future of the sport.,IAB17 Sports,0.87,synthetic,
Promoting inclusivity and diversity in surfing and body-boarding is essential to create a welcoming and equitable environment for all.,IAB17 Sports,0.87,synthetic,
Controversies in Golf,IAB17 Sports,0.87,synthetic,
nintendos trailblazing game boy turns 25,IAB17 Sports,0.87,pseudo labeled,
"Running/Jogging has also been the subject of controversy over the years, with debates over doping, race, and gender.",IAB17 Sports,0.87,synthetic,
"Notable events like the World Series and the All-Star Game captivate audiences, showcasing the highest level of baseball and creating unforgettable moments.",IAB17 Sports,0.87,synthetic,
tennis baylor beats osu women,IAB17 Sports,0.87,pseudo labeled,
sports air june 11,IAB17 Sports,0.86,pseudo labeled,
nintendos wii u woes continue results miss targets even lowering,IAB17 Sports,0.86,pseudo labeled,
"The sport has evolved to include different categories, such as bodybuilding, physique, and fitness.",IAB17 Sports,0.86,synthetic,
"Soccer is a fast-paced and exciting game, and is enjoyed by people of all ages and backgrounds.",IAB17 Sports,0.86,synthetic,
nfl asking 16m mias middle finger super bowl,IAB17 Sports,0.86,pseudo labeled,
making great movie nfl nearly impossible,IAB17 Sports,0.86,pseudo labeled,
"The equestrian sport is a popular tourist attraction, with many people traveling to see famous horse races and equestrian events around the world.",IAB17 Sports,0.86,synthetic,
sports air june 12,IAB17 Sports,0.86,pseudo labeled,
movie review draft day tries football movie,IAB17 Sports,0.86,pseudo labeled,
nfl decides fate directv att merger,IAB17 Sports,0.86,pseudo labeled,
"Despite controversies, hunting and shooting remain popular sports, with millions of participants worldwide, and continue to evolve with changing societal attitudes and technological advancements.",IAB17 Sports,0.86,synthetic,
top 10 sports movies,IAB17 Sports,0.86,pseudo labeled,
"The sports have also been the subject of several controversies, including the use of performance-enhancing drugs and the environmental impact of boat traffic.",IAB17 Sports,0.86,synthetic,
"Golf has a long and rich history, dating back to the 15th century in Scotland.",IAB17 Sports,0.86,synthetic,
Rugby's Impact on the Development of Sports Broadcasting and Media,IAB17 Sports,0.86,synthetic,
"New technologies are being developed all the time, and these technologies are changing the way that horse races are run.",IAB17 Sports,0.86,synthetic,
"Tennis has a positive impact on physical and mental health, promoting fitness, coordination, and strategic thinking.",IAB17 Sports,0.86,synthetic,
twitter famous footballers first tweets,IAB17 Sports,0.86,pseudo labeled,
photo sports car gets birds eye view big apple,IAB17 Sports,0.86,pseudo labeled,
motorcycle racing marquez grabs pole austin gp,IAB17 Sports,0.86,pseudo labeled,
world cup effect twitter shares soar 35 active users 24,IAB17 Sports,0.86,pseudo labeled,
"Notable events such as the FIFA World Cup and the UEFA Champions League draw massive global audiences, showcasing the sport's immense popularity.",IAB17 Sports,0.86,synthetic,
"The game has evolved over the centuries, from its origins as a court game to the modern professional sport we know today.",IAB17 Sports,0.86,synthetic,
The sport has a rich history and tradition that dates back over a century.,IAB17 Sports,0.86,synthetic,
"The sport has faced criticism for its environmental impact, but efforts are being made to reduce emissions and promote sustainability.",IAB17 Sports,0.86,synthetic,
basketball oklahoma city wins naia womens title,IAB17 Sports,0.86,pseudo labeled,
oscar pistorius global sports icon manager says,IAB17 Sports,0.86,pseudo labeled,
"Originating in the United States in the mid-19th century, baseball has evolved into a beloved pastime enjoyed by millions worldwide.",IAB17 Sports,0.86,synthetic,
"Skateboarding has the potential to foster intergenerational connections, bringing together people of different ages and backgrounds through a shared passion for the sport.",IAB17 Sports,0.86,synthetic,
"Football's economic impact is substantial, generating billions of dollars in revenue through ticket sales, merchandise, and broadcasting rights.",IAB17 Sports,0.86,synthetic,
sports air july 6,IAB17 Sports,0.86,pseudo labeled,
"Tennis has a rich history, with many notable figures and events that have shaped the sport.",IAB17 Sports,0.86,synthetic,
nfl sues mia 16 million flashing middle finger,IAB17 Sports,0.86,pseudo labeled,
"Volleyball has also been a catalyst for social change, helping to break down stereotypes and promote gender equality.",IAB17 Sports,0.86,synthetic,
video astronauts play football space station 2014 world cup,IAB17 Sports,0.86,pseudo labeled,
justin bieber responds deposition video winds basketball,IAB17 Sports,0.86,pseudo labeled,
The Steroid Era: Performance-Enhancing Drugs in Ice Hockey,IAB17 Sports,0.86,synthetic,
nfl seeking 166 million mia super bowl middle finger,IAB17 Sports,0.86,pseudo labeled,
nfl demands 166 million mias super bowl middle finger,IAB17 Sports,0.86,pseudo labeled,
sport rodeo,IAB17 Sports,0.85,scraped,
sport sur-papakh,IAB17 Sports,0.85,scraped,
sport team penning,IAB17 Sports,0.85,scraped,
sport tent pegging,IAB17 Sports,0.85,scraped,
nfl quietly suing mia middle finger 166 million,IAB17 Sports,0.85,pseudo labeled,
sport big-game fishing,IAB17 Sports,0.85,scraped,
sport spearfishing,IAB17 Sports,0.85,scraped,
sport casting,IAB17 Sports,0.85,scraped,
sport noodling,IAB17 Sports,0.85,scraped,
"The sport has also played a role in social and cultural change, breaking down barriers and promoting equality.",IAB17 Sports,0.85,synthetic,
"The sport continues to adapt to changing societal attitudes and technological advancements, ensuring its relevance and popularity for future generations.",IAB17 Sports,0.85,synthetic,
sport sport fishing,IAB17 Sports,0.85,scraped,
sport steeplechase,IAB17 Sports,0.85,scraped,
"Notable events in tennis include the Grand Slams (Australian Open, French Open, Wimbledon, and US Open), which are the most prestigious tournaments in the sport.",IAB17 Sports,0.85,synthetic,
sport human-powered aircraft,IAB17 Sports,0.85,scraped,
sport show jumping,IAB17 Sports,0.85,scraped,
sport organized horse fighting,IAB17 Sports,0.85,scraped,
Sailing is a water sport that involves the use of wind power to propel a boat across the water.,IAB17 Sports,0.85,synthetic,
sarah palins sportsman channel show renewed 2015,IAB17 Sports,0.85,pseudo labeled,
sport show hunter(british),IAB17 Sports,0.85,scraped,
baseball fans descend iowa remember field dreams,IAB17 Sports,0.85,pseudo labeled,
sport angling,IAB17 Sports,0.85,scraped,
sport drone racing,IAB17 Sports,0.85,scraped,
sport surf fishing,IAB17 Sports,0.85,scraped,
sport hang glidingpowered hang glider,IAB17 Sports,0.85,scraped,
sport buzkashi,IAB17 Sports,0.85,scraped,
sport barrel racing,IAB17 Sports,0.85,scraped,
sport campdrafting,IAB17 Sports,0.85,scraped,
sport cirit,IAB17 Sports,0.85,scraped,
sport charreada,IAB17 Sports,0.85,scraped,
george rr martin threw first pitch game baseball,IAB17 Sports,0.85,pseudo labeled,
sport cluster ballooning,IAB17 Sports,0.85,scraped,
sport rock fishing,IAB17 Sports,0.85,scraped,
sport paragliding,IAB17 Sports,0.85,scraped,
sport chuckwagon racing,IAB17 Sports,0.85,scraped,
sport breakdancing,IAB17 Sports,0.85,scraped,
sport color guard (flag spinning),IAB17 Sports,0.85,scraped,
sport pato,IAB17 Sports,0.85,scraped,
sport dancing,IAB17 Sports,0.85,scraped,
sport cheerleading,IAB17 Sports,0.85,scraped,
sport pleasure driving,IAB17 Sports,0.85,scraped,
sport dancesport,IAB17 Sports,0.85,scraped,
redskins name routinely submittedand deniedfor trademark registration,IAB17 Sports,0.85,pseudo labeled,
sport dragon danceandlion dance,IAB17 Sports,0.85,scraped,
sport western pleasure,IAB17 Sports,0.85,scraped,
sport freerunning,IAB17 Sports,0.85,scraped,
sport high kick,IAB17 Sports,0.85,scraped,
sport parkour,IAB17 Sports,0.85,scraped,
"The sport's ability to create heroes, generate excitement, and provide a sense of belonging has made it a cultural phenomenon.",IAB17 Sports,0.85,synthetic,
tennis tulsa edged 1 ohio state,IAB17 Sports,0.85,pseudo labeled,
sport pole sports,IAB17 Sports,0.85,scraped,
sport quadrobics,IAB17 Sports,0.85,scraped,
sport stunt,IAB17 Sports,0.85,scraped,
sport trampolining,IAB17 Sports,0.85,scraped,
sport aerobatics,IAB17 Sports,0.85,scraped,
sport air racingcluster ballooninghopper ballooningdrone racing,IAB17 Sports,0.85,scraped,
sport figure skating,IAB17 Sports,0.85,scraped,
sport reining,IAB17 Sports,0.85,scraped,
nfl wants 166 million mias super bowl performance,IAB17 Sports,0.85,pseudo labeled,
sport hopper ballooning,IAB17 Sports,0.85,scraped,
vote whats favorite nascar icebucketchallenge part 1,IAB17 Sports,0.85,pseudo labeled,
sport fly fishing,IAB17 Sports,0.85,scraped,
sport chilean rodeo,IAB17 Sports,0.85,scraped,
sport wingsuit flying,IAB17 Sports,0.85,scraped,
sport cross country,IAB17 Sports,0.85,scraped,
sport yak skiing,IAB17 Sports,0.85,scraped,
sport bull-leapingcourse landaisejallikatturecortes,IAB17 Sports,0.85,scraped,
sport bullfightingspanish-style bullfighting,IAB17 Sports,0.85,scraped,
sport combat de reines,IAB17 Sports,0.85,scraped,
sport idi probak,IAB17 Sports,0.85,scraped,
sport kambala,IAB17 Sports,0.85,scraped,
sport pacu jawi,IAB17 Sports,0.85,scraped,
"The sport's economic significance is undeniable, creating jobs, supporting industries, and generating substantial revenue.",IAB17 Sports,0.85,synthetic,
sport running of the bulls,IAB17 Sports,0.85,scraped,
"Football has also been a source of inspiration for art, literature, and music, capturing the imagination of countless creatives.",IAB17 Sports,0.85,synthetic,
"The global nature of football has fostered cultural exchange and understanding, breaking down barriers and promoting unity.",IAB17 Sports,0.85,synthetic,
sport tōgyū,IAB17 Sports,0.85,scraped,
sport yak polo,IAB17 Sports,0.85,scraped,
sport yak racing,IAB17 Sports,0.85,scraped,
sport course landaise,IAB17 Sports,0.85,scraped,
sport bodyflight(indoor skydiving),IAB17 Sports,0.85,scraped,
nfl wants 166 million mias middle finger,IAB17 Sports,0.85,pseudo labeled,
sport gliding,IAB17 Sports,0.85,scraped,
sport bass fishing,IAB17 Sports,0.85,scraped,
The Legacy of Dale Earnhardt: A Racing Icon,IAB17 Sports,0.85,synthetic,
esports viewership tops bcs national championship,IAB17 Sports,0.85,pseudo labeled,
These sports are likely to continue to grow in popularity in the years to come.,IAB17 Sports,0.85,synthetic,
"If you're looking for a sport to play, volleyball is a great option.",IAB17 Sports,0.85,synthetic,
Volleyball is a sport that can be enjoyed by people of all ages and abilities.,IAB17 Sports,0.85,synthetic,
The Blackhawks Sexual Assault Scandal: A Dark Chapter in the Sport,IAB17 Sports,0.85,synthetic,
steve jobs called sports illustrateds 2009 ipad demo stupid,IAB17 Sports,0.85,pseudo labeled,
The Role of Technology in Racing: Data Analysis and Performance Optimization,IAB17 Sports,0.85,synthetic,
could go without us love affair soccer continuing,IAB17 Sports,0.85,pseudo labeled,
sport cutting,IAB17 Sports,0.85,scraped,
sport powered paragliding(paramotoring),IAB17 Sports,0.85,scraped,
sport mounted archery,IAB17 Sports,0.85,scraped,
The Impact of Television: Broadcasting the Thrill of Racing,IAB17 Sports,0.85,synthetic,
sport jineteada gaucha,IAB17 Sports,0.85,scraped,
sport skysurfing,IAB17 Sports,0.85,scraped,
sport endurance riding,IAB17 Sports,0.85,scraped,
sport english pleasure,IAB17 Sports,0.85,scraped,
sport spanish-style bullfighting,IAB17 Sports,0.85,scraped,
sport equitation,IAB17 Sports,0.85,scraped,
sport equestrian vaulting,IAB17 Sports,0.85,scraped,
sport gymkhana,IAB17 Sports,0.85,scraped,
sport harness racing,IAB17 Sports,0.85,scraped,
sport trick riding,IAB17 Sports,0.85,scraped,
sport dressage,IAB17 Sports,0.85,scraped,
sport horse racing,IAB17 Sports,0.85,scraped,
"sport horse polo, orpolo",IAB17 Sports,0.85,scraped,
sport horseball,IAB17 Sports,0.85,scraped,
sport hobby horse polo,IAB17 Sports,0.85,scraped,
sport jousting,IAB17 Sports,0.85,scraped,
sport ice fishing,IAB17 Sports,0.85,scraped,
Weightlifting,IAB17 Sports,0.85,synthetic,
sport powered hang glider,IAB17 Sports,0.85,scraped,
sport ultralight aviation,IAB17 Sports,0.85,scraped,
sport paraglidingpowered paragliding(paramotoring),IAB17 Sports,0.85,scraped,
sport base jumping,IAB17 Sports,0.85,scraped,
sport model aircraft,IAB17 Sports,0.85,scraped,
sport parachutingbase jumpingskysurfingwingsuit flyingbodyflight(indoor skydiving),IAB17 Sports,0.85,scraped,
sport jallikattu,IAB17 Sports,0.85,scraped,
sport recortes,IAB17 Sports,0.85,scraped,
google glass nba slam dunk airball,IAB17 Sports,0.85,pseudo labeled,
sport eventing,IAB17 Sports,0.85,scraped,
sport mounted games,IAB17 Sports,0.85,scraped,
sports stars glam 2014 espy awards photos,IAB17 Sports,0.84,pseudo labeled,
"The future of cricket looks bright, with the sport continuing to grow in popularity and reach new audiences around the world.",IAB17 Sports,0.84,synthetic,
"The equestrian sport is a popular form of entertainment, with many people enjoying watching horse races and other equestrian events.",IAB17 Sports,0.84,synthetic,
draft day next great sports movie,IAB17 Sports,0.84,pseudo labeled,
"The equestrian sport is a major economic driver, with the horse racing industry alone generating billions of dollars in revenue each year.",IAB17 Sports,0.84,synthetic,
basketball former hawks star dies,IAB17 Sports,0.84,pseudo labeled,
"Football's impact on society is undeniable, fostering teamwork, discipline, and a sense of community.",IAB17 Sports,0.84,synthetic,
The Evolution of Track Designs: From Ovals to Road Courses,IAB17 Sports,0.84,synthetic,
"Controversies surrounding match-fixing, doping, and player misconduct have also plagued the sport, highlighting the need for integrity and fair play.",IAB17 Sports,0.84,synthetic,
athlon energy athl shares march higher continue,IAB17 Sports,0.84,pseudo labeled,
5 reasons nintendos wii u risen dead,IAB17 Sports,0.84,pseudo labeled,
draft day star tom welling fans football film 5 highlights,IAB17 Sports,0.84,pseudo labeled,
"Despite these challenges, boxing remains a popular sport worldwide, with millions of fans and a global reach.",IAB17 Sports,0.84,synthetic,
draft day another winning kevin costner sports film review,IAB17 Sports,0.84,pseudo labeled,
"The sport has a bright future, with continued growth and innovation expected in the years to come.",IAB17 Sports,0.84,synthetic,
"Boxing, a combat sport with a rich history, has significantly influenced the world of sports.",IAB17 Sports,0.84,synthetic,
smith star nfl drama based game brain concussion article,IAB17 Sports,0.84,pseudo labeled,
"Pro basketball is a global sport, with teams and players from all over the world.",IAB17 Sports,0.84,synthetic,
Ski jumping is a spectacular sport that involves jumping off a ramp and landing on a hill,IAB17 Sports,0.84,synthetic,
sports briefs uclas pauley pavilion drying flood,IAB17 Sports,0.84,pseudo labeled,
"Snowboarding has adapted to the pandemic through the use of online coaching, virtual competitions, and the development of new safety protocols.",IAB17 Sports,0.84,synthetic,
yales sports fields alibabas megadeals guy executes jack,IAB17 Sports,0.84,pseudo labeled,
nfl pivotal deal directv,IAB17 Sports,0.84,pseudo labeled,
"Scuba diving has influenced other sports, such as freediving, underwater hockey, and spearfishing.",IAB17 Sports,0.84,synthetic,
nfl sues mia 166 million shooting bird super bowl,IAB17 Sports,0.84,pseudo labeled,
Rugby's Role in Promoting Sports Education and Coaching,IAB17 Sports,0.84,synthetic,
"The Olympics, a global sporting event held every four years, has a profound influence on the world of sports.",IAB17 Sports,0.84,synthetic,
"The equestrian sport is a popular form of technology, with many new technologies being developed to improve the performance of horses and riders.",IAB17 Sports,0.84,synthetic,
The Excitement of the Daytona 500: The Great American Race,IAB17 Sports,0.83,synthetic,
Swimming is a popular sport that is enjoyed by people of all ages and abilities.,IAB17 Sports,0.83,synthetic,
nintendos game boy turns 25 lets reminisce,IAB17 Sports,0.83,pseudo labeled,
- The Solheim Cup: A biennial golf competition between teams from Europe and the United States.,IAB17 Sports,0.83,synthetic,
bad golf game hurts dicks staples stock gets stapled credit suisse,IAB17 Sports,0.83,pseudo labeled,
"The sport has been impacted by the COVID-19 pandemic, with resorts facing closures and travel restrictions affecting participation.",IAB17 Sports,0.83,synthetic,
big 5 sporting goods downgraded underperform zacks bgfv,IAB17 Sports,0.83,pseudo labeled,
"Pro basketball has evolved over the years, with new rules and strategies being introduced.",IAB17 Sports,0.83,synthetic,
"Controversies surrounding the Olympics have included doping scandals, political boycotts, and allegations of corruption.",IAB17 Sports,0.83,synthetic,
olympic snowboarder shaun white get gold medal promcrashing,IAB17 Sports,0.83,pseudo labeled,
hochman power sports community easy see cinco de mayo,IAB17 Sports,0.83,pseudo labeled,
josh elliot exit good morning america nbc sports position,IAB17 Sports,0.83,pseudo labeled,
International Expansion: The Spread of Ice Hockey Worldwide,IAB17 Sports,0.83,synthetic,
astronauts play soccer international space station send world cup,IAB17 Sports,0.83,pseudo labeled,
nfl demands 166 million mia,IAB17 Sports,0.83,pseudo labeled,
"Cricket has a rich history and a bright future, with its unique blend of skill, strategy, and entertainment continuing to captivate fans worldwide.",IAB17 Sports,0.83,synthetic,
nfl demanding 166 million mia super bowl snafu,IAB17 Sports,0.83,pseudo labeled,
"The future of surfing and body-boarding looks bright, with continued growth, innovation, and a commitment to sustainability and inclusivity.",IAB17 Sports,0.83,synthetic,
skatepark theft,IAB17 Sports,0.83,pseudo labeled,
critics cable merger could sideline sports,IAB17 Sports,0.83,pseudo labeled,
actor hugh jackman calls wwes john cena sportscenter,IAB17 Sports,0.83,pseudo labeled,
"The sport has a bright future, with new technologies and innovations promising to make it even more exciting and accessible.",IAB17 Sports,0.83,synthetic,
parklife tv local football round,IAB17 Sports,0.83,pseudo labeled,
"The sport is constantly evolving, and it is likely to continue to grow in popularity in the years to come.",IAB17 Sports,0.83,synthetic,
baseball capsules,IAB17 Sports,0.83,pseudo labeled,
"Surfing and body-boarding have inspired artistic expression, including photography, painting, and filmmaking, capturing the beauty and excitement of these sports.",IAB17 Sports,0.83,synthetic,
nfl wants many millions dollars mia super,IAB17 Sports,0.83,pseudo labeled,
"Today, sailing is a global sport, with millions of people participating in it around the world.",IAB17 Sports,0.83,synthetic,
draft day proves kevin costner make sports movies,IAB17 Sports,0.83,pseudo labeled,
doug camilli mia points finger nfl super bowl lawsuit,IAB17 Sports,0.82,pseudo labeled,
nfls draft day hypocrisy,IAB17 Sports,0.82,pseudo labeled,
"Snowboarding has the potential to become even more inclusive and accessible, with efforts aimed at breaking down barriers to participation.",IAB17 Sports,0.82,synthetic,
college soccer player deathly allergic sweat,IAB17 Sports,0.82,pseudo labeled,
wwe live event results portland 628 last man standing match,IAB17 Sports,0.82,pseudo labeled,
sports drinks energy drinks linked unhealthy behaviors adolescents,IAB17 Sports,0.82,pseudo labeled,
"Figure skating has been an Olympic sport since 1908, and it is one of the most popular events at the Winter Games.",IAB17 Sports,0.82,synthetic,
washington redskins name loses patent protection,IAB17 Sports,0.82,pseudo labeled,
washington redskins trademark canceled ruled disparaging patent board,IAB17 Sports,0.82,pseudo labeled,
watch obama plays soccer japanese robot,IAB17 Sports,0.82,pseudo labeled,
us patent office rules redskins name trademark,IAB17 Sports,0.82,pseudo labeled,
2014 circuit america motogp race results marquez wins,IAB17 Sports,0.82,pseudo labeled,
nfl upping lawsuit mia 15 million 166 million,IAB17 Sports,0.82,pseudo labeled,
drake chris brown appear sports awards skit,IAB17 Sports,0.82,pseudo labeled,
colts cheerleader auditions underway,IAB17 Sports,0.82,pseudo labeled,
Game & Fish is a popular outdoor activity that has a long history and a bright future.,IAB17 Sports,0.82,synthetic,
"Figure skating is a rewarding sport that can provide skaters with a sense of accomplishment, confidence, and self-esteem.",IAB17 Sports,0.82,synthetic,
Figure skating is a demanding sport that requires years of training and dedication.,IAB17 Sports,0.82,synthetic,
nfl wants 166 million mia super bowl finger,IAB17 Sports,0.82,pseudo labeled,
watch next weeks game thrones promo first name,IAB17 Sports,0.82,pseudo labeled,
Notable events in baseball history have captured the imagination of fans and left a lasting legacy.,IAB17 Sports,0.82,synthetic,
oscar pistorius became global icon london olympics,IAB17 Sports,0.82,pseudo labeled,
astronauts watch 2014 football world cup space nasa,IAB17 Sports,0.81,pseudo labeled,
"Boxing has played a significant role in shaping the world of sports, providing entertainment, inspiration, and a platform for athletes to showcase their skills and determination.",IAB17 Sports,0.81,synthetic,
"The Olympics have played a pivotal role in shaping the history of sports, introducing new disciplines and setting standards for athletic performance.",IAB17 Sports,0.81,synthetic,
matthew mcconaughey emma stone latest good sports read,IAB17 Sports,0.81,pseudo labeled,
"If you are looking for a new sport to try, give waterskiing or wakeboarding a try.",IAB17 Sports,0.81,synthetic,
world cup breaks super bowl record twitter,IAB17 Sports,0.81,pseudo labeled,
rare footage shows fdr walking baseball game,IAB17 Sports,0.81,pseudo labeled,
"The sport has also been shown to have a positive impact on social development, promoting teamwork, communication, and fair play.",IAB17 Sports,0.81,synthetic,
wwe summerslam poster spoiler brock lesnar vs john cena,IAB17 Sports,0.81,pseudo labeled,
nfl wants 166 million mias super bowl bird,IAB17 Sports,0.81,pseudo labeled,
lacrosse insider blue chip 225 sophomore elite game top 10 tristate peak,IAB17 Sports,0.81,pseudo labeled,
shares sports camera maker gopro jump nearly 30 per cent stock market,IAB17 Sports,0.81,pseudo labeled,
sure game thrones nba finals cool watching,IAB17 Sports,0.81,pseudo labeled,
paraplegic man iron man suit symbolically kicks 2014 world cup,IAB17 Sports,0.81,pseudo labeled,
Controversies in baseball have often sparked heated debates and challenged the sport's integrity.,IAB17 Sports,0.81,synthetic,
josh murray shares adorable family baseball tbt see back day,IAB17 Sports,0.81,pseudo labeled,
nfl bosses want 16 million mia finger,IAB17 Sports,0.81,pseudo labeled,
heres soccer video set hey ya honor world outkast day,IAB17 Sports,0.81,pseudo labeled,
emotional baseball reunion field dreams brings costner iowa,IAB17 Sports,0.81,pseudo labeled,
"It is a sport that can be both exciting and rewarding, and it is a sport that has a rich history and tradition.",IAB17 Sports,0.81,synthetic,
skating fight cancer,IAB17 Sports,0.81,pseudo labeled,
nfl officials sue mia 166 million super bowl halftime show incident,IAB17 Sports,0.81,pseudo labeled,
sports day greatham primary,IAB17 Sports,0.81,pseudo labeled,
"The equestrian sport is a popular form of culture, with many traditions and customs associated with horses and equestrian events.",IAB17 Sports,0.81,synthetic,
Notable Events in Golf History,IAB17 Sports,0.81,synthetic,
"- The first Olympic marathon, which was held in 1896.",IAB17 Sports,0.81,synthetic,
sportsselfie camera sensation gopro speeds ipo,IAB17 Sports,0.81,pseudo labeled,
Rugby's Contribution to the Development of Other Sports,IAB17 Sports,0.81,synthetic,
"The most successful swimmer in Olympic history is Michael Phelps, who has won 28 medals, including 23 gold medals.",IAB17 Sports,0.81,synthetic,
exnfl player tim shaw using ice bucket challenge fight life,IAB17 Sports,0.81,pseudo labeled,
"The UK is a popular destination for sports fans, with a wide range of sporting events and venues.",IAB17 Sports,0.81,synthetic,
astronauts playing space soccer best football youll see day,IAB17 Sports,0.81,pseudo labeled,
basketball neo guard honored,IAB17 Sports,0.81,pseudo labeled,
kevin costner plays baseball iowa celebrate field dreams anniversary,IAB17 Sports,0.8,pseudo labeled,
"The sport has faced controversies related to animal welfare, conservation, and gun control, highlighting the need for ongoing dialogue and responsible practices.",IAB17 Sports,0.8,synthetic,
photos game thrones lion rose,IAB17 Sports,0.8,pseudo labeled,
"Tennis, a racquet sport played between two or four players, has gained immense popularity worldwide.",IAB17 Sports,0.8,synthetic,
prince george steals show polo match,IAB17 Sports,0.8,pseudo labeled,
make movie nfl draft worth watching,IAB17 Sports,0.8,pseudo labeled,
ranking firsttweet 4 major local sports teams,IAB17 Sports,0.8,pseudo labeled,
"Volleyball is a fast-paced and physically demanding sport that requires a combination of athleticism, skill, and teamwork.",IAB17 Sports,0.8,synthetic,
- The globalization of the sport,IAB17 Sports,0.8,synthetic,
"The sport continues to evolve, with new climbing styles and techniques emerging, pushing the limits of human ability.",IAB17 Sports,0.8,synthetic,
ncaa softball,IAB17 Sports,0.8,pseudo labeled,
nfl wants 151 million mia nfl crazy,IAB17 Sports,0.8,pseudo labeled,
"Soccer is a team sport, and is played between two teams of 11 players.",IAB17 Sports,0.8,synthetic,
next wayne rooney baby prince george plays football polo game,IAB17 Sports,0.8,pseudo labeled,
nfl wants mia pay 166m super bowl middle finger flap,IAB17 Sports,0.8,pseudo labeled,
"Tennis has a global reach, with millions of players and fans around the world.",IAB17 Sports,0.8,synthetic,
abcs elliott leaving show nbc sports,IAB17 Sports,0.8,pseudo labeled,
sarah palin elected second term sportsman channel,IAB17 Sports,0.8,pseudo labeled,
"- The ""slow play"" issue: Concerns about the slow pace of play in golf, which have led to rule changes and other initiatives to speed up the game.",IAB17 Sports,0.8,synthetic,
"Surfing and body-boarding offer numerous physical benefits, including improved cardiovascular health, muscle strength, and balance.",IAB17 Sports,0.8,synthetic,
"The sport has a significant cultural impact, inspiring movies, video games, and merchandise.",IAB17 Sports,0.8,synthetic,
amy robach replaces josh elliott gma takes job nbc sports,IAB17 Sports,0.8,pseudo labeled,
nfl sunday ticket key potential attdirectv deal,IAB17 Sports,0.8,pseudo labeled,
game thrones george rr martin pitches minor league baseball game,IAB17 Sports,0.8,pseudo labeled,
wwe summerslam poster leaks online teases brock lesnar vs john cena,IAB17 Sports,0.8,pseudo labeled,
The sport's ability to evoke strong emotions and create unforgettable moments has made it a powerful storytelling medium.,IAB17 Sports,0.8,synthetic,
boys high school basketball catholic league vet laird takes reins bishop,IAB17 Sports,0.8,pseudo labeled,
Swimming was included in the first modern Olympic Games in 1896.,IAB17 Sports,0.8,synthetic,
Controversies: On-Ice Incidents and Off-Field Scandals,IAB17 Sports,0.8,synthetic,
"The future of volleyball looks bright, with the sport expected to continue to grow in popularity and reach new heights.",IAB17 Sports,0.8,synthetic,
"If horse racing can overcome its challenges, it has the potential to be a even more popular and successful sport in the future.",IAB17 Sports,0.79,synthetic,
draft day ny screening bill belichick matt leinart helped football,IAB17 Sports,0.79,pseudo labeled,
black rock creek golfers take als ice bucket challenge,IAB17 Sports,0.79,pseudo labeled,
game thrones nba edition episode 2 video,IAB17 Sports,0.79,pseudo labeled,
jockey club joins race become worlds best,IAB17 Sports,0.79,pseudo labeled,
"In the modern era, horse racing, show jumping, dressage, and other equestrian disciplines have become popular spectator sports, with major events such as the Kentucky Derby and the Olympics attracting millions of viewers worldwide.",IAB17 Sports,0.79,synthetic,
"Some of the most famous horse races in the world include the Kentucky Derby, the Preakness Stakes, and the Belmont Stakes.",IAB17 Sports,0.79,synthetic,
swimming former olympic champion van dyken severs spine accident,IAB17 Sports,0.79,pseudo labeled,
Notable Events: Memorable Games and Championship Moments,IAB17 Sports,0.79,synthetic,
good morning america host josh elliott leaving nbc sports,IAB17 Sports,0.79,pseudo labeled,
lebron james part judd apatows trainwreck,IAB17 Sports,0.79,pseudo labeled,
sports energy drinks linked unhealthy teens,IAB17 Sports,0.79,pseudo labeled,
behind scenes olympic gold medalists meryl davis charlie white,IAB17 Sports,0.79,pseudo labeled,
10 things see sports aps top sports photos,IAB17 Sports,0.79,pseudo labeled,
"Despite these challenges, cricket remains a popular and influential sport, with new fans being drawn to its unique blend of skill, strategy, and entertainment.",IAB17 Sports,0.79,synthetic,
"The sport's economic impact is significant, generating revenue through ticket sales, sponsorships, and tourism.",IAB17 Sports,0.79,synthetic,
red bull grand prix americas motogp race date time live streaming,IAB17 Sports,0.79,pseudo labeled,
watch obama play soccer lifelike robot,IAB17 Sports,0.79,pseudo labeled,
video former las vegas sports anchor goes viral,IAB17 Sports,0.79,pseudo labeled,
nascar nation 92nd running broadmoor pikes peak international hill,IAB17 Sports,0.79,pseudo labeled,
talker obama plays soccer japanese robot,IAB17 Sports,0.79,pseudo labeled,
The Brawl in Boston: A Notorious On-Ice Incident,IAB17 Sports,0.79,synthetic,
mia sued nfl 166 million super bowl middle finger,IAB17 Sports,0.79,pseudo labeled,
motorcyclingmarquez grabs pole grand prix americas,IAB17 Sports,0.79,pseudo labeled,
"These water sports foster a sense of community among surfers and body-boarders, creating a shared passion and a supportive network.",IAB17 Sports,0.79,synthetic,
inside duke duchess cambridges sporty weekend,IAB17 Sports,0.79,pseudo labeled,
"The future of running/jogging is bright, with new technologies and trends emerging all the time.",IAB17 Sports,0.79,synthetic,
"Have fun! Running/Jogging should be enjoyable, so find a way to make it work for you.",IAB17 Sports,0.79,synthetic,
"Notable events in boxing include the ""Rumble in the Jungle"" between Ali and George Foreman, the ""Thrilla in Manila"" between Ali and Joe Frazier, and the ""Fight of the Century"" between Floyd Mayweather Jr. and Manny Pacquiao.",IAB17 Sports,0.79,synthetic,
Surfing and body-boarding are exhilarating water sports that have gained immense popularity worldwide.,IAB17 Sports,0.79,synthetic,
"The NBA is followed by millions of fans around the world, and its games are broadcast in over 200 countries.",IAB17 Sports,0.78,synthetic,
free event tuesday watch usa vs belgium world cup match live,IAB17 Sports,0.78,pseudo labeled,
world cup space astronauts play cosmic soccer space station video,IAB17 Sports,0.78,pseudo labeled,
sports energy drink consumption linked unhealthy teen behaviors,IAB17 Sports,0.78,pseudo labeled,
wimbledon oldest mens finalists,IAB17 Sports,0.78,pseudo labeled,
world cup 2014 astronauts play football board iss wish teams good luck,IAB17 Sports,0.78,pseudo labeled,
netflix nflx stock higher morning,IAB17 Sports,0.78,pseudo labeled,
"Despite these controversies, running/jogging remains a popular and accessible sport that can be enjoyed by people of all ages and abilities.",IAB17 Sports,0.78,synthetic,
abcs josh elliott leaving show nbc sports,IAB17 Sports,0.78,pseudo labeled,
us patent office cancels trademarks nfls washington redskins,IAB17 Sports,0.78,pseudo labeled,
football world cup fever reached international space station,IAB17 Sports,0.78,pseudo labeled,
dodgers tv blueout long way end despite congress attention,IAB17 Sports,0.78,pseudo labeled,
"Despite controversies, hunting and shooting remain popular sports, with millions of participants worldwide.",IAB17 Sports,0.78,synthetic,
ohio soccer player battles lifethreatening reactions triggered exercise,IAB17 Sports,0.78,pseudo labeled,
record 672 million world cup tweets boost twitter gains,IAB17 Sports,0.78,pseudo labeled,
"Key figures like Pelé, Maradona, and Messi have left an indelible mark on the game, becoming icons of skill and athleticism.",IAB17 Sports,0.78,synthetic,
"Some of the most iconic figures in cricket history include Sir Donald Bradman, Sachin Tendulkar, and Viv Richards.",IAB17 Sports,0.78,synthetic,
president obama plays soccer japanese robot,IAB17 Sports,0.78,pseudo labeled,
"Over the centuries, tennis has evolved from a court game played by royalty to a global sport enjoyed by millions.",IAB17 Sports,0.78,synthetic,
"Volleyball quickly gained popularity in the United States and spread to other countries, becoming an official Olympic sport in 1964.",IAB17 Sports,0.78,synthetic,
google glass sale weekend players championship golf,IAB17 Sports,0.78,pseudo labeled,
2014 fifa world cup official theme song one ole ola feat pitbull,IAB17 Sports,0.78,pseudo labeled,
The sport has faced criticism for promoting unrealistic body standards and potentially leading to health issues.,IAB17 Sports,0.78,synthetic,
taylor swift musics biggest money maker,IAB17 Sports,0.78,pseudo labeled,
"The World Surf League Championship Tour is the premier surfing competition, showcasing the world's top surfers.",IAB17 Sports,0.78,synthetic,
redskins disparaging trademark canceled us patent office,IAB17 Sports,0.78,pseudo labeled,
nfl game thrones,IAB17 Sports,0.78,pseudo labeled,
"Tennis has faced challenges over the years, including issues related to doping, match-fixing, and player burnout.",IAB17 Sports,0.78,synthetic,
draft day football junkies,IAB17 Sports,0.78,pseudo labeled,
"Despite the controversies, waterskiing and wakeboarding remain popular sports that are enjoyed by millions of people around the world.",IAB17 Sports,0.78,synthetic,
snow white huntsman ditches snow white,IAB17 Sports,0.78,pseudo labeled,
"The future of snowboarding looks promising, with continued growth expected in both participation and technological advancements.",IAB17 Sports,0.77,synthetic,
27 stars love play field sports celebrity collide,IAB17 Sports,0.77,pseudo labeled,
redskins trademark revoked patent office,IAB17 Sports,0.77,pseudo labeled,
"The legacy of boxing is one of athleticism, courage, and determination, inspiring generations of athletes and fans.",IAB17 Sports,0.77,synthetic,
olympic gold medal ice dancers meryl davis charlie white latin night,IAB17 Sports,0.77,pseudo labeled,
"Snowboarding has a strong influence on youth culture, promoting an active lifestyle, individuality, and a sense of community.",IAB17 Sports,0.77,synthetic,
champion swimmer amy van dykenrouen icu,IAB17 Sports,0.77,pseudo labeled,
The sport's ability to adapt and evolve will ensure its continued relevance and popularity in the global sporting landscape.,IAB17 Sports,0.77,synthetic,
"The sport is likely to embrace sustainability initiatives, with a focus on reducing its environmental impact.",IAB17 Sports,0.77,synthetic,
espys 2014 live stream info preview awards show,IAB17 Sports,0.77,pseudo labeled,
"These water sports can be transformative experiences, fostering personal growth, self-confidence, and a deeper connection to the natural world.",IAB17 Sports,0.77,synthetic,
de niro crashes party watch soccer game,IAB17 Sports,0.77,pseudo labeled,
robert de niro halts shoot watch world cup match,IAB17 Sports,0.77,pseudo labeled,
indianapolis colts wide receiver lavon brazill suspended without pay,IAB17 Sports,0.77,pseudo labeled,
sircars sabine vs empire star wars rebels,IAB17 Sports,0.77,pseudo labeled,
"Despite these controversies, volleyball remains a popular and widely enjoyed sport around the world.",IAB17 Sports,0.77,synthetic,
review draft day offers two hours shameless nfl powerbranding,IAB17 Sports,0.77,pseudo labeled,
football major prize atts directv buy,IAB17 Sports,0.77,pseudo labeled,
dicks sporting goods earnings top expectations,IAB17 Sports,0.77,pseudo labeled,
world cup proves winner twitter,IAB17 Sports,0.77,pseudo labeled,
directv still balking twc sportsnet la,IAB17 Sports,0.77,pseudo labeled,
"Sailing can be a competitive sport, with races held all over the world.",IAB17 Sports,0.77,synthetic,
yahoo brings personalised sports app ios android uk,IAB17 Sports,0.77,pseudo labeled,
nfl could spoil atts 485b acquisition directv,IAB17 Sports,0.77,pseudo labeled,
mias battle nfl super bowl finger gets uglier,IAB17 Sports,0.77,pseudo labeled,
photos beyonce actual surfboard,IAB17 Sports,0.77,pseudo labeled,
name change washington redskins lose trademark case,IAB17 Sports,0.77,pseudo labeled,
wwe live event results 628 portland reigns vs kane miz action,IAB17 Sports,0.77,pseudo labeled,
"The modern game of soccer was developed in England in the 19th century, and has since spread to every corner of the globe.",IAB17 Sports,0.77,synthetic,
cocacola gets damarcus beasley promote soccer,IAB17 Sports,0.77,pseudo labeled,
obama plays soccer japanese robot,IAB17 Sports,0.77,pseudo labeled,
trademark board rules redskins name wvideo,IAB17 Sports,0.77,pseudo labeled,
video ames tribune sports staffers take als ice bucket challenge,IAB17 Sports,0.77,pseudo labeled,
google glass finds fans sports teams seeking provide new views,IAB17 Sports,0.77,pseudo labeled,
"The equestrian sport is a popular form of history, with many historical events involving horses and equestrian events.",IAB17 Sports,0.77,synthetic,
The sport is also a great way to learn about different types of motivation and how to motivate others.,IAB17 Sports,0.77,synthetic,
google glass taking sports fan closer action,IAB17 Sports,0.77,pseudo labeled,
aereos ceo future netflix tv sports public airwaves,IAB17 Sports,0.77,pseudo labeled,
"Hunting and shooting competitions showcase the precision, accuracy, and endurance of participants, fostering a sense of accomplishment and friendly rivalry.",IAB17 Sports,0.77,synthetic,
washington redskins trademark revoked us patent trademark office,IAB17 Sports,0.77,pseudo labeled,
college womens basketball ncaaa tournament nus chances rest,IAB17 Sports,0.77,pseudo labeled,
kendall jones 19yearold big game hunter texas,IAB17 Sports,0.77,pseudo labeled,
marc marquez takes pole grand prix americas motogp race texas,IAB17 Sports,0.77,pseudo labeled,
"The sport has also been used as a tool for social change, promoting peace, tolerance, and understanding.",IAB17 Sports,0.77,synthetic,
Key Figures in Golf History,IAB17 Sports,0.77,synthetic,
netflix inc nflx challenging highs upgrade,IAB17 Sports,0.76,pseudo labeled,
"Fans are drawn to the excitement, speed, and skill involved in the sport.",IAB17 Sports,0.76,synthetic,
space station sends world cup best wishes,IAB17 Sports,0.76,pseudo labeled,
"Key figures in the Olympic movement include Pierre de Coubertin, the founder of the modern Games, and Avery Brundage, the long-time president of the International Olympic Committee (IOC).",IAB17 Sports,0.76,synthetic,
directv offer nfl sunday ticket streaming options,IAB17 Sports,0.76,pseudo labeled,
colbert rant redskins inspires cancelcolbert,IAB17 Sports,0.76,pseudo labeled,
"Soccer is a team sport, played between two teams of 11 players.",IAB17 Sports,0.76,synthetic,
surf sail innovator hobie alter dies 80,IAB17 Sports,0.76,pseudo labeled,
warriors v rhinos,IAB17 Sports,0.76,pseudo labeled,
trademark trial appeal board cancels washington nfl teams trademark,IAB17 Sports,0.76,pseudo labeled,
jessica simpson ties knot nfl hottie eric johnson,IAB17 Sports,0.76,pseudo labeled,
watch homer simpson complete als ice bucket challenge,IAB17 Sports,0.76,pseudo labeled,
"Game & Fish is a popular outdoor activity that involves hunting, fishing, and other related pursuits.",IAB17 Sports,0.76,synthetic,
"The sport has faced controversies related to environmental impact, safety concerns, and the ethical treatment of marine life.",IAB17 Sports,0.76,synthetic,
football flick draft day gains yards doesnt win,IAB17 Sports,0.76,pseudo labeled,
galaxy s5 sport hits sprint july 25,IAB17 Sports,0.76,pseudo labeled,
nfl kaepernick responds reports police probe,IAB17 Sports,0.76,pseudo labeled,
obamacare highlights sports injuries enroll young,IAB17 Sports,0.76,pseudo labeled,
international space station astronauts watch world cup,IAB17 Sports,0.76,pseudo labeled,
nfl wants 16 million mia madonna help,IAB17 Sports,0.76,pseudo labeled,
crickets daily 3 apatow rogen vs critic,IAB17 Sports,0.76,pseudo labeled,
olympic paralympic sprinter oscar pistorius returns court pretoria,IAB17 Sports,0.76,pseudo labeled,
san francisco 49ers colin kaepernick defends name linked,IAB17 Sports,0.76,pseudo labeled,
"Over the centuries, boxing has evolved into a modern sport with standardized rules and regulations.",IAB17 Sports,0.76,synthetic,
- The Daytona 200,IAB17 Sports,0.76,synthetic,
"You can find skating clubs, coaches, and rinks in most major cities.",IAB17 Sports,0.76,synthetic,
att eyes football directv buy,IAB17 Sports,0.76,pseudo labeled,
nba players father gets prison fraud case,IAB17 Sports,0.76,pseudo labeled,
nfl sunday tickets availability expands,IAB17 Sports,0.76,pseudo labeled,
"The sport has been used as a tool for diplomacy and peacebuilding, and has helped to bring people together from all walks of life.",IAB17 Sports,0.76,synthetic,
cmo today nfl pivotal atts directv deal,IAB17 Sports,0.76,pseudo labeled,
world cup us germany tie world iss astronauts,IAB17 Sports,0.76,pseudo labeled,
draft days kevin costner offers take sports movies video,IAB17 Sports,0.76,pseudo labeled,
nfl notes manziels playbook includes hanging justin bieber,IAB17 Sports,0.76,pseudo labeled,
"Tennis has a significant influence on the broader context of sports, promoting physical fitness, sportsmanship, and international competition.",IAB17 Sports,0.76,synthetic,
watch jimmy kimmel clayton kershaw dodgers pitcher throws baseball,IAB17 Sports,0.76,pseudo labeled,
nfl star tom brady gisele bundchen selling 50 million los angeles,IAB17 Sports,0.76,pseudo labeled,
"The sport continues to evolve, with new rules and technologies being introduced to enhance the game.",IAB17 Sports,0.76,synthetic,
robert de niro stops filming watch world cup,IAB17 Sports,0.76,pseudo labeled,
The sport is also a great way to learn about different types of sportsmanship and how to display it.,IAB17 Sports,0.76,synthetic,
baseball auction offers ticket 1867 convention,IAB17 Sports,0.76,pseudo labeled,
"These athletes have set world records and won numerous Olympic medals, inspiring generations of runners.",IAB17 Sports,0.76,synthetic,
colorado astronaut crewmates space station watch world cup,IAB17 Sports,0.76,pseudo labeled,
prince george snapped taking first steps polo event,IAB17 Sports,0.76,pseudo labeled,
google glass prototype pairing luxury sports,IAB17 Sports,0.76,pseudo labeled,
horseplay round prince joins polo set,IAB17 Sports,0.75,pseudo labeled,
kevin costner breaks takes great sports actor,IAB17 Sports,0.75,pseudo labeled,
obama plays soccer robot probably asks spare human race,IAB17 Sports,0.75,pseudo labeled,
elliott leaving abcs gma nbc sports,IAB17 Sports,0.75,pseudo labeled,
jamie foxxs tennis ball vs drakes side pieces whose,IAB17 Sports,0.75,pseudo labeled,
nintendos original game boy turns 25,IAB17 Sports,0.75,pseudo labeled,
Swimming is a popular sport in many countries around the world.,IAB17 Sports,0.75,synthetic,
how to improve athletic performance,IAB17 Sports,0.75,synthetic,
netflix nflx stock today,IAB17 Sports,0.75,pseudo labeled,
aftermarket movers april 21 nflx agn vrx rmbs,IAB17 Sports,0.75,pseudo labeled,
"It is a challenging sport, but it is also very rewarding",IAB17 Sports,0.75,synthetic,
It is a challenging but rewarding sport that can be enjoyed for a lifetime.,IAB17 Sports,0.75,synthetic,
2014 quidditch world cup final pottermore set july 11 3rd place game,IAB17 Sports,0.75,pseudo labeled,
Freshwater fishing is a popular sport enjoyed by people of all ages and backgrounds.,IAB17 Sports,0.75,synthetic,
braincontrolled exoskeleton help kick fifa 2014 world cup,IAB17 Sports,0.75,pseudo labeled,
"The sport has faced challenges related to climate change, as rising temperatures and reduced snowfall impact the availability of suitable terrain.",IAB17 Sports,0.75,synthetic,
The sport has a unique ability to bring people together from all walks of life.,IAB17 Sports,0.75,synthetic,
collegiate athletes unionize,IAB17 Sports,0.75,pseudo labeled,
nfl fined mia 166 million gives,IAB17 Sports,0.75,pseudo labeled,
"Key figures in tennis history include Roger Federer, Serena Williams, Rafael Nadal, and Novak Djokovic, who have dominated the sport in recent decades.",IAB17 Sports,0.75,synthetic,
dicks sporting goods inc dks updates fy15 earnings guidance,IAB17 Sports,0.75,pseudo labeled,
ahead world cup astronauts show mad soccer skills zero gravity,IAB17 Sports,0.75,pseudo labeled,
"Skiing has continued to grow in popularity over the years, and it is now one of the most popular winter sports in the world",IAB17 Sports,0.75,synthetic,
update dan guerrero ucla athletic facilities,IAB17 Sports,0.75,pseudo labeled,
josh elliott leave abcs gma nbc sports,IAB17 Sports,0.75,pseudo labeled,
lebron james cast judd apatows trainwreck,IAB17 Sports,0.75,pseudo labeled,
nfl sunday ticket online streaming available directv nonsubscribers,IAB17 Sports,0.75,pseudo labeled,
"There are many different types of skiing, including alpine skiing, cross-country skiing, and ski jumping",IAB17 Sports,0.75,synthetic,
nfl sunday ticket offers online streaming,IAB17 Sports,0.75,pseudo labeled,
president barack obama plays soccer robot,IAB17 Sports,0.75,pseudo labeled,
game thrones nba spoof bound hit video,IAB17 Sports,0.75,pseudo labeled,
"The equestrian sport is a unique and captivating blend of athleticism, grace, and tradition, and it is likely to continue to fascinate and inspire audiences for generations to come.",IAB17 Sports,0.75,synthetic,
golfus open second round leaderboard,IAB17 Sports,0.75,pseudo labeled,
The sport's inclusivity and accessibility are key factors in its continued growth and appeal.,IAB17 Sports,0.75,synthetic,
Rugby's Impact on the Tourism Industry,IAB17 Sports,0.75,synthetic,
incredible video shows sport changing celebration gay athletes,IAB17 Sports,0.75,pseudo labeled,
nba dons google glass put,IAB17 Sports,0.75,pseudo labeled,
The sport is also a great way to relieve stress and have some fun.,IAB17 Sports,0.75,synthetic,
boost hong kong racing,IAB17 Sports,0.75,pseudo labeled,
"Over time, hunting and shooting have evolved into organized sports, with established rules, competitions, and dedicated participants.",IAB17 Sports,0.75,synthetic,
crickets daily 3 prinze vs sutherland,IAB17 Sports,0.75,pseudo labeled,
georgia football aaron murrays brother josh wins bachelorette,IAB17 Sports,0.75,pseudo labeled,
president obama gets challenged game soccer humanoid robot,IAB17 Sports,0.75,pseudo labeled,
paul mcginley ryder cup race,IAB17 Sports,0.75,pseudo labeled,
major league baseball care net neutrality,IAB17 Sports,0.75,pseudo labeled,
ports returns roundtheclock operations,IAB17 Sports,0.75,pseudo labeled,
"The future of tennis looks bright, with continued growth and innovation expected in the years to come.",IAB17 Sports,0.75,synthetic,
president obama shows mild interest hyperactive soccerplaying japanese,IAB17 Sports,0.75,pseudo labeled,
la mayor hockey victory big fing day la,IAB17 Sports,0.75,pseudo labeled,
best world cup football apps blackberry,IAB17 Sports,0.75,pseudo labeled,
dicks sporting goods inc dicks sporting goods reports fourth quarter,IAB17 Sports,0.75,pseudo labeled,
red bull grand prix americas racing numbers,IAB17 Sports,0.75,pseudo labeled,
The sport is a source of pride for many countries and has helped to promote national identity.,IAB17 Sports,0.75,synthetic,
wwe summerslam dvd pushed back fink hall famer turns 72,IAB17 Sports,0.75,pseudo labeled,
katherine webb engaged football player aj mccarron check webbs,IAB17 Sports,0.74,pseudo labeled,
The sport is a great way to learn about different cultures.,IAB17 Sports,0.74,synthetic,
gmas josh elliott leaving show nbc sports,IAB17 Sports,0.74,pseudo labeled,
world wrestling entertainment got beat today stocktwitscom,IAB17 Sports,0.74,pseudo labeled,
new sporting life app launches,IAB17 Sports,0.74,pseudo labeled,
f1 champion schumachers medical records stolen claims manager,IAB17 Sports,0.74,pseudo labeled,
clock running obamacare campaign focuses sports injuries enroll,IAB17 Sports,0.74,pseudo labeled,
"- Old Tom Morris: A legendary Scottish golfer and course designer who is considered the ""Father of Golf.""",IAB17 Sports,0.74,synthetic,
astronauts play zero gravity football international space station,IAB17 Sports,0.74,pseudo labeled,
thompson 49ers kaepernick gives doubters fuel,IAB17 Sports,0.74,pseudo labeled,
bulldog swimmers issue ice bucket challenge,IAB17 Sports,0.74,pseudo labeled,
motorcycling world champ marquez takes pole texas,IAB17 Sports,0.74,pseudo labeled,
"Key figures in bodybuilding, such as Arnold Schwarzenegger, Ronnie Coleman, and Phil Heath, have played a pivotal role in shaping the sport and inspiring countless individuals.",IAB17 Sports,0.74,synthetic,
patent office cancels trademark redskins name,IAB17 Sports,0.74,pseudo labeled,
dicks sporting goods reports earnings exceed expectations,IAB17 Sports,0.74,pseudo labeled,
davidson leaving ysu womens basketball program,IAB17 Sports,0.74,pseudo labeled,
gators win 29th straight ucla 7968,IAB17 Sports,0.74,pseudo labeled,
world cup 2014 fever grips iss astronauts watch play zero gravity soccer,IAB17 Sports,0.74,pseudo labeled,
fifa 2014 high risk dengue fever,IAB17 Sports,0.74,pseudo labeled,
world cup fever hits iss astronauts show microgravity football skills,IAB17 Sports,0.74,pseudo labeled,
"The equestrian sport is a popular form of competition, with riders competing in a variety of events, including horse racing, show jumping, and dressage.",IAB17 Sports,0.74,synthetic,
world cup opening kick walk project,IAB17 Sports,0.74,pseudo labeled,
samsung unveils galaxy k zoom photography enthusiasts device sports,IAB17 Sports,0.74,pseudo labeled,
wwe stars react wrestlemania 30 payoffs,IAB17 Sports,0.74,pseudo labeled,
uclas hallowed basketball arena flooded,IAB17 Sports,0.74,pseudo labeled,
"Skateboarding has emerged as a popular extreme sport, gaining widespread recognition and participation globally.",IAB17 Sports,0.74,synthetic,
"Deaf people can also participate in team sports, such as:",IAB17 Sports,0.74,synthetic,
olympic figure skater johnny weir splits husband victor voronov,IAB17 Sports,0.74,pseudo labeled,
"With hard work and dedication, you can achieve your figure skating goals.",IAB17 Sports,0.74,synthetic,
robert de niro gatecrashes strangers world cup party watch germany vs,IAB17 Sports,0.74,pseudo labeled,
world wrestling entertainment inc nysewwe implement new pricing,IAB17 Sports,0.74,pseudo labeled,
"Historically, baseball has played a significant role in American society, reflecting cultural shifts and social movements.",IAB17 Sports,0.74,synthetic,
"Controversies surrounding performance-enhancing drugs and labor disputes have also shaped the sport's narrative, highlighting the challenges and complexities of professional athletics.",IAB17 Sports,0.74,synthetic,
watch astronauts play soccer zero gravity,IAB17 Sports,0.74,pseudo labeled,
brief history mia versus nfl,IAB17 Sports,0.74,pseudo labeled,
draft day delivers nflsized hit,IAB17 Sports,0.74,pseudo labeled,
"The sport's cultural significance extends beyond its competitive aspect, embodying the values of hard work, determination, and self-reliance.",IAB17 Sports,0.74,synthetic,
summerslam dvd cover reveals possible main event spoilers,IAB17 Sports,0.74,pseudo labeled,
"The sport has evolved significantly over the years, with advancements in equipment, techniques, and park design.",IAB17 Sports,0.74,synthetic,
"These water sports also provide mental benefits, such as stress relief, increased confidence, and a sense of accomplishment.",IAB17 Sports,0.73,synthetic,
"Today, motorcycle racing continues to be a popular sport, with riders from all over the world competing for glory",IAB17 Sports,0.73,synthetic,
pass watch george rr martin throw first pitch baseball game,IAB17 Sports,0.73,pseudo labeled,
movie review draft day appeal football fans nonfans,IAB17 Sports,0.73,pseudo labeled,
bingles footy star ex lohans list lovers,IAB17 Sports,0.73,pseudo labeled,
"Waterskiing and wakeboarding are popular competitive sports, with world championships held each year.",IAB17 Sports,0.73,synthetic,
nfl helped make draft day super accurate sports movie,IAB17 Sports,0.73,pseudo labeled,
"If you are looking for a new sport to try, waterskiing or wakeboarding may be the perfect option for you.",IAB17 Sports,0.73,synthetic,
olympic legend wwii hero dies 97,IAB17 Sports,0.73,pseudo labeled,
khloe kardashian french montana got hot steamy sporty date night,IAB17 Sports,0.73,pseudo labeled,
"Notable events in rodeo include the National Finals Rodeo (NFR), the pinnacle of the sport, and the Calgary Stampede, one of the largest rodeos in the world.",IAB17 Sports,0.73,synthetic,
jay z beyonce enjoyed basketball game video claiming show,IAB17 Sports,0.73,pseudo labeled,
watch gymnast kacy catanzaro belleville native absolutely crushes,IAB17 Sports,0.73,pseudo labeled,
Key Figures: Legendary Drivers and Team Owners,IAB17 Sports,0.73,synthetic,
2014 motogp grand prix americas qualifying,IAB17 Sports,0.73,pseudo labeled,
"If you are looking for a new sport to try, table tennis is a great option.",IAB17 Sports,0.73,synthetic,
apple releases ios 71 public sports improvements bug fixes,IAB17 Sports,0.73,pseudo labeled,
phil mickelson wants play golf insider trading case stalls,IAB17 Sports,0.73,pseudo labeled,
"Running/Jogging has been a part of human culture for thousands of years, with evidence of its practice dating back to ancient Greece and Rome.",IAB17 Sports,0.73,synthetic,
games thrones lion rose,IAB17 Sports,0.73,pseudo labeled,
"Notable events in bicycling history include the Tour de France, the Giro d'Italia, and the Vuelta a España, which are considered the most prestigious cycling races in the world.",IAB17 Sports,0.73,synthetic,
wwe stock plunges 43 percent,IAB17 Sports,0.73,pseudo labeled,
game thrones ratings shocker snags 63 million viewers,IAB17 Sports,0.73,pseudo labeled,
"The equestrian sport has also had a significant impact on the development of veterinary medicine, with new techniques and treatments being developed to improve the health and well-being of horses.",IAB17 Sports,0.73,synthetic,
"Historically, baseball has reflected the social and cultural changes in American society.",IAB17 Sports,0.73,synthetic,
last nights game thrones launched thousand fan meltdowns,IAB17 Sports,0.73,pseudo labeled,
surfboard sailboat innovator hobie alter dies,IAB17 Sports,0.73,pseudo labeled,
"Controversies in figure skating have included the use of performance-enhancing drugs, the judging system, and the eligibility of transgender athletes.",IAB17 Sports,0.73,synthetic,
"In the early 20th century, baseball provided a sense of unity and belonging for immigrants and working-class Americans.",IAB17 Sports,0.73,synthetic,
tell us would want texas techtexas football matchup,IAB17 Sports,0.73,pseudo labeled,
Gordie Howe: Mr. Hockey and a Legend of the Game,IAB17 Sports,0.73,synthetic,
japans soccer playing human helping robot meets president obama,IAB17 Sports,0.73,pseudo labeled,
"Snowboarding has contributed to the growth of the action sports industry, with brands and sponsorships playing a significant role in its development.",IAB17 Sports,0.73,synthetic,
Skiing is a popular winter sport that involves sliding down snow-covered slopes on skis,IAB17 Sports,0.73,synthetic,
paraplegic man mindcontrolled exoskeleton kicks world cup,IAB17 Sports,0.73,pseudo labeled,
americas powerful nonprofitthe nflcould ruin attdirectv deal,IAB17 Sports,0.73,pseudo labeled,
olympic champ hanyu wins world figure skate title,IAB17 Sports,0.73,pseudo labeled,
Freshwater fishing is a popular sport that can be enjoyed by people of all ages and backgrounds.,IAB17 Sports,0.73,synthetic,
president barack obama plays soccer japanese robot video,IAB17 Sports,0.73,pseudo labeled,
"The sport has a strong cultural heritage in many regions, with traditions and customs passed down through generations.",IAB17 Sports,0.73,synthetic,
"The future of figure skating is bright, with the sport continuing to grow in popularity around the world.",IAB17 Sports,0.72,synthetic,
controversial washington redskins team name one step closer,IAB17 Sports,0.72,pseudo labeled,
marc marquez pole todays motogp race austin,IAB17 Sports,0.72,pseudo labeled,
nike getting rid fuelband already,IAB17 Sports,0.72,pseudo labeled,
three boston bruins appear jimmy fallons nhl superlatives video,IAB17 Sports,0.72,pseudo labeled,
world cup score jolts twitter stock provides possible path future,IAB17 Sports,0.72,pseudo labeled,
nflx netflix makes deal come cable boxes,IAB17 Sports,0.72,pseudo labeled,
directv make nfl sunday ticket available online streaming,IAB17 Sports,0.72,pseudo labeled,
samsung brings beautiful game supporters,IAB17 Sports,0.72,pseudo labeled,
Efforts are being made to increase accessibility to surfing and body-boarding for people with disabilities and from diverse backgrounds.,IAB17 Sports,0.72,synthetic,
prudential hong kong tennis open 2014 held september,IAB17 Sports,0.72,pseudo labeled,
The sport has produced numerous iconic drivers who have become household names.,IAB17 Sports,0.72,synthetic,
helicopter golf balls drop,IAB17 Sports,0.72,pseudo labeled,
The sport is a great way to give back to your community.,IAB17 Sports,0.72,synthetic,
workers strike adidas supplier shoe factory,IAB17 Sports,0.72,pseudo labeled,
wwe summerslam money bank main events spoiled new,IAB17 Sports,0.72,pseudo labeled,
Biking,IAB17 Sports,0.72,synthetic,
mia asks madonna 16m help pay super bowl middle finger nfl fine,IAB17 Sports,0.72,pseudo labeled,
obama plays soccer asimo robot japan video,IAB17 Sports,0.72,pseudo labeled,
lebron james star judd apatows next movie,IAB17 Sports,0.72,pseudo labeled,
netflix nflx added option cable companies settop boxes,IAB17 Sports,0.72,pseudo labeled,
draft day like nfls moneyball except cruel nerds terrible,IAB17 Sports,0.72,pseudo labeled,
beyonce jay z smiles basketball footage emerges solange,IAB17 Sports,0.72,pseudo labeled,
"It is a sport that requires patience, skill, and a deep understanding of the natural world, making it a rewarding and challenging pursuit.",IAB17 Sports,0.72,synthetic,
The sport's global reach has made it a powerful platform for promoting social and environmental causes.,IAB17 Sports,0.72,synthetic,
washington redskins trademark cancelled govt twitter reacts,IAB17 Sports,0.72,pseudo labeled,
review draft day displays drama comedy behind nfls pressurecooker,IAB17 Sports,0.72,pseudo labeled,
These innovations are making running/jogging more accessible and enjoyable than ever before.,IAB17 Sports,0.72,synthetic,
Fly fishing is a popular sport that is enjoyed by people all over the world.,IAB17 Sports,0.72,synthetic,
smith circling nfl concussions drama,IAB17 Sports,0.72,pseudo labeled,
stephen colbert redskins jersey,IAB17 Sports,0.72,pseudo labeled,
marathon running may cause heart damage,IAB17 Sports,0.72,pseudo labeled,
smith star movie nfl concussions,IAB17 Sports,0.72,pseudo labeled,
lebron james method man join judd apatows trainwreck,IAB17 Sports,0.72,pseudo labeled,
kanye west kim kardashian calls nfl nba stars defeated,IAB17 Sports,0.72,pseudo labeled,
Table tennis is a great sport for people of all ages and abilities.,IAB17 Sports,0.72,synthetic,
nasa astronauts join colleague playing zerogravity soccer,IAB17 Sports,0.72,pseudo labeled,
andrew sturrock bmx rider,IAB17 Sports,0.72,pseudo labeled,
49ers quarterback kaepernick investigation possible sexual misconduct,IAB17 Sports,0.72,pseudo labeled,
marc marquez dominates practice texas motogp race,IAB17 Sports,0.72,pseudo labeled,
iss crew cheering world cup soccer space,IAB17 Sports,0.72,pseudo labeled,
netflix inc nflx posts solid earnings plans raise prices stock soars,IAB17 Sports,0.72,pseudo labeled,
"Horse racing has been a major influence on the development of other sports, such as polo and show jumping.",IAB17 Sports,0.72,synthetic,
russian football barons exwife wins 448bn divorce payout,IAB17 Sports,0.72,pseudo labeled,
playstation plus vs xbox live personal opinion,IAB17 Sports,0.72,pseudo labeled,
"Both sports can be enjoyed recreationally or competitively, and they offer a variety of benefits, including exercise, relaxation, and camaraderie.",IAB17 Sports,0.71,synthetic,
motorcycling motogp austin marquez faster second session,IAB17 Sports,0.71,pseudo labeled,
"The equestrian sport is a popular form of psychology, with many psychologists studying the behavior of horses and riders.",IAB17 Sports,0.71,synthetic,
kevin costner talks draft day nfl 5 highlights video,IAB17 Sports,0.71,pseudo labeled,
updated trademark board rules redskins name,IAB17 Sports,0.71,pseudo labeled,
josh elliott reportedly leaving gma nbc sports,IAB17 Sports,0.71,pseudo labeled,
"Some of the most popular styles include karate, taekwondo, judo, and Brazilian jiu-jitsu.",IAB17 Sports,0.71,synthetic,
Martial arts can be a great way to improve your physical and mental health.,IAB17 Sports,0.71,synthetic,
sachin tendulkars mental strength inspires hugh jackman,IAB17 Sports,0.71,pseudo labeled,
high seas vietnam china play tense game,IAB17 Sports,0.71,pseudo labeled,
samsung galaxy s5 sport,IAB17 Sports,0.71,pseudo labeled,
lots dads nfl draft day,IAB17 Sports,0.71,pseudo labeled,
"Despite controversies, bodybuilding remains a popular sport with a dedicated following.",IAB17 Sports,0.71,synthetic,
- Bobby Jones: An American golfer who won the Grand Slam in 1930 and is widely regarded as one of the greatest golfers of all time.,IAB17 Sports,0.71,synthetic,
wwe stock takes huge bodyslam,IAB17 Sports,0.71,pseudo labeled,
The sport has been criticized for its emphasis on aesthetics over athleticism.,IAB17 Sports,0.71,synthetic,
netflix inc nflx one watch ahead emmys go emmys,IAB17 Sports,0.71,pseudo labeled,
turner broadcasting seeks change much nfl advertisers,IAB17 Sports,0.71,pseudo labeled,
closer look ralph laurens smart shirt athletes,IAB17 Sports,0.71,pseudo labeled,
us patent office cancels nfl redskins trademark registration,IAB17 Sports,0.71,pseudo labeled,
Running/Jogging is a popular form of exercise that offers numerous physical and mental health benefits.,IAB17 Sports,0.71,synthetic,
attention soccer lovers dengue fever risk predicted world cup,IAB17 Sports,0.71,pseudo labeled,
trademark board rules redskins name,IAB17 Sports,0.71,pseudo labeled,
"Surfing and body-boarding create economic opportunities for local communities, supporting tourism, surf schools, and related businesses.",IAB17 Sports,0.71,synthetic,
"The sport has also faced controversies, including debates over the use of artificial aids and the impact of climbing on natural environments.",IAB17 Sports,0.71,synthetic,
de niro stops film shoot watch us world cup match,IAB17 Sports,0.71,pseudo labeled,
harry potter back 34 yearold watch bulgaria game,IAB17 Sports,0.71,pseudo labeled,
world cup begins fanfare brazil,IAB17 Sports,0.71,pseudo labeled,
kimye wedding trolled new york sports club new york post internet,IAB17 Sports,0.71,pseudo labeled,
dicks sporting goods profits sales increase holiday quarter,IAB17 Sports,0.71,pseudo labeled,
"The sport promotes physical fitness, mental well-being, and an appreciation for the underwater environment.",IAB17 Sports,0.71,synthetic,
dwts recap olympians rule night,IAB17 Sports,0.71,pseudo labeled,
beyoncé jayz relax basketball game solange attack video leaks,IAB17 Sports,0.71,pseudo labeled,
"It is a popular sport around the world, with millions of participants and fans.",IAB17 Sports,0.71,synthetic,
"Historically, football emerged in the 19th century in England and has since spread to every corner of the globe.",IAB17 Sports,0.71,synthetic,
"Skiing has a long and rich history, dating back to the early days of human civilization",IAB17 Sports,0.71,synthetic,
game thrones lion rose breaks torrent records,IAB17 Sports,0.71,pseudo labeled,
google glass taking sports fans closer action,IAB17 Sports,0.71,pseudo labeled,
president obama kicks japanese soccerplaying robot,IAB17 Sports,0.71,pseudo labeled,
rare 1937 footage shows fdr walking allstar baseball game,IAB17 Sports,0.71,pseudo labeled,
future football couch look virtual reality,IAB17 Sports,0.71,pseudo labeled,
every sunday nfl game ipad standalone sunday ticket reportedly,IAB17 Sports,0.71,pseudo labeled,
world wrestling gets wall street style take,IAB17 Sports,0.71,pseudo labeled,
f1 racing ace michael schumachers medical records pinched,IAB17 Sports,0.71,pseudo labeled,
The sport is also a great way to learn about different types of communication and how to use it.,IAB17 Sports,0.71,synthetic,
wwe 2014 money bank results recap every match card,IAB17 Sports,0.71,pseudo labeled,
watch astronauts celebrate world cup play soccer space station,IAB17 Sports,0.7,pseudo labeled,
surfing sailing pioneer dead 80,IAB17 Sports,0.7,pseudo labeled,
washington redskins beat trademark denial 1999,IAB17 Sports,0.7,pseudo labeled,
sports movie champ costner steps draft day,IAB17 Sports,0.7,pseudo labeled,
The future of table tennis is bright.,IAB17 Sports,0.7,synthetic,
paralyzed person kick world cup,IAB17 Sports,0.7,pseudo labeled,
"The sport continues to evolve, with new dive sites being discovered and new technologies being developed.",IAB17 Sports,0.7,synthetic,
wwe heading towards john cena v brock lesnar summerslam,IAB17 Sports,0.7,pseudo labeled,
ufc legend would train orlando bloom vs bieber,IAB17 Sports,0.7,pseudo labeled,
nhl mayor causes ruckus swearing kings parade,IAB17 Sports,0.7,pseudo labeled,
washington redskins trademarks cancelled name deemed disparaging,IAB17 Sports,0.7,pseudo labeled,
"The equestrian sport is a popular form of art, with many artists depicting horses and equestrian events in their work.",IAB17 Sports,0.7,synthetic,
belle knox offers duke basketball team extremely nsfw incentive win,IAB17 Sports,0.7,pseudo labeled,
"Doping is a serious problem in horse racing, and it can have a negative impact on the integrity of the sport.",IAB17 Sports,0.7,synthetic,
gamespys imminent demise brings service interruption borderlands,IAB17 Sports,0.7,pseudo labeled,
ferrell vs chad smith drumoff features surprise red hot chili peppers,IAB17 Sports,0.7,pseudo labeled,
football surgery former bills qb kelly,IAB17 Sports,0.7,pseudo labeled,
running lowers risk death cardiovascular diseases,IAB17 Sports,0.7,pseudo labeled,
- Jack Nicklaus: An American golfer who won 18 major championships and is considered one of the greatest golfers of all time.,IAB17 Sports,0.7,synthetic,
gopro files ipo prospectus extremesports camera maker 1,IAB17 Sports,0.7,pseudo labeled,
Figure skating is a beautiful and challenging sport that can be enjoyed by people of all ages and abilities.,IAB17 Sports,0.7,synthetic,
lebron james tower cast judd apatows next movie,IAB17 Sports,0.7,pseudo labeled,
"The sport promotes self-reliance, perseverance, and a deep connection with nature.",IAB17 Sports,0.7,synthetic,
"The equestrian sport is a popular form of therapy, with horseback riding being used to help people with disabilities improve their physical and mental health.",IAB17 Sports,0.7,synthetic,
"It is a challenging and rewarding sport that requires skill, patience, and knowledge.",IAB17 Sports,0.7,synthetic,
washington redskins lose trademark forever hopefully,IAB17 Sports,0.7,pseudo labeled,
oscar pistorius murder trial 5 things learned athletes manager,IAB17 Sports,0.7,pseudo labeled,
The sport has also been used to promote body positivity and self-acceptance.,IAB17 Sports,0.7,synthetic,
"Over time, running evolved into a competitive sport, with the first recorded footrace taking place in the Olympic Games in 776 BC.",IAB17 Sports,0.7,synthetic,
batman vs superman set face captain america 3,IAB17 Sports,0.7,pseudo labeled,
Running/Jogging: A Historical Perspective,IAB17 Sports,0.7,synthetic,
evidence golfs many health benefits skinny jessica simpson poses,IAB17 Sports,0.7,pseudo labeled,
video evms match day,IAB17 Sports,0.7,pseudo labeled,
vf good value sportsapparel sector,IAB17 Sports,0.7,pseudo labeled,
next weeks game thrones lion rose promo,IAB17 Sports,0.7,pseudo labeled,
smith pegged star movie nfl concussions,IAB17 Sports,0.7,pseudo labeled,
nfl sunday ticket available sans satellite dish caveats,IAB17 Sports,0.7,pseudo labeled,
sports energy drinks linked smoking lots screen media use,IAB17 Sports,0.7,pseudo labeled,
astronauts iss kick ball microgravity celebrate world cup,IAB17 Sports,0.7,pseudo labeled,
poll redskins new name,IAB17 Sports,0.7,pseudo labeled,
watch petite athlete dominate american ninja warrior course,IAB17 Sports,0.7,pseudo labeled,
bachelorette season 10 finale recap love also sports triumphs,IAB17 Sports,0.7,pseudo labeled,
figure skater johnny weir husband victor voronov split tweets,IAB17 Sports,0.7,pseudo labeled,
dicks sporting goods q4 earnings top expectations,IAB17 Sports,0.7,pseudo labeled,
"There are many different ways to enjoy running/jogging, from simply going for a run around the block to participating in a marathon.",IAB17 Sports,0.7,synthetic,
Rugby's Impact on the Development of Sports Medicine and Rehabilitation,IAB17 Sports,0.7,synthetic,
michael schumachers management team f1 stars medical records,IAB17 Sports,0.7,pseudo labeled,
"The sport continues to evolve, with new technologies and disciplines emerging, and it is likely to continue to have a significant impact on the broader context of sports and outdoor recreation.",IAB17 Sports,0.7,synthetic,
"The sport has helped to promote physical fitness and teamwork, and has also been a source of inspiration and entertainment for millions of people around the world.",IAB17 Sports,0.7,synthetic,
"The 2001 World Series, played in the aftermath of the 9/11 attacks, provided a sense of hope and unity for the American people.",IAB17 Sports,0.7,synthetic,
"Jackie Robinson, who broke the color barrier in Major League Baseball, is celebrated as a pioneer and a symbol of courage and determination.",IAB17 Sports,0.7,synthetic,
"Hunting and shooting remain a complex and multifaceted sport, with a rich history, cultural significance, and ongoing debates surrounding its ethical, conservation, and safety implications.",IAB17 Sports,0.7,synthetic,
motorcyclingmarquez wins texas extend perfect start,IAB17 Sports,0.7,pseudo labeled,
smith star film football concussions nfl,IAB17 Sports,0.7,pseudo labeled,
sprints lg g2 getting kitkattoday,IAB17 Sports,0.69,pseudo labeled,
"The future of the equestrian sport looks bright, with increasing interest in horse racing and other equestrian disciplines around the world.",IAB17 Sports,0.69,synthetic,
paralympic athlete oscar pistorius deemed sane,IAB17 Sports,0.69,pseudo labeled,
elliott departs good morning america nbc sports gig,IAB17 Sports,0.69,pseudo labeled,
obamacare campaign highlights sports injuries enroll young people,IAB17 Sports,0.69,pseudo labeled,
la mayor drops fbomb hockey team celebration,IAB17 Sports,0.69,pseudo labeled,
"Key figures in boxing history include Muhammad Ali, Joe Louis, Sugar Ray Robinson, and Mike Tyson, who have left an indelible mark on the sport.",IAB17 Sports,0.69,synthetic,
winner war xbox one ps4 wii u,IAB17 Sports,0.69,pseudo labeled,
"Key figures in baseball history have transcended the sport, becoming cultural icons and symbols of American values.",IAB17 Sports,0.69,synthetic,
prince george walks prince williams polo match see pics,IAB17 Sports,0.69,pseudo labeled,
"It is one of the most popular spectator sports in the world, and it is estimated that over $100 billion is wagered on horse races each year.",IAB17 Sports,0.69,synthetic,
"Current trends in the equestrian sport include the growing popularity of para-equestrian events, which allow riders with disabilities to compete at the highest level.",IAB17 Sports,0.69,synthetic,
sprint spotify partnership rumored sprint users may get discounted spotify,IAB17 Sports,0.69,pseudo labeled,
"Some of the most famous waterskiers and wakeboarders include Shane Dorian, Shaun Murray, and Kelly Slater.",IAB17 Sports,0.69,synthetic,
stocks watch mcd gild cmcsa nflx,IAB17 Sports,0.69,pseudo labeled,
13 questions game thrones better answer next season,IAB17 Sports,0.69,pseudo labeled,
The sport is also a great way to learn teamwork and communication skills.,IAB17 Sports,0.69,synthetic,
"Surfing and body-boarding promote overall health and well-being, combining physical activity with mental relaxation and a connection to nature.",IAB17 Sports,0.69,synthetic,
The sport is also a great way to learn about different types of decision-making and how to make them.,IAB17 Sports,0.69,synthetic,
wwe money bank 2014 sky sports box office tv,IAB17 Sports,0.69,pseudo labeled,
"Cricket has also been used as a tool for social change, with initiatives such as the ""Cricket for Good"" program promoting peace and reconciliation in conflict-affected areas.",IAB17 Sports,0.69,synthetic,
motogp marc marquez dominates grand prix americas,IAB17 Sports,0.69,pseudo labeled,
meet skybox google glass app delivers realtime hockey fights,IAB17 Sports,0.69,pseudo labeled,
prince george almost walking takes first steps polo match,IAB17 Sports,0.69,pseudo labeled,
"Skiing quickly gained popularity, and by the early 20th century, it was a major winter sport",IAB17 Sports,0.69,synthetic,
paraplegic robotic suit kicks world cup,IAB17 Sports,0.69,pseudo labeled,
goldman sachs upgrades netflix nflx buy sees 34 upside,IAB17 Sports,0.69,pseudo labeled,
airplay sport exciting changes ios 8 easier convenient streaming,IAB17 Sports,0.69,pseudo labeled,
mila kutcher ashton kutcher enjoy basketball amid pregnancy rumours,IAB17 Sports,0.69,pseudo labeled,
wva could get 17m ebook settlement wtrf 7 news sports,IAB17 Sports,0.69,pseudo labeled,
"Running/Jogging is a great way to get fit, have fun, and improve your health.",IAB17 Sports,0.69,synthetic,
josh elliott leaving good morning america nbc sports sources,IAB17 Sports,0.69,pseudo labeled,
costner sons play baseball field dreams site,IAB17 Sports,0.69,pseudo labeled,
crushing blow pebble mine germans good sports shark lake,IAB17 Sports,0.69,pseudo labeled,
dicks sporting goods inc dks reports inline q4 eps issues mixed q1,IAB17 Sports,0.69,pseudo labeled,
best gym shoes for lifting,IAB17 Sports,0.69,synthetic,
tennis players appeared late show david letterman,IAB17 Sports,0.69,pseudo labeled,
miami marlins 1st baseman using ultimate warrior music entire mlb,IAB17 Sports,0.69,pseudo labeled,
time invest wii u,IAB17 Sports,0.69,pseudo labeled,
Skateboarding has the potential to promote environmental sustainability by encouraging the use of alternative modes of transportation and reducing carbon emissions.,IAB17 Sports,0.69,synthetic,
"It has also contributed to the growth of the winter sports industry, creating jobs and stimulating local economies.",IAB17 Sports,0.69,synthetic,
prince georges fathers day polo match,IAB17 Sports,0.69,pseudo labeled,
costner stars play ball field dreams,IAB17 Sports,0.69,pseudo labeled,
"The future of climbing is bright, with the sport poised to continue its growth and evolution, inspiring and empowering individuals worldwide.",IAB17 Sports,0.68,synthetic,
sxsw 2014 justin bieber dedicates surprise long love,IAB17 Sports,0.68,pseudo labeled,
"Cricket, a bat-and-ball game played between two teams of 11 players each, has a rich history and global appeal.",IAB17 Sports,0.68,synthetic,
"Mountain biking has had a significant influence on the broader context of sports, inspiring the development of other off-road cycling disciplines and promoting outdoor recreation.",IAB17 Sports,0.68,synthetic,
surfing mourns death pioneer hobie alter,IAB17 Sports,0.68,pseudo labeled,
sprints subscriber losses continue cost controls boost ebitda,IAB17 Sports,0.68,pseudo labeled,
yahoo news digest launches android personalised yahoo sports app,IAB17 Sports,0.68,pseudo labeled,
astronauts watch world cup live space,IAB17 Sports,0.68,pseudo labeled,
Bodybuilding competitions provide a platform for athletes to showcase their physiques and compete for recognition and prizes.,IAB17 Sports,0.68,synthetic,
google glass take sports fans closer action,IAB17 Sports,0.68,pseudo labeled,
samsung makes social media push splashy world cup campaign,IAB17 Sports,0.68,pseudo labeled,
The sport has also been used as a platform for promoting healthy lifestyles.,IAB17 Sports,0.68,synthetic,
saturdays motogp red bull grand prix amercias notebook,IAB17 Sports,0.68,pseudo labeled,
get ready sundays springtime game thrones mad men teasers,IAB17 Sports,0.68,pseudo labeled,
paraplegic kicks ball world cup mindcontrolled robotic suit,IAB17 Sports,0.68,pseudo labeled,
"The game has faced challenges, including match-fixing scandals and allegations of racism, but it has emerged stronger and more resilient.",IAB17 Sports,0.68,synthetic,
softball cowgirls fall texas tech,IAB17 Sports,0.68,pseudo labeled,
werent ready theres game called tap blow,IAB17 Sports,0.68,pseudo labeled,
game thrones poised beat sopranos record,IAB17 Sports,0.68,pseudo labeled,
selena gomez films adidas ad campaign new york shows abs photos,IAB17 Sports,0.68,pseudo labeled,
"Hunting and shooting provide opportunities for outdoor recreation, physical activity, and stress relief, promoting overall well-being.",IAB17 Sports,0.68,synthetic,
usgermany world cup rivalry hits space station,IAB17 Sports,0.68,pseudo labeled,
"Baseball's enduring appeal stems from its strategic gameplay, athleticism, and the emotional connection it fosters between players and fans.",IAB17 Sports,0.68,synthetic,
early movers nflx wynn app ba pf gm,IAB17 Sports,0.68,pseudo labeled,
dicks sporting goods q4 profit 69,IAB17 Sports,0.68,pseudo labeled,
mia cites michael jackson nfl demands 16 million super bowl row,IAB17 Sports,0.68,pseudo labeled,
oscar pistorius verdict could trump world cup media coverage,IAB17 Sports,0.68,pseudo labeled,
"The equestrian sport is a popular form of business, with many businesses being involved in the horse industry.",IAB17 Sports,0.68,synthetic,
nintendos shellthrowing savior,IAB17 Sports,0.68,pseudo labeled,
washington redskins name offensive trademark cancelled,IAB17 Sports,0.68,pseudo labeled,
3 latin america etfs samba world cup,IAB17 Sports,0.68,pseudo labeled,
motogp yamaha rider valentino rossi ready austin title test,IAB17 Sports,0.68,pseudo labeled,
washington redskins stripped trademark protection,IAB17 Sports,0.68,pseudo labeled,
f1 stars medical records sale,IAB17 Sports,0.68,pseudo labeled,
rare footage president fdr walking 1937 baseball game donated,IAB17 Sports,0.68,pseudo labeled,
Rugby's Impact on Physical Fitness and Health,IAB17 Sports,0.68,synthetic,
- Tiger Woods: An American golfer who has won 15 major championships and is considered one of the greatest golfers of all time.,IAB17 Sports,0.68,synthetic,
robert de niro crashed party watch world cup,IAB17 Sports,0.68,pseudo labeled,
"Babe Ruth, known as the ""Sultan of Swat,"" is widely regarded as the greatest baseball player of all time.",IAB17 Sports,0.68,synthetic,
josh elliott leaves abcs good morning america nbc sports,IAB17 Sports,0.67,pseudo labeled,
oscar pistorius murder trial 5 things learned athlete returned,IAB17 Sports,0.67,pseudo labeled,
cannes race heads palme dor photo finish,IAB17 Sports,0.67,pseudo labeled,
americas favorite sports car turns 50,IAB17 Sports,0.67,pseudo labeled,
sxsw watch coldplay damon albarn lady gaga online,IAB17 Sports,0.67,pseudo labeled,
music kiss dishes football rock roll hall fame,IAB17 Sports,0.67,pseudo labeled,
Cheerleading is a team sport that requires cooperation and trust among its members.,IAB17 Sports,0.67,synthetic,
pikes peak 2014 race live stream happening,IAB17 Sports,0.67,pseudo labeled,
sxsw 2014 alisters descend austin little acts learn relax,IAB17 Sports,0.67,pseudo labeled,
"The rise of social media has also played a role in promoting hunting and shooting, allowing enthusiasts to share their experiences and connect with others.",IAB17 Sports,0.67,synthetic,
amazon gets exclusive streaming rights action series 24 including 24 live,IAB17 Sports,0.67,pseudo labeled,
thousands celebrate start spains san fermin bullrunning festival,IAB17 Sports,0.67,pseudo labeled,
mindcontrolled robot legs kick world cup,IAB17 Sports,0.67,pseudo labeled,
watch mindcontrolled exoskeleton kick world cup,IAB17 Sports,0.67,pseudo labeled,
captain america vs batman vs superman marvel wb headed,IAB17 Sports,0.67,pseudo labeled,
nba players wear glass enhance fan experience,IAB17 Sports,0.67,pseudo labeled,
The sport has faced criticism for its perceived elitism and the high cost associated with equipment and lift tickets.,IAB17 Sports,0.67,synthetic,
robert de niro joins random new york house party watch world cup,IAB17 Sports,0.67,pseudo labeled,
abc says josh elliott leaving good morning america nbc sports,IAB17 Sports,0.67,pseudo labeled,
nike changes digital sports priorities focus shift hardware,IAB17 Sports,0.67,pseudo labeled,
gameseek xbox one fifa 14 bundle special coming week,IAB17 Sports,0.67,pseudo labeled,
fifa world cup 2014 astronauts play zero gravity soccer cheer teams,IAB17 Sports,0.67,pseudo labeled,
games first xbox one new management,IAB17 Sports,0.67,pseudo labeled,
teen banned track meet pink mohawk support cancerstricken mom,IAB17 Sports,0.67,pseudo labeled,
kevin costners draft day must see nfl fans,IAB17 Sports,0.67,pseudo labeled,
The sport is played by two teams of six players on a rectangular court divided by a net.,IAB17 Sports,0.67,synthetic,
brad pitt leads tank team germans first fury trailer video,IAB17 Sports,0.67,pseudo labeled,
frequent sports energy drinks consumption increases tendency,IAB17 Sports,0.67,pseudo labeled,
2014 circuit america motogp qualifying results marquez pole,IAB17 Sports,0.67,pseudo labeled,
The sport's emphasis on safety and risk management has contributed to advancements in protective gear and training protocols.,IAB17 Sports,0.67,synthetic,
"The sport is easy to learn, but it can be challenging to master.",IAB17 Sports,0.67,synthetic,
netflix inc nflx opposes comcasttwc deal strongly public,IAB17 Sports,0.67,pseudo labeled,
batman vs superman amy adams gesture detroit soldier draws national,IAB17 Sports,0.67,pseudo labeled,
prince george shows walking skills duke cambridges charity polo,IAB17 Sports,0.67,pseudo labeled,
new york mets game postponed due storm sharknado 2 second,IAB17 Sports,0.67,pseudo labeled,
directv offers nfl ticket nonsubs like,IAB17 Sports,0.67,pseudo labeled,
"It is a fun, challenging, and rewarding sport that can be enjoyed by people of all ages and abilities.",IAB17 Sports,0.67,synthetic,
"Motorcycles have been used in a variety of sports and competitions, including racing, motocross, and trials.",IAB17 Sports,0.67,synthetic,
"Cricket has also been used as a tool for social change, promoting peace and reconciliation in conflict-affected areas.",IAB17 Sports,0.67,synthetic,
okcs ibaka may play vs spurs,IAB17 Sports,0.67,pseudo labeled,
sprint earns 23m q2,IAB17 Sports,0.67,pseudo labeled,
swimming workouts for fitness,IAB17 Sports,0.67,synthetic,
samsung galaxy note 4 sport monster specs features release date,IAB17 Sports,0.67,pseudo labeled,
local cricket merit table 15514,IAB17 Sports,0.67,pseudo labeled,
robert de niro crashes world cup watch party see usgermany game,IAB17 Sports,0.67,pseudo labeled,
Waterskiing and wakeboarding are both great ways to stay active and have fun.,IAB17 Sports,0.67,synthetic,
"The sport has transcended its origins as a combat sport, becoming a cultural phenomenon that has left an enduring mark on society.",IAB17 Sports,0.67,synthetic,
game thrones newbie braves shows barclays center epic fan,IAB17 Sports,0.67,pseudo labeled,
motogp 2014 grand prix americas watch practice live,IAB17 Sports,0.67,pseudo labeled,
captain america winter soldier official game,IAB17 Sports,0.67,pseudo labeled,
first impressions super smash bros wii u 3ds,IAB17 Sports,0.67,pseudo labeled,
"Both sports require a high level of skill and athleticism, and they can be enjoyed by people of all ages.",IAB17 Sports,0.67,synthetic,
game thrones season opener scores ratings high,IAB17 Sports,0.67,pseudo labeled,
"Current trends in the Olympics include a focus on sustainability, gender equality, and the use of social media to engage with fans.",IAB17 Sports,0.67,synthetic,
softball players take swing cancer,IAB17 Sports,0.67,pseudo labeled,
watch st vincent j mascis kim gordon joan jett john mccauley play,IAB17 Sports,0.67,pseudo labeled,
twitch broadcasting live xbox one,IAB17 Sports,0.66,pseudo labeled,
"Running/Jogging is a great way to get fit and improve your health, so what are you waiting for?",IAB17 Sports,0.66,synthetic,
"Skateboarding has been recognized by the International Olympic Committee (IOC) as a potential Olympic sport, with its debut at the 2020 Tokyo Olympics.",IAB17 Sports,0.66,synthetic,
"The equestrian sport has a rich history dating back to ancient times, with evidence of horse racing and chariot racing in ancient Greece and Rome.",IAB17 Sports,0.66,synthetic,
fans come droves cast iconic kevin costner baseball film field,IAB17 Sports,0.66,pseudo labeled,
"It is a sport that can be enjoyed by people of all ages and abilities, making it an inclusive and accessible activity.",IAB17 Sports,0.66,synthetic,
movie review draft day goes long plays fast scores,IAB17 Sports,0.66,pseudo labeled,
thoughts ultimate warrior deaths professional wrestling,IAB17 Sports,0.66,pseudo labeled,
cristin miliotis graphic baseball tee met mother,IAB17 Sports,0.66,pseudo labeled,
ultimate warrior pro wrestler died heart attack joins long list wwe,IAB17 Sports,0.66,pseudo labeled,
mario kart 8 news nascar meets nintendo wii u racer charlotte motor,IAB17 Sports,0.66,pseudo labeled,
directv makes nfl sunday ticket onlineonly streaming easier,IAB17 Sports,0.66,pseudo labeled,
fcc asked mediate la tv dispute dodgers games,IAB17 Sports,0.66,pseudo labeled,
motorcycling marquez flies opening practice,IAB17 Sports,0.66,pseudo labeled,
directv seen sharing nfl sunday ticket google,IAB17 Sports,0.66,pseudo labeled,
watch iss astronauts play weightless soccer,IAB17 Sports,0.66,pseudo labeled,
The sport's unique blend of physical and mental challenges makes it an ideal activity for individuals seeking a holistic approach to fitness.,IAB17 Sports,0.66,synthetic,
crickets daily 3 louie ck aims shame tmz,IAB17 Sports,0.66,pseudo labeled,
patent office cancels redskins trademark,IAB17 Sports,0.66,pseudo labeled,
"Snowboarding has gained immense popularity as a thrilling winter sport, attracting enthusiasts worldwide.",IAB17 Sports,0.66,synthetic,
report nfl seeking 166m mia super bowl middle finger,IAB17 Sports,0.66,pseudo labeled,
mlb pitching comparison,IAB17 Sports,0.66,pseudo labeled,
fifa 14 patch xbox one,IAB17 Sports,0.66,pseudo labeled,
cbs sets premiere dates twoweeks thursday night football hourlong,IAB17 Sports,0.66,pseudo labeled,
nfl sunday ticket coming back consoles,IAB17 Sports,0.66,pseudo labeled,
"The sport has inspired the development of new technologies, such as advanced bindings and snowboards designed for specific riding styles.",IAB17 Sports,0.66,synthetic,
"The sport is a great way to stay active and healthy, and it can also be a lot of fun.",IAB17 Sports,0.66,synthetic,
skepticism surrounds nintendos profit goal,IAB17 Sports,0.66,pseudo labeled,
drake jabs racist washington redskins name hosting espys,IAB17 Sports,0.66,pseudo labeled,
ralph lauren polo tech smart shirt hits tennis court,IAB17 Sports,0.66,pseudo labeled,
opinion watch hbos game thrones good graphic,IAB17 Sports,0.66,pseudo labeled,
"The sport has also faced challenges related to safety, with riders often facing risks of injury due to falls and collisions.",IAB17 Sports,0.66,synthetic,
kpmg says expects relationship golfer phil mickelson continue,IAB17 Sports,0.66,pseudo labeled,
"The sport provides opportunities for skill development, camaraderie, and a connection with nature, while also contributing to wildlife management and conservation efforts.",IAB17 Sports,0.66,synthetic,
"As boxing evolves, it is likely to continue to influence the sports landscape, offering new opportunities for athletes and fans alike.",IAB17 Sports,0.66,synthetic,
pro wrestler ultimate warrior died cardiovascular disease,IAB17 Sports,0.66,pseudo labeled,
49ers colin kaepernick investigation,IAB17 Sports,0.66,pseudo labeled,
"During the Civil Rights Movement, baseball played a significant role in breaking down racial barriers and promoting equality.",IAB17 Sports,0.66,synthetic,
president obama finds japans soccerkicking robots little scary,IAB17 Sports,0.66,pseudo labeled,
"The sport will continue to inspire and captivate riders of all ages, offering a unique blend of adrenaline, creativity, and community.",IAB17 Sports,0.66,synthetic,
sierra leones mountain biking champion vanished commonwealth games,IAB17 Sports,0.66,pseudo labeled,
khloe kardashian scott disick play tennis hamptons pics,IAB17 Sports,0.66,pseudo labeled,
see promo next weeks game thrones,IAB17 Sports,0.66,pseudo labeled,
phil spencer takes xbox division,IAB17 Sports,0.66,pseudo labeled,
"Volleyball has also been the subject of several notable controversies, including the use of performance-enhancing drugs and the eligibility of transgender athletes.",IAB17 Sports,0.66,synthetic,
The sport is also a great way to learn about different cultures and meet new people.,IAB17 Sports,0.66,synthetic,
jamie foxx set portray mike tyson new film boxing legends life,IAB17 Sports,0.65,pseudo labeled,
wwe television deal shows networks advertisers wrestling fans,IAB17 Sports,0.65,pseudo labeled,
oculus india sanrio nfl vimeo intellectual property,IAB17 Sports,0.65,pseudo labeled,
sports camera maker gopro files 100 mln ipo,IAB17 Sports,0.65,pseudo labeled,
athletic woman world watch complete,IAB17 Sports,0.65,pseudo labeled,
top takeaways sxsw 2014,IAB17 Sports,0.65,pseudo labeled,
woman shocked social media response big game hunting photos,IAB17 Sports,0.65,pseudo labeled,
atks sporting group become independent company part orbital deal,IAB17 Sports,0.65,pseudo labeled,
peaches geldofs final tv appearance sport relief weeks,IAB17 Sports,0.65,pseudo labeled,
"If you are looking for a new sport to try, sailing is a great option.",IAB17 Sports,0.65,synthetic,
washington redskins worried trademark denial,IAB17 Sports,0.65,pseudo labeled,
full recap daniel bryan injury update bo dallas interruption wwe,IAB17 Sports,0.65,pseudo labeled,
report nfl seeks 166m mia middle finger super bowl,IAB17 Sports,0.65,pseudo labeled,
rare footage shows fdr walking 1937 major league baseball allstar game,IAB17 Sports,0.65,pseudo labeled,
The sport is also a great way to learn about different types of strategies and tactics.,IAB17 Sports,0.65,synthetic,
best weeks game thrones recaps,IAB17 Sports,0.65,pseudo labeled,
brazil vs croatia live stream free tv viewing info preview predictions,IAB17 Sports,0.65,pseudo labeled,
wwe shares slammed tv deal fails impress investors,IAB17 Sports,0.65,pseudo labeled,
"Skateboarding has been embraced by people of all ages and backgrounds, breaking down barriers of race, gender, and socioeconomic status.",IAB17 Sports,0.65,synthetic,
sprints lg g2 gets kitkat g pad 83 vu 3 south korea,IAB17 Sports,0.65,pseudo labeled,
space station astronaut marks world cup zerog bicycle kicks,IAB17 Sports,0.65,pseudo labeled,
"The sport's unique events, such as bull riding, barrel racing, and team roping, showcase the diverse skills and talents of rodeo athletes.",IAB17 Sports,0.65,synthetic,
josh elliott says goodbye good morning america nbc sports amy,IAB17 Sports,0.65,pseudo labeled,
pitbull j lo team official 2014 world cup anthem,IAB17 Sports,0.65,pseudo labeled,
samsung galaxy s5 verizon us cellular sport antitheft features,IAB17 Sports,0.65,pseudo labeled,
"The equestrian sport is a popular form of politics, with many politicians being involved in the horse industry.",IAB17 Sports,0.65,synthetic,
atts new cricket shifts adds hundreds jobs lindbergh,IAB17 Sports,0.65,pseudo labeled,
double play beyonce jayz pull stunning houston baseball surprise,IAB17 Sports,0.65,pseudo labeled,
racing meet april 15 tax deadline extension buy time file,IAB17 Sports,0.65,pseudo labeled,
feds tout sports injuries enroll young people obamacare,IAB17 Sports,0.65,pseudo labeled,
consuming sports energy drinks linked negative behaviors among,IAB17 Sports,0.65,pseudo labeled,
82 years us patent office strips washington redskins trademarks,IAB17 Sports,0.65,pseudo labeled,
gms barra offers condolences families pledges change,IAB17 Sports,0.65,pseudo labeled,
"Despite these challenges, the equestrian sport continues to thrive, with new technologies and training methods improving the performance of horses and riders.",IAB17 Sports,0.65,synthetic,
It is a sport that can be enjoyed by people of all ages and skill levels.,IAB17 Sports,0.65,synthetic,
world wrestling entertainment inc shares tumbled today,IAB17 Sports,0.65,pseudo labeled,
calif lawmakers petition fcc help end twc sportsnet la standoff,IAB17 Sports,0.65,pseudo labeled,
lebron james signs push beats powerbeats2,IAB17 Sports,0.65,pseudo labeled,
washington redskins stripped trademark us patent office,IAB17 Sports,0.65,pseudo labeled,
injured sxsw fan gets private hospital performance,IAB17 Sports,0.65,pseudo labeled,
eminem show musics greatest ongoing reality saga,IAB17 Sports,0.65,pseudo labeled,
"The National Basketball Association (NBA) is the premier professional basketball league in the world, and its teams are based in the United States and Canada.",IAB17 Sports,0.65,synthetic,
49ers qb colin kaepernick named miami police report,IAB17 Sports,0.65,pseudo labeled,
oscar pistorius trial restart could delayed athletes psychiatrist suffers heart,IAB17 Sports,0.65,pseudo labeled,
dancing stars former child stars olympians top leaderboard week 1,IAB17 Sports,0.65,pseudo labeled,
Fly fishing is a sport that can be enjoyed by people of all ages and abilities.,IAB17 Sports,0.65,synthetic,
hbo air game thrones 60hour marathon beg 44,IAB17 Sports,0.65,pseudo labeled,
austin motogp marc marquez storms pole allhonda front row,IAB17 Sports,0.64,pseudo labeled,
five roles sports world game thrones king joffrey,IAB17 Sports,0.64,pseudo labeled,
Waterskiing and wakeboarding are both great ways to get exercise and have fun.,IAB17 Sports,0.64,synthetic,
espys 2014 ranking nominees best male female athletes,IAB17 Sports,0.64,pseudo labeled,
"Pro basketball, also known as professional basketball, is a team sport in which two teams of five players play against each other on a rectangular court.",IAB17 Sports,0.64,synthetic,
wall street rallies sp 500 track new record,IAB17 Sports,0.64,pseudo labeled,
new york sports club tells kanye hit gym,IAB17 Sports,0.64,pseudo labeled,
"The first professional basketball game was played in 1891, and the NBA was founded in 1946.",IAB17 Sports,0.64,synthetic,
Wayne Gretzky: The Great One and Unparalleled Scorer,IAB17 Sports,0.64,synthetic,
galaxy s5 prime codename kq confirmed sport qhd 2k display exynos,IAB17 Sports,0.64,pseudo labeled,
watch louis ck play black jeopardy,IAB17 Sports,0.64,pseudo labeled,
mets mascot secret service threatened shoot got close clinton,IAB17 Sports,0.64,pseudo labeled,
howards best enough save us world cup run,IAB17 Sports,0.64,pseudo labeled,
oscar pistorius trial athlete mentally ill shot reeva,IAB17 Sports,0.64,pseudo labeled,
"Key figures in the history of hunting and shooting include Daniel Boone, Annie Oakley, and Theodore Roosevelt, who were renowned for their skills and contributions to the sport.",IAB17 Sports,0.64,synthetic,
"Running/Jogging can help to improve cardiovascular health, reduce stress, and boost mood.",IAB17 Sports,0.64,synthetic,
"Figure skating is a graceful and athletic sport that combines elements of dance, acrobatics, and athleticism.",IAB17 Sports,0.64,synthetic,
nintendo financials reveal mario kart 8 wii u sales figures,IAB17 Sports,0.64,pseudo labeled,
stephen colbert isnt smiling washington redskins parody backfires,IAB17 Sports,0.64,pseudo labeled,
film review draft day offseason gift even casual football fan,IAB17 Sports,0.64,pseudo labeled,
marc marquez dominates motogp practice grand prix americas,IAB17 Sports,0.64,pseudo labeled,
49ers star colin kaepernick named possible sexual assault investigation,IAB17 Sports,0.64,pseudo labeled,
game thrones finale ratings last year dont break record,IAB17 Sports,0.64,pseudo labeled,
"Fly fishing is a challenging and rewarding sport that requires skill, patience, and knowledge.",IAB17 Sports,0.64,synthetic,
2014 nfl sunday ticket available ipad without satellite subscription,IAB17 Sports,0.64,pseudo labeled,
"The 1961 season, when Roger Maris and Mickey Mantle chased Babe Ruth's single-season home run record, captivated the nation.",IAB17 Sports,0.64,synthetic,
eminem rihanna play football stadiums monster tour august,IAB17 Sports,0.64,pseudo labeled,
Mountain biking is a physically demanding and technically challenging sport that has gained immense popularity over the years.,IAB17 Sports,0.64,synthetic,
watch ferrell vs rhcps chad tonight show,IAB17 Sports,0.64,pseudo labeled,
"The game is played on a field with obstacles, and the objective is to eliminate all of the opposing team's players.",IAB17 Sports,0.64,synthetic,
game zones episode 2 latest game thrones spoof nba,IAB17 Sports,0.64,pseudo labeled,
"The first Winter Olympics were held in 1924, and skiing was one of the featured sports",IAB17 Sports,0.64,synthetic,
These players have all won multiple world championships and Olympic medals.,IAB17 Sports,0.64,synthetic,
mia hits back 16 million nfl demand,IAB17 Sports,0.64,pseudo labeled,
oscar pistorius trial psychiatrist assessing accused paralympian heart,IAB17 Sports,0.64,pseudo labeled,
review draft day offseason gift even casual football fans trailer,IAB17 Sports,0.64,pseudo labeled,
world cup gives twitter revenue boost,IAB17 Sports,0.64,pseudo labeled,
draft day separating movies fiction nfl facts,IAB17 Sports,0.64,pseudo labeled,
"Figure skating has a rich history, dating back to the 18th century.",IAB17 Sports,0.64,synthetic,
surfing sailing pioneer hobart alter dead 80,IAB17 Sports,0.64,pseudo labeled,
- The increasing popularity of table tennis as a spectator sport,IAB17 Sports,0.64,synthetic,
"Horse racing has a long and storied history, dating back to ancient times.",IAB17 Sports,0.64,synthetic,
international space station astronauts celebrate world cup,IAB17 Sports,0.64,pseudo labeled,
Golf has been marked by a number of notable events that have shaped its history and legacy.,IAB17 Sports,0.64,synthetic,
sprint gaining today,IAB17 Sports,0.64,pseudo labeled,
smith eyeing gridiron concussion pic sony,IAB17 Sports,0.64,pseudo labeled,
grand prix americas 2014 race schedule live stream info riders,IAB17 Sports,0.64,pseudo labeled,
see homer simpson ice bucket challenge,IAB17 Sports,0.64,pseudo labeled,
extreme sports camera maker gopro files 100 million ipo,IAB17 Sports,0.64,pseudo labeled,
golf tournament google glass selling,IAB17 Sports,0.64,pseudo labeled,
watch astronauts playing soccer ball space ridiculously cool,IAB17 Sports,0.64,pseudo labeled,
"Future possibilities for football include the expansion of the game into new markets, the development of innovative training methods, and the continued growth of its global fan base.",IAB17 Sports,0.64,synthetic,
"If you are looking for a new winter sport to try, skiing is a great option",IAB17 Sports,0.63,synthetic,
jimmy kimmel disguises drake smack talk drake strangers video,IAB17 Sports,0.63,pseudo labeled,
"Today, table tennis is played in over 200 countries and is one of the most popular sports in the world.",IAB17 Sports,0.63,synthetic,
texas tech cheerleader shoots big game africa photos,IAB17 Sports,0.63,pseudo labeled,
"Boxing has faced controversies over the years, including allegations of corruption, match-fixing, and the use of performance-enhancing drugs.",IAB17 Sports,0.63,synthetic,
mario rides hood nascar driver matt kenseth,IAB17 Sports,0.63,pseudo labeled,
Sailing is a great sport for people of all ages and abilities.,IAB17 Sports,0.63,synthetic,
The sport has also been featured in documentaries and reality television shows.,IAB17 Sports,0.63,synthetic,
sprint announces 4g lte sprint spark hd voice expansions along,IAB17 Sports,0.63,pseudo labeled,
meet activists taking stand bullfighting pamplona,IAB17 Sports,0.63,pseudo labeled,
It is a popular sport enjoyed by people of all ages and skill levels.,IAB17 Sports,0.63,synthetic,
bachelorette week three recap andi plays basketball boys,IAB17 Sports,0.63,pseudo labeled,
"Surfers and body-boarders are often passionate about protecting the ocean environment, advocating for conservation and sustainable practices.",IAB17 Sports,0.63,synthetic,
"Waterskiing and wakeboarding are both excellent ways to get exercise, have fun, and enjoy the outdoors.",IAB17 Sports,0.63,synthetic,
iss astronauts kick world cup zerogravity soccer match video,IAB17 Sports,0.63,pseudo labeled,
astronauts play football zero gravity iss video,IAB17 Sports,0.63,pseudo labeled,
Here are some of the current trends in table tennis:,IAB17 Sports,0.63,synthetic,
"The sport's popularity is expected to continue to rise, with new climbing gyms and outdoor destinations emerging worldwide.",IAB17 Sports,0.63,synthetic,
paraplegic take first kick world cup using brain activitycontrolled,IAB17 Sports,0.63,pseudo labeled,
"Bodybuilding competitions have become increasingly popular, with events held worldwide.",IAB17 Sports,0.63,synthetic,
"Tennis has also been used as a tool for diplomacy and international relations, bringing people from different cultures together through the shared love of the sport.",IAB17 Sports,0.63,synthetic,
The Importance of Sustainability: Reducing the Environmental Impact of Racing,IAB17 Sports,0.63,synthetic,
"MMA has become one of the most popular sports in the world, and it has helped to raise the profile of martial arts in general.",IAB17 Sports,0.63,synthetic,
"Cricket has a vast global following, with major tournaments such as the Cricket World Cup and the Ashes series attracting millions of viewers worldwide.",IAB17 Sports,0.63,synthetic,
nfl draft prospects consider life big time,IAB17 Sports,0.63,pseudo labeled,
crickets daily 3 new view view,IAB17 Sports,0.63,pseudo labeled,
obama gets kicking robot soccer ace,IAB17 Sports,0.63,pseudo labeled,
johnny depp johnny depp busted police electric sports car,IAB17 Sports,0.63,pseudo labeled,
samsung sprint debut galaxy s5 sport ip67 water dust resistant,IAB17 Sports,0.63,pseudo labeled,
ti vs floyd mayweather rapper swing undefeated boxer wife,IAB17 Sports,0.63,pseudo labeled,
jessica simpson marries nfls eric johnson,IAB17 Sports,0.63,pseudo labeled,
washington redskins trademarks cancelled,IAB17 Sports,0.63,pseudo labeled,
attdirectv merger may hinge nfl deal,IAB17 Sports,0.63,pseudo labeled,
mexicos louse lights world cup,IAB17 Sports,0.63,pseudo labeled,
iconic baseball movie field dreams celebrates 25th anniversary,IAB17 Sports,0.63,pseudo labeled,
kiss celebrating arena football teams launch acoustic concert,IAB17 Sports,0.63,pseudo labeled,
samsung galaxy s5 neo smg750 sport 51in display,IAB17 Sports,0.63,pseudo labeled,
lebron james lands role next judd apatow movie,IAB17 Sports,0.63,pseudo labeled,
espy awards 2014 hosted drake watch live steam right,IAB17 Sports,0.63,pseudo labeled,
mets 8 rangers 4,IAB17 Sports,0.63,pseudo labeled,
im going court get michael jacksons kids,IAB17 Sports,0.63,pseudo labeled,
batman vs superman face captain america 3,IAB17 Sports,0.63,pseudo labeled,
batman vs superman casts ray fisher cyborg,IAB17 Sports,0.63,pseudo labeled,
three nfl players named police report charged,IAB17 Sports,0.63,pseudo labeled,
paige reveals rock told wrestlemania xxx attendance,IAB17 Sports,0.63,pseudo labeled,
netflix nflx ceo hastings makes case strong net neutrality,IAB17 Sports,0.63,pseudo labeled,
100pound towson gymnast conquers obstacle course,IAB17 Sports,0.63,pseudo labeled,
grace dent tv game thrones jumped shark,IAB17 Sports,0.63,pseudo labeled,
smith talks star nfl concussion movie,IAB17 Sports,0.63,pseudo labeled,
smith talks drama nfl concussions,IAB17 Sports,0.62,pseudo labeled,
mias middlefinger gesture 2012 super bowl could cost 166million,IAB17 Sports,0.62,pseudo labeled,
Fly fishing is a popular sport in many countries around the world.,IAB17 Sports,0.62,synthetic,
aaron murray brother bachelorette finalist josh murray nfl,IAB17 Sports,0.62,pseudo labeled,
hams ready annual field day,IAB17 Sports,0.62,pseudo labeled,
world cup fever grips iss astronauts,IAB17 Sports,0.62,pseudo labeled,
espys drake sings let go mocks donald sterling macklemore jokes,IAB17 Sports,0.62,pseudo labeled,
game thrones recap first name jon snow winning flawless,IAB17 Sports,0.62,pseudo labeled,
bachelorette 2014 spoilers andis men compete wnba superstars,IAB17 Sports,0.62,pseudo labeled,
mia asks madonna 166 million nfl claims,IAB17 Sports,0.62,pseudo labeled,
doug mcdermott leads ap allamerica team,IAB17 Sports,0.62,pseudo labeled,
russian football baron rybolovlevs exwife wins 448bn divorce payout,IAB17 Sports,0.62,pseudo labeled,
ferrell vs chad smith drumoff youve looking,IAB17 Sports,0.62,pseudo labeled,
sp 500 trying new highs,IAB17 Sports,0.62,pseudo labeled,
dancing stars semi final shocker olympian voted,IAB17 Sports,0.62,pseudo labeled,
lions qb matthew stafford looking bounce back,IAB17 Sports,0.62,pseudo labeled,
us patent office cancels washington redskins trademarks name disparaging,IAB17 Sports,0.62,pseudo labeled,
"It is played in over 200 countries and dependencies, and is the most watched sport in the world.",IAB17 Sports,0.62,synthetic,
exoskeleton kicks world cup,IAB17 Sports,0.62,pseudo labeled,
huge crowds launch spains bullrun fest,IAB17 Sports,0.62,pseudo labeled,
dc leaders praise ruling redskins name,IAB17 Sports,0.62,pseudo labeled,
Skiing is a great way to stay active and healthy during the winter months,IAB17 Sports,0.62,synthetic,
"The Olympics have evolved over time, with the introduction of new sports, the inclusion of women athletes, and the adoption of technological advancements.",IAB17 Sports,0.62,synthetic,
sp 500 trades higher 2000 points first time,IAB17 Sports,0.62,pseudo labeled,
Figure skating is a great way to stay active and healthy.,IAB17 Sports,0.62,synthetic,
captain america hits park,IAB17 Sports,0.62,pseudo labeled,
wwe polls ic tourney winner schambergers warrior poster keibler,IAB17 Sports,0.62,pseudo labeled,
nfl sunday ticket available without satellite next season updated,IAB17 Sports,0.62,pseudo labeled,
summerslam dvd cover spoiler waltman wants angle back wwe,IAB17 Sports,0.62,pseudo labeled,
running mates whats going apple nike,IAB17 Sports,0.62,pseudo labeled,
nike fires majority fuelband team,IAB17 Sports,0.62,pseudo labeled,
chris brown drake make fun feud espys sketch,IAB17 Sports,0.62,pseudo labeled,
captain america rio 2 close race box office could earn close 46,IAB17 Sports,0.62,pseudo labeled,
texas cheerleader makes apologies big game hunts 9 pics,IAB17 Sports,0.62,pseudo labeled,
dover international speedway dover downs hotel casino light,IAB17 Sports,0.62,pseudo labeled,
ti floyd mayweather box vegas brawl,IAB17 Sports,0.62,pseudo labeled,
mario kart tv nintendos first mobile app,IAB17 Sports,0.62,pseudo labeled,
drake chris brown mock feud espys video,IAB17 Sports,0.62,pseudo labeled,
samesex marriage licenses 76ers get 3 10 lottery stairway heaven,IAB17 Sports,0.62,pseudo labeled,
celebrate return game thrones westerosworthy spread,IAB17 Sports,0.62,pseudo labeled,
watch live major league baseball games chromecast,IAB17 Sports,0.62,pseudo labeled,
It is a popular sport that can be enjoyed by people of all ages and abilities.,IAB17 Sports,0.62,synthetic,
robert de niro crashes strangers home watch world cup,IAB17 Sports,0.62,pseudo labeled,
movie reviews draft day rio 2,IAB17 Sports,0.62,pseudo labeled,
slideshow day 19 2014 fifa world cup brazil,IAB17 Sports,0.62,pseudo labeled,
games week watch dogs mario kart 8,IAB17 Sports,0.62,pseudo labeled,
listen jennifer lopez pitbull fifa world cup song one ole ola,IAB17 Sports,0.62,pseudo labeled,
nintendos lines always big wii u could outsell playstation 4,IAB17 Sports,0.62,pseudo labeled,
crickets daily 3 viva cannes,IAB17 Sports,0.62,pseudo labeled,
"Ongoing efforts are focused on promoting safe diving practices, minimizing environmental impact, and ensuring the sustainability of the sport.",IAB17 Sports,0.61,synthetic,
"- Johnny Hayes, an American who won the first Olympic marathon in 1896.",IAB17 Sports,0.61,synthetic,
yes captain america vs batman vs superman 2016,IAB17 Sports,0.61,pseudo labeled,
nfl sunday ticket available online consoles without directv,IAB17 Sports,0.61,pseudo labeled,
miley cyrus sports car stolen burglars ransack home,IAB17 Sports,0.61,pseudo labeled,
trademark board cancels six redskins trademarks,IAB17 Sports,0.61,pseudo labeled,
"The sport has played a significant role in technological advancements, pushing the boundaries of automotive engineering.",IAB17 Sports,0.61,synthetic,
- Harry Vardon: An English golfer who won six Open Championships and was known for his innovative swing technique.,IAB17 Sports,0.61,synthetic,
cannes race heads photo finish palme dor,IAB17 Sports,0.61,pseudo labeled,
"The sport has also had a positive impact on health and fitness, promoting the importance of exercise and nutrition.",IAB17 Sports,0.61,synthetic,
espys 2014 drake tries get skylar diggins kiss video,IAB17 Sports,0.61,pseudo labeled,
ebola fears halt football activities liberia,IAB17 Sports,0.61,pseudo labeled,
oscar pistorius trial athlete mentally ill killing,IAB17 Sports,0.61,pseudo labeled,
astronauts bring world cup competition international space station,IAB17 Sports,0.61,pseudo labeled,
text 911 feature available att sprint tmobile verizon,IAB17 Sports,0.61,pseudo labeled,
bibbsitorial batman vs superman vs captain america 2016,IAB17 Sports,0.61,pseudo labeled,
netflixs net margins cause concern nflx,IAB17 Sports,0.61,pseudo labeled,
google glass prototype pairing luxury sports eyewear,IAB17 Sports,0.61,pseudo labeled,
president obama played soccer japanese robot kick 10year tech,IAB17 Sports,0.61,pseudo labeled,
"Figure skating is a great way to improve your balance, coordination, and flexibility.",IAB17 Sports,0.61,synthetic,
hydration packs for cycling,IAB17 Sports,0.61,synthetic,
"Hunting and shooting competitions range from local events to international championships, showcasing the precision, accuracy, and endurance of participants.",IAB17 Sports,0.61,synthetic,
aaron murray nfl player brother josh murray bachelorette fame,IAB17 Sports,0.61,pseudo labeled,
amhqs sam champion comments josh elliots move nbc sports video,IAB17 Sports,0.61,pseudo labeled,
murder trial paralympic gold medalist oscar pistorius resumes tomorrow,IAB17 Sports,0.61,pseudo labeled,
video floyd mayweather ti fight las vegas champion boxer rapper,IAB17 Sports,0.61,pseudo labeled,
batman vs superman wont back captain america 3,IAB17 Sports,0.61,pseudo labeled,
Skiing is a great way to spend time with family and friends,IAB17 Sports,0.61,synthetic,
prince george walks williams fathers day polo match,IAB17 Sports,0.61,pseudo labeled,
Notable events in snowboarding include the first World Snowboarding Championships held in 1988 and its inclusion as an official Olympic sport in 1998.,IAB17 Sports,0.61,synthetic,
star snapper terry richardson denies model harassment,IAB17 Sports,0.61,pseudo labeled,
motorcycling rossi austin prove return form,IAB17 Sports,0.61,pseudo labeled,
The sport is also a great way to learn about different types of safety procedures and how to follow them.,IAB17 Sports,0.61,synthetic,
games gold xbox one might look exactly way things,IAB17 Sports,0.61,pseudo labeled,
justin bieber vs orlando bloom feud fuels buzz,IAB17 Sports,0.61,pseudo labeled,
phil spencer becomes head xbox,IAB17 Sports,0.61,pseudo labeled,
question week sxsw edition whats fake band name,IAB17 Sports,0.61,pseudo labeled,
dicks sporting goods inc dks news dicks sporting goods approaching,IAB17 Sports,0.61,pseudo labeled,
injured sxsw fan gets private concert hospital,IAB17 Sports,0.61,pseudo labeled,
despite protests revelers kick spains running bulls festival,IAB17 Sports,0.61,pseudo labeled,
oscar pistorius trial athletes psychiatrist suffers heart attack,IAB17 Sports,0.61,pseudo labeled,
**1948:** Kayaking is included in the Olympic Games for the first time.,IAB17 Sports,0.61,synthetic,
mia asks madonna money nfl sue 166m,IAB17 Sports,0.61,pseudo labeled,
"The sport is governed by the International Tennis Federation (ITF), which sets the rules and regulations for professional tennis.",IAB17 Sports,0.61,synthetic,
"The sport has also been used as a tool for social development, with programs aimed at using mountain biking to empower youth and promote community engagement.",IAB17 Sports,0.61,synthetic,
smith gets gridiron ridley scottproduced concussion drama,IAB17 Sports,0.61,pseudo labeled,
world cup 2014 observed even space iss astronauts release video,IAB17 Sports,0.61,pseudo labeled,
mlb bat 14 slides windows phone stor,IAB17 Sports,0.6,pseudo labeled,
zac efron got punched face brawl skid row,IAB17 Sports,0.6,pseudo labeled,
- The controversy over the use of performance-enhancing drugs in walking.,IAB17 Sports,0.6,synthetic,
wwe money bank live coverage results usos beat wyatt,IAB17 Sports,0.6,pseudo labeled,
netflix nflx ceo calls strong net neutrality,IAB17 Sports,0.6,pseudo labeled,
"Table tennis, also known as ping-pong, is a popular sport played by millions worldwide.",IAB17 Sports,0.6,synthetic,
espys 2014 drake sings honorable mention side pieces video,IAB17 Sports,0.6,pseudo labeled,
atk spin sporting merge aerospace defense orbital,IAB17 Sports,0.6,pseudo labeled,
review rio 2 worth squawking,IAB17 Sports,0.6,pseudo labeled,
So what are you waiting for? Get out there and start skating!,IAB17 Sports,0.6,synthetic,
atts directv acquisition could big impact nfl,IAB17 Sports,0.6,pseudo labeled,
nfl sunday ticket available without directv,IAB17 Sports,0.6,pseudo labeled,
video astronauts practice footie skills aboard international space station,IAB17 Sports,0.6,pseudo labeled,
captain america rio 2 battle 1 box office transcendence,IAB17 Sports,0.6,pseudo labeled,
olympic gold medalist shaun white surprises montco senior prom,IAB17 Sports,0.6,pseudo labeled,
"The equestrian sport is a popular form of education, with many schools and universities offering equestrian programs.",IAB17 Sports,0.6,synthetic,
world cup delivers big win twitter,IAB17 Sports,0.6,pseudo labeled,
john cena wins wwe world heavyweight championship ladder match,IAB17 Sports,0.6,pseudo labeled,
josh elliot leaving gma nbc sports amy robach upped anchor,IAB17 Sports,0.6,pseudo labeled,
canadian solar energy group world wrestling entertainment,IAB17 Sports,0.6,pseudo labeled,
futures point lower wall street open nike gains early,IAB17 Sports,0.6,pseudo labeled,
It is a fun and challenging sport that can be enjoyed by people of all ages,IAB17 Sports,0.6,synthetic,
motorcycling marquez seeks build seasonopening win,IAB17 Sports,0.6,pseudo labeled,
watch rare footage shows fdr walking 1937 major league baseball game,IAB17 Sports,0.6,pseudo labeled,
swimming us swimming champ van dyken says getting stronger accident,IAB17 Sports,0.6,pseudo labeled,
hail patent office wont protect redskins disparaging name,IAB17 Sports,0.6,pseudo labeled,
beyond ice buckets exnfl star gleason lives als every day,IAB17 Sports,0.6,pseudo labeled,
extremesports camera maker gopro files ipo,IAB17 Sports,0.6,pseudo labeled,
conan obrien plays watch_dogs terrible,IAB17 Sports,0.6,pseudo labeled,
olympic champ van dyken undergo rehab severed spine report,IAB17 Sports,0.6,pseudo labeled,
sportsman channel greenlights season 2 amazing america sarah,IAB17 Sports,0.6,pseudo labeled,
austin motogp marc marquez continues dominate practice,IAB17 Sports,0.6,pseudo labeled,
video world cup fans space,IAB17 Sports,0.6,pseudo labeled,
motogp 2014 grand prix americas gp watch race live,IAB17 Sports,0.6,pseudo labeled,
astronauts play football zero gravity iss,IAB17 Sports,0.6,pseudo labeled,
dicks leverages social digital sports awareness,IAB17 Sports,0.6,pseudo labeled,
prince william kate stress watching wimbledon final,IAB17 Sports,0.6,pseudo labeled,
**1972:** The first canoe slalom race is held in the United States.,IAB17 Sports,0.6,synthetic,
"Golf's emphasis on etiquette and sportsmanship has also influenced the conduct of other sports, promoting fair play and respect for opponents.",IAB17 Sports,0.6,synthetic,
draft day star kevin costner finds parallels football movie biz,IAB17 Sports,0.6,pseudo labeled,
marc marquez captures pole motogp race cota,IAB17 Sports,0.6,pseudo labeled,
michigans olympic ice dancers scored 1 point shy perfect,IAB17 Sports,0.6,pseudo labeled,
around remote olympic champs dancing stars,IAB17 Sports,0.6,pseudo labeled,
bachelorette star josh murray former pro baseball player,IAB17 Sports,0.6,pseudo labeled,
surfboardt beyonce gets drunk love beach hov photos,IAB17 Sports,0.6,pseudo labeled,
dancing stars season 18 preview life left competition,IAB17 Sports,0.6,pseudo labeled,
2015 oscars,IAB17 Sports,0.6,pseudo labeled,
recovery drinks after running,IAB17 Sports,0.6,synthetic,
ucla athletic director dan guerrero says pauley pavilion ready,IAB17 Sports,0.6,pseudo labeled,
scandalfinale night let games begin,IAB17 Sports,0.6,pseudo labeled,
retail sales dip despite boost sports stores ahead world cup,IAB17 Sports,0.6,pseudo labeled,
kate william cosy royal box wimbledon,IAB17 Sports,0.6,pseudo labeled,
samsung hopes wearable devices world cup boosts sales tv,IAB17 Sports,0.6,pseudo labeled,
julianne hough says figuring ice skating mean,IAB17 Sports,0.6,pseudo labeled,
nike supposedly laying fuelband hardware division,IAB17 Sports,0.6,pseudo labeled,
pro racers manager warns stolen records,IAB17 Sports,0.6,pseudo labeled,
pitbull jlo release 2014 world cup anthem one ole ola video,IAB17 Sports,0.6,pseudo labeled,
texas tech cheerleader big game hunter defends hobby,IAB17 Sports,0.59,pseudo labeled,
Swimming is a great way to boost your mood and energy levels.,IAB17 Sports,0.59,synthetic,
game thrones biggest moments breaker chains,IAB17 Sports,0.59,pseudo labeled,
chinese makers tennis shoes striking,IAB17 Sports,0.59,pseudo labeled,
former nfl star michael strahan says hello good morning america,IAB17 Sports,0.59,pseudo labeled,
olympic runner ww2 prisoner louis zamperini dies,IAB17 Sports,0.59,pseudo labeled,
Get out there and start running/jogging today!,IAB17 Sports,0.59,synthetic,
bachelor 2014 juan pablo galavis spoilers soccer player,IAB17 Sports,0.59,pseudo labeled,
amiibo release date nintendos skylanders gamble could transform wii u,IAB17 Sports,0.59,pseudo labeled,
every onscreen game thrones death 3 minutes,IAB17 Sports,0.59,pseudo labeled,
review rio 2 nothing new thats okay,IAB17 Sports,0.59,pseudo labeled,
snyder jocks wytches debut october,IAB17 Sports,0.59,pseudo labeled,
Key Figures: Legendary Players and Influential Coaches,IAB17 Sports,0.59,synthetic,
tech sprint pay 75 million,IAB17 Sports,0.59,pseudo labeled,
"Cross-country skiing is a more endurance-based sport, and it involves skiing over long distances on ungroomed trails",IAB17 Sports,0.59,synthetic,
paraplegic teenager kick world cup thanks robot suit,IAB17 Sports,0.59,pseudo labeled,
marvel vs dc warner bros open moving batman vs superman date,IAB17 Sports,0.59,pseudo labeled,
taylor swift crowned musics top earner announced made 23million,IAB17 Sports,0.59,pseudo labeled,
olympic star amy van dyken rouen severs spine atv crash,IAB17 Sports,0.59,pseudo labeled,
uclas pauley pavilion drenched hoops history,IAB17 Sports,0.59,pseudo labeled,
contestant kingsport roots advances american idol finals,IAB17 Sports,0.59,pseudo labeled,
hip hip hooray hippodrome hosts match day md medical students,IAB17 Sports,0.59,pseudo labeled,
sprint unveils galaxy s5 gear prices,IAB17 Sports,0.59,pseudo labeled,
watch conan obrien plays watch dogs clueless gamer reveals new,IAB17 Sports,0.59,pseudo labeled,
"The future of waterskiing and wakeboarding is bright, with new technologies and innovations constantly being developed.",IAB17 Sports,0.59,synthetic,
jay z beyonce take netsheat game solange fight video leaks photos,IAB17 Sports,0.59,pseudo labeled,
girls star allison williams lands lead nbcs peter pan live,IAB17 Sports,0.59,pseudo labeled,
injured sxsw fan gets private concert hospital room one,IAB17 Sports,0.59,pseudo labeled,
"Skateboarding has been used as a tool for social change and community development, empowering youth and fostering inclusivity.",IAB17 Sports,0.59,synthetic,
"Climbing has the potential to become a mainstream sport, reaching a broader audience and inspiring future generations of climbers.",IAB17 Sports,0.59,synthetic,
**Caroline Brunet** (born 1978): Canadian kayaker who won two gold medals at the 2004 Summer Olympics.,IAB17 Sports,0.59,synthetic,
gamer thing amazon buying twitch,IAB17 Sports,0.59,pseudo labeled,
black keys play baltimore arena december,IAB17 Sports,0.59,pseudo labeled,
watch war drake blake espys,IAB17 Sports,0.59,pseudo labeled,
"Hunting and shooting competitions promote skill development, precision, and accuracy, challenging participants to improve their abilities.",IAB17 Sports,0.59,synthetic,
movie review draft day offseason gift even casual football fans,IAB17 Sports,0.59,pseudo labeled,
"Sailing can be a challenging sport, but it is also a rewarding one.",IAB17 Sports,0.59,synthetic,
chinese factory workers worlds biggest sneaker maker strike benefits,IAB17 Sports,0.59,pseudo labeled,
sprint samsung announce galaxy s5 sport,IAB17 Sports,0.59,pseudo labeled,
how to train for obstacle course race,IAB17 Sports,0.59,synthetic,
brazil beat international space station crew sends world cup wishes,IAB17 Sports,0.59,pseudo labeled,
wwe world wrestling entertainment inc rogers wwe announce,IAB17 Sports,0.59,pseudo labeled,
"Surfing and body-boarding have influenced other water sports, such as stand-up paddleboarding and kitesurfing, and have contributed to the growth of the action sports industry.",IAB17 Sports,0.59,synthetic,
video olympic medalist shaun white crashes high school prom,IAB17 Sports,0.59,pseudo labeled,
destiny quite possibly expensive game time,IAB17 Sports,0.59,pseudo labeled,
stephen colbert returns air addresses redskins joke,IAB17 Sports,0.59,pseudo labeled,
kate middleton prince george watch prince william play polo,IAB17 Sports,0.59,pseudo labeled,
hivaids awareness partnership reaches mckeesport community,IAB17 Sports,0.59,pseudo labeled,
sxsw festival meursault plan assault eastern us,IAB17 Sports,0.59,pseudo labeled,
5 big names youll hear see sxsw 2014,IAB17 Sports,0.59,pseudo labeled,
george rr martin game thrones stars greet fans barclays center,IAB17 Sports,0.59,pseudo labeled,
lorde finally meets george brett baseball star inspired royals,IAB17 Sports,0.59,pseudo labeled,
x men star hugh jackman inspired sachin tendulkars mental strength,IAB17 Sports,0.59,pseudo labeled,
hatrick broken elbow manchester mp charity football match,IAB17 Sports,0.59,pseudo labeled,
photos 100 death runners take pamplona,IAB17 Sports,0.59,pseudo labeled,
billionaire football club boss rybolovlev settles costliest 45 billion divorce,IAB17 Sports,0.59,pseudo labeled,
paraplegic kickoff world cup robosuit,IAB17 Sports,0.59,pseudo labeled,
one good thing teens sports drinks,IAB17 Sports,0.58,pseudo labeled,
"Bicycling has a strong presence in the Olympics, with road cycling, track cycling, and mountain biking being featured events.",IAB17 Sports,0.58,synthetic,
nfl trade rumors 2014 colin kaepernick johnny manziel draft rights,IAB17 Sports,0.58,pseudo labeled,
astronaut photographs world cup 2014 cities space,IAB17 Sports,0.58,pseudo labeled,
sxsw 2014 everythings bigger texas,IAB17 Sports,0.58,pseudo labeled,
rapper tyler creator charged rioting sxsw 2014,IAB17 Sports,0.58,pseudo labeled,
harry potter back jk rowlings new quidditch world cup story,IAB17 Sports,0.58,pseudo labeled,
jimmy kimmels fake drake skit proof drake make best espys,IAB17 Sports,0.58,pseudo labeled,
texas racer dies pikes peak hill climb crash,IAB17 Sports,0.58,pseudo labeled,
hbos game thrones gets record viewership,IAB17 Sports,0.58,pseudo labeled,
2014 pikes peak intl hill climb june 27 practice day 3,IAB17 Sports,0.58,pseudo labeled,
robert de niro stopped filming world cup,IAB17 Sports,0.58,pseudo labeled,
The Miracle on Ice: USA's Triumph over the Soviet Union in 1980,IAB17 Sports,0.58,synthetic,
seinfeld turns 25 classic golf moments iconic show,IAB17 Sports,0.58,pseudo labeled,
sp 500 looks build record highs,IAB17 Sports,0.58,pseudo labeled,
joe simpson hits pool model jonathan keith jessicas wedding,IAB17 Sports,0.58,pseudo labeled,
rapper ti boxer floyd mayweather brawl vegas,IAB17 Sports,0.58,pseudo labeled,
prince george kate cheer prince william fathers day polo match,IAB17 Sports,0.58,pseudo labeled,
sp 500 strikes fresh record high,IAB17 Sports,0.58,pseudo labeled,
south china sea vietnam china play tense game,IAB17 Sports,0.58,pseudo labeled,
mario kart wii voted best mario kart game,IAB17 Sports,0.58,pseudo labeled,
boxing news floyd mayweather jr says jealousy starts fracas ti,IAB17 Sports,0.58,pseudo labeled,
mayweather rapper ti brawl las vegas,IAB17 Sports,0.58,pseudo labeled,
"Rodeo, a captivating spectacle of athleticism and tradition, has left an indelible mark on the world of sports.",IAB17 Sports,0.58,synthetic,
games thrones season opener scores ratings high,IAB17 Sports,0.58,pseudo labeled,
update 1motorcyclingmarquez wins texas extend perfect start,IAB17 Sports,0.58,pseudo labeled,
recap game thrones watch soul ice,IAB17 Sports,0.58,pseudo labeled,
netflix inc nflx plans significant european expansion,IAB17 Sports,0.58,pseudo labeled,
sxsw zac efron premieres neighbors kristen bell debuts veronica mars,IAB17 Sports,0.58,pseudo labeled,
rapper ti boxer floyd mayweather brawl las vegas,IAB17 Sports,0.58,pseudo labeled,
washington redskins lose uspto cancels trademark,IAB17 Sports,0.58,pseudo labeled,
fight jay z beyonce enjoy brooklyn nets game solange,IAB17 Sports,0.58,pseudo labeled,
prince george cambridge walks prince williams polo match see,IAB17 Sports,0.58,pseudo labeled,
jimmy fallon presents nhl playoff awards basically ruins matt niskanen us,IAB17 Sports,0.58,pseudo labeled,
49ers qb kaepernick says reports sexual assault completely wrong,IAB17 Sports,0.58,pseudo labeled,
trademark office cancels washington redskins registration,IAB17 Sports,0.58,pseudo labeled,
"Inline skating is a relatively new sport, but it has quickly become popular around the world.",IAB17 Sports,0.58,synthetic,
prince harry spreads legs play fathers day polo family,IAB17 Sports,0.58,pseudo labeled,
app keep updated fifa world cup 2014,IAB17 Sports,0.58,pseudo labeled,
draft day works ad nfl bust moviegoers,IAB17 Sports,0.58,pseudo labeled,
nyc mayor bill de blasio loses hockey bet sings love la,IAB17 Sports,0.58,pseudo labeled,
washington redskins loss trademark protection praised dc political leaders,IAB17 Sports,0.58,pseudo labeled,
game thrones jason momoa play aquaman,IAB17 Sports,0.58,pseudo labeled,
gms barra congress called ken feinberg,IAB17 Sports,0.58,pseudo labeled,
correctedupdate 1atk merge orbital divesting sports gun unit,IAB17 Sports,0.58,pseudo labeled,
Table tennis is a great way to get exercise and have fun.,IAB17 Sports,0.58,synthetic,
boston marathon 2014 marathon running good bad heart,IAB17 Sports,0.58,pseudo labeled,
cocacola launches biggestever world cup campaign,IAB17 Sports,0.58,pseudo labeled,
offensive foul us patent office cancels washington redskins patents,IAB17 Sports,0.58,pseudo labeled,
johnny football partied bieber course,IAB17 Sports,0.58,pseudo labeled,
weve seen washington redskins respond decision cancel,IAB17 Sports,0.58,pseudo labeled,
apple google vie offer exclusive game apps wsj,IAB17 Sports,0.58,pseudo labeled,
lorde meets royals inspiration baseball player george brett,IAB17 Sports,0.58,pseudo labeled,
"Current trends in boxing include the rise of women's boxing, the increasing popularity of mixed martial arts, and the use of technology in training and officiating.",IAB17 Sports,0.58,synthetic,
Man o' War is another legendary racehorse.,IAB17 Sports,0.58,synthetic,
how to prevent running injuries,IAB17 Sports,0.58,synthetic,
understanding oscars evaluation,IAB17 Sports,0.58,pseudo labeled,
camaro concern gm recalls 500000 popular sports car,IAB17 Sports,0.58,pseudo labeled,
big mac list kevin costners best sports movies,IAB17 Sports,0.58,pseudo labeled,
"Skiing is a great way to get exercise, enjoy the outdoors, and have fun",IAB17 Sports,0.58,synthetic,
four player coop 52114 xbone dota 2 xbox gold,IAB17 Sports,0.58,pseudo labeled,
amsterdam billiards cofounder david brenner dies cancer age 78,IAB17 Sports,0.58,pseudo labeled,
hbos game thrones 60hour marathon begins friday,IAB17 Sports,0.58,pseudo labeled,
saturday night live ties season lows host andrew garfield,IAB17 Sports,0.58,pseudo labeled,
how to train for a marathon,IAB17 Sports,0.58,synthetic,
sp 500 rises yellen europe gains treasuries fall,IAB17 Sports,0.58,pseudo labeled,
49ers colin kaepernick investigated miami police,IAB17 Sports,0.58,pseudo labeled,
ralph lauren use us open ball boys test smart tshirts,IAB17 Sports,0.58,pseudo labeled,
casting net smith may tackle nfl concussion pic,IAB17 Sports,0.57,pseudo labeled,
phil spencer becomes new head xbox,IAB17 Sports,0.57,pseudo labeled,
atk merge orbital divesting sports gun unit,IAB17 Sports,0.57,pseudo labeled,
california back teslas gigafactory game,IAB17 Sports,0.57,pseudo labeled,
"The sport has become more accessible, with the introduction of indoor snow domes and the development of beginner-friendly equipment.",IAB17 Sports,0.57,synthetic,
acm awards moving att stadium home dallas cowboys 2015,IAB17 Sports,0.57,pseudo labeled,
"As the world becomes increasingly health-conscious, running/jogging is likely to continue to grow in popularity.",IAB17 Sports,0.57,synthetic,
prince george walks polo match baby george walks mom kate,IAB17 Sports,0.57,pseudo labeled,
Swimming is a great way to improve your overall quality of life.,IAB17 Sports,0.57,synthetic,
review rio 2 meet flockers,IAB17 Sports,0.57,pseudo labeled,
wwe money bank 2014 superstar ratings,IAB17 Sports,0.57,pseudo labeled,
lorde meets baseball star george brett inspiration song royals,IAB17 Sports,0.57,pseudo labeled,
marc marquez completes domination austin motogp free practice,IAB17 Sports,0.57,pseudo labeled,
mia asks madonna 16m pay nfl,IAB17 Sports,0.57,pseudo labeled,
Bicycling is a versatile sport that can be enjoyed by people of all ages and abilities.,IAB17 Sports,0.57,synthetic,
watch jimmy fallon throw balls julia roberts face,IAB17 Sports,0.57,pseudo labeled,
zac efron plays hero brawl,IAB17 Sports,0.57,pseudo labeled,
7 sxsw 2014 acts everybody talking,IAB17 Sports,0.57,pseudo labeled,
warner bros addresses man steel 2 vs captain america 3 box office battle,IAB17 Sports,0.57,pseudo labeled,
sprint offers onemonth trial wants forget tmobiles seven night stand,IAB17 Sports,0.57,pseudo labeled,
"Saltwater fishing is a dynamic and ever-evolving sport, with new techniques, technologies, and conservation practices emerging all the time.",IAB17 Sports,0.57,synthetic,
marquez dominates texas motogp practice,IAB17 Sports,0.57,pseudo labeled,
**Greg Barton** (born 1959): Australian kayaker who won two gold medals at the 1996 Summer Olympics.,IAB17 Sports,0.57,synthetic,
emory school medicine students celebrate match day 2014,IAB17 Sports,0.57,pseudo labeled,
The modern sport of fly fishing developed in England in the 19th century.,IAB17 Sports,0.57,synthetic,
harry reid says matter time redskins change name,IAB17 Sports,0.57,pseudo labeled,
tsx passes 15000 nears record close,IAB17 Sports,0.57,pseudo labeled,
"Notable events in the Game & Fish industry include the annual SHOT Show, the world's largest trade show for the hunting and shooting sports industry, and the Bassmaster Classic, the world's premier bass fishing tournament.",IAB17 Sports,0.57,synthetic,
injured sxsw fan gets private hospital concert,IAB17 Sports,0.57,pseudo labeled,
"No matter how you choose to do it, running/jogging is a great way to get fit and improve your overall health.",IAB17 Sports,0.57,synthetic,
personal sports camera gopro firm ready hit stock market,IAB17 Sports,0.57,pseudo labeled,
The first recorded swimming competition was held in Japan in 1603.,IAB17 Sports,0.57,synthetic,
Deaf-friendly fitness centers,IAB17 Sports,0.57,synthetic,
scientists withdraw report simpler stem cells wbtv 3 news weather sports,IAB17 Sports,0.57,pseudo labeled,
ratings game thrones draws 63 million viewers sunday,IAB17 Sports,0.57,pseudo labeled,
"The sport continues to inspire awe and wonder, offering a unique opportunity to connect with the underwater world.",IAB17 Sports,0.57,synthetic,
mayor declares kings stanley cup victory celebration big fing day los,IAB17 Sports,0.57,pseudo labeled,
twitter user growth shares surge following 2014 fifa world cup,IAB17 Sports,0.57,pseudo labeled,
outrunner robot one fastest running robots joins cheetah,IAB17 Sports,0.57,pseudo labeled,
2014 national baseball hall fame coins introductory prices,IAB17 Sports,0.57,pseudo labeled,
captain america 3 batman vs superman face 2016,IAB17 Sports,0.57,pseudo labeled,
losing stanley cup bet mayor de blasio sings awkwardly,IAB17 Sports,0.57,pseudo labeled,
"Future possibilities for boxing include the expansion of the sport into new markets, the development of new training methods, and the integration of technology to enhance the fan experience.",IAB17 Sports,0.57,synthetic,
legal illegal methods everyone world watched game,IAB17 Sports,0.57,pseudo labeled,
"It is a fast-paced and exciting game that requires skill, strategy, and athleticism.",IAB17 Sports,0.57,synthetic,
batman vs superman celeb sightings ben jen crash detroit kid city,IAB17 Sports,0.57,pseudo labeled,
marc marquez pole second race year,IAB17 Sports,0.57,pseudo labeled,
mindy kaling sxsw star explains disappoints everyone,IAB17 Sports,0.57,pseudo labeled,
amazoncom inc amzn vs netflix inc nflx battle cult classics,IAB17 Sports,0.57,pseudo labeled,
"Surfing and body-boarding have become deeply ingrained in the cultures of coastal communities, representing a lifestyle and a connection to the ocean.",IAB17 Sports,0.57,synthetic,
drake takes shot redskins name espys monologue,IAB17 Sports,0.57,pseudo labeled,
"Early bicycle races, such as the Tour de France, gained immense popularity and showcased the athleticism and endurance of cyclists.",IAB17 Sports,0.57,synthetic,
peter dinklage phone thrower game thrones set,IAB17 Sports,0.57,pseudo labeled,
charlotte motor speedway hosts opening day kickoff mustang 50th,IAB17 Sports,0.57,pseudo labeled,
"The sport is governed by the International Skating Union (ISU), which sets the rules and regulations for figure skating competitions.",IAB17 Sports,0.57,synthetic,
sp 500 starts week cautiously,IAB17 Sports,0.57,pseudo labeled,
drake chris brown team espys,IAB17 Sports,0.57,pseudo labeled,
floyd mayweather jr fights rapper ti las vegas fatburger caught,IAB17 Sports,0.57,pseudo labeled,
The sport is also a great way to learn about different types of guns and ammunition.,IAB17 Sports,0.57,synthetic,
energy sports drink consumption linked unhealthy teen behaviors,IAB17 Sports,0.57,pseudo labeled,
"Adaptive climbing programs have emerged, enabling individuals with disabilities to experience the benefits of the sport.",IAB17 Sports,0.57,synthetic,
watch gymnast kill american ninja warrior challenge like nothing,IAB17 Sports,0.57,pseudo labeled,
redskins remain defiant trademark cancellations confident,IAB17 Sports,0.57,pseudo labeled,
"The sport has evolved over the years, with new jumps, spins, and other elements being added to the repertoire of skaters.",IAB17 Sports,0.57,synthetic,
"Despite these challenges, mountain biking continues to grow in popularity, with an increasing number of people participating in the sport.",IAB17 Sports,0.56,synthetic,
alliant techsystems split two sporting ammo defense,IAB17 Sports,0.56,pseudo labeled,
shots fired bet awards game target video,IAB17 Sports,0.56,pseudo labeled,
lohan sues gta game,IAB17 Sports,0.56,pseudo labeled,
"Key figures in the equestrian world include legendary jockeys such as Lester Piggott and Frankie Dettori, as well as renowned trainers such as Bob Baffert and Aidan O'Brien.",IAB17 Sports,0.56,synthetic,
injured olympian amy van dykenrouen plans move rehab hospital,IAB17 Sports,0.56,pseudo labeled,
stop consuming energy sports drinks,IAB17 Sports,0.56,pseudo labeled,
hunt marquez continues motogp heads texas,IAB17 Sports,0.56,pseudo labeled,
judd apatow says lebron james accepted part new movie,IAB17 Sports,0.56,pseudo labeled,
game thrones david benioff auctions set visit charity,IAB17 Sports,0.56,pseudo labeled,
The increasing popularity of women's football and the expansion of the game into new markets will further contribute to its global reach.,IAB17 Sports,0.56,synthetic,
prince george makes break away mother kates arms polo,IAB17 Sports,0.56,pseudo labeled,
johnny depp busted police electric sports car,IAB17 Sports,0.56,pseudo labeled,
st vincent black keys play saturday night live,IAB17 Sports,0.56,pseudo labeled,
kendall jones teen big game hunter online carnage photos ticking activists,IAB17 Sports,0.56,pseudo labeled,
mindcontrolled exoskeleton kick start world cup,IAB17 Sports,0.56,pseudo labeled,
paraplegic robotic suit delivers first world cup kick,IAB17 Sports,0.56,pseudo labeled,
spains bull festival kicks,IAB17 Sports,0.56,pseudo labeled,
harrison ford could miss eight weeks star wars shoot due injury,IAB17 Sports,0.56,pseudo labeled,
"Canoeing and kayaking are water sports that involve paddling a canoe or kayak, respectively.",IAB17 Sports,0.56,synthetic,
new york sports club trolls kim kanye marriage new ad,IAB17 Sports,0.56,pseudo labeled,
watch shailene woodley play double turtleneck ping pong jimmy fallon,IAB17 Sports,0.56,pseudo labeled,
iss astronauts join world cup celebrations gravitydefying soccer,IAB17 Sports,0.56,pseudo labeled,
john cena wins wwe world heavyweight championship money bank,IAB17 Sports,0.56,pseudo labeled,
lionsgate saban team power rangers,IAB17 Sports,0.56,pseudo labeled,
beginner weightlifting routine,IAB17 Sports,0.56,synthetic,
talk show host exfootball star michael strahan join good morning america,IAB17 Sports,0.56,pseudo labeled,
Swimming is a great way to socialize and meet new people.,IAB17 Sports,0.56,synthetic,
mia nfl prince performed penis guitar,IAB17 Sports,0.56,pseudo labeled,
athens austin 2014 sxsw coverage,IAB17 Sports,0.56,pseudo labeled,
running increases lifespan improves heart condition,IAB17 Sports,0.56,pseudo labeled,
miami heat star lebron james boards judd apatow comedy trainwreck,IAB17 Sports,0.56,pseudo labeled,
colbert report redskins tweet causes frenzy,IAB17 Sports,0.56,pseudo labeled,
kate middleton makes hilarious faces wimbledon championships,IAB17 Sports,0.56,pseudo labeled,
"Skateboarding promotes physical fitness, coordination, and balance, and has been shown to have positive effects on mental health and well-being.",IAB17 Sports,0.56,synthetic,
hobie alter revolutionized surfing dies lengthy battle cancer,IAB17 Sports,0.56,pseudo labeled,
katherine webb engaged alabama quarterback beau aj mccarron,IAB17 Sports,0.56,pseudo labeled,
Here are some tips for getting started with running/jogging:,IAB17 Sports,0.56,synthetic,
inspiring women join race life,IAB17 Sports,0.56,pseudo labeled,
us patent office declares washington redskins name disparaging cancels,IAB17 Sports,0.56,pseudo labeled,
formidable brain makes first kick world cup,IAB17 Sports,0.56,pseudo labeled,
boxer floyd mayweather jr apologizes ti fight rapper posts instagram,IAB17 Sports,0.56,pseudo labeled,
"If you are looking for a new challenge, figure skating is a great option.",IAB17 Sports,0.56,synthetic,
twitter shares zoom 35 world cup says costolo,IAB17 Sports,0.56,pseudo labeled,
prince george steals spotlight fathers day polo matchsee,IAB17 Sports,0.56,pseudo labeled,
rolling stones play israel june,IAB17 Sports,0.56,pseudo labeled,
prince george handful fathers day polo match,IAB17 Sports,0.56,pseudo labeled,
selena gomez films adidas advert reuniting justin bieber,IAB17 Sports,0.56,pseudo labeled,
webb big day texas tech spring game,IAB17 Sports,0.56,pseudo labeled,
sprintexclusive samsung galaxy s5 sport focus fitness,IAB17 Sports,0.56,pseudo labeled,
"You can play singles or doubles, and you can use different types of paddles and balls.",IAB17 Sports,0.56,synthetic,
nike ceo setting record straight fuelband,IAB17 Sports,0.56,pseudo labeled,
spandex confessional wrestling legend pat patterson comes,IAB17 Sports,0.56,pseudo labeled,
game thrones ratings record renewed season 6,IAB17 Sports,0.56,pseudo labeled,
sxsw highlights snowden speaks facebooks f8 returns,IAB17 Sports,0.56,pseudo labeled,
thousands schoollunch pros blast michelles rules,IAB17 Sports,0.56,pseudo labeled,
wwe reaches multiyear deal nbc universal rights raw,IAB17 Sports,0.56,pseudo labeled,
box office rio 2 chase captain america 1 box office,IAB17 Sports,0.56,pseudo labeled,
sxsw 2014 showcasing la scene austin texas,IAB17 Sports,0.56,pseudo labeled,
update 2attdirectv merger may hinge nfl agreement,IAB17 Sports,0.56,pseudo labeled,
harry potter returns world cup,IAB17 Sports,0.56,pseudo labeled,
noah scores 11m sk launch,IAB17 Sports,0.56,pseudo labeled,
sp 500 recedes alltime highs,IAB17 Sports,0.56,pseudo labeled,
harry potter back 34 yearold watch bulgaria play,IAB17 Sports,0.56,pseudo labeled,
us patent office cancels redskins trademark says name disparaging,IAB17 Sports,0.56,pseudo labeled,
hurdles lithuania cleared adopt euro,IAB17 Sports,0.56,pseudo labeled,
crew international space station offers best wishes world cup,IAB17 Sports,0.56,pseudo labeled,
report uclas pauley pavilion ready basketball season,IAB17 Sports,0.56,pseudo labeled,
how to fuel for long distance running,IAB17 Sports,0.56,synthetic,
brazilians snub world cup rob samsung,IAB17 Sports,0.56,pseudo labeled,
nike planning scrap fuelband lay offs hardware division,IAB17 Sports,0.55,pseudo labeled,
amazon eyes livestream game site twitch report,IAB17 Sports,0.55,pseudo labeled,
"Golf has had a significant influence on the development of other sports, particularly in the areas of equipment design and playing techniques.",IAB17 Sports,0.55,synthetic,
gms barra tells staff video something went wrong,IAB17 Sports,0.55,pseudo labeled,
ferrell crashes world cup party brazil robert de niro,IAB17 Sports,0.55,pseudo labeled,
tech 20 att eyes nfl directv deal,IAB17 Sports,0.55,pseudo labeled,
sp 500 rises janet yellen europe shares gain treasuries fall,IAB17 Sports,0.55,pseudo labeled,
ham radios importance center field day,IAB17 Sports,0.55,pseudo labeled,
how to start a fitness journey,IAB17 Sports,0.55,synthetic,
heres 6 minutes conan obrien wrecking chicago watch dogs,IAB17 Sports,0.55,pseudo labeled,
beyonce battles lebron james top spot forbes top 100 list,IAB17 Sports,0.55,pseudo labeled,
zac efron fight attacked skid row area la,IAB17 Sports,0.55,pseudo labeled,
lebron james star judd apatow comedy trainwreck,IAB17 Sports,0.55,pseudo labeled,
redskins statement trademark registration ruling,IAB17 Sports,0.55,pseudo labeled,
austin motogp race got finalistmarquez,IAB17 Sports,0.55,pseudo labeled,
pippa middleton cycles oceanside crosscountry race,IAB17 Sports,0.55,pseudo labeled,
shaq attack former nba star shaquille oneal investigation atlanta,IAB17 Sports,0.55,pseudo labeled,
sprint announces slew network news samsung galaxy s5 sport,IAB17 Sports,0.55,pseudo labeled,
"The NBA is the most popular professional basketball league in the world, and its games are broadcast in over 200 countries.",IAB17 Sports,0.55,synthetic,
yer bike pippa middleton sets charity bike race sunny san diego,IAB17 Sports,0.55,pseudo labeled,
game thrones lion rose recap,IAB17 Sports,0.55,pseudo labeled,
olympic swimming champion severed spine atv accident shares,IAB17 Sports,0.55,pseudo labeled,
sprints son pitches skeptical washington competition,IAB17 Sports,0.55,pseudo labeled,
day songzas cofounder destroyed mini golf,IAB17 Sports,0.55,pseudo labeled,
batman vs superman vs captain america,IAB17 Sports,0.55,pseudo labeled,
eerie sailing stones mythbusted urban legends reveal olympic,IAB17 Sports,0.55,pseudo labeled,
"With its many physical and mental health benefits, running/jogging is a great way to improve your overall well-being.",IAB17 Sports,0.55,synthetic,
kevin costner stars celebrate 25th anniversary field dreams iowa,IAB17 Sports,0.55,pseudo labeled,
highlights sxsw music,IAB17 Sports,0.55,pseudo labeled,
"Current trends in tennis include the increasing popularity of women's tennis, the use of technology to enhance the game, and the globalization of the sport.",IAB17 Sports,0.55,synthetic,
watch national perform snl,IAB17 Sports,0.55,pseudo labeled,
lebron james freaked phone deleted data,IAB17 Sports,0.55,pseudo labeled,
oh look developer making nintendos money without,IAB17 Sports,0.55,pseudo labeled,
nike saying goodbye fuelband,IAB17 Sports,0.55,pseudo labeled,
Here are some tips for getting started with waterskiing or wakeboarding:,IAB17 Sports,0.55,synthetic,
Notable Events: Iconic Races and Memorable Moments,IAB17 Sports,0.55,synthetic,
zac efron gets beat skid row,IAB17 Sports,0.55,pseudo labeled,
former buffalo bills quarterback jim kelly fighting return cancer,IAB17 Sports,0.55,pseudo labeled,
5 music trends watch sxsw,IAB17 Sports,0.55,pseudo labeled,
spencer promoted head xbox,IAB17 Sports,0.55,pseudo labeled,
texas cheerleader big game hunter shrugs critics,IAB17 Sports,0.55,pseudo labeled,
**1908:** Canoeing is included in the Olympic Games for the first time.,IAB17 Sports,0.55,synthetic,
Mario Lemieux: The Magnificent One and All-Around Superstar,IAB17 Sports,0.55,synthetic,
"The sport contributes to wildlife management and conservation efforts, as hunters often play a role in population control and habitat preservation.",IAB17 Sports,0.55,synthetic,
stream nfl sunday ticket without directvfor price,IAB17 Sports,0.55,pseudo labeled,
att launches new cricket wireless smartphone plans start 40 per month,IAB17 Sports,0.55,pseudo labeled,
"He won the Triple Crown in 1973, and he set a world record for the fastest time in the Kentucky Derby.",IAB17 Sports,0.55,synthetic,
miley cyrus stolen maserati sports car recovered simi valley,IAB17 Sports,0.55,pseudo labeled,
The objective of the game is to score more runs than the opposing team by hitting the ball with a bat and running between the wickets.,IAB17 Sports,0.55,synthetic,
see 5foot gymnast kacy catanzaro dominates american ninja warrior course,IAB17 Sports,0.55,pseudo labeled,
"If you are looking for a fun and challenging way to get exercise and enjoy the outdoors, canoeing or kayaking may be the perfect sport for you.",IAB17 Sports,0.55,synthetic,
tyler creator arrested starting riot sxsw 2014,IAB17 Sports,0.54,pseudo labeled,
snowboarder shaun white surprises montco teen prom,IAB17 Sports,0.54,pseudo labeled,
riders relieved philadelphia rail strike wbtv 3 news weather sports,IAB17 Sports,0.54,pseudo labeled,
24 bands everyone talking sxsw 2014,IAB17 Sports,0.54,pseudo labeled,
harry reid gloats refuses attend game redskins change name,IAB17 Sports,0.54,pseudo labeled,
Swimming is a great way to get in shape.,IAB17 Sports,0.54,synthetic,
good morning america news anchor josh elliott leaving show nbc sports,IAB17 Sports,0.54,pseudo labeled,
"The sport has also been featured in popular music and television shows, further contributing to its cultural significance.",IAB17 Sports,0.54,synthetic,
iowa farm plays catch public,IAB17 Sports,0.54,pseudo labeled,
belkin end cycling sponsorship deal,IAB17 Sports,0.54,pseudo labeled,
"The game can be played by people of all ages and abilities, making it a truly inclusive sport.",IAB17 Sports,0.54,synthetic,
google opens glass explorer program golfers event goers players,IAB17 Sports,0.54,pseudo labeled,
movie clips used redskins patent case,IAB17 Sports,0.54,pseudo labeled,
"Hunting and shooting enthusiasts emphasize the importance of responsible practices, safety, and respect for wildlife and the environment.",IAB17 Sports,0.54,synthetic,
cycling tips for endurance,IAB17 Sports,0.54,synthetic,
boys girls club highlights kick butts day,IAB17 Sports,0.54,pseudo labeled,
"The equestrian sport has faced controversies over the use of performance-enhancing drugs, the welfare of horses, and the safety of jockeys.",IAB17 Sports,0.54,synthetic,
watch justin biebers surprise sxsw performance,IAB17 Sports,0.54,pseudo labeled,
twitch could best 1 billion google ever spends,IAB17 Sports,0.54,pseudo labeled,
game thrones 2am simulcast opener watched 9000 uk,IAB17 Sports,0.54,pseudo labeled,
jaime lannister seizes day game thrones season finale video,IAB17 Sports,0.54,pseudo labeled,
"Tennis has also been embroiled in controversies, such as the use of performance-enhancing drugs and the unequal distribution of prize money between male and female players.",IAB17 Sports,0.54,synthetic,
game thrones biggest moments season 4 far,IAB17 Sports,0.54,pseudo labeled,
"Despite these challenges, snowboarding continues to grow in popularity, with new resorts and facilities being developed worldwide.",IAB17 Sports,0.54,synthetic,
american idol final 2 performances battle heavyweight boxers,IAB17 Sports,0.54,pseudo labeled,
**2016:** Canoeing and kayaking are included in the Paralympic Games for the first time.,IAB17 Sports,0.54,synthetic,
The historical context of tennis is intertwined with the development of sports and leisure activities in society.,IAB17 Sports,0.54,synthetic,
ferrell chad smith battle mustsee drumoff video,IAB17 Sports,0.54,pseudo labeled,
ferrell chad smith face drum battle,IAB17 Sports,0.54,pseudo labeled,
homer simpson takes als ice bucket challenge video,IAB17 Sports,0.54,pseudo labeled,
"Surfing and body-boarding require proper safety precautions, including the use of leashes, knowledge of ocean conditions, and respect for other water users.",IAB17 Sports,0.54,synthetic,
redskins lose trademark ruling,IAB17 Sports,0.54,pseudo labeled,
died game thrones last nightand killed,IAB17 Sports,0.54,pseudo labeled,
people la still cant see dodgers games theres progress though,IAB17 Sports,0.54,pseudo labeled,
zac efron punched face sketchy fight skid row,IAB17 Sports,0.54,pseudo labeled,
poll think washington redskins change nickname,IAB17 Sports,0.54,pseudo labeled,
watch dogs gameplay video driving one end chicago,IAB17 Sports,0.54,pseudo labeled,
wwe money bank 2014 live stream kickoff show featuring daniel bryan,IAB17 Sports,0.54,pseudo labeled,
sxsw 2014 10 things everyone talking,IAB17 Sports,0.54,pseudo labeled,
shailene woodley surfing crest,IAB17 Sports,0.54,pseudo labeled,
game thrones gives fans fathers day theyll never forget,IAB17 Sports,0.54,pseudo labeled,
motogp marquez dominant rides win austin,IAB17 Sports,0.54,pseudo labeled,
"It brings together athletes from over 200 countries, fostering international unity and promoting cultural exchange.",IAB17 Sports,0.54,synthetic,
harry potter friends reunite quidditch world cup,IAB17 Sports,0.54,pseudo labeled,
"Key figures in snowboarding history include Jake Burton Carpenter, Tom Sims, and Shaun White, who have played pivotal roles in its development and promotion.",IAB17 Sports,0.54,synthetic,
francesco sportelli associated press,IAB17 Sports,0.54,pseudo labeled,
wwe network well way 1 million subscribers ufc fight pass next,IAB17 Sports,0.54,pseudo labeled,
New technologies and training methods are likely to continue to push the boundaries of what is possible on the ice.,IAB17 Sports,0.54,synthetic,
m4d ski11z digging et games waste,IAB17 Sports,0.54,pseudo labeled,
sp 500 snaps sixday winning streak,IAB17 Sports,0.53,pseudo labeled,
phil spencer new head xbox division,IAB17 Sports,0.53,pseudo labeled,
google glass gets shazam livestream world cup app,IAB17 Sports,0.53,pseudo labeled,
analysisrptfoxtime warner deal could bring game espn,IAB17 Sports,0.53,pseudo labeled,
marc marquez sizzles qualifying motogps grand prix americas,IAB17 Sports,0.53,pseudo labeled,
game thrones season finale breaks previous torrenting record,IAB17 Sports,0.53,pseudo labeled,
sprint gets galaxy s5 gear smartwatches april 11th preorders go live,IAB17 Sports,0.53,pseudo labeled,
world wrestling entertainment wwe dropped 7month low,IAB17 Sports,0.53,pseudo labeled,
twitch everything need know games streaming service,IAB17 Sports,0.53,pseudo labeled,
shane mcmahon reveals wrestlemania 30 status talks leaving wwe,IAB17 Sports,0.53,pseudo labeled,
epic reason game thrones may set finale fathers day,IAB17 Sports,0.53,pseudo labeled,
angus jones talks new religious calling sports massive beard,IAB17 Sports,0.53,pseudo labeled,
draft day review kevin costner scores touchdown,IAB17 Sports,0.53,pseudo labeled,
world champ marquez takes pole texas,IAB17 Sports,0.53,pseudo labeled,
wwe disappoints network subscriber numbers stock sinks,IAB17 Sports,0.53,pseudo labeled,
"There are a number of professional freshwater fishing tournaments held each year, with the Bassmaster Classic being the most prestigious.",IAB17 Sports,0.53,synthetic,
"Despite these challenges, mountain biking remains a popular and growing sport, with a strong community of riders and a promising future.",IAB17 Sports,0.53,synthetic,
china manufacturing facility strike puts kibosh nike adidas shipments,IAB17 Sports,0.53,pseudo labeled,
phil spencer gets promoted head xbox division,IAB17 Sports,0.53,pseudo labeled,
wwe rogers announce multiyear television deal,IAB17 Sports,0.53,pseudo labeled,
kanye west drops new verse says beating nfl nba player win kim,IAB17 Sports,0.53,pseudo labeled,
uab graduating medical school students celebrate match day,IAB17 Sports,0.53,pseudo labeled,
batman vs superman movie ufc fighter tyron woodley confirms hes,IAB17 Sports,0.53,pseudo labeled,
noah scores 11m south korea launch,IAB17 Sports,0.53,pseudo labeled,
"Some of the most notable events in car culture include the Indianapolis 500, the Daytona 500, and the Woodward Dream Cruise.",IAB17 Sports,0.53,synthetic,
crossfit workouts for beginners,IAB17 Sports,0.53,synthetic,
drone nearly collided airplane wsfacom news weather sports,IAB17 Sports,0.53,pseudo labeled,
"Skateboarding has been recognized for its therapeutic benefits, helping individuals with physical and mental disabilities improve their mobility, coordination, and self-esteem.",IAB17 Sports,0.53,synthetic,
captain america rio 2 aiming 46 million weekend,IAB17 Sports,0.53,pseudo labeled,
watch edward snowdens sxsw interview live today updated,IAB17 Sports,0.53,pseudo labeled,
"Baseball's influence extends beyond the United States, with professional leagues and passionate fan bases in countries like Japan, South Korea, and Cuba.",IAB17 Sports,0.53,synthetic,
"The sport has been featured in numerous scientific studies, examining its effects on health and performance.",IAB17 Sports,0.53,synthetic,
mario kart 8 review wii us golden bullet,IAB17 Sports,0.53,pseudo labeled,
marc marquez wins motogp title,IAB17 Sports,0.53,pseudo labeled,
wwe summerslam dvd release pushed back latest wwe inbox birthdays,IAB17 Sports,0.53,pseudo labeled,
facebook buys fitness app,IAB17 Sports,0.53,pseudo labeled,
parade shooting,IAB17 Sports,0.53,pseudo labeled,
morphin time lionsgate saban team new power rangers,IAB17 Sports,0.53,pseudo labeled,
feeling draft draft day,IAB17 Sports,0.53,pseudo labeled,
josh elliott leaving good morning america nbc sports 10 million,IAB17 Sports,0.53,pseudo labeled,
miami heats lebron james joins judd apatow film trainwreck amy schumer,IAB17 Sports,0.53,pseudo labeled,
hydration tips for athletes,IAB17 Sports,0.53,synthetic,
inspired sachin tendulkars mental strength says hugh jackman,IAB17 Sports,0.53,pseudo labeled,
female gymnast shatters stereotypes first woman complete american,IAB17 Sports,0.53,pseudo labeled,
prince george gives kate middleton royal run around fathers day polo,IAB17 Sports,0.53,pseudo labeled,
box office rio 2 captain america winter soldier remain close race friday,IAB17 Sports,0.53,pseudo labeled,
Inline skating is a popular recreational and competitive sport.,IAB17 Sports,0.53,synthetic,
2014 acms winners list miranda lambert kacey musgraves scoop big awards,IAB17 Sports,0.53,pseudo labeled,
aaron murray bachelorette star joshs nfl player brother,IAB17 Sports,0.53,pseudo labeled,
nbcs peter pan live taps girls star allison williams lead,IAB17 Sports,0.53,pseudo labeled,
atk says spin sporting biz 5b orbital deal,IAB17 Sports,0.53,pseudo labeled,
tesla unveils details sporty model 3 bmw 3 rival,IAB17 Sports,0.53,pseudo labeled,
wwe spoilers summerslam 2014 poster possibly reveals money bank,IAB17 Sports,0.53,pseudo labeled,
nike fires fuelband employees sports brand exit wearables market,IAB17 Sports,0.53,pseudo labeled,
paraplegic kicks world cup exoskeleton,IAB17 Sports,0.53,pseudo labeled,
motogp pole lap record marc marquez,IAB17 Sports,0.53,pseudo labeled,
harrison ford miss 8 weeks star wars shooting,IAB17 Sports,0.53,pseudo labeled,
nfl sunday ticket streaming could coming gaming consoles,IAB17 Sports,0.53,pseudo labeled,
samsung galaxy s5 sport coming july 25,IAB17 Sports,0.53,pseudo labeled,
49ers kaepernick responds twitter investigation alleged suspicious,IAB17 Sports,0.53,pseudo labeled,
city attorney clears justin bieber alleged batting cage robbery,IAB17 Sports,0.53,pseudo labeled,
former nfl player hank baskett cheats playboy playmate wife kendra,IAB17 Sports,0.53,pseudo labeled,
sequel showdown 22 jump street bests train dragon 2 box,IAB17 Sports,0.53,pseudo labeled,
"Skateboarding has fostered a sense of community and belonging among its participants, creating a global network of skaters who share a passion for the sport.",IAB17 Sports,0.53,synthetic,
valentino rossi set shot seventh world title,IAB17 Sports,0.53,pseudo labeled,
gms safety crisis grows recalls mount,IAB17 Sports,0.52,pseudo labeled,
skadden freshfields davis polk snare mandates pfizer launches,IAB17 Sports,0.52,pseudo labeled,
nike lays majority fuelband team,IAB17 Sports,0.52,pseudo labeled,
kevin costner sons play field dreams,IAB17 Sports,0.52,pseudo labeled,
olympic medalist shaun white crashes high school prom,IAB17 Sports,0.52,pseudo labeled,
wwe nbcuniversal reach new multiyear deal vince mcmahon comments,IAB17 Sports,0.52,pseudo labeled,
mad men mid season finale waterloo next sc p,IAB17 Sports,0.52,pseudo labeled,
george zimmerman guest honor florida gun show,IAB17 Sports,0.52,pseudo labeled,
"The United States has the largest number of fly fishers, with over 10 million people participating in the sport.",IAB17 Sports,0.52,synthetic,
paraplegic kicks world cup mindcontrolled exoskeleton,IAB17 Sports,0.52,pseudo labeled,
marathon training could help heart,IAB17 Sports,0.52,pseudo labeled,
mario kart 8 fails boost struggling nintendos earnings,IAB17 Sports,0.52,pseudo labeled,
us patent office cancels washington redskins trademark,IAB17 Sports,0.52,pseudo labeled,
2014 pikes peak hill climb live coverage wvideo,IAB17 Sports,0.52,pseudo labeled,
get neil youngs pono musics biggest names back campaign,IAB17 Sports,0.52,pseudo labeled,
nintendo stuck mud wii u mario kart isnt,IAB17 Sports,0.52,pseudo labeled,
mayor eric garcetti declares kings stanley cup victory celebration big fing,IAB17 Sports,0.52,pseudo labeled,
"There are many different ski resorts around the world, so you can find one that is close to you",IAB17 Sports,0.52,synthetic,
belgian brothers go cannes hattrick,IAB17 Sports,0.52,pseudo labeled,
sp 500 sets record bullish sentiment,IAB17 Sports,0.52,pseudo labeled,
"Snowboarding has played a role in promoting environmental awareness, with riders advocating for the protection of mountain ecosystems.",IAB17 Sports,0.52,synthetic,
alliant techsystems atk spinoff sporting group aerospace defense,IAB17 Sports,0.52,pseudo labeled,
commonwealth games athlete tested ebola virus falling ill,IAB17 Sports,0.52,pseudo labeled,
port vue woman continues running despite lyme disease diagnosis,IAB17 Sports,0.52,pseudo labeled,
netflix inc nflx verizon communications inc vz streaming tussle gets,IAB17 Sports,0.52,pseudo labeled,
espys 2014 drake introduces floyd mayweather video,IAB17 Sports,0.52,pseudo labeled,
stars fans alike celebrate field dreams 25 years later,IAB17 Sports,0.52,pseudo labeled,
role model athletes give back youth communities,IAB17 Sports,0.52,pseudo labeled,
panels report oscar guessing game,IAB17 Sports,0.52,pseudo labeled,
girls star allison williams lead nbcs peter pan live,IAB17 Sports,0.52,pseudo labeled,
emma stone sports bangs,IAB17 Sports,0.52,pseudo labeled,
jay z beyonce take netsheat game solange fight video leaks,IAB17 Sports,0.52,pseudo labeled,
san fermin spains famed bull run festival begins pamplona,IAB17 Sports,0.52,pseudo labeled,
nest team descends nike town recruit fuel band engineers,IAB17 Sports,0.52,pseudo labeled,
people complaining new xbox commercial aaron paul,IAB17 Sports,0.52,pseudo labeled,
game thrones success prompts sky simulcast 24 live another day,IAB17 Sports,0.52,pseudo labeled,
crickets daily 3 bowe bergdahl going hollywood,IAB17 Sports,0.52,pseudo labeled,
veronica mars sxsw movie premiere review roundup critics,IAB17 Sports,0.52,pseudo labeled,
wwe star ultimate warrior died heart attack,IAB17 Sports,0.52,pseudo labeled,
There are also many different tournaments and leagues for table tennis players of all levels.,IAB17 Sports,0.52,synthetic,
nascar driver matt kenseths car feature mario kart 8 graphics weekend,IAB17 Sports,0.52,pseudo labeled,
austin motogp marc marquez still 100 fit,IAB17 Sports,0.52,pseudo labeled,
watch jimmy fallon throws balls julia roberts face,IAB17 Sports,0.52,pseudo labeled,
watch johnny winter play woodstock 69,IAB17 Sports,0.52,pseudo labeled,
olympic figure skater meryl davis wins dancing stars,IAB17 Sports,0.52,pseudo labeled,
full speed local runner ready return boston marathon year later eager,IAB17 Sports,0.52,pseudo labeled,
print instagram photos adidas sneakers,IAB17 Sports,0.52,pseudo labeled,
gwyneth paltrow sports wedding split husband chris martin,IAB17 Sports,0.52,pseudo labeled,
Scuba diving has a strong community of enthusiasts who share a passion for underwater exploration and conservation.,IAB17 Sports,0.52,synthetic,
jersey boys cast shows signature moves,IAB17 Sports,0.52,pseudo labeled,
ticker floyd mayweather fight saturday ask ti,IAB17 Sports,0.52,pseudo labeled,
best game thrones recaps lion rose,IAB17 Sports,0.52,pseudo labeled,
warner brothers flinching batman vs superman date,IAB17 Sports,0.52,pseudo labeled,
motogp marquez dominates pedrosa second grid,IAB17 Sports,0.52,pseudo labeled,
samsung galaxy f sport gold color leak reveals,IAB17 Sports,0.52,pseudo labeled,
jennifer lawrence big draw xmen fans survey finds,IAB17 Sports,0.52,pseudo labeled,
wwe news wrestlemania 30 paychecks finally sent talent,IAB17 Sports,0.52,pseudo labeled,
netflix inc nflx plummets potential competition apple inc aapl,IAB17 Sports,0.51,pseudo labeled,
us patent office cancels washington redskins trademark registration,IAB17 Sports,0.51,pseudo labeled,
captain america 3 confirmed go batman vs superman,IAB17 Sports,0.51,pseudo labeled,
chicagoarea womans win streak jeopardy ends,IAB17 Sports,0.51,pseudo labeled,
nintendos working cheap new console next year,IAB17 Sports,0.51,pseudo labeled,
happiest fathers day possible game thrones s4 finale,IAB17 Sports,0.51,pseudo labeled,
"Future possibilities for tennis include the continued growth of the sport in developing countries, the development of new technologies to improve player performance, and the potential for tennis to become an even more inclusive and accessible sport.",IAB17 Sports,0.51,synthetic,
la mayor drops fbomb stanley cup victory parade photosvideo,IAB17 Sports,0.51,pseudo labeled,
xpressbet partners hong kong jockey club,IAB17 Sports,0.51,pseudo labeled,
harrison ford breaks ankle star,IAB17 Sports,0.51,pseudo labeled,
Here are some of the benefits of waterskiing and wakeboarding:,IAB17 Sports,0.51,synthetic,
oscar pistorius manager testifies begging question athlete finely attuned,IAB17 Sports,0.51,pseudo labeled,
people buying wii u nintendo still losing money,IAB17 Sports,0.51,pseudo labeled,
sonys 22 jump street outguns train dragon 2,IAB17 Sports,0.51,pseudo labeled,
obama order forces philly rail workers back job local news weather sports,IAB17 Sports,0.51,pseudo labeled,
tyrions big game thrones shocker play books,IAB17 Sports,0.51,pseudo labeled,
"The sport fosters a sense of community and camaraderie among enthusiasts, who share a passion for the outdoors and responsible hunting practices.",IAB17 Sports,0.51,synthetic,
"The use of performance-enhancing drugs has cast a shadow over the sport, leading to suspensions and tarnishing the reputations of some players.",IAB17 Sports,0.51,synthetic,
ky agriculture officials receive hemp shipment local news weather sports,IAB17 Sports,0.51,pseudo labeled,
redskins trademark ruling explained,IAB17 Sports,0.51,pseudo labeled,
"Hunting and shooting have been practiced for centuries, with evidence of their existence dating back to prehistoric times.",IAB17 Sports,0.51,synthetic,
"Its origins can be traced back to the 12th century, with the first recorded tennis match taking place in France in 1110.",IAB17 Sports,0.51,synthetic,
ser pounce wont back game thrones season,IAB17 Sports,0.51,pseudo labeled,
conan obrien reviews watch dogs indeed clueless gamer,IAB17 Sports,0.51,pseudo labeled,
pistorius mentally ill psychologists say paralympian held,IAB17 Sports,0.51,pseudo labeled,
nike digital sports division layoff might boon apple iwatch,IAB17 Sports,0.51,pseudo labeled,
sprint spotify rumored partnering,IAB17 Sports,0.51,pseudo labeled,
nyse active runners bank america nysebac att inc nyset,IAB17 Sports,0.51,pseudo labeled,
sxsw 2014 veronica mars,IAB17 Sports,0.51,pseudo labeled,
importance of core strength for runners,IAB17 Sports,0.51,synthetic,
stars fans show iowa field dreams 25th anniversary,IAB17 Sports,0.51,pseudo labeled,
nyc mayor sings love la losing bet stanley cup finals,IAB17 Sports,0.51,pseudo labeled,
us patent office cancels six washington redskins trademarks citing racial slur,IAB17 Sports,0.51,pseudo labeled,
us philippines hold drills china sea,IAB17 Sports,0.51,pseudo labeled,
phil spencer named new head xbox division,IAB17 Sports,0.51,pseudo labeled,
softbank ceo says sprint could shake us oligopoly,IAB17 Sports,0.51,pseudo labeled,
nintendo sinks loss year wii u sales continue lag forecasts return,IAB17 Sports,0.51,pseudo labeled,
ice bucket challenge heats across nrl,IAB17 Sports,0.51,pseudo labeled,
olympian lolo jones fires shots rihanna drake,IAB17 Sports,0.51,pseudo labeled,
allstar performances rookies veterans give football flick power,IAB17 Sports,0.51,pseudo labeled,
india plays chicken wto,IAB17 Sports,0.51,pseudo labeled,
astronauts join world cup frenzy space,IAB17 Sports,0.51,pseudo labeled,
sxsw forward austin time stop playing trains grow,IAB17 Sports,0.51,pseudo labeled,
sp 500 sets yet another fake record year,IAB17 Sports,0.51,pseudo labeled,
8 ball 61714 top 8 game thrones season four moments,IAB17 Sports,0.51,pseudo labeled,
sp 500 posts longest losing streak since january,IAB17 Sports,0.51,pseudo labeled,
"Skaters must have strong athleticism, flexibility, and coordination.",IAB17 Sports,0.51,synthetic,
frigoglass offers innovative limited edition fifa world cup 2014 contour bottle,IAB17 Sports,0.51,pseudo labeled,
sc unemployment fell 55 percent march local news weather sports,IAB17 Sports,0.51,pseudo labeled,
"Skateboarding has inspired a growing body of academic research, exploring its social, cultural, and health-related aspects.",IAB17 Sports,0.51,synthetic,
brad pitt knocked maleficent premier angry fan,IAB17 Sports,0.51,pseudo labeled,
snl recap andrew garfield coldplays chris martin get intimate,IAB17 Sports,0.51,pseudo labeled,
okay game thrones enough last second surprises,IAB17 Sports,0.51,pseudo labeled,
jessica simpsons fiance eric johnson hits golf course groomsmen,IAB17 Sports,0.51,pseudo labeled,
wwe monday night raw live stream free preview june 30 triple h,IAB17 Sports,0.51,pseudo labeled,
jessica simpson marries footballstar fiancé,IAB17 Sports,0.5,pseudo labeled,
watch wwe hall famer pat patterson comes gay legends,IAB17 Sports,0.5,pseudo labeled,
thousands chinese spent best years making nike shoes,IAB17 Sports,0.5,pseudo labeled,
nintendo probably cant save wii u,IAB17 Sports,0.5,pseudo labeled,
toyotas 2015 camry gets new looks upscale interior sporty xse model,IAB17 Sports,0.5,pseudo labeled,
rumor live game streaming platform twitch accepted 1 billion google,IAB17 Sports,0.5,pseudo labeled,
new promotional shots teaser upcoming season game,IAB17 Sports,0.5,pseudo labeled,
marc marquez takes austin pole record time,IAB17 Sports,0.5,pseudo labeled,
jp runners prepare boston marathon,IAB17 Sports,0.5,pseudo labeled,
prince george cheers prince william fathers day polo match,IAB17 Sports,0.5,pseudo labeled,
oecd warns hockey heavyhanded cuts,IAB17 Sports,0.5,pseudo labeled,
zac efron involved skid row brawl,IAB17 Sports,0.5,pseudo labeled,
ultimate wrestler died heart disease authorities,IAB17 Sports,0.5,pseudo labeled,
recordbreaking marquez rounds perfect weekend maximum points,IAB17 Sports,0.5,pseudo labeled,
report details worst issues ps4 xbox one wii u,IAB17 Sports,0.5,pseudo labeled,
kim kardashian sports pair bizarre dressed kanye west paris,IAB17 Sports,0.5,pseudo labeled,
sp 500 tops 2000 points first time,IAB17 Sports,0.5,pseudo labeled,
nintendo sees red wii u sales hit 272m 12 months,IAB17 Sports,0.5,pseudo labeled,
conan obrien plans spoil game thrones,IAB17 Sports,0.5,pseudo labeled,
watch conan give watch dogs clueless gamer treatment,IAB17 Sports,0.5,pseudo labeled,
nintendos quarterly financial results revealed,IAB17 Sports,0.5,pseudo labeled,
"Freshwater fishing is a relatively inexpensive sport to get into, making it a great option for families and people on a budget.",IAB17 Sports,0.5,synthetic,
surfing camera turned action cam empire gopro files 100 million ipo,IAB17 Sports,0.5,pseudo labeled,
carefree jay z beyonce attend nba game hours video solanges,IAB17 Sports,0.5,pseudo labeled,
wwe slammed stock plunges nearly 50 nbcuniversal deal fails,IAB17 Sports,0.5,pseudo labeled,
julia collins 20game win streak jeopardy ends,IAB17 Sports,0.5,pseudo labeled,
listen pitbull jennifer lopez claudia leitte wave flags world cup,IAB17 Sports,0.5,pseudo labeled,
oscar pistorius trial acoustics expert questioned screams neighbours say,IAB17 Sports,0.5,pseudo labeled,
watch conan obrien play watch dogs six minutes,IAB17 Sports,0.5,pseudo labeled,
nintendos smartphone efforts start surface,IAB17 Sports,0.5,pseudo labeled,
sprint posts profit,IAB17 Sports,0.5,pseudo labeled,
nutrition tips for runners,IAB17 Sports,0.5,synthetic,
"Key figures in the sport include Jacques Cousteau, Hans Hass, and Sylvia Earle, who have made significant contributions to underwater exploration and conservation.",IAB17 Sports,0.5,synthetic,
ultimate e3 2014 preview nintendos plans save wii u,IAB17 Sports,0.5,pseudo labeled,
"Table tennis has a long and rich history, dating back to the late 19th century.",IAB17 Sports,0.5,synthetic,
game thrones 4th season desire ice fire,IAB17 Sports,0.5,pseudo labeled,
"Sustainability has become a growing concern in climbing, with efforts to minimize the environmental impact of the sport.",IAB17 Sports,0.5,synthetic,
five things need know today never buy rowing,IAB17 Sports,0.5,pseudo labeled,
nascar team owner spends 1 million new corvette,IAB17 Sports,0.5,pseudo labeled,
texas huntercheerleader gun facebook photos,IAB17 Sports,0.5,pseudo labeled,
phil spencer promoted head xbox,IAB17 Sports,0.5,pseudo labeled,
"However, sailing remained a popular sport, and in the 20th century, new technologies such as the fiberglass boat made sailing more accessible to more people.",IAB17 Sports,0.5,synthetic,
"Bicycling has inspired artistic expression, with paintings, sculptures, and films capturing the beauty and excitement of the sport.",IAB17 Sports,0.5,synthetic,
"Snowboarding has been criticized for its environmental impact, particularly regarding the use of artificial snow and the construction of resorts in pristine areas.",IAB17 Sports,0.5,synthetic,
candy crush sagas developer 76 billion valuation,IAB17 Sports,0.5,pseudo labeled,
The objective of the game is to score points by grounding the ball on the opponent's court while preventing the opponent from doing the same.,IAB17 Sports,0.5,synthetic,
ultimate warrior raw tribute wwe wrestlers fans honor james hellwig,IAB17 Sports,0.5,pseudo labeled,
drake drake teams chris brown skit,IAB17 Sports,0.5,pseudo labeled,
peter dinklage performance wows game thrones viewers spurs,IAB17 Sports,0.5,pseudo labeled,
"Snowboarding has fostered a unique subculture with its own language, fashion, and music, reflecting the sport's rebellious and expressive nature.",IAB17 Sports,0.5,synthetic,
game thrones preseason marathon,IAB17 Sports,0.5,pseudo labeled,
**1992:** Canoe slalom is included in the Olympic Games for the first time.,IAB17 Sports,0.5,synthetic,
game thrones catchup season 4 scoop whats next house,IAB17 Sports,0.5,pseudo labeled,
iss astronauts play zero gravity soccer celebrate world cup,IAB17 Sports,0.5,pseudo labeled,
prince william kate return wimbledon watch djokovic federer final,IAB17 Sports,0.5,pseudo labeled,
watch bunch people insult drake face,IAB17 Sports,0.5,pseudo labeled,
wwe news cover 2014 summerslam dvd hinting money,IAB17 Sports,0.5,pseudo labeled,
"Hank Aaron, who holds the record for most career home runs, is revered for his consistency, longevity, and humility.",IAB17 Sports,0.5,synthetic,
study running may add 3 years life,IAB17 Sports,0.5,pseudo labeled,
game set match handson ralph laurens polo tech smart shirt,IAB17 Sports,0.5,pseudo labeled,
Martial arts can also help you to develop your self-confidence and self-esteem.,IAB17 Sports,0.5,synthetic,
twitch acquisition talks google 1 billion,IAB17 Sports,0.5,pseudo labeled,
