text,iab_label,confidence,source,labels
Investing in Real Estate: Diversification and Potential for Appreciation,IAB21 Real Estate,0.96,synthetic,
Architects,IAB21 Real Estate,0.95,subcategories,
Apartments,IAB21 Real Estate,0.95,subcategories,
The real estate market is a major driver of the global economy.,IAB21 Real Estate,0.95,synthetic,
The real estate market is a major contributor to tax revenue.,IAB21 Real Estate,0.95,synthetic,
Buying/Selling Homes,IAB21 Real Estate,0.95,subcategories,
Notable events in the history of real estate include the housing bubble of the early 2000s and the subsequent financial crisis.,IAB21 Real Estate,0.95,synthetic,
The real estate market is a major factor in the political landscape.,IAB21 Real Estate,0.94,synthetic,
The real estate market is a major factor in the environmental landscape.,IAB21 Real Estate,0.94,synthetic,
"The real estate market is a complex and ever-changing landscape, but it can be a great place to invest and to build wealth.",IAB21 Real Estate,0.94,synthetic,
"The real estate market can be a great place to invest, but it is important to understand the risks involved.",IAB21 Real Estate,0.94,synthetic,
The real estate market is a major factor in the quality of life.,IAB21 Real Estate,0.94,synthetic,
The real estate market is a major factor in the technological landscape.,IAB21 Real Estate,0.94,synthetic,
"Controversies in the real estate industry often center around issues such as fair housing, predatory lending, and environmental concerns.",IAB21 Real Estate,0.94,synthetic,
"The real estate market is a complex and ever-changing landscape, with a multitude of factors influencing its direction.",IAB21 Real Estate,0.94,synthetic,
The real estate market is a major factor in the cultural landscape.,IAB21 Real Estate,0.93,synthetic,
The real estate market is a major source of employment.,IAB21 Real Estate,0.93,synthetic,
The historical context of real estate is rooted in the need for shelter and the desire for ownership.,IAB21 Real Estate,0.93,synthetic,
The real estate market is a major factor in the social and economic fabric of communities.,IAB21 Real Estate,0.92,synthetic,
The real estate market is a major factor in the cost of living.,IAB21 Real Estate,0.92,synthetic,
chinese real estate risk big threat growth target,IAB21 Real Estate,0.92,pseudo labeled,
press boes carney called real estate greatest risk uk economy ps,IAB21 Real Estate,0.92,pseudo labeled,
march new home sales plunge 145,IAB21 Real Estate,0.9,scraped,
home condo sales fall may,IAB21 Real Estate,0.9,scraped,
todays rates home mortgages hsbc,IAB21 Real Estate,0.9,scraped,
dubai plans build worlds biggest mall,IAB21 Real Estate,0.9,scraped,
annual new housing starts drop million may,IAB21 Real Estate,0.9,scraped,
us existing home sales jump expected may,IAB21 Real Estate,0.9,scraped,
uk house prices slow,IAB21 Real Estate,0.9,scraped,
sales new homes us plunge 145 percent march,IAB21 Real Estate,0.9,scraped,
massachusetts home sales march,IAB21 Real Estate,0.9,scraped,
housing industry wonders mel watt want,IAB21 Real Estate,0.9,scraped,
new home sales soar may hit highest level since 2008,IAB21 Real Estate,0.9,scraped,
home sales see biggest monthly gain nearly 3 years,IAB21 Real Estate,0.9,scraped,
wall street falls housing data disappoints,IAB21 Real Estate,0.9,scraped,
home sales decline wisconsin 5th month,IAB21 Real Estate,0.9,scraped,
california pending home sales spike march,IAB21 Real Estate,0.9,scraped,
new homes sales february hit slowest pace 5 months,IAB21 Real Estate,0.9,scraped,
sales new homes plunge march,IAB21 Real Estate,0.9,scraped,
existing home sales us uptick april,IAB21 Real Estate,0.9,scraped,
housing production dips 65 percent may,IAB21 Real Estate,0.9,scraped,
existinghome sales increase 49 may,IAB21 Real Estate,0.9,scraped,
new home sales soar sixyear high may,IAB21 Real Estate,0.9,scraped,
nar existinghome sales rose 13 april,IAB21 Real Estate,0.9,scraped,
us home sales april last years level,IAB21 Real Estate,0.9,scraped,
newhome sales slip nationally july,IAB21 Real Estate,0.9,scraped,
homebuilder confidence soars,IAB21 Real Estate,0.9,scraped,
contracts buy homes fall 8th straight month,IAB21 Real Estate,0.9,scraped,
home builders pessimistic year,IAB21 Real Estate,0.9,scraped,
us existing home sales hit 112 year low march,IAB21 Real Estate,0.9,scraped,
existing home sales surge may housing market heats,IAB21 Real Estate,0.9,scraped,
caseshiller reports slowing house price growth,IAB21 Real Estate,0.9,scraped,
home price growth slows across 20 us cities,IAB21 Real Estate,0.9,scraped,
newhome sales 64 april,IAB21 Real Estate,0.9,scraped,
sales new us homes fall july,IAB21 Real Estate,0.9,scraped,
us new home sales sixyear high,IAB21 Real Estate,0.9,scraped,
brief sales new homes sink,IAB21 Real Estate,0.9,scraped,
housing crisis overtakes transport biggest concern londoners poll suggests,IAB21 Real Estate,0.9,scraped,
zillow buys real estate rival trulia,IAB21 Real Estate,0.9,scraped,
us existinghome sales surge may,IAB21 Real Estate,0.9,scraped,
hong kong property experts call new tack lure shoppers,IAB21 Real Estate,0.9,scraped,
mortgage applications fall latest week,IAB21 Real Estate,0.9,scraped,
small interest rate changes mean big money home buyers,IAB21 Real Estate,0.9,scraped,
uk house prices rise 19 february,IAB21 Real Estate,0.9,scraped,
housing may hold keys,IAB21 Real Estate,0.9,scraped,
california pending home sales spike short sales drop,IAB21 Real Estate,0.9,scraped,
us new home sales rise six months,IAB21 Real Estate,0.9,scraped,
us new home sales fall,IAB21 Real Estate,0.9,scraped,
us new home sales pull back february,IAB21 Real Estate,0.9,scraped,
us new home sales 64,IAB21 Real Estate,0.9,scraped,
hgtv pulling plug real estate show amid protest hosts antigay,IAB21 Real Estate,0.89,pseudo labeled,
hgtv wont go forward flip real estate show amid protest hosts anti,IAB21 Real Estate,0.89,pseudo labeled,
video zillow grab online real estate,IAB21 Real Estate,0.89,pseudo labeled,
move inc moves center stage online real estate landgrab trla z,IAB21 Real Estate,0.89,pseudo labeled,
"Future possibilities for the real estate market include the development of new technologies, such as virtual reality and augmented reality, and the increasing use of data analytics to inform decision-making.",IAB21 Real Estate,0.88,synthetic,
"The real estate market is a cyclical industry, and it is important to be aware of the current market conditions before buying or selling a home.",IAB21 Real Estate,0.88,synthetic,
cash still rules area real estate,IAB21 Real Estate,0.88,pseudo labeled,
watsa china real estate bubble unparalleled history,IAB21 Real Estate,0.88,pseudo labeled,
real estate suntrust mortgage agrees 550 million settlement lending,IAB21 Real Estate,0.87,pseudo labeled,
real estate status quo prefers served least,IAB21 Real Estate,0.87,pseudo labeled,
"Key figures in the real estate industry include real estate agents, brokers, lenders, and appraisers.",IAB21 Real Estate,0.87,synthetic,
house type chalet: a gablefront house built into a mountainside with a wide sloping roof,IAB21 Real Estate,0.85,scraped,
house type american craftsman bungalow,IAB21 Real Estate,0.85,scraped,
house type california bungalow,IAB21 Real Estate,0.85,scraped,
house type chalet bungalow in northern ireland,IAB21 Real Estate,0.85,scraped,
"house type vainakh tower: a tower house found inchechenyaandingushetiathat reached up to four stories tall and were used for residential or military purposes, or both",IAB21 Real Estate,0.85,scraped,
house type chicago bungalow,IAB21 Real Estate,0.85,scraped,
house type dacha: cottage-type house in russia and former union republics of the soviet union,IAB21 Real Estate,0.85,scraped,
house type izba: a traditional russian wooden country house,IAB21 Real Estate,0.85,scraped,
"house type ontario cottage: a one- or one-and-a-half-story house with a symmetrical rectangular floor plan and a gable centred over the door, popular in small-town ontario during the 19th century",IAB21 Real Estate,0.85,scraped,
"house type a-frame: so-called because the steep roofline, reaching to or near the ground, makes the gable ends resemble a capital letter a.",IAB21 Real Estate,0.85,scraped,
"house type townhouse,terraced house, orrowhouse: common terms for single-family attached housing, whose precise meaning varies by location, often connecting a series of living units arranged side-by-side sharing common walls (not to be confused with the english term for an aristocratic mansion,townhouse (great britain))linked house: side-by-side attached houses that appear detached above-ground but are attached at the foundation below-groundlinked semi-detached: side-by-side attached houses with garages in between them, sharing basement and garage wallsmewsproperty: an urbanstable-block that has often been converted into residential properties. the houses may have been converted into ground floor garages with a small flat above which used to house theostleror just a garage with no living quarters.patio house: townhouses that share apatio",IAB21 Real Estate,0.85,scraped,
"house type charleston single house: originating incharleston, south carolina, a narrow house with its shoulder to the street and front door on the side.",IAB21 Real Estate,0.85,scraped,
"house type upright and wing: a style originating in new england (particularly upstate new york) and the great lakes states, usually of agreek revivalstyle.",IAB21 Real Estate,0.85,scraped,
house type irish tower houseswere often surrounded by defensive walls calledbawns,IAB21 Real Estate,0.85,scraped,
house type kulla: an albanian tower house,IAB21 Real Estate,0.85,scraped,
"house type cape cod-style houseor cape: a style of a double-pile one-story cottage; low, broad with a steep side-gable roof to whichdormersare often added to create a second story (in some locations, referred to as 1.5-story)",IAB21 Real Estate,0.85,scraped,
house type converted barn: an old barn converted into a house or other use.,IAB21 Real Estate,0.85,scraped,
"house type earth sheltered: houses usingdirt(""earth"") piled against it exterior walls for thermal mass, which reduces heat flow into or out of the house, maintaining a more steady indoortemperaturepit-house: a prehistoric house type used on many continents and of many styles, partially sunken into the ground.rammed earthsod houseearthbaghomesouterrain: an earthen dwelling typically deriving fromneolithic ageorbronze agetimes.underground home: a type of dwelling dug and constructed underground. ex. a rammed-earth style houseyaodong: adugoutused as anabodeor shelter in northern china, especially on theloess plateauwattle and daubadobe: a type ofmudbrickhouse made of dirt and straw with mud used as mortar. found throughout the world, in particular spain, north africa, the middle east and the americas.",IAB21 Real Estate,0.85,scraped,
"house type igloo: aninuit,yup'ik, andaleutseasonal or emergency shelter that was made of knife-sliced blocks of packed snow and/or ice in thearcticregions ofalaska, canada, greenland, andsiberianrussia.",IAB21 Real Estate,0.85,scraped,
"house type four-familyorquadplexorquad: four living units, typically with two units on the first floor and two on the second, or side-by-side",IAB21 Real Estate,0.85,scraped,
house type trullo: a traditional apulian stone dwelling with a conical roof,IAB21 Real Estate,0.85,scraped,
house type weavers' cottage: townhouses with attached workshops forweavers,IAB21 Real Estate,0.85,scraped,
house type igloo,IAB21 Real Estate,0.85,scraped,
"house type airey house: a type of low-cost house that was developed in the united kingdom during the 1940s by siredwin airey, and then widely constructed between 1945 and 1960 to provide housing for soldiers, sailors, andairmenwho had returned home fromworld war ii. these are recognizable by theirprecast concretecolumns and by their walls made of precast ""ship-lap"" concrete panels.",IAB21 Real Estate,0.85,scraped,
house type broch: a scottish roundhouse,IAB21 Real Estate,0.85,scraped,
"house type castle: a heavily fortifiedmedievaldwelling or a house styled after medieval castles. usually withtowers,crenellations, and astoneexterior.",IAB21 Real Estate,0.85,scraped,
house type linked house: side-by-side attached houses that appear detached above-ground but are attached at the foundation below-ground,IAB21 Real Estate,0.85,scraped,
house type frutighaus: a type ofbarnhouseoriginating in the frutigland region of switzerland.,IAB21 Real Estate,0.85,scraped,
"house type courtyard houseriad: a type ofcourtyard housefound in moroccosiheyuan,sanheyuan: a type ofcourtyard housefound in china",IAB21 Real Estate,0.85,scraped,
house type slope house:  a house with soil or rock completely covering the bottom floor on one side and partly two of the walls on the bottom floor. the house has two entries depending on the ground level.,IAB21 Real Estate,0.85,scraped,
house type snout house: a house with the garage door being the closest part of the dwelling to the street.,IAB21 Real Estate,0.85,scraped,
house type geestharden house: one of the three basic house types inschleswig-holsteinregion of germanyuthland-frisian house:a sub type ofgeestharden houseof northwest germany and denmark,IAB21 Real Estate,0.85,scraped,
"house type octagon house: a house of symmetrical octagonal floor plan, popularized briefly during the 19th century byorson squire fowler",IAB21 Real Estate,0.85,scraped,
"house type mansion: a very large, luxurious house, typically associated with exceptional wealth or aristocracy, usually of more than one story, on a very large block of land or estate.mansions usually will have many more rooms and bedrooms than a typical single-family home, including specialty rooms, such as a library, study,conservatory, theater,greenhouse, infinity pool,bowling alley, or server room.",IAB21 Real Estate,0.85,scraped,
house type palace: the residence of a high rankinggovernmentofficial or the country'sruler.,IAB21 Real Estate,0.85,scraped,
house type riad: a type ofcourtyard housefound in morocco,IAB21 Real Estate,0.85,scraped,
house type roundhouse: a house built with a circular plan,IAB21 Real Estate,0.85,scraped,
"house type siheyuan,sanheyuan: a type ofcourtyard housefound in china",IAB21 Real Estate,0.85,scraped,
house type assam-type house: an earthquake-resistant house type commonly found in the northeastern states of india,IAB21 Real Estate,0.85,scraped,
house type bastle house: a fortifiedfarmhousefound in england and scotland,IAB21 Real Estate,0.85,scraped,
house type stilt house: is a house built on stilts above a body of water or the ground (usually in swampy areas prone to flooding).,IAB21 Real Estate,0.85,scraped,
"house type castle: a high-status defensive structure/dwelling built during themiddle ages, with some mock castles built in the 18th century to today.",IAB21 Real Estate,0.85,scraped,
house type welsh tower houses: built mostly in the 14th and 15th centuries,IAB21 Real Estate,0.85,scraped,
house type peel toweror pele tower: fortified tower houses in england and scotland used askeepsor houses,IAB21 Real Estate,0.85,scraped,
Architects are essential to the real estate industry and play a vital role in shaping the built environment.,IAB21 Real Estate,0.85,synthetic,
house type wealden hall house: a type of vernacular medievaltimber-framedyeoman'shall housetraditional in the south east of england,IAB21 Real Estate,0.85,scraped,
"house type villa: a large house which one might retreat to in the country. villa can also refer to a freestanding comfortable-sized house, on a large block, generally found in the suburbs, and in victorianterraced housing, a house larger than the averagebyelaw terraced house, often having double streetfrontage.",IAB21 Real Estate,0.85,scraped,
"house type adobe: a type ofmudbrickhouse made of dirt and straw with mud used as mortar. found throughout the world, in particular spain, north africa, the middle east and the americas.",IAB21 Real Estate,0.85,scraped,
"house type linked semi-detached: side-by-side attached houses with garages in between them, sharing basement and garage walls",IAB21 Real Estate,0.85,scraped,
house type underground home: a type of dwelling dug and constructed underground. ex. a rammed-earth style house,IAB21 Real Estate,0.85,scraped,
house type stilt housesorpile dwellings: houses raised on stilts over the surface of the soil or a body of water.,IAB21 Real Estate,0.85,scraped,
house type tree house: a house built among the branches or around the trunk of one or more mature trees and does not rest on the ground.,IAB21 Real Estate,0.85,scraped,
house type upper lusatian houseorumgebinde: combined log and timber-frame construction in germany-czech republic-poland region,IAB21 Real Estate,0.85,scraped,
"house type wimpey no-fines house: a low-cost semi-attached or terraced houses built in the united kingdom from the 1940s onwards usingconcretewithout fineaggregates(""no-fine"")",IAB21 Real Estate,0.85,scraped,
"house type pit-house: a prehistoric house type used on many continents and of many styles, partially sunken into the ground.",IAB21 Real Estate,0.85,scraped,
house type rammed earth,IAB21 Real Estate,0.85,scraped,
house type sod house,IAB21 Real Estate,0.85,scraped,
house type earthbaghome,IAB21 Real Estate,0.85,scraped,
house type souterrain: an earthen dwelling typically deriving fromneolithic ageorbronze agetimes.,IAB21 Real Estate,0.85,scraped,
"house type yaodong: adugoutused as anabodeor shelter in northern china, especially on theloess plateau",IAB21 Real Estate,0.85,scraped,
"house type pole house: a timber house in which a set of vertical poles carry the load of all of its suspended floors and roof, allowing all of its walls to be non-load-bearing.",IAB21 Real Estate,0.85,scraped,
house type wattle and daub,IAB21 Real Estate,0.85,scraped,
house type byre-dwelling: farmhouse with people and livestock under one roof,IAB21 Real Estate,0.85,scraped,
"house type sears catalog home: an owner-built ""kit"" houses that were sold by thesears, roebuck and co.corporation via catalog orders from 1906 to 1940.",IAB21 Real Estate,0.85,scraped,
house type manufactured house: aprefabricated housethat is assembled on the permanent site on which it will sit.,IAB21 Real Estate,0.85,scraped,
house type greenfield land,IAB21 Real Estate,0.85,scraped,
house type greyfield land,IAB21 Real Estate,0.85,scraped,
house type groundscraper,IAB21 Real Estate,0.85,scraped,
house type land-use planning,IAB21 Real Estate,0.85,scraped,
house type wilderness hutalpine club hutmountain hutwinter room,IAB21 Real Estate,0.85,scraped,
"house type prefabricated house: a house whose main structural sections were manufactured in afactory, and then transported to their final building site to be assembled upon aconcretefoundation, which had to be poured locally.manufactured house: aprefabricated housethat is assembled on the permanent site on which it will sit.modular home: aprefabricated housethat consists of repeated sections called modules.lustron house: a type ofprefabricated house",IAB21 Real Estate,0.85,scraped,
house type plank house: a general term for houses built using planks in a variety of ways,IAB21 Real Estate,0.85,scraped,
house type mewsproperty: an urbanstable-block that has often been converted into residential properties. the houses may have been converted into ground floor garages with a small flat above which used to house theostleror just a garage with no living quarters.,IAB21 Real Estate,0.85,scraped,
house type architecture portal,IAB21 Real Estate,0.85,scraped,
house type patio house: townhouses that share apatio,IAB21 Real Estate,0.85,scraped,
house type chattel house: a small wooden house occupied byworking-classpeople on barbados. originally relocatable; personal chattel (property) rather than fixedreal property.,IAB21 Real Estate,0.85,scraped,
"house type mobile home,park home, ortrailer home: a prefabricated house that is manufactured off-site and moved by trailer to its final location (but not intended to be towed regularly by a vehicle)",IAB21 Real Estate,0.85,scraped,
"house type three-familyortriplex: three living units, either attached side by side and sharing common walls, or stacked (in some countries, called athree-deckerortriple-decker)",IAB21 Real Estate,0.85,scraped,
"house type recreational vehicleorrv: a motor vehicle or trailer that can be used for habitationtravel trailer,camperorcaravan: a trailer designed to be used as a residence (usually temporarily), which must be towed regularly by a vehicle and cannot move under its own powertiny house: a dwelling, usually built on a trailer or barge, that is  500 square feet (46 m2) or smaller, built to look like a small house and suitable for long-term habitation",IAB21 Real Estate,0.85,scraped,
"house type travel trailer,camperorcaravan: a trailer designed to be used as a residence (usually temporarily), which must be towed regularly by a vehicle and cannot move under its own power",IAB21 Real Estate,0.85,scraped,
"house type tiny house: a dwelling, usually built on a trailer or barge, that is  500 square feet (46 m2) or smaller, built to look like a small house and suitable for long-term habitation",IAB21 Real Estate,0.85,scraped,
house type yurt: a round tent with a conical roof originating in central asia,IAB21 Real Estate,0.85,scraped,
house type housing portal,IAB21 Real Estate,0.85,scraped,
house type cohousing,IAB21 Real Estate,0.85,scraped,
"house type log home,log cabin: a house built by american, canadian, and russianfrontiersmenand their families which was built of solid, unsquaredwooden logsand later as a well crafted style of dwelling",IAB21 Real Estate,0.85,scraped,
house type company town,IAB21 Real Estate,0.85,scraped,
house type city block,IAB21 Real Estate,0.85,scraped,
house type home,IAB21 Real Estate,0.85,scraped,
house type houseboatincludesfloat houses: a boat designed to be primarily used as a residence,IAB21 Real Estate,0.85,scraped,
"house type two-familyorduplex: two living units, either attached side by side and sharing a common wall (in some countries, calledsemi-detached) or stacked one atop the other (in some countries, called adouble-decker)",IAB21 Real Estate,0.85,scraped,
house type lustron house: a type ofprefabricated house,IAB21 Real Estate,0.85,scraped,
house type modular home: aprefabricated housethat consists of repeated sections called modules.,IAB21 Real Estate,0.85,scraped,
"house type kit house: a type of pre-fabricated house made of pre-cut, numbered pieces of lumber.sears catalog home: an owner-built ""kit"" houses that were sold by thesears, roebuck and co.corporation via catalog orders from 1906 to 1940.",IAB21 Real Estate,0.85,scraped,
house type laneway house: a type of canadian house that is constructed behind a normal single-family home that opens onto aback lane,IAB21 Real Estate,0.85,scraped,
house type connected farm: type of farmhouse common in new england,IAB21 Real Estate,0.85,scraped,
house type tower block,IAB21 Real Estate,0.85,scraped,
"house type barndominium: a type of house that includes living space attached to either a workshop or a barn, typically forhorses, or a large vehicle such as arecreational vehicleor a large recreationalboat",IAB21 Real Estate,0.85,scraped,
house type uthland-frisian house:a sub type ofgeestharden houseof northwest germany and denmark,IAB21 Real Estate,0.85,scraped,
house type sustainable design,IAB21 Real Estate,0.85,scraped,
"house type timeshare, form of vacation property",IAB21 Real Estate,0.85,scraped,
house type total institution,IAB21 Real Estate,0.85,scraped,
"house type cloues, richard (2005-03-26).""house types"".new georgia encyclopedia(2013-08-22 ed.). georgia humanities and the university of georgia press. retrieved2018-12-28.",IAB21 Real Estate,0.85,scraped,
"house type harris, cyril m. (2006).dictionary of architectures & construction(4th ed.). ny: mcgraw-hill.isbn0-07-158901-5.",IAB21 Real Estate,0.85,scraped,
house type mixed-use development,IAB21 Real Estate,0.85,scraped,
"house type mcalester, virginia; mcalester, arcie lee (2013).a field guide to american houses: the definitive guide to identifying and understanding america's domestic architecture. alfred a. knopf.isbn9781400043590.",IAB21 Real Estate,0.85,scraped,
"house type poore, patricia (2018-06-05).""the california ranch"".old house journal magazine.archivedfrom the original on 2019-01-01. retrieved2019-01-01.",IAB21 Real Estate,0.85,scraped,
"house type salant, katherine(2006-12-30).""the ranch, an architectural archetype forged on the frontier"".the washington post.archivedfrom the original on 2019-01-01. retrieved2012-12-31.",IAB21 Real Estate,0.85,scraped,
house type house images,IAB21 Real Estate,0.85,scraped,
house type architectural housing stylesat old house web,IAB21 Real Estate,0.85,scraped,
house type bilingual glossary of house types(in english and spanish),IAB21 Real Estate,0.85,scraped,
house type a comprehensive summary of common residential architectural styles and themes,IAB21 Real Estate,0.85,scraped,
house type airport,IAB21 Real Estate,0.85,scraped,
house type business park,IAB21 Real Estate,0.85,scraped,
house type bus station,IAB21 Real Estate,0.85,scraped,
"house type nostrand, richard l. (2018-01-19).the making of america's culture regions. rowman & littlefield.isbn9781538103975.",IAB21 Real Estate,0.85,scraped,
house type house styles,IAB21 Real Estate,0.85,scraped,
house type model dwellings for the poor,IAB21 Real Estate,0.85,scraped,
house type penthouse apartment,IAB21 Real Estate,0.85,scraped,
house type arcology,IAB21 Real Estate,0.85,scraped,
architecture bristol byzantine1850–1880,IAB21 Real Estate,0.85,scraped,
house type real estate,IAB21 Real Estate,0.85,scraped,
house type planned unit development,IAB21 Real Estate,0.85,scraped,
house type bungalow court,IAB21 Real Estate,0.85,scraped,
house type train station,IAB21 Real Estate,0.85,scraped,
house type shopping streets and districts,IAB21 Real Estate,0.85,scraped,
house type inland,IAB21 Real Estate,0.85,scraped,
house type business cluster,IAB21 Real Estate,0.85,scraped,
house type industrial district,IAB21 Real Estate,0.85,scraped,
house type portinland,IAB21 Real Estate,0.85,scraped,
house type industrial park,IAB21 Real Estate,0.85,scraped,
house type agrihood,IAB21 Real Estate,0.85,scraped,
house type boarding house,IAB21 Real Estate,0.85,scraped,
house type closed community,IAB21 Real Estate,0.85,scraped,
house type outbuilding,IAB21 Real Estate,0.85,scraped,
house type conservation community,IAB21 Real Estate,0.85,scraped,
house type executive home,IAB21 Real Estate,0.85,scraped,
house type golf course community,IAB21 Real Estate,0.85,scraped,
house type housing estate,IAB21 Real Estate,0.85,scraped,
house type luxury apartment,IAB21 Real Estate,0.85,scraped,
house type technology centers,IAB21 Real Estate,0.85,scraped,
house type mcmansion,IAB21 Real Estate,0.85,scraped,
house type office building,IAB21 Real Estate,0.85,scraped,
house type commercial area,IAB21 Real Estate,0.85,scraped,
house type civic center,IAB21 Real Estate,0.85,scraped,
house type garden city movement,IAB21 Real Estate,0.85,scraped,
house type model village,IAB21 Real Estate,0.85,scraped,
house type age-restricted community,IAB21 Real Estate,0.85,scraped,
house type revenue house,IAB21 Real Estate,0.85,scraped,
house type rooming house,IAB21 Real Estate,0.85,scraped,
house type single-room occupancy,IAB21 Real Estate,0.85,scraped,
house type subdivision,IAB21 Real Estate,0.85,scraped,
house type research park,IAB21 Real Estate,0.85,scraped,
house type tract housing,IAB21 Real Estate,0.85,scraped,
house type behavior modification facility,IAB21 Real Estate,0.85,scraped,
house type residential treatment center,IAB21 Real Estate,0.85,scraped,
house type therapeutic boarding school,IAB21 Real Estate,0.85,scraped,
house type nursing home,IAB21 Real Estate,0.85,scraped,
house type residential area,IAB21 Real Estate,0.85,scraped,
house type retirement home,IAB21 Real Estate,0.85,scraped,
house type senior living,IAB21 Real Estate,0.85,scraped,
house type akademgorodok,IAB21 Real Estate,0.85,scraped,
house type atomgrad,IAB21 Real Estate,0.85,scraped,
house type assisted living,IAB21 Real Estate,0.85,scraped,
house type intentional community,IAB21 Real Estate,0.85,scraped,
house type gated community,IAB21 Real Estate,0.85,scraped,
house type house,IAB21 Real Estate,0.85,scraped,
house type longère: a long and narrow house in ruralnormandyandbrittany,IAB21 Real Estate,0.85,scraped,
house type retirement community,IAB21 Real Estate,0.85,scraped,
house type residential airpark,IAB21 Real Estate,0.85,scraped,
house type planned cities,IAB21 Real Estate,0.85,scraped,
house type brownfield land,IAB21 Real Estate,0.85,scraped,
house type planned community,IAB21 Real Estate,0.85,scraped,
house type urban green spaceparks,IAB21 Real Estate,0.85,scraped,
house type parks,IAB21 Real Estate,0.85,scraped,
house type apartment,IAB21 Real Estate,0.85,scraped,
house type science park,IAB21 Real Estate,0.85,scraped,
house type housetypes,IAB21 Real Estate,0.85,scraped,
house type alpine club hut,IAB21 Real Estate,0.85,scraped,
house type villa,IAB21 Real Estate,0.85,scraped,
house type types,IAB21 Real Estate,0.85,scraped,
house type cemetery,IAB21 Real Estate,0.85,scraped,
house type public housing,IAB21 Real Estate,0.85,scraped,
house type residential cluster development,IAB21 Real Estate,0.85,scraped,
house type construction,IAB21 Real Estate,0.85,scraped,
house type context theory,IAB21 Real Estate,0.85,scraped,
house type eminent domain,IAB21 Real Estate,0.85,scraped,
house type skyscraper,IAB21 Real Estate,0.85,scraped,
house type multifamily residential,IAB21 Real Estate,0.85,scraped,
house type satellite campus,IAB21 Real Estate,0.85,scraped,
house type campus,IAB21 Real Estate,0.85,scraped,
house type private community,IAB21 Real Estate,0.85,scraped,
house type jamesway hut,IAB21 Real Estate,0.85,scraped,
house type logging camp,IAB21 Real Estate,0.85,scraped,
house type mountain hut,IAB21 Real Estate,0.85,scraped,
house type winter room,IAB21 Real Estate,0.85,scraped,
house type playground,IAB21 Real Estate,0.85,scraped,
house type redevelopment,IAB21 Real Estate,0.85,scraped,
house type regional planning,IAB21 Real Estate,0.85,scraped,
house type urban design,IAB21 Real Estate,0.85,scraped,
house type haubarg,IAB21 Real Estate,0.85,scraped,
house type urban planning,IAB21 Real Estate,0.85,scraped,
house type zoning,IAB21 Real Estate,0.85,scraped,
house type housebarn,IAB21 Real Estate,0.85,scraped,
house type longhouse,IAB21 Real Estate,0.85,scraped,
house type neolithic long house,IAB21 Real Estate,0.85,scraped,
house type ansitz,IAB21 Real Estate,0.85,scraped,
house type black forest house,IAB21 Real Estate,0.85,scraped,
house type cimbrian house,IAB21 Real Estate,0.85,scraped,
house type east frisian house,IAB21 Real Estate,0.85,scraped,
house type geestharden house,IAB21 Real Estate,0.85,scraped,
house type yimby,IAB21 Real Estate,0.85,scraped,
house type masia,IAB21 Real Estate,0.85,scraped,
house type palloza,IAB21 Real Estate,0.85,scraped,
house type cascina a corte,IAB21 Real Estate,0.85,scraped,
house type maloca,IAB21 Real Estate,0.85,scraped,
house type menstruation,IAB21 Real Estate,0.85,scraped,
house type planning permission,IAB21 Real Estate,0.85,scraped,
house type parking(multistorey car park),IAB21 Real Estate,0.85,scraped,
house type park,IAB21 Real Estate,0.85,scraped,
house type chalet,IAB21 Real Estate,0.85,scraped,
house type waldlerhaus,IAB21 Real Estate,0.85,scraped,
house type bildts farmhouse,IAB21 Real Estate,0.85,scraped,
house type frisian farmhouse,IAB21 Real Estate,0.85,scraped,
house type frisian house,IAB21 Real Estate,0.85,scraped,
house type low german house,IAB21 Real Estate,0.85,scraped,
house type old frisian longhouse,IAB21 Real Estate,0.85,scraped,
house type blackhouse,IAB21 Real Estate,0.85,scraped,
house type dartmoor longhouse,IAB21 Real Estate,0.85,scraped,
house type hall house,IAB21 Real Estate,0.85,scraped,
house type bresse house,IAB21 Real Estate,0.85,scraped,
house type nimby,IAB21 Real Estate,0.85,scraped,
house type mas (provençal farmhouse),IAB21 Real Estate,0.85,scraped,
house type alqueria,IAB21 Real Estate,0.85,scraped,
house type baserri,IAB21 Real Estate,0.85,scraped,
house type cabaña pasiega,IAB21 Real Estate,0.85,scraped,
house type bastle house,IAB21 Real Estate,0.85,scraped,
house type casa montañesa,IAB21 Real Estate,0.85,scraped,
house type lorraine house,IAB21 Real Estate,0.85,scraped,
house type gulf house,IAB21 Real Estate,0.85,scraped,
house type nonbuilding,IAB21 Real Estate,0.85,scraped,
house type mitato,IAB21 Real Estate,0.85,scraped,
house type musgum mud huts,IAB21 Real Estate,0.85,scraped,
house type oca,IAB21 Real Estate,0.85,scraped,
house type earth lodge,IAB21 Real Estate,0.85,scraped,
house type beehive house,IAB21 Real Estate,0.85,scraped,
house type bothy,IAB21 Real Estate,0.85,scraped,
house type bunong,IAB21 Real Estate,0.85,scraped,
house type burdei,IAB21 Real Estate,0.85,scraped,
house type bure,IAB21 Real Estate,0.85,scraped,
house type cleit,IAB21 Real Estate,0.85,scraped,
house type clochán (beehive hut),IAB21 Real Estate,0.85,scraped,
house type crotto,IAB21 Real Estate,0.85,scraped,
house type dugout,IAB21 Real Estate,0.85,scraped,
house type funco,IAB21 Real Estate,0.85,scraped,
house type bahay kubo(nipa hut),IAB21 Real Estate,0.85,scraped,
house type girna,IAB21 Real Estate,0.85,scraped,
house type goahti,IAB21 Real Estate,0.85,scraped,
house type hogan,IAB21 Real Estate,0.85,scraped,
house type humpy,IAB21 Real Estate,0.85,scraped,
house type zemlyanka,IAB21 Real Estate,0.85,scraped,
architecture edwardian baroque1901–1922 (uk & british empire),IAB21 Real Estate,0.85,scraped,
"architecture spain – asturianteito, asturianhórreo, gallicianpalloza",IAB21 Real Estate,0.85,scraped,
architecture orientalism,IAB21 Real Estate,0.85,scraped,
architecture victoria & albert museum microsite on introduction to architectural styles,IAB21 Real Estate,0.85,scraped,
house type barabara,IAB21 Real Estate,0.85,scraped,
house type zakopane,IAB21 Real Estate,0.85,scraped,
house type orri,IAB21 Real Estate,0.85,scraped,
house type shieling,IAB21 Real Estate,0.85,scraped,
house type pit-house,IAB21 Real Estate,0.85,scraped,
house type qargi,IAB21 Real Estate,0.85,scraped,
house type qarmaq,IAB21 Real Estate,0.85,scraped,
house type log cabin,IAB21 Real Estate,0.85,scraped,
house type quiggly hole,IAB21 Real Estate,0.85,scraped,
house type rondavel,IAB21 Real Estate,0.85,scraped,
house type roundhouse,IAB21 Real Estate,0.85,scraped,
house type ruka,IAB21 Real Estate,0.85,scraped,
house type sassi di matera,IAB21 Real Estate,0.85,scraped,
house type sukkah,IAB21 Real Estate,0.85,scraped,
house type carpathian,IAB21 Real Estate,0.85,scraped,
house type tongkonan,IAB21 Real Estate,0.85,scraped,
house type trullo,IAB21 Real Estate,0.85,scraped,
house type tukul,IAB21 Real Estate,0.85,scraped,
house type quinzhee,IAB21 Real Estate,0.85,scraped,
house type kapar,IAB21 Real Estate,0.85,scraped,
house type jacal,IAB21 Real Estate,0.85,scraped,
house type icelandic turf house,IAB21 Real Estate,0.85,scraped,
house type decorated farmhouses of hälsingland,IAB21 Real Estate,0.85,scraped,
house type gozo farmhouse,IAB21 Real Estate,0.85,scraped,
house type uthland-frisian house,IAB21 Real Estate,0.85,scraped,
house type upper lusatian house,IAB21 Real Estate,0.85,scraped,
house type schleswig house,IAB21 Real Estate,0.85,scraped,
house type beach hut,IAB21 Real Estate,0.85,scraped,
house type beach fale,IAB21 Real Estate,0.85,scraped,
house type cabana,IAB21 Real Estate,0.85,scraped,
house type chickee,IAB21 Real Estate,0.85,scraped,
house type gazebo,IAB21 Real Estate,0.85,scraped,
house type romney hut,IAB21 Real Estate,0.85,scraped,
house type lean-to,IAB21 Real Estate,0.85,scraped,
house type pergola,IAB21 Real Estate,0.85,scraped,
house type ramada,IAB21 Real Estate,0.85,scraped,
house type toguna,IAB21 Real Estate,0.85,scraped,
house type hexayurt,IAB21 Real Estate,0.85,scraped,
house type yurt and gerger district,IAB21 Real Estate,0.85,scraped,
house type hopper hut,IAB21 Real Estate,0.85,scraped,
house type iris hut,IAB21 Real Estate,0.85,scraped,
house type riverfront,IAB21 Real Estate,0.85,scraped,
house type nissen hut,IAB21 Real Estate,0.85,scraped,
house type palapa,IAB21 Real Estate,0.85,scraped,
house type common room,IAB21 Real Estate,0.85,scraped,
house type den,IAB21 Real Estate,0.85,scraped,
house type dining room,IAB21 Real Estate,0.85,scraped,
house type closet,IAB21 Real Estate,0.85,scraped,
house type ger district,IAB21 Real Estate,0.85,scraped,
house type yaranga,IAB21 Real Estate,0.85,scraped,
house type breezeway,IAB21 Real Estate,0.85,scraped,
house type transhumance,IAB21 Real Estate,0.85,scraped,
house type cabanes du breuil,IAB21 Real Estate,0.85,scraped,
house type circular linhay,IAB21 Real Estate,0.85,scraped,
house type earth sheltering,IAB21 Real Estate,0.85,scraped,
house type shack,IAB21 Real Estate,0.85,scraped,
house type twynham hut,IAB21 Real Estate,0.85,scraped,
house type shed,IAB21 Real Estate,0.85,scraped,
house type stilt house,IAB21 Real Estate,0.85,scraped,
house type tent,IAB21 Real Estate,0.85,scraped,
house type thatching,IAB21 Real Estate,0.85,scraped,
house type tree house,IAB21 Real Estate,0.85,scraped,
house type tipi,IAB21 Real Estate,0.85,scraped,
house type vernacular architecture,IAB21 Real Estate,0.85,scraped,
house type village des bories,IAB21 Real Estate,0.85,scraped,
house type category,IAB21 Real Estate,0.85,scraped,
house type portal,IAB21 Real Estate,0.85,scraped,
house type skellig michael,IAB21 Real Estate,0.85,scraped,
house type bonus room,IAB21 Real Estate,0.85,scraped,
house type slab hut,IAB21 Real Estate,0.85,scraped,
house type quonset hutjamesway hut,IAB21 Real Estate,0.85,scraped,
house type shepherd's hut,IAB21 Real Estate,0.85,scraped,
house type atrium,IAB21 Real Estate,0.85,scraped,
house type conversation pit,IAB21 Real Estate,0.85,scraped,
house type old frisian farmhouse,IAB21 Real Estate,0.85,scraped,
house type harem,IAB21 Real Estate,0.85,scraped,
house type living room,IAB21 Real Estate,0.85,scraped,
house type gynaeceumharem,IAB21 Real Estate,0.85,scraped,
house type andronman cave,IAB21 Real Estate,0.85,scraped,
house type recreation roombilliard room,IAB21 Real Estate,0.85,scraped,
house type shrine,IAB21 Real Estate,0.85,scraped,
house type study,IAB21 Real Estate,0.85,scraped,
house type sunroom,IAB21 Real Estate,0.85,scraped,
house type dirty kitchen,IAB21 Real Estate,0.85,scraped,
house type kitchenette,IAB21 Real Estate,0.85,scraped,
house type man cave,IAB21 Real Estate,0.85,scraped,
house type keeping room,IAB21 Real Estate,0.85,scraped,
house type billiard room,IAB21 Real Estate,0.85,scraped,
house type bathroomtoilet,IAB21 Real Estate,0.85,scraped,
house type bedroom/ guest roomcloset,IAB21 Real Estate,0.85,scraped,
house type bedsit / miniflat,IAB21 Real Estate,0.85,scraped,
house type lavvu,IAB21 Real Estate,0.85,scraped,
house type secret passage,IAB21 Real Estate,0.85,scraped,
house type chum,IAB21 Real Estate,0.85,scraped,
"house type wigwam, wickiup and wetu",IAB21 Real Estate,0.85,scraped,
house type middle german house,IAB21 Real Estate,0.85,scraped,
house type kitchendirty kitchenkitchenette,IAB21 Real Estate,0.85,scraped,
house type home cinema,IAB21 Real Estate,0.85,scraped,
house type cubby-hole,IAB21 Real Estate,0.85,scraped,
house type loft,IAB21 Real Estate,0.85,scraped,
house type deck,IAB21 Real Estate,0.85,scraped,
house type elevatordumbwaiter,IAB21 Real Estate,0.85,scraped,
house type entryway/genkan,IAB21 Real Estate,0.85,scraped,
house type toilet,IAB21 Real Estate,0.85,scraped,
house type fireplacehearth,IAB21 Real Estate,0.85,scraped,
house type hall,IAB21 Real Estate,0.85,scraped,
house type hallway,IAB21 Real Estate,0.85,scraped,
house type inglenook,IAB21 Real Estate,0.85,scraped,
house type lanai,IAB21 Real Estate,0.85,scraped,
house type loggia,IAB21 Real Estate,0.85,scraped,
house type great room,IAB21 Real Estate,0.85,scraped,
house type overhang,IAB21 Real Estate,0.85,scraped,
house type patio,IAB21 Real Estate,0.85,scraped,
house type porchscreenedsleeping,IAB21 Real Estate,0.85,scraped,
house type foyer,IAB21 Real Estate,0.85,scraped,
house type nursery,IAB21 Real Estate,0.85,scraped,
house type cabinet,IAB21 Real Estate,0.85,scraped,
house type boudoir,IAB21 Real Estate,0.85,scraped,
house type family room,IAB21 Real Estate,0.85,scraped,
house type garret,IAB21 Real Estate,0.85,scraped,
house type shopping center(shopping mall),IAB21 Real Estate,0.85,scraped,
architecture eastern european renaissance,IAB21 Real Estate,0.85,scraped,
house type retail park,IAB21 Real Estate,0.85,scraped,
house type studio,IAB21 Real Estate,0.85,scraped,
house type vestibule,IAB21 Real Estate,0.85,scraped,
house type dumbwaiter,IAB21 Real Estate,0.85,scraped,
house type hearth,IAB21 Real Estate,0.85,scraped,
house type screened,IAB21 Real Estate,0.85,scraped,
house type sleeping,IAB21 Real Estate,0.85,scraped,
house type attic,IAB21 Real Estate,0.85,scraped,
house type basement,IAB21 Real Estate,0.85,scraped,
house type root cellar,IAB21 Real Estate,0.85,scraped,
house type carport,IAB21 Real Estate,0.85,scraped,
house type crawl space,IAB21 Real Estate,0.85,scraped,
house type electrical room,IAB21 Real Estate,0.85,scraped,
house type equipment room,IAB21 Real Estate,0.85,scraped,
house type furnace room/boiler room,IAB21 Real Estate,0.85,scraped,
house type garage,IAB21 Real Estate,0.85,scraped,
house type janitorial closet,IAB21 Real Estate,0.85,scraped,
house type larder,IAB21 Real Estate,0.85,scraped,
house type laundry room/utility room/storage room,IAB21 Real Estate,0.85,scraped,
house type mechanical room/floor,IAB21 Real Estate,0.85,scraped,
house type cloakroom,IAB21 Real Estate,0.85,scraped,
house type stylelist,IAB21 Real Estate,0.85,scraped,
house type solar,IAB21 Real Estate,0.85,scraped,
house type veranda,IAB21 Real Estate,0.85,scraped,
architecture shinden-zukuri(heian periodjapan),IAB21 Real Estate,0.85,scraped,
house type pantry,IAB21 Real Estate,0.85,scraped,
house type great chamber,IAB21 Real Estate,0.85,scraped,
house type wine cellar,IAB21 Real Estate,0.85,scraped,
house type wiring closet,IAB21 Real Estate,0.85,scraped,
house type workshop,IAB21 Real Estate,0.85,scraped,
house type antechamber,IAB21 Real Estate,0.85,scraped,
house type ballroom,IAB21 Real Estate,0.85,scraped,
house type kitchen-relatedbutler's pantrybutterysaucerysculleryspicerystill room,IAB21 Real Estate,0.85,scraped,
house type conservatory/orangery,IAB21 Real Estate,0.85,scraped,
house type storm cellar/safe room,IAB21 Real Estate,0.85,scraped,
house type courtyard,IAB21 Real Estate,0.85,scraped,
house type great hall,IAB21 Real Estate,0.85,scraped,
house type semi-basement,IAB21 Real Estate,0.85,scraped,
house type library,IAB21 Real Estate,0.85,scraped,
house type long gallery,IAB21 Real Estate,0.85,scraped,
house type lumber room,IAB21 Real Estate,0.85,scraped,
house type parlour,IAB21 Real Estate,0.85,scraped,
house type sauna,IAB21 Real Estate,0.85,scraped,
house type servants' hall,IAB21 Real Estate,0.85,scraped,
house type servants' quarters,IAB21 Real Estate,0.85,scraped,
house type drawing room,IAB21 Real Estate,0.85,scraped,
house type smoking room,IAB21 Real Estate,0.85,scraped,
house type swimming pool,IAB21 Real Estate,0.85,scraped,
house type bressummer,IAB21 Real Estate,0.85,scraped,
house type ceiling,IAB21 Real Estate,0.85,scraped,
house type duplex,IAB21 Real Estate,0.85,scraped,
house type saucery,IAB21 Real Estate,0.85,scraped,
house type scullery,IAB21 Real Estate,0.85,scraped,
house type spicery,IAB21 Real Estate,0.85,scraped,
house type still room,IAB21 Real Estate,0.85,scraped,
house type furniture,IAB21 Real Estate,0.85,scraped,
house type hidden room,IAB21 Real Estate,0.85,scraped,
house type balconet,IAB21 Real Estate,0.85,scraped,
house type househouse planstylestypes,IAB21 Real Estate,0.85,scraped,
house type secondary suite,IAB21 Real Estate,0.85,scraped,
house type terraced,IAB21 Real Estate,0.85,scraped,
house type undercroft,IAB21 Real Estate,0.85,scraped,
house type detached,IAB21 Real Estate,0.85,scraped,
house type semi-detached,IAB21 Real Estate,0.85,scraped,
house type townhouse,IAB21 Real Estate,0.85,scraped,
house type studio apartment,IAB21 Real Estate,0.85,scraped,
house type house plan,IAB21 Real Estate,0.85,scraped,
house type styles,IAB21 Real Estate,0.85,scraped,
house type multi-family residential,IAB21 Real Estate,0.85,scraped,
architecture songnic architecture,IAB21 Real Estate,0.85,scraped,
architecture edwardian1901–1910 (uk),IAB21 Real Estate,0.85,scraped,
house type buttery,IAB21 Real Estate,0.85,scraped,
house type turret,IAB21 Real Estate,0.85,scraped,
house type chimney,IAB21 Real Estate,0.85,scraped,
house type gateportal,IAB21 Real Estate,0.85,scraped,
house type colonnade/portico,IAB21 Real Estate,0.85,scraped,
house type column,IAB21 Real Estate,0.85,scraped,
house type cornice/eaves,IAB21 Real Estate,0.85,scraped,
house type dome,IAB21 Real Estate,0.85,scraped,
house type door,IAB21 Real Estate,0.85,scraped,
house type ell,IAB21 Real Estate,0.85,scraped,
house type belt course,IAB21 Real Estate,0.85,scraped,
house type floor,IAB21 Real Estate,0.85,scraped,
house type gable,IAB21 Real Estate,0.85,scraped,
house type lighting,IAB21 Real Estate,0.85,scraped,
house type arch,IAB21 Real Estate,0.85,scraped,
house type molding,IAB21 Real Estate,0.85,scraped,
house type ornament,IAB21 Real Estate,0.85,scraped,
house type plumbing,IAB21 Real Estate,0.85,scraped,
house type quoins,IAB21 Real Estate,0.85,scraped,
house type roofshingles,IAB21 Real Estate,0.85,scraped,
house type roof lantern,IAB21 Real Estate,0.85,scraped,
house type foundation,IAB21 Real Estate,0.85,scraped,
house type state room,IAB21 Real Estate,0.85,scraped,
house type baluster,IAB21 Real Estate,0.85,scraped,
house type wardrobe,IAB21 Real Estate,0.85,scraped,
house type sill plate,IAB21 Real Estate,0.85,scraped,
architecture dutch baroquec. 1650–1700,IAB21 Real Estate,0.85,scraped,
house type butler's pantry,IAB21 Real Estate,0.85,scraped,
house type wall,IAB21 Real Estate,0.85,scraped,
house type window,IAB21 Real Estate,0.85,scraped,
house type shingles,IAB21 Real Estate,0.85,scraped,
house type list,IAB21 Real Estate,0.85,scraped,
house type backyard,IAB21 Real Estate,0.85,scraped,
house type driveway,IAB21 Real Estate,0.85,scraped,
house type front yard,IAB21 Real Estate,0.85,scraped,
house type gardenroof garden,IAB21 Real Estate,0.85,scraped,
architecture mycenaean1600–1100 bc (greece),IAB21 Real Estate,0.85,scraped,
house type home improvement,IAB21 Real Estate,0.85,scraped,
house type roof garden,IAB21 Real Estate,0.85,scraped,
house type category: rooms,IAB21 Real Estate,0.85,scraped,
"architecture neolithic10,000–3000 bc",IAB21 Real Estate,0.85,scraped,
architecture mesoamerican,IAB21 Real Estate,0.85,scraped,
architecture mezcala,IAB21 Real Estate,0.85,scraped,
architecture talud-tablero,IAB21 Real Estate,0.85,scraped,
architecture western native americans,IAB21 Real Estate,0.85,scraped,
architecture phoenician3000–500 bc,IAB21 Real Estate,0.85,scraped,
house type transom,IAB21 Real Estate,0.85,scraped,
house type home repair,IAB21 Real Estate,0.85,scraped,
house type vault,IAB21 Real Estate,0.85,scraped,
architecture dravidian architecture,IAB21 Real Estate,0.85,scraped,
architecture minoan3000?+ bc (crete)knossos(crete),IAB21 Real Estate,0.85,scraped,
architecture ancient egyptian3000 bc–373 bc,IAB21 Real Estate,0.85,scraped,
architecture kerala,IAB21 Real Estate,0.85,scraped,
architecture elam,IAB21 Real Estate,0.85,scraped,
architecture ancient persianachaemenidsassanid,IAB21 Real Estate,0.85,scraped,
"architecture iranian, c. 8th century+ (iran)",IAB21 Real Estate,0.85,scraped,
architecture persian garden style(iran)classical style – hayatformal style – meidān (public) orcharbagh(private)casual style – park (public) orbāgh(private)paradise garden,IAB21 Real Estate,0.85,scraped,
architecture achaemenid,IAB21 Real Estate,0.85,scraped,
architecture sassanid,IAB21 Real Estate,0.85,scraped,
architecture classical style – hayat,IAB21 Real Estate,0.85,scraped,
architecture formal style – meidān (public) orcharbagh(private),IAB21 Real Estate,0.85,scraped,
architecture casual style – park (public) orbāgh(private),IAB21 Real Estate,0.85,scraped,
architecture karnataka,IAB21 Real Estate,0.85,scraped,
architecture knossos(crete),IAB21 Real Estate,0.85,scraped,
architecture sumerian5300–2000 bc,IAB21 Real Estate,0.85,scraped,
architecture tamil nadu,IAB21 Real Estate,0.85,scraped,
architecture dravidian architecture(south indian temple style),IAB21 Real Estate,0.85,scraped,
architecture buddhist temple,IAB21 Real Estate,0.85,scraped,
architecture ancient chinese,IAB21 Real Estate,0.85,scraped,
architecture japanese,IAB21 Real Estate,0.85,scraped,
architecture korean,IAB21 Real Estate,0.85,scraped,
architecture harappan(7000–1900 bce),IAB21 Real Estate,0.85,scraped,
architecture paradise garden,IAB21 Real Estate,0.85,scraped,
"architecture flamboyant gothic1400–1500 (spain, france, portugal)",IAB21 Real Estate,0.85,scraped,
architecture ancient greek776–265 bc,IAB21 Real Estate,0.85,scraped,
architecture romanesque1000–1300,IAB21 Real Estate,0.85,scraped,
architecture iberian pre-romanesque,IAB21 Real Estate,0.85,scraped,
architecture classical600 bc–323 ad,IAB21 Real Estate,0.85,scraped,
architecture herodian37–4 bc (judea),IAB21 Real Estate,0.85,scraped,
architecture early christian100–500,IAB21 Real Estate,0.85,scraped,
architecture byzantine527–1520,IAB21 Real Estate,0.85,scraped,
architecture latin armenian4th–16th centuries,IAB21 Real Estate,0.85,scraped,
architecture anglo-saxon450s–1066 (england),IAB21 Real Estate,0.85,scraped,
architecture bulgarianfrom 681first bulgarian empire681–1018,IAB21 Real Estate,0.85,scraped,
architecture morava school(serbian principalities/bulgaria),IAB21 Real Estate,0.85,scraped,
architecture repoblación880s–11th century (spain),IAB21 Real Estate,0.85,scraped,
"architecture merovingian5th–8th centuries (france, germany, italy and neighbouring locations)",IAB21 Real Estate,0.85,scraped,
architecture roman753 bc–663 ad,IAB21 Real Estate,0.85,scraped,
architecture visigothic5th–8th centuries (spain and portugal),IAB21 Real Estate,0.85,scraped,
"architecture asturian711–910 (north spain, north portugal)",IAB21 Real Estate,0.85,scraped,
"architecture carolingian780s–9th century (mostly france, germany)",IAB21 Real Estate,0.85,scraped,
architecture medieval,IAB21 Real Estate,0.85,scraped,
architecture latebyzantine architecturebefore 1520 (see above)kievan rus' architecture988–1237tarnovo artistic school12th–14th century (bulgaria)rashka school12th–15th centuries (serbian principalities)morava school(serbian principalities/bulgaria),IAB21 Real Estate,0.85,scraped,
architecture kievan rus' architecture988–1237,IAB21 Real Estate,0.85,scraped,
architecture tarnovo artistic school12th–14th century (bulgaria),IAB21 Real Estate,0.85,scraped,
architecture first bulgarian empire681–1018,IAB21 Real Estate,0.85,scraped,
house type skylight,IAB21 Real Estate,0.85,scraped,
architecture etruscan700–200 bc,IAB21 Real Estate,0.85,scraped,
architecture rashka school12th–15th centuries (serbian principalities),IAB21 Real Estate,0.85,scraped,
"architecture norman1074–1250 (normandy, uk, ireland, south italy and sicily)",IAB21 Real Estate,0.85,scraped,
architecture perpendicular periodc. 1350–c. 1550,IAB21 Real Estate,0.85,scraped,
"architecture norman–arab–byzantine1071–1200 (sicily, malta, south italy)",IAB21 Real Estate,0.85,scraped,
"architecture (including ""lombard romanesque"" in italy)",IAB21 Real Estate,0.85,scraped,
"architecture stave churches, oldest 845(d) in england, in norway one 11th century, several 12th century, some with romanesque elements",IAB21 Real Estate,0.85,scraped,
"architecture timber frame styles, mostly gothic or later (uk, france, germany, the netherlands)",IAB21 Real Estate,0.85,scraped,
architecture gothic,IAB21 Real Estate,0.85,scraped,
architecture angevin gothic or plantagenet stylesince 1148 (western france),IAB21 Real Estate,0.85,scraped,
architecture early english periodc. 1190–c. 1250,IAB21 Real Estate,0.85,scraped,
"architecture first romanesque1000–? (france, italy, spain)(including ""lombard romanesque"" in italy)",IAB21 Real Estate,0.85,scraped,
architecture gotico angioianosince 1266 (southern italy),IAB21 Real Estate,0.85,scraped,
"architecture rayonnant gothic1240–c. 1350 (france, germany, central europe)",IAB21 Real Estate,0.85,scraped,
architecture pre-romanesque (see above),IAB21 Real Estate,0.85,scraped,
architecture venetian gothic14th–15th centuries (venice in italy),IAB21 Real Estate,0.85,scraped,
"architecture brick gothicmid 13th to 16th century (germany, netherlands, flanders, poland, northern europe)",IAB21 Real Estate,0.85,scraped,
architecture brabantine gothic(belgium and netherlands) 14th century,IAB21 Real Estate,0.85,scraped,
house type threshold,IAB21 Real Estate,0.85,scraped,
architecture manueline1495–1521 (portugal and colonies),IAB21 Real Estate,0.85,scraped,
architecture isabelline gothic1474–1505 (reign) (spain),IAB21 Real Estate,0.85,scraped,
"architecture plateresque1490–1560 (spain & colonies, bridging gothic and renaissance styles)",IAB21 Real Estate,0.85,scraped,
architecture decorated periodc. 1290–c. 1350,IAB21 Real Estate,0.85,scraped,
architecture tamil nadu(early tamil sangam era),IAB21 Real Estate,0.85,scraped,
architecture bengalese,IAB21 Real Estate,0.85,scraped,
architecture sicilian baroque1693 earthquake – c. 1745,IAB21 Real Estate,0.85,scraped,
house type power center,IAB21 Real Estate,0.85,scraped,
architecture abbasid architecture– based in baghdad (c. 750–1256),IAB21 Real Estate,0.85,scraped,
"architecture badami chalukyaor ""deccan architecture"" (450–700ce)",IAB21 Real Estate,0.85,scraped,
architecture rashtrakuta750–983 (central and south india),IAB21 Real Estate,0.85,scraped,
architecture western chalukyaor gadag (1050-1200ce),IAB21 Real Estate,0.85,scraped,
architecture hoysala(900–1300ce),IAB21 Real Estate,0.85,scraped,
architecture vijayanagara1336–1565 (south india),IAB21 Real Estate,0.85,scraped,
architecture central styles (multi-regional)prophetic era – based in medina (c. 620–630)rashidunperiod – based in medina (c. 630–660)umayyad architecture– based in damascus (c. 660–750)abbasid architecture– based in baghdad (c. 750–1256)mamluk architecture– based in cairo (c. 1256–1517)ottoman architecture– based in istanbul (c. 1517–1918),IAB21 Real Estate,0.85,scraped,
architecture mauryan(321–185 bc),IAB21 Real Estate,0.85,scraped,
architecture hemadpanthi(1200–1270 ce) (maharashtra),IAB21 Real Estate,0.85,scraped,
architecture sikh architecture,IAB21 Real Estate,0.85,scraped,
architecture bengal temple architecture: 1400 to presentnagara stylemāru-gurjara architecture900 to present (rajasthan and gujarat)vesara style(dravidian fusion styles)badami chalukya architecture,IAB21 Real Estate,0.85,scraped,
architecture rekha deula,IAB21 Real Estate,0.85,scraped,
architecture pidha deula,IAB21 Real Estate,0.85,scraped,
architecture khakhara deula,IAB21 Real Estate,0.85,scraped,
architecture nagara style,IAB21 Real Estate,0.85,scraped,
architecture māru-gurjara architecture900 to present (rajasthan and gujarat),IAB21 Real Estate,0.85,scraped,
architecture vesara style(dravidian fusion styles),IAB21 Real Estate,0.85,scraped,
architecture kalinga architecture( present day orissa and andhra pradesh)rekha deulapidha deulakhakhara deula,IAB21 Real Estate,0.85,scraped,
"architecture ottoman architecture(1550–1830, near and middle maghreb)",IAB21 Real Estate,0.85,scraped,
"architecture local styles under local dynasties (1549–present, far maghreb)",IAB21 Real Estate,0.85,scraped,
"architecture ziridarchitecture (1048–1148, middle maghreb)",IAB21 Real Estate,0.85,scraped,
architecture aztec(ca. 14th century – 1521),IAB21 Real Estate,0.85,scraped,
architecture myanmar architecture,IAB21 Real Estate,0.85,scraped,
architecture indonesian,IAB21 Real Estate,0.85,scraped,
architecture khmer,IAB21 Real Estate,0.85,scraped,
architecture fatimid architecture(954–1170),IAB21 Real Estate,0.85,scraped,
architecture ottoman architecture– based in istanbul (c. 1517–1918),IAB21 Real Estate,0.85,scraped,
architecture egypt incl. empires ruled from egyptearlyislamic architecture(rashidun+umayyad) (641–750)abbasid architecture(750–954)fatimid architecture(954–1170)ayyubidarchitecture (1174–1250); category seeheremamluk architecture(1254–1517)ottoman architecture(1517–1820),IAB21 Real Estate,0.85,scraped,
"architecture north africa (maghrib)umayyad architecture (705–750)abbasid architecture (750–909)fatimid architecture (909–1048)amazigharchitecture (1048–1550)ziridarchitecture (1048–1148, middle maghreb)almoravid architecture (1040–1147, far maghreb)almohad architecture(1121–1269, far maghreb)hafsids1229–1574 (near and middle maghreb)marinids(1244–1465, middle and far maghreb)zayyanids(1235–1550, middle maghreb)ottoman architecture(1550–1830, near and middle maghreb)local styles under local dynasties (1549–present, far maghreb)",IAB21 Real Estate,0.85,scraped,
"architecture islamic spainumayyad architecture (756–1031)taifa kingdoms-1 (1031–1090)almoravid architecture (1090–1147)taifa kingdoms-2 (1140–1203)almohad architecture(1147–1238),taifa kingdoms-3 (1232–1492)granada architecture (1287–1492)",IAB21 Real Estate,0.85,scraped,
architecture persia and central asiakhurasani architecture (late 7th–10th century)razi style (10th–13th century)samanidarchitecture (10th c.)ghaznawidarchitecture (11th c.)seljukarchitecture (11th–12th c.)mongol-period architecture (13th c.)timuridstyle (14th–16th c.)isfahanistyle (17th–19th c.),IAB21 Real Estate,0.85,scraped,
architecture prophetic era – based in medina (c. 620–630),IAB21 Real Estate,0.85,scraped,
architecture islamic-influenced architecture insouth asiaindo-islamic architecture(1204–1857)mughal architecture(1526–1707),IAB21 Real Estate,0.85,scraped,
architecture earlyislamic architecture(rashidun+umayyad) (641–750),IAB21 Real Estate,0.85,scraped,
architecture abbasid architecture(750–954),IAB21 Real Estate,0.85,scraped,
architecture ayyubidarchitecture (1174–1250); category seehere,IAB21 Real Estate,0.85,scraped,
architecture pakistani,IAB21 Real Estate,0.85,scraped,
architecture mamluk architecture(1254–1517),IAB21 Real Estate,0.85,scraped,
architecture ottoman architecture(1517–1820),IAB21 Real Estate,0.85,scraped,
architecture umayyad architecture (705–750),IAB21 Real Estate,0.85,scraped,
architecture abbasid architecture (750–909),IAB21 Real Estate,0.85,scraped,
architecture fatimid architecture (909–1048),IAB21 Real Estate,0.85,scraped,
architecture turkeyanatolian seljuk architecture(1071–1299)ottoman architecture(1299–1922)first national architectural movement(1908–1940),IAB21 Real Estate,0.85,scraped,
"architecture amazigharchitecture (1048–1550)ziridarchitecture (1048–1148, middle maghreb)almoravid architecture (1040–1147, far maghreb)almohad architecture(1121–1269, far maghreb)hafsids1229–1574 (near and middle maghreb)marinids(1244–1465, middle and far maghreb)zayyanids(1235–1550, middle maghreb)",IAB21 Real Estate,0.85,scraped,
"architecture regional stylesegypt incl. empires ruled from egyptearlyislamic architecture(rashidun+umayyad) (641–750)abbasid architecture(750–954)fatimid architecture(954–1170)ayyubidarchitecture (1174–1250); category seeheremamluk architecture(1254–1517)ottoman architecture(1517–1820)north africa (maghrib)umayyad architecture (705–750)abbasid architecture (750–909)fatimid architecture (909–1048)amazigharchitecture (1048–1550)ziridarchitecture (1048–1148, middle maghreb)almoravid architecture (1040–1147, far maghreb)almohad architecture(1121–1269, far maghreb)hafsids1229–1574 (near and middle maghreb)marinids(1244–1465, middle and far maghreb)zayyanids(1235–1550, middle maghreb)ottoman architecture(1550–1830, near and middle maghreb)local styles under local dynasties (1549–present, far maghreb)islamic spainumayyad architecture (756–1031)taifa kingdoms-1 (1031–1090)almoravid architecture (1090–1147)taifa kingdoms-2 (1140–1203)almohad architecture(1147–1238),taifa kingdoms-3 (1232–1492)granada architecture (1287–1492)persia and central asiakhurasani architecture (late 7th–10th century)razi style (10th–13th century)samanidarchitecture (10th c.)ghaznawidarchitecture (11th c.)seljukarchitecture (11th–12th c.)mongol-period architecture (13th c.)timuridstyle (14th–16th c.)isfahanistyle (17th–19th c.)islamic-influenced architecture insouth asiaindo-islamic architecture(1204–1857)mughal architecture(1526–1707)turkeyanatolian seljuk architecture(1071–1299)ottoman architecture(1299–1922)first national architectural movement(1908–1940)",IAB21 Real Estate,0.85,scraped,
architecture badami chalukya architecture,IAB21 Real Estate,0.85,scraped,
architecture maya,IAB21 Real Estate,0.85,scraped,
architecture pueblo,IAB21 Real Estate,0.85,scraped,
architecture puuc,IAB21 Real Estate,0.85,scraped,
architecture timuridstyle (14th–16th c.),IAB21 Real Estate,0.85,scraped,
architecture umayyad architecture (756–1031),IAB21 Real Estate,0.85,scraped,
architecture taifa kingdoms-1 (1031–1090),IAB21 Real Estate,0.85,scraped,
architecture almoravid architecture (1090–1147),IAB21 Real Estate,0.85,scraped,
architecture taifa kingdoms-2 (1140–1203),IAB21 Real Estate,0.85,scraped,
"architecture almohad architecture(1147–1238),",IAB21 Real Estate,0.85,scraped,
architecture taifa kingdoms-3 (1232–1492)granada architecture (1287–1492),IAB21 Real Estate,0.85,scraped,
architecture granada architecture (1287–1492),IAB21 Real Estate,0.85,scraped,
architecture khurasani architecture (late 7th–10th century),IAB21 Real Estate,0.85,scraped,
architecture razi style (10th–13th century)samanidarchitecture (10th c.)ghaznawidarchitecture (11th c.)seljukarchitecture (11th–12th c.)mongol-period architecture (13th c.),IAB21 Real Estate,0.85,scraped,
architecture isfahanistyle (17th–19th c.),IAB21 Real Estate,0.85,scraped,
"architecture marinids(1244–1465, middle and far maghreb)",IAB21 Real Estate,0.85,scraped,
architecture samanidarchitecture (10th c.),IAB21 Real Estate,0.85,scraped,
architecture ghaznawidarchitecture (11th c.),IAB21 Real Estate,0.85,scraped,
architecture seljukarchitecture (11th–12th c.),IAB21 Real Estate,0.85,scraped,
architecture mongol-period architecture (13th c.),IAB21 Real Estate,0.85,scraped,
architecture indo-islamic architecture(1204–1857)mughal architecture(1526–1707),IAB21 Real Estate,0.85,scraped,
architecture hanok,IAB21 Real Estate,0.85,scraped,
house type stairs/staircase,IAB21 Real Estate,0.85,scraped,
"house type spite house, which may or may not be attached to other structures",IAB21 Real Estate,0.85,scraped,
house type ramp,IAB21 Real Estate,0.85,scraped,
"architecture zayyanids(1235–1550, middle maghreb)",IAB21 Real Estate,0.85,scraped,
architecture hafsids1229–1574 (near and middle maghreb),IAB21 Real Estate,0.85,scraped,
architecture renaissancecentral european renaissancepolish renaissancefrench renaissanceeastern european renaissance,IAB21 Real Estate,0.85,scraped,
architecture henry ii1530–1590,IAB21 Real Estate,0.85,scraped,
"architecture palladian1516–1580 (venezia, italy; revived in uk)",IAB21 Real Estate,0.85,scraped,
architecture mannerism1520–1600polish mannerism1550–1650,IAB21 Real Estate,0.85,scraped,
architecture brâncovenesc stylelate 17th and early 18th centuries,IAB21 Real Estate,0.85,scraped,
architecture eastern orthodox church1400?+ (southeast and eastern europe),IAB21 Real Estate,0.85,scraped,
architecture first national architectural movement(1908–1940),IAB21 Real Estate,0.85,scraped,
architecture central european renaissancepolish renaissance,IAB21 Real Estate,0.85,scraped,
real estate community property,IAB21 Real Estate,0.85,scraped,
architecture polish renaissance,IAB21 Real Estate,0.85,scraped,
architecture polish mannerism1550–1650,IAB21 Real Estate,0.85,scraped,
architecture louis xiii1601–1643,IAB21 Real Estate,0.85,scraped,
"architecture almohad architecture(1121–1269, far maghreb)",IAB21 Real Estate,0.85,scraped,
architecture tudor1485–1603,IAB21 Real Estate,0.85,scraped,
architecture elizabethan1480–1620?,IAB21 Real Estate,0.85,scraped,
architecture jacobean1580–1660,IAB21 Real Estate,0.85,scraped,
architecture asturian pre-romanesque711 - 910 (kingdom of asturias),IAB21 Real Estate,0.85,scraped,
architecture french renaissance,IAB21 Real Estate,0.85,scraped,
architecture ottoman architecture(1299–1922),IAB21 Real Estate,0.85,scraped,
architecture anatolian seljuk architecture(1071–1299),IAB21 Real Estate,0.85,scraped,
architecture mughal architecture(1526–1707),IAB21 Real Estate,0.85,scraped,
"architecture almoravid architecture (1040–1147, far maghreb)",IAB21 Real Estate,0.85,scraped,
architecture mamluk architecture– based in cairo (c. 1256–1517),IAB21 Real Estate,0.85,scraped,
architecture umayyad architecture– based in damascus (c. 660–750),IAB21 Real Estate,0.85,scraped,
architecture portuguese joanine baroquec. 1700–1750,IAB21 Real Estate,0.85,scraped,
architecture rashidunperiod – based in medina (c. 630–660),IAB21 Real Estate,0.85,scraped,
architecture portuguese plain style1580–1640 (portugal and colonies),IAB21 Real Estate,0.85,scraped,
"architecture portuguese colonialc. 1480–1820 (brazil, india, macao, africa, east timor)",IAB21 Real Estate,0.85,scraped,
"architecture spanish colonial1520s – c. 1820s (new world, east indies, other colonies)",IAB21 Real Estate,0.85,scraped,
"architecture cape dutch1652–1802 (cape colony, south africa)",IAB21 Real Estate,0.85,scraped,
architecture netherlands indies1609–1949old indies18th century-19th centuryindies empiremid-18th century–late 19th centurynew indieslate 19th century–20th century (mixed architecture),IAB21 Real Estate,0.85,scraped,
architecture dutch colonial1615–1674 (treaty of westminster) (new england),IAB21 Real Estate,0.85,scraped,
architecture maltese baroquec. 1635–1798,IAB21 Real Estate,0.85,scraped,
architecture chilotan1600+ (chiloé and southern chile),IAB21 Real Estate,0.85,scraped,
"architecture architecture of the california missions1769–1823, (california, us)",IAB21 Real Estate,0.85,scraped,
architecture french colonial,IAB21 Real Estate,0.85,scraped,
architecture colonial georgian architecture,IAB21 Real Estate,0.85,scraped,
architecture old indies18th century-19th century,IAB21 Real Estate,0.85,scraped,
architecture indies empiremid-18th century–late 19th century,IAB21 Real Estate,0.85,scraped,
architecture new indieslate 19th century–20th century (mixed architecture),IAB21 Real Estate,0.85,scraped,
"architecture andean baroque, 1680–1780 (viceroyalty of peru)",IAB21 Real Estate,0.85,scraped,
"architecture baroquec. 1600–1750 (europe, the americas)",IAB21 Real Estate,0.85,scraped,
architecture english baroque1666 (great fire) – 1713 (treaty of utrecht),IAB21 Real Estate,0.85,scraped,
architecture first period1625–1725 pre-american vernacular,IAB21 Real Estate,0.85,scraped,
"architecture herrerian1550–1650 (spain and colonies, primarily in castille and the surroundings of madrid)",IAB21 Real Estate,0.85,scraped,
architecture akbari,IAB21 Real Estate,0.85,scraped,
architecture neoclassicalc. 1715–1820,IAB21 Real Estate,0.85,scraped,
architecture portuguese renaissance,IAB21 Real Estate,0.85,scraped,
"architecture modernisme1880s - 1910s (primarily catalonia, but also in valencian community, majorca island and melilla)",IAB21 Real Estate,0.85,scraped,
"architecture barroque churrigueresque17th – 1750 (hispanic countries, primarily in spain and mexico)",IAB21 Real Estate,0.85,scraped,
architecture sukiya-zukuri(1530s–present),IAB21 Real Estate,0.85,scraped,
"architecture russian baroque(c. 1680–1750)naryshkin baroquec. 1690–1720 (moscow, russian empire)petrine baroquec. 1700–1745 (saint petersburg, russian empire)elizabethan baroque1736–1762 (russian empire)",IAB21 Real Estate,0.85,scraped,
architecture ukrainian baroquelate 17th–18th centuries (ukrainian lands),IAB21 Real Estate,0.85,scraped,
"architecture rocococ. 1720–1789 (france, germany, austria, italy, russia, spain)",IAB21 Real Estate,0.85,scraped,
"architecture churrigueresque, 1660s–1750s (spain & new world), revival 1915+ (southwest us, hawaii)",IAB21 Real Estate,0.85,scraped,
"architecture earthquake baroque, 17th–18th centuries (philippines)",IAB21 Real Estate,0.85,scraped,
"architecture naryshkin baroquec. 1690–1720 (moscow, russian empire)",IAB21 Real Estate,0.85,scraped,
architecture french baroquec. 1650–1789,IAB21 Real Estate,0.85,scraped,
"architecture petrine baroquec. 1700–1745 (saint petersburg, russian empire)",IAB21 Real Estate,0.85,scraped,
architecture shoin-zukuri(1560s–1860s),IAB21 Real Estate,0.85,scraped,
architecture minka(japanese commoner or folk architecture)gassho-zukuri (edo periodand later)honmune-zukuri (edo periodand later),IAB21 Real Estate,0.85,scraped,
"architecture spanish baroquec. 1600–1760churrigueresque, 1660s–1750s (spain & new world), revival 1915+ (southwest us, hawaii)earthquake baroque, 17th–18th centuries (philippines)",IAB21 Real Estate,0.85,scraped,
architecture imperial crown style(1919–1945),IAB21 Real Estate,0.85,scraped,
architecture giyōfū architecture(1800s),IAB21 Real Estate,0.85,scraped,
architecture gassho-zukuri (edo periodand later),IAB21 Real Estate,0.85,scraped,
architecture honmune-zukuri (edo periodand later),IAB21 Real Estate,0.85,scraped,
architecture indo-islamic,IAB21 Real Estate,0.85,scraped,
"architecture mughal1540- 1860 ce (present day india, pakistan, bangladesh)akbarimughal garden style",IAB21 Real Estate,0.85,scraped,
architecture elizabethan baroque1736–1762 (russian empire),IAB21 Real Estate,0.85,scraped,
architecture sharqiaka janpur style,IAB21 Real Estate,0.85,scraped,
"architecture new spanish baroque, mid-17th-early-18th centuries (new spain)",IAB21 Real Estate,0.85,scraped,
architecture victorian1837–1901 (uk)see alsosan francisco architecture,IAB21 Real Estate,0.85,scraped,
architecture see alsosan francisco architecture,IAB21 Real Estate,0.85,scraped,
"architecture gothic revival1740s+ (uk, us, europe)scots baronial(uk)",IAB21 Real Estate,0.85,scraped,
"architecture nordic classicism1910–30 (norway, sweden, denmark & finland)",IAB21 Real Estate,0.85,scraped,
architecture josephinischer stil1760–1780/90 (austria),IAB21 Real Estate,0.85,scraped,
"architecture adam style1760–1795 (england, scotland, russia, us)",IAB21 Real Estate,0.85,scraped,
architecture federal1780–1830 (us),IAB21 Real Estate,0.85,scraped,
"architecture empire1804–1830, revival 1870 (europe, us)",IAB21 Real Estate,0.85,scraped,
architecture regency1811–1830 (uk),IAB21 Real Estate,0.85,scraped,
"architecture neo-grec1845–65 (uk, us, france)",IAB21 Real Estate,0.85,scraped,
architecture antebellum1812–1861 (southern united states),IAB21 Real Estate,0.85,scraped,
architecture neo-palladianjeffersonian1790s–1830s (virginia in us)american empire1810,IAB21 Real Estate,0.85,scraped,
"architecture greek revival architecturerundbogenstil1835–1900 (germany)neo-grec1845–65 (uk, us, france)",IAB21 Real Estate,0.85,scraped,
architecture polish neoclassicism(poland),IAB21 Real Estate,0.85,scraped,
architecture american colonial1720–1780s (us),IAB21 Real Estate,0.85,scraped,
architecture new classical architecture20th/21st century (global),IAB21 Real Estate,0.85,scraped,
architecture temple1832+ (global),IAB21 Real Estate,0.85,scraped,
architecture jamaican georgian architecturec. 1750 – c. 1850 (jamaica),IAB21 Real Estate,0.85,scraped,
architecture jeffersonian1790s–1830s (virginia in us),IAB21 Real Estate,0.85,scraped,
architecture american empire1810,IAB21 Real Estate,0.85,scraped,
"architecture palazzo style1814–1930? (europe, australia, us)",IAB21 Real Estate,0.85,scraped,
"architecture plateresquecontinued from spanish gothic – 1560 (spain and colonies, low countries)",IAB21 Real Estate,0.85,scraped,
architecture spanish renaissance15th and 16th centuries,IAB21 Real Estate,0.85,scraped,
architecture mudéjar art13th and 16th centuries,IAB21 Real Estate,0.85,scraped,
architecture pombaline style1755 – c. 1860 (lisbon in portugal),IAB21 Real Estate,0.85,scraped,
"architecture georgian1720–1840s (uk, us)jamaican georgian architecturec. 1750 – c. 1850 (jamaica)",IAB21 Real Estate,0.85,scraped,
"architecture italianate1802–1890 (uk, europe, us)",IAB21 Real Estate,0.85,scraped,
"architecture queen anne style1870–1910s (uk, us)",IAB21 Real Estate,0.85,scraped,
"architecture egyptian revival1809–1820s, 1840s, 1920s (europe, us)",IAB21 Real Estate,0.85,scraped,
architecture biedermeier1815–1848 (central europe),IAB21 Real Estate,0.85,scraped,
"architecture russian revival1826–1917 (russian empire, germany, middle asia)",IAB21 Real Estate,0.85,scraped,
"architecture russo-byzantine style1861–1917 (russian empire, balkans)",IAB21 Real Estate,0.85,scraped,
architecture russian neoclassical revival1900–1920 (russian empire),IAB21 Real Estate,0.85,scraped,
architecture resort architecture(germany),IAB21 Real Estate,0.85,scraped,
architecture scots baronial(uk),IAB21 Real Estate,0.85,scraped,
architecture baroque revivalaka neo-baroque 1840?-bristol byzantine1850–1880edwardian baroque1901–1922 (uk & british empire),IAB21 Real Estate,0.85,scraped,
"architecture second empire1855–1880 (france, uk, us, canada, australia)napoleon iii style1852–1870 (paris, france)",IAB21 Real Estate,0.85,scraped,
architecture romanian revival1884-1940s (romania),IAB21 Real Estate,0.85,scraped,
architecture beaux-arts1670+ (france) and 1880 (us),IAB21 Real Estate,0.85,scraped,
architecture timber frame revivalsin various styles (europe),IAB21 Real Estate,0.85,scraped,
architecture black-and-white revival1811+ (uk especially chester),IAB21 Real Estate,0.85,scraped,
architecture jacobethan1830–1870 (uk),IAB21 Real Estate,0.85,scraped,
house type terrace,IAB21 Real Estate,0.85,scraped,
architecture tudorbethanaka mock tudor 1835–1885+ (uk),IAB21 Real Estate,0.85,scraped,
architecture renaissance revival1840–1890 (uk)timber frame revivalsin various styles (europe)black-and-white revival1811+ (uk especially chester)jacobethan1830–1870 (uk)tudorbethanaka mock tudor 1835–1885+ (uk),IAB21 Real Estate,0.85,scraped,
architecture mughal garden style,IAB21 Real Estate,0.85,scraped,
architecture revivalism,IAB21 Real Estate,0.85,scraped,
architecture rundbogenstil1835–1900 (germany),IAB21 Real Estate,0.85,scraped,
real estate personal property,IAB21 Real Estate,0.85,scraped,
house type balcony,IAB21 Real Estate,0.85,scraped,
real estate real property,IAB21 Real Estate,0.85,scraped,
"architecture châteauesque1887–1930s (canada, us, hungary)canadian chateau1880s–1920s (canada)",IAB21 Real Estate,0.85,scraped,
architecture mayan revival1920–1930s (us),IAB21 Real Estate,0.85,scraped,
"architecture indo-saracenic revivalor indo-gothic, mughal-gothic, neo-mughal  late 19th century (also influenced by british india, british raj)",IAB21 Real Estate,0.85,scraped,
architecture romanesque revival1840–1930s (us),IAB21 Real Estate,0.85,scraped,
"architecture gothic revival(see above)carpenter gothic1870+ (us)high victorian gothic(english-speaking world)collegiate gothic, 1910–1960 (us)",IAB21 Real Estate,0.85,scraped,
architecture stick style1860–1890+ (us),IAB21 Real Estate,0.85,scraped,
architecture queen anne style architecture (united states)1880–1910s (us)eastlake style1879–1905 (us),IAB21 Real Estate,0.85,scraped,
architecture high victorian gothic(english-speaking world),IAB21 Real Estate,0.85,scraped,
architecture richardsonian romanesque1880s–1905 (us),IAB21 Real Estate,0.85,scraped,
architecture neo-byzantine1882–1920s (us),IAB21 Real Estate,0.85,scraped,
"architecture renaissance revivalamerican renaissancechâteauesque1887–1930s (canada, us, hungary)canadian chateau1880s–1920s (canada)mediterranean revival1890s+ (us, latin america, europe)",IAB21 Real Estate,0.85,scraped,
"architecture mission revival1894–1936; (california, southwest us)pueblo revival1898–1930+ (southwest us)",IAB21 Real Estate,0.85,scraped,
architecture colonial revival1890s+,IAB21 Real Estate,0.85,scraped,
architecture dutch colonial revivalc. 1900 (new england),IAB21 Real Estate,0.85,scraped,
"architecture spanish colonial revival1915+ (mexico, california, hawaii, florida, southwest us)",IAB21 Real Estate,0.85,scraped,
"architecture beaux-arts revival1880+ (us, canada), 1920+ (australia)",IAB21 Real Estate,0.85,scraped,
architecture city beautiful1890–20th century (us),IAB21 Real Estate,0.85,scraped,
architecture territorial revival architecture1930+,IAB21 Real Estate,0.85,scraped,
architecture shingle style1879–1905,IAB21 Real Estate,0.85,scraped,
"architecture national romantic style1900–1923? (norway, sweden, denmark and finland)",IAB21 Real Estate,0.85,scraped,
architecture modernisme1888–1911 (catalan art nouveau),IAB21 Real Estate,0.85,scraped,
"architecture glasgow style1890–1910 (glasgow, scotland)",IAB21 Real Estate,0.85,scraped,
"architecture egyptian revival1920s (europe, us; see above)",IAB21 Real Estate,0.85,scraped,
"architecture moorish revival(us, europe)",IAB21 Real Estate,0.85,scraped,
"architecture neo-mudéjar1880s–1920s (spain, portugal, bosnia, california)",IAB21 Real Estate,0.85,scraped,
architecture queenslander1840s–1960s (australian),IAB21 Real Estate,0.85,scraped,
architecture canadian chateau1880s–1920s (canada),IAB21 Real Estate,0.85,scraped,
architecture pueblo revival1898–1930+ (southwest us),IAB21 Real Estate,0.85,scraped,
architecture australian stylesqueenslander1840s–1960s (australian)federation1890–1920 (australian),IAB21 Real Estate,0.85,scraped,
"architecture heimatstil1870–1900 (austria, germany, switzerland",IAB21 Real Estate,0.85,scraped,
"architecture neoclásico isabelino1843–1897 (ponce, puerto rico)",IAB21 Real Estate,0.85,scraped,
"architecture neo-manueline1840s–1910s (portugal, brazil, portuguese colonies)",IAB21 Real Estate,0.85,scraped,
architecture eastlake style1879–1905 (us),IAB21 Real Estate,0.85,scraped,
architecture dragestil1880s–1910s (norway),IAB21 Real Estate,0.85,scraped,
"architecture neo-plateresque and monterrey style19th-early 20th centuries (spain, mexico)",IAB21 Real Estate,0.85,scraped,
architecture federation1890–1920 (australian),IAB21 Real Estate,0.85,scraped,
architecture carpenter gothic1870+ (us),IAB21 Real Estate,0.85,scraped,
"architecture swiss chalet style1840s–1920s+ (scandinavia, austria, germany, later global)",IAB21 Real Estate,0.85,scraped,
"architecture adirondack1850s (new york, us)",IAB21 Real Estate,0.85,scraped,
architecture national park service rusticaka parkitecture 1903+ (us),IAB21 Real Estate,0.85,scraped,
architecture western false front(western united states),IAB21 Real Estate,0.85,scraped,
"architecture industrial, 1760–present (worldwide)",IAB21 Real Estate,0.85,scraped,
architecture arts and crafts1880–1910 (uk),IAB21 Real Estate,0.85,scraped,
architecture palazzo style architecture,IAB21 Real Estate,0.85,scraped,
"architecture art nouveauaka jugendstil 1885–1910modernisme1888–1911 (catalan art nouveau)glasgow style1890–1910 (glasgow, scotland)vienna secession1897–1905 (austrian art nouveau)liberty style1899-1914 (italian art nouveau)",IAB21 Real Estate,0.85,scraped,
"architecture collegiate gothic, 1910–1960 (us)",IAB21 Real Estate,0.85,scraped,
architecture constructivism1925–1932 (ussr),IAB21 Real Estate,0.85,scraped,
architecture postconstructivism1932–1941 (ussr),IAB21 Real Estate,0.85,scraped,
architecture stalinist1933–1955 (ussr),IAB21 Real Estate,0.85,scraped,
"architecture bauhaus1919–1930+ (germany, northern europe)",IAB21 Real Estate,0.85,scraped,
architecture american foursquaremid-1890s – late 1930s (us),IAB21 Real Estate,0.85,scraped,
"architecture california bungalow1910–1939 (us, australia, then global)",IAB21 Real Estate,0.85,scraped,
architecture avant-garderussian avant-garde1890–1930 (russian empire/soviet union)futurism1909 (europe),IAB21 Real Estate,0.85,scraped,
"architecture chicago school1880–1920, 1940s–1960s (us)",IAB21 Real Estate,0.85,scraped,
"architecture functionalismc. 1900 – 1930s (europe, us)",IAB21 Real Estate,0.85,scraped,
architecture expressionism1910 – c. 1924brick expressionismamsterdam school1912–1924 (netherlands),IAB21 Real Estate,0.85,scraped,
"architecture organic architecture(germany, northern europe)",IAB21 Real Estate,0.85,scraped,
"architecture new objectivity1920–1939 (italy, germany, netherlands, budapest)",IAB21 Real Estate,0.85,scraped,
architecture rationalism1920s–1930s (italy),IAB21 Real Estate,0.85,scraped,
"architecture de stijl1920s (netherlands, europe)",IAB21 Real Estate,0.85,scraped,
"architecture american craftsman, aka american arts and crafts 1890s–1930 (us)",IAB21 Real Estate,0.85,scraped,
"architecture moderne1925+ (global)art deco1925–1940s (global,list)streamline moderne1930–1937",IAB21 Real Estate,0.85,scraped,
architecture modernism1927–1960s,IAB21 Real Estate,0.85,scraped,
real estate unowned property,IAB21 Real Estate,0.85,scraped,
architecture usonian1936–1940s (us),IAB21 Real Estate,0.85,scraped,
architecture russian avant-garde1890–1930 (russian empire/soviet union),IAB21 Real Estate,0.85,scraped,
architecture futurism1909 (europe),IAB21 Real Estate,0.85,scraped,
"architecture traditionalist school1910–1960 (netherlands, northern europe)",IAB21 Real Estate,0.85,scraped,
architecture pergola,IAB21 Real Estate,0.85,scraped,
architecture kapar,IAB21 Real Estate,0.85,scraped,
architecture prairie style1900–1917 (us),IAB21 Real Estate,0.85,scraped,
architecture liberty style1899-1914 (italian art nouveau),IAB21 Real Estate,0.85,scraped,
architecture fascist architecture,IAB21 Real Estate,0.85,scraped,
architecture danish functionalism1960s (denmark),IAB21 Real Estate,0.85,scraped,
architecture nazi1933–1944 (germany),IAB21 Real Estate,0.85,scraped,
architecture modernism (continued),IAB21 Real Estate,0.85,scraped,
architecture international style (continued),IAB21 Real Estate,0.85,scraped,
"architecture new towns1946–1968+ (uk, global)",IAB21 Real Estate,0.85,scraped,
"architecture mid-century modern1950s (california, etc.)",IAB21 Real Estate,0.85,scraped,
architecture streamline moderne1930–1937,IAB21 Real Estate,0.85,scraped,
architecture googie1950s (us),IAB21 Real Estate,0.85,scraped,
architecture structuralism1950s–1970smegastructures1960s,IAB21 Real Estate,0.85,scraped,
architecture metabolist1959 (japan),IAB21 Real Estate,0.85,scraped,
architecture tendenza1965-1985 (italy),IAB21 Real Estate,0.85,scraped,
architecture vienna secession1897–1905 (austrian art nouveau),IAB21 Real Estate,0.85,scraped,
architecture high-tech/structural expressionism1970s+bowellism1975s+,IAB21 Real Estate,0.85,scraped,
architecture megastructures1960s,IAB21 Real Estate,0.85,scraped,
architecture bowellism1975s+,IAB21 Real Estate,0.85,scraped,
"architecture heimatschutz architecture1900–1940 (austria, germany)",IAB21 Real Estate,0.85,scraped,
architecture ponce creole1895–1920 (poncein puerto rico),IAB21 Real Estate,0.85,scraped,
architecture brutalism1950s–1970s,IAB21 Real Estate,0.85,scraped,
"architecture art deco1925–1940s (global,list)",IAB21 Real Estate,0.85,scraped,
architecture amsterdam school1912–1924 (netherlands),IAB21 Real Estate,0.85,scraped,
architecture brick expressionism,IAB21 Real Estate,0.85,scraped,
"architecture mediterranean revival1890s+ (us, latin america, europe)",IAB21 Real Estate,0.85,scraped,
architecture american renaissance,IAB21 Real Estate,0.85,scraped,
architecture mongolia –yurt,IAB21 Real Estate,0.85,scraped,
architecture heliopolis style1905 – c. 1935 (egypt),IAB21 Real Estate,0.85,scraped,
architecture arcology1970s+ (europe),IAB21 Real Estate,0.85,scraped,
architecture critical regionalism1983+,IAB21 Real Estate,0.85,scraped,
architecture interactive architecture2000+,IAB21 Real Estate,0.85,scraped,
"architecture sustainable architecture2000+earthship1980+ (started in us, now global)green building2000+natural building2000+",IAB21 Real Estate,0.85,scraped,
architecture neo-andean2005+,IAB21 Real Estate,0.85,scraped,
architecture neo-futurismlate 1960s-early 21st century,IAB21 Real Estate,0.85,scraped,
architecture dzong17th century+,IAB21 Real Estate,0.85,scraped,
architecture new classical architecture1980+berlin style1990s+,IAB21 Real Estate,0.85,scraped,
architecture parametricism2008+,IAB21 Real Estate,0.85,scraped,
architecture mass timber2010s+,IAB21 Real Estate,0.85,scraped,
"architecture deconstructivism1982+ (europe, us, far east)",IAB21 Real Estate,0.85,scraped,
architecture shed style,IAB21 Real Estate,0.85,scraped,
"architecture earthship1980+ (started in us, now global)",IAB21 Real Estate,0.85,scraped,
architecture green building2000+,IAB21 Real Estate,0.85,scraped,
architecture natural building2000+,IAB21 Real Estate,0.85,scraped,
architecture berlin style1990s+,IAB21 Real Estate,0.85,scraped,
architecture fortification6800 bc+ringfort800 bc – 400 addzong17th century+star fort1530–1800?polygonal fort1850?-,IAB21 Real Estate,0.85,scraped,
architecture blobitecture2003+,IAB21 Real Estate,0.85,scraped,
architecture earth lodge,IAB21 Real Estate,0.85,scraped,
architecture funco,IAB21 Real Estate,0.85,scraped,
architecture girna,IAB21 Real Estate,0.85,scraped,
"architecture postmodernism1960+ (us, uk)deconstructivism1982+ (europe, us, far east)shed style",IAB21 Real Estate,0.85,scraped,
architecture jengki style(indonesia),IAB21 Real Estate,0.85,scraped,
architecture ranch-style1940s–1970s (us),IAB21 Real Estate,0.85,scraped,
architecture beehive house,IAB21 Real Estate,0.85,scraped,
"architecture earth–cobhouse,sod house,adobe,mudbrickhouse,rammed earth",IAB21 Real Estate,0.85,scraped,
"architecture timber –log cabin,log house,carpenter gothic,roundhouse,stilt house",IAB21 Real Estate,0.85,scraped,
"architecture nomadic structures –yaranga,bender tent",IAB21 Real Estate,0.85,scraped,
"architecture temporary structures –quonset hut,nissen hut,prefabricated home",IAB21 Real Estate,0.85,scraped,
"architecture underground –underground living,rock-cut architecture,monolithic church,pit-house",IAB21 Real Estate,0.85,scraped,
"architecture modern low-energy systems –straw-bale construction,earthbag construction,rice-hull bagwall construction,earthship,earth house",IAB21 Real Estate,0.85,scraped,
architecture polygonal fort1850?-,IAB21 Real Estate,0.85,scraped,
architecture various styles –longhouse,IAB21 Real Estate,0.85,scraped,
architecture barabara,IAB21 Real Estate,0.85,scraped,
architecture bothy,IAB21 Real Estate,0.85,scraped,
architecture ringfort800 bc – 400 ad,IAB21 Real Estate,0.85,scraped,
architecture bunong,IAB21 Real Estate,0.85,scraped,
architecture burdei,IAB21 Real Estate,0.85,scraped,
architecture bure,IAB21 Real Estate,0.85,scraped,
architecture cleit,IAB21 Real Estate,0.85,scraped,
architecture clochán (beehive hut),IAB21 Real Estate,0.85,scraped,
architecture crotto,IAB21 Real Estate,0.85,scraped,
architecture bahay kubo(nipa hut),IAB21 Real Estate,0.85,scraped,
architecture dugout,IAB21 Real Estate,0.85,scraped,
architecture star fort1530–1800?,IAB21 Real Estate,0.85,scraped,
architecture sod house,IAB21 Real Estate,0.85,scraped,
architecture sukkah,IAB21 Real Estate,0.85,scraped,
architecture tongkonan,IAB21 Real Estate,0.85,scraped,
architecture orri,IAB21 Real Estate,0.85,scraped,
architecture igloo,IAB21 Real Estate,0.85,scraped,
architecture jacal,IAB21 Real Estate,0.85,scraped,
"architecture florida cracker architecturec. 1800 – present florida, us",IAB21 Real Estate,0.85,scraped,
architecture log cabin,IAB21 Real Estate,0.85,scraped,
architecture maloca,IAB21 Real Estate,0.85,scraped,
architecture menstruation,IAB21 Real Estate,0.85,scraped,
architecture mitato,IAB21 Real Estate,0.85,scraped,
architecture musgum mud huts,IAB21 Real Estate,0.85,scraped,
architecture oca,IAB21 Real Estate,0.85,scraped,
architecture palloza,IAB21 Real Estate,0.85,scraped,
architecture humpy,IAB21 Real Estate,0.85,scraped,
architecture pit-house,IAB21 Real Estate,0.85,scraped,
architecture qargi,IAB21 Real Estate,0.85,scraped,
architecture qarmaq,IAB21 Real Estate,0.85,scraped,
architecture quiggly hole,IAB21 Real Estate,0.85,scraped,
architecture quinzhee,IAB21 Real Estate,0.85,scraped,
architecture rondavel,IAB21 Real Estate,0.85,scraped,
architecture soft portuguese1940–1955 (portugal & colonies),IAB21 Real Estate,0.85,scraped,
architecture palapa,IAB21 Real Estate,0.85,scraped,
architecture minimal traditional1930s–1940s (us),IAB21 Real Estate,0.85,scraped,
architecture icelandic turf house,IAB21 Real Estate,0.85,scraped,
architecture hogan,IAB21 Real Estate,0.85,scraped,
architecture trullo,IAB21 Real Estate,0.85,scraped,
architecture yurt and gerger district,IAB21 Real Estate,0.85,scraped,
architecture tukul,IAB21 Real Estate,0.85,scraped,
"architecture wigwam, wickiup and wetu",IAB21 Real Estate,0.85,scraped,
architecture zemlyanka,IAB21 Real Estate,0.85,scraped,
architecture housing portal,IAB21 Real Estate,0.85,scraped,
architecture chum,IAB21 Real Estate,0.85,scraped,
architecture shieling,IAB21 Real Estate,0.85,scraped,
architecture lavvu,IAB21 Real Estate,0.85,scraped,
architecture tipi,IAB21 Real Estate,0.85,scraped,
architecture yaranga,IAB21 Real Estate,0.85,scraped,
architecture ger district,IAB21 Real Estate,0.85,scraped,
architecture goahti,IAB21 Real Estate,0.85,scraped,
architecture beach fale,IAB21 Real Estate,0.85,scraped,
architecture cabana,IAB21 Real Estate,0.85,scraped,
architecture chickee,IAB21 Real Estate,0.85,scraped,
architecture gazebo,IAB21 Real Estate,0.85,scraped,
architecture lean-to,IAB21 Real Estate,0.85,scraped,
architecture shepherd's hut,IAB21 Real Estate,0.85,scraped,
architecture sassi di matera,IAB21 Real Estate,0.85,scraped,
architecture ruka,IAB21 Real Estate,0.85,scraped,
architecture roundhouse,IAB21 Real Estate,0.85,scraped,
architecture toguna,IAB21 Real Estate,0.85,scraped,
architecture papua new guinea –papua new guinea stilt house,IAB21 Real Estate,0.85,scraped,
architecture natural building,IAB21 Real Estate,0.85,scraped,
architecture tree house,IAB21 Real Estate,0.85,scraped,
architecture iris hut,IAB21 Real Estate,0.85,scraped,
architecture logging camp,IAB21 Real Estate,0.85,scraped,
architecture nissen hut,IAB21 Real Estate,0.85,scraped,
architecture quonset hutjamesway hut,IAB21 Real Estate,0.85,scraped,
architecture farmhouse(us),IAB21 Real Estate,0.85,scraped,
architecture romney hut,IAB21 Real Estate,0.85,scraped,
architecture slab hut,IAB21 Real Estate,0.85,scraped,
architecture twynham hut,IAB21 Real Estate,0.85,scraped,
architecture wilderness hutalpine club hutmountain hutwinter room,IAB21 Real Estate,0.85,scraped,
architecture jamesway hut,IAB21 Real Estate,0.85,scraped,
architecture alpine club hut,IAB21 Real Estate,0.85,scraped,
architecture mountain hut,IAB21 Real Estate,0.85,scraped,
architecture winter room,IAB21 Real Estate,0.85,scraped,
architecture cabanes du breuil,IAB21 Real Estate,0.85,scraped,
architecture circular linhay,IAB21 Real Estate,0.85,scraped,
architecture earth sheltering,IAB21 Real Estate,0.85,scraped,
architecture shack,IAB21 Real Estate,0.85,scraped,
architecture shed,IAB21 Real Estate,0.85,scraped,
"architecture scotland–medieval turf building in cronberry,blackhouses",IAB21 Real Estate,0.85,scraped,
architecture slovakia –wooden churches of the slovak carpathians,IAB21 Real Estate,0.85,scraped,
"architecture egyptian revival architecture1809–1820s, 1840s, 1920s",IAB21 Real Estate,0.85,scraped,
architecture hopper hut,IAB21 Real Estate,0.85,scraped,
architecture hexayurt,IAB21 Real Estate,0.85,scraped,
architecture beach hut,IAB21 Real Estate,0.85,scraped,
architecture iceland –turf houses,IAB21 Real Estate,0.85,scraped,
architecture category,IAB21 Real Estate,0.85,scraped,
architecture portal,IAB21 Real Estate,0.85,scraped,
"architecture european arctic (north norway and sweden, finland, north russia) – samilavvu, samigoahti",IAB21 Real Estate,0.85,scraped,
"architecture northwest europe (norway, sweden, fresia, jutland, denmark, north poland, uk, iceland) –norse architecture,heathen hofs,viking ring fortress,fogou,souterrain,grubenhaus(also known as grubhouse or grubhut)",IAB21 Real Estate,0.85,scraped,
"architecture central and eastern europe –burdei,zemlyanka",IAB21 Real Estate,0.85,scraped,
architecture bulgaria –rock-hewn churches of ivanovo,IAB21 Real Estate,0.85,scraped,
architecture thatching,IAB21 Real Estate,0.85,scraped,
architecture estonia,IAB21 Real Estate,0.85,scraped,
"architecture netherlands –frisian farmhouse,old frisian longhouse,bildts farmhouse",IAB21 Real Estate,0.85,scraped,
"architecture ireland –clochán,crannog",IAB21 Real Estate,0.85,scraped,
architecture skellig michael,IAB21 Real Estate,0.85,scraped,
architecture italy –trullo,IAB21 Real Estate,0.85,scraped,
"architecture lithuania –kaunas modernism,lithuanian folk architecture,polish-lithuanian wooden synagogues",IAB21 Real Estate,0.85,scraped,
"architecture norway –architecture of norway:post church,palisade church,stave church,norwegian turf house,vernacular architecture in norway,rorbu,dragestil, alsonational romantic style,swiss chalet styleandnordic classicism buildings",IAB21 Real Estate,0.85,scraped,
"architecture poland –zakopane,polish-lithuanian wooden synagogues,wooden churches of southern lesser poland,upper lusatian house",IAB21 Real Estate,0.85,scraped,
"architecture romania –carpathian vernacular,wooden churches of maramureș",IAB21 Real Estate,0.85,scraped,
architecture russia –dacha,IAB21 Real Estate,0.85,scraped,
"architecture germany –black forest house,swiss chalet style,gulf house(aka east frisian house),geestharden house(aka cimbrian house, schleswig house),haubarg,low german house(aka low saxon house),middle german house,reed house,seaside resort house,ständerhaus,uthland-frisian house",IAB21 Real Estate,0.85,scraped,
architecture tent,IAB21 Real Estate,0.85,scraped,
architecture stilt house,IAB21 Real Estate,0.85,scraped,
"architecture united kingdom –dartmoor longhouse,neolithic long house,palisade church,mid-20th-century system-built housesscotland –broch,atlantic roundhouse,crannog,dun",IAB21 Real Estate,0.85,scraped,
architecture dartmoor longhouse,IAB21 Real Estate,0.85,scraped,
architecture hall house,IAB21 Real Estate,0.85,scraped,
architecture low german house,IAB21 Real Estate,0.85,scraped,
architecture ansitz,IAB21 Real Estate,0.85,scraped,
architecture neolithic long house,IAB21 Real Estate,0.85,scraped,
architecture longhouse,IAB21 Real Estate,0.85,scraped,
architecture housebarn,IAB21 Real Estate,0.85,scraped,
architecture geestharden house,IAB21 Real Estate,0.85,scraped,
architecture east frisian house,IAB21 Real Estate,0.85,scraped,
architecture haubarg,IAB21 Real Estate,0.85,scraped,
"architecture scotland –broch,atlantic roundhouse,crannog,dun",IAB21 Real Estate,0.85,scraped,
architecture gulf house,IAB21 Real Estate,0.85,scraped,
architecture middle german house,IAB21 Real Estate,0.85,scraped,
architecture black forest house,IAB21 Real Estate,0.85,scraped,
architecture old frisian farmhouse,IAB21 Real Estate,0.85,scraped,
architecture schleswig house,IAB21 Real Estate,0.85,scraped,
architecture upper lusatian house,IAB21 Real Estate,0.85,scraped,
architecture uthland-frisian house,IAB21 Real Estate,0.85,scraped,
architecture waldlerhaus,IAB21 Real Estate,0.85,scraped,
architecture bildts farmhouse,IAB21 Real Estate,0.85,scraped,
architecture frisian farmhouse,IAB21 Real Estate,0.85,scraped,
architecture lorraine house,IAB21 Real Estate,0.85,scraped,
architecture cimbrian house,IAB21 Real Estate,0.85,scraped,
architecture old frisian longhouse,IAB21 Real Estate,0.85,scraped,
architecture frisian house,IAB21 Real Estate,0.85,scraped,
architecture chalet,IAB21 Real Estate,0.85,scraped,
architecture carpathian,IAB21 Real Estate,0.85,scraped,
architecture bresse house,IAB21 Real Estate,0.85,scraped,
architecture mas (provençal farmhouse),IAB21 Real Estate,0.85,scraped,
architecture alqueria,IAB21 Real Estate,0.85,scraped,
architecture baserri,IAB21 Real Estate,0.85,scraped,
architecture cabaña pasiega,IAB21 Real Estate,0.85,scraped,
architecture casa montañesa,IAB21 Real Estate,0.85,scraped,
architecture masia,IAB21 Real Estate,0.85,scraped,
architecture decorated farmhouses of hälsingland,IAB21 Real Estate,0.85,scraped,
architecture gozo farmhouse,IAB21 Real Estate,0.85,scraped,
"architecture cape cod(new england, us)",IAB21 Real Estate,0.85,scraped,
architecture cascina a corte,IAB21 Real Estate,0.85,scraped,
architecture sod house(us),IAB21 Real Estate,0.85,scraped,
architecture sibley tent(us),IAB21 Real Estate,0.85,scraped,
architecture tidewater(us),IAB21 Real Estate,0.85,scraped,
"architecture florida crackerc. 1800+ (florida, us)",IAB21 Real Estate,0.85,scraped,
architecture shotgun house(us),IAB21 Real Estate,0.85,scraped,
architecture zakopane,IAB21 Real Estate,0.85,scraped,
architecture ukraine –wooden churches,IAB21 Real Estate,0.85,scraped,
architecture blackhouse,IAB21 Real Estate,0.85,scraped,
architecture bastle house,IAB21 Real Estate,0.85,scraped,
architecture village des bories,IAB21 Real Estate,0.85,scraped,
architecture transhumance,IAB21 Real Estate,0.85,scraped,
"architecture philippines –bahay kubo, jin-jin,torogan, bale",IAB21 Real Estate,0.85,scraped,
"architecture saltbox(new england, us)",IAB21 Real Estate,0.85,scraped,
architecture wigwam,IAB21 Real Estate,0.85,scraped,
architecture northeast nationswetu,IAB21 Real Estate,0.85,scraped,
architecture pueblokiva,IAB21 Real Estate,0.85,scraped,
architecture colombian plateau nationsquiggly hole,IAB21 Real Estate,0.85,scraped,
architecture southwest nationsjacal,IAB21 Real Estate,0.85,scraped,
architecture southwesterncliff dwellings,IAB21 Real Estate,0.85,scraped,
architecture iran –yakhchal,IAB21 Real Estate,0.85,scraped,
architecture seminolechickee,IAB21 Real Estate,0.85,scraped,
architecture amerindian longhouses,IAB21 Real Estate,0.85,scraped,
architecture argentina –mar del plata style,IAB21 Real Estate,0.85,scraped,
architecture chile –chilotan architecture,IAB21 Real Estate,0.85,scraped,
architecture venezuela and chile –palafito,IAB21 Real Estate,0.85,scraped,
"architecture central and south african countries –rondavel,xhosa and zulu architecture,zimbabwean architecture,sotho-tswana architecture,zulu and nguni architecture, andmadagascan architecture",IAB21 Real Estate,0.85,scraped,
"architecture dutch colonial,cape dutch",IAB21 Real Estate,0.85,scraped,
architecture chinayaodongsiheyuantuloushanxihokkiencantonesehuihakkajiangxisichuanpang uk(architecture of hong kong),IAB21 Real Estate,0.85,scraped,
"architecture india–rock-cut,toda hut",IAB21 Real Estate,0.85,scraped,
architecture indonesia –rumah adat,IAB21 Real Estate,0.85,scraped,
"architecture sweat lodge,temazcal",IAB21 Real Estate,0.85,scraped,
architecture anglo-saxon architecture450s–1066 england and wales,IAB21 Real Estate,0.85,scraped,
architecture american colonial architecture1720–1780s us,IAB21 Real Estate,0.85,scraped,
"architecture american craftsman1890s–1930 us, california & east",IAB21 Real Estate,0.85,scraped,
architecture plains nationstipiandearth lodge,IAB21 Real Estate,0.85,scraped,
architecture pacific northwestplank house,IAB21 Real Estate,0.85,scraped,
architecture navajohogan,IAB21 Real Estate,0.85,scraped,
architecture hui,IAB21 Real Estate,0.85,scraped,
architecture russia – siberianchum,IAB21 Real Estate,0.85,scraped,
architecture thailand –thai stilt house,IAB21 Real Estate,0.85,scraped,
architecture myanmar –shwenandaw monastery,IAB21 Real Estate,0.85,scraped,
architecture yaodong,IAB21 Real Estate,0.85,scraped,
architecture siheyuan,IAB21 Real Estate,0.85,scraped,
architecture tulou,IAB21 Real Estate,0.85,scraped,
architecture japan –minka,IAB21 Real Estate,0.85,scraped,
architecture shanxi,IAB21 Real Estate,0.85,scraped,
architecture cantonese,IAB21 Real Estate,0.85,scraped,
architecture hakka,IAB21 Real Estate,0.85,scraped,
"architecture iran, turkey –caravanserai",IAB21 Real Estate,0.85,scraped,
architecture ramada,IAB21 Real Estate,0.85,scraped,
architecture sichuan,IAB21 Real Estate,0.85,scraped,
architecture pang uk(architecture of hong kong),IAB21 Real Estate,0.85,scraped,
"architecture australia, new zealand –slab hut",IAB21 Real Estate,0.85,scraped,
architecture australia – aboriginehumpy,IAB21 Real Estate,0.85,scraped,
architecture adam style1770 england,IAB21 Real Estate,0.85,scraped,
architecture hokkien,IAB21 Real Estate,0.85,scraped,
"architecture adirondack architecture1850s new york, us",IAB21 Real Estate,0.85,scraped,
architecture israel –rock-cut tombs,IAB21 Real Estate,0.85,scraped,
"architecture churrigueresque, 1660s–1750s;  spain and the new world",IAB21 Real Estate,0.85,scraped,
architecture city beautiful movement1890–20th century us,IAB21 Real Estate,0.85,scraped,
architecture classical architecture600 bc – 323 ad,IAB21 Real Estate,0.85,scraped,
architecture blobitecture2003–present,IAB21 Real Estate,0.85,scraped,
"architecture angevin gothicsince 1148, western france",IAB21 Real Estate,0.85,scraped,
architecture arcology1970s ad–present,IAB21 Real Estate,0.85,scraped,
architecture art deco1925–1940s europe & us,IAB21 Real Estate,0.85,scraped,
architecture art nouveauc. 1885–1910,IAB21 Real Estate,0.85,scraped,
"architecture 1880s–1920s; uk, california, us",IAB21 Real Estate,0.85,scraped,
architecture australian architectural styles,IAB21 Real Estate,0.85,scraped,
architecture baroque architecture,IAB21 Real Estate,0.85,scraped,
architecture bauhaus,IAB21 Real Estate,0.85,scraped,
architecture biedermeier1815–1848,IAB21 Real Estate,0.85,scraped,
architecture bowellism1957–present,IAB21 Real Estate,0.85,scraped,
architecture ancient egyptian architecture3000 bc – 373 ad,IAB21 Real Estate,0.85,scraped,
architecture brick gothicc. 1350 – c. 15th century,IAB21 Real Estate,0.85,scraped,
architecture brownstone,IAB21 Real Estate,0.85,scraped,
architecture brutalist architecture1950s–1970s,IAB21 Real Estate,0.85,scraped,
architecture buddhist architecture1st century bc,IAB21 Real Estate,0.85,scraped,
architecture byzantine architecture527 ad (sofia) – 1520,IAB21 Real Estate,0.85,scraped,
architecture cape cod17th century,IAB21 Real Estate,0.85,scraped,
architecture bay-and-gable(can),IAB21 Real Estate,0.85,scraped,
architecture brownstone(us),IAB21 Real Estate,0.85,scraped,
architecture jiangxi,IAB21 Real Estate,0.85,scraped,
architecture ancient greek architecture776 bc – 265 bc,IAB21 Real Estate,0.85,scraped,
architecture amsterdam school1912–1924 netherlands,IAB21 Real Estate,0.85,scraped,
architecture colonial revival architecture,IAB21 Real Estate,0.85,scraped,
architecture ephemeral architecture,IAB21 Real Estate,0.85,scraped,
architecture constructivist architecture,IAB21 Real Estate,0.85,scraped,
architecture danish functionalism1960s ad denmark,IAB21 Real Estate,0.85,scraped,
architecture deconstructivism1982–present,IAB21 Real Estate,0.85,scraped,
architecture decorated periodc. 1290 – c. 1350,IAB21 Real Estate,0.85,scraped,
"architecture dragestil1880s–1910s, norway",IAB21 Real Estate,0.85,scraped,
architecture chilotan architecture1600–present chiloé and southern chile,IAB21 Real Estate,0.85,scraped,
architecture dutch colonial1615–1674 (treaty of westminster) new england,IAB21 Real Estate,0.85,scraped,
architecture dzong architecturetibet and bhutan,IAB21 Real Estate,0.85,scraped,
architecture early english periodc. 1190 – c. 1250,IAB21 Real Estate,0.85,scraped,
architecture eastlake style1879–1905 new england,IAB21 Real Estate,0.85,scraped,
architecture american foursquaremid. 1890s-late 1930s us,IAB21 Real Estate,0.85,scraped,
architecture elizabethan architecture(1533–1603),IAB21 Real Estate,0.85,scraped,
"architecture empire1804–1814, 1870 revival",IAB21 Real Estate,0.85,scraped,
architecture expressionist architecture1910 – c. 1924,IAB21 Real Estate,0.85,scraped,
architecture farmhouse,IAB21 Real Estate,0.85,scraped,
architecture federal architecture1780–1830 us,IAB21 Real Estate,0.85,scraped,
architecture dutch colonial revivalc. 1900 new england,IAB21 Real Estate,0.85,scraped,
architecture chicago school1880s and 1890 us,IAB21 Real Estate,0.85,scraped,
architecture carpenter gothicus and canada 1840s on,IAB21 Real Estate,0.85,scraped,
architecture carolingian architecture780s–9th century; france and germany,IAB21 Real Estate,0.85,scraped,
"architecture ice –igloo,quinzhee",IAB21 Real Estate,0.85,scraped,
"architecture international style1930+ (europe, us)",IAB21 Real Estate,0.85,scraped,
architecture vernacular architecture,IAB21 Real Estate,0.85,scraped,
architecture modern movement1927–1960s,IAB21 Real Estate,0.85,scraped,
"architecture gotico angioiano, since 1266, southern italy",IAB21 Real Estate,0.85,scraped,
architecture greek revival architecture,IAB21 Real Estate,0.85,scraped,
architecture green building2000–present,IAB21 Real Estate,0.85,scraped,
architecture heliopolis style1905 – c. 1935 egypt,IAB21 Real Estate,0.85,scraped,
"architecture mediterranean revival style1890s–present; us, latin america, europe",IAB21 Real Estate,0.85,scraped,
architecture indian architectureindia,IAB21 Real Estate,0.85,scraped,
architecture international style1930–present,IAB21 Real Estate,0.85,scraped,
architecture isabelline gothic1474–1505 (reign) spain,IAB21 Real Estate,0.85,scraped,
architecture islamic architecture691–present,IAB21 Real Estate,0.85,scraped,
architecture italianate architecture1802,IAB21 Real Estate,0.85,scraped,
architecture jacobean architecture1580–1660,IAB21 Real Estate,0.85,scraped,
architecture jacobethan1838,IAB21 Real Estate,0.85,scraped,
"architecture jeffersonian architecture1790s–1830s virginia, us",IAB21 Real Estate,0.85,scraped,
architecture jengki style1950s indonesia,IAB21 Real Estate,0.85,scraped,
architecture jugendstilc. 1885–1910 german term forart nouveau,IAB21 Real Estate,0.85,scraped,
architecture interactive architecture2000–present,IAB21 Real Estate,0.85,scraped,
architecture southern plantation architecture,IAB21 Real Estate,0.85,scraped,
"architecture ponce creole1895–1920ponce, puerto rico",IAB21 Real Estate,0.85,scraped,
architecture pombaline style1755 earthquake – c. 1860 portugal,IAB21 Real Estate,0.85,scraped,
"architecture spanish colonial style1520s – c. 1820s; new world, east indies, other colonies",IAB21 Real Estate,0.85,scraped,
"architecture c. 1900–present; california, florida, us, latin america, spain.",IAB21 Real Estate,0.85,scraped,
architecture gothic revival architecture1760s–1840s,IAB21 Real Estate,0.85,scraped,
architecture gothic architecture,IAB21 Real Estate,0.85,scraped,
architecture googie architecture1950s us and canada,IAB21 Real Estate,0.85,scraped,
"architecture napoleon iii style1852–1870 (paris, france)",IAB21 Real Estate,0.85,scraped,
architecture national park service rustic1872–present us,IAB21 Real Estate,0.85,scraped,
architecture natural building2000–,IAB21 Real Estate,0.85,scraped,
architecture nazi architecture1933–1944 germany,IAB21 Real Estate,0.85,scraped,
architecture neo-byzantine architecture1882–1920s american,IAB21 Real Estate,0.85,scraped,
architecture merovingian architecture5th–8th centuries; france and germany,IAB21 Real Estate,0.85,scraped,
architecture neoclassical architecture,IAB21 Real Estate,0.85,scraped,
architecture neo-gothic architecture,IAB21 Real Estate,0.85,scraped,
"architecture neolithic architecture10,000–3000 bc",IAB21 Real Estate,0.85,scraped,
architecture neo-manueline1840s–1910s ad portugal and brazil,IAB21 Real Estate,0.85,scraped,
architecture norman architecture1074–1250,IAB21 Real Estate,0.85,scraped,
architecture georgian architecture1720–1840s uk & us,IAB21 Real Estate,0.85,scraped,
architecture organic architecture,IAB21 Real Estate,0.85,scraped,
architecture ottonian architecture950s–1050s germany,IAB21 Real Estate,0.85,scraped,
architecture palladian architecture1616–1680 (jones),IAB21 Real Estate,0.85,scraped,
architecture perpendicular periodc. 1350 – c. 1550,IAB21 Real Estate,0.85,scraped,
architecture neo-grec1848–1865,IAB21 Real Estate,0.85,scraped,
"architecture plantagenet stylesince 1148, western france",IAB21 Real Estate,0.85,scraped,
architecture memphis group1981–1988,IAB21 Real Estate,0.85,scraped,
architecture manueline1495–1521 (reign) portugal and colonies,IAB21 Real Estate,0.85,scraped,
architecture futurist architecture1909 europe,IAB21 Real Estate,0.85,scraped,
architecture stalinist architecture1933–1955 ussr,IAB21 Real Estate,0.85,scraped,
"architecture stave churches, oldest 845(d) in england, norway one 11th century, several 12th century",IAB21 Real Estate,0.85,scraped,
architecture stick style1860–1890s,IAB21 Real Estate,0.85,scraped,
architecture romanesque revival architecture1840–1900 us,IAB21 Real Estate,0.85,scraped,
architecture queen anne style architecture1870–1910s uk and us,IAB21 Real Estate,0.85,scraped,
architecture queenslander1840s–1960s,IAB21 Real Estate,0.85,scraped,
architecture ranch-style1940s–1970s us,IAB21 Real Estate,0.85,scraped,
architecture repoblación architecture880s–11th century; spain,IAB21 Real Estate,0.85,scraped,
architecture regency architecture,IAB21 Real Estate,0.85,scraped,
architecture richardsonian romanesque1880s us,IAB21 Real Estate,0.85,scraped,
architecture rococo,IAB21 Real Estate,0.85,scraped,
architecture roman architecture753 bc – 663 ad,IAB21 Real Estate,0.85,scraped,
architecture romanesque architecture1050–1100,IAB21 Real Estate,0.85,scraped,
architecture russian architecture989 – 18th century,IAB21 Real Estate,0.85,scraped,
architecture pueblostyle 1898–1990s,IAB21 Real Estate,0.85,scraped,
"architecture russian revival1826–1917, 1990s–present",IAB21 Real Estate,0.85,scraped,
architecture saltbox,IAB21 Real Estate,0.85,scraped,
architecture san francisco architecture,IAB21 Real Estate,0.85,scraped,
architecture scottish baronial,IAB21 Real Estate,0.85,scraped,
"architecture gothic architecture:st. vitus cathedralinprague, czech republic",IAB21 Real Estate,0.85,scraped,
real estate semi-detacheddwellingsduplex– two units with one shared wall.,IAB21 Real Estate,0.85,scraped,
real estate detached dwellingsbungalowssplit-level homemansionsvillasdetached houseorsingle-family detached housecottages,IAB21 Real Estate,0.85,scraped,
"real estate portable dwellingsmobile homes,tiny homes, orresidential caravans– a full-time residence that can be (although might not in practice be) movable on wheels.houseboats– a floating hometents– usually temporary, with roof and walls consisting only of fabric-like material.",IAB21 Real Estate,0.85,scraped,
"real estate property for sale in victoria, australia: sign. (left)",IAB21 Real Estate,0.85,scraped,
architecture shingle style1879–1905 new england,IAB21 Real Estate,0.85,scraped,
architecture prairie style1900–1917 us,IAB21 Real Estate,0.85,scraped,
architecture storybook1920s,IAB21 Real Estate,0.85,scraped,
architecture usonian1936–1940s us,IAB21 Real Estate,0.85,scraped,
architecture structural expressionism1980s–present,IAB21 Real Estate,0.85,scraped,
architecture structuralism1950–1975,IAB21 Real Estate,0.85,scraped,
architecture sumerian architecture5300 – 2000 bc,IAB21 Real Estate,0.85,scraped,
"architecture spanish colonial revival style1915–present; california, hawaii, florida, southwest us",IAB21 Real Estate,0.85,scraped,
architecture sustainable architecture2000–present,IAB21 Real Estate,0.85,scraped,
architecture tidewater architecture19th century,IAB21 Real Estate,0.85,scraped,
architecture tudor architecture1485–1603,IAB21 Real Estate,0.85,scraped,
architecture tudorbethan architecture1835–1885,IAB21 Real Estate,0.85,scraped,
architecture ukrainian baroquelate 1600 – 19th century,IAB21 Real Estate,0.85,scraped,
architecture victorian architecture1837–1901 uk,IAB21 Real Estate,0.85,scraped,
architecture polite architecture,IAB21 Real Estate,0.85,scraped,
architecture vienna secession1897 – c. 1905 austrian art nouveau,IAB21 Real Estate,0.85,scraped,
"architecture ancient roman architecture:colosseum, an amphitheater inrome, italy(1st century ad)",IAB21 Real Estate,0.85,scraped,
"architecture persian islamic architecturefrom the 7th- to 9th-century period: theshah mosque,naqsh-i jahan square, iran",IAB21 Real Estate,0.85,scraped,
"architecture swiss chalet style1840s–1920s, scandinavia and germany",IAB21 Real Estate,0.85,scraped,
architecture soft portuguese style1940–1955 portugal & colonies,IAB21 Real Estate,0.85,scraped,
architecture serbo-byzantine revivalinterwar period,IAB21 Real Estate,0.85,scraped,
architecture second empire1865–1880,IAB21 Real Estate,0.85,scraped,
architecture postmodern architecture1980s,IAB21 Real Estate,0.85,scraped,
architecture polish cathedral style1870–1930,IAB21 Real Estate,0.85,scraped,
architecture modernisme1888–1911 catalan art nouveau,IAB21 Real Estate,0.85,scraped,
"architecture mission revival style architecture1894–1936; california, us",IAB21 Real Estate,0.85,scraped,
real estate real estate agent– north america,IAB21 Real Estate,0.85,scraped,
"architecture mid-century modern1950s–1960s california, us, latin america",IAB21 Real Estate,0.85,scraped,
architecture a stylised façade ingiyōfū architecture:kaichi school museumjapan (1800s),IAB21 Real Estate,0.85,scraped,
architecture beaux-artsarchitecture in abank's building façadein puerto rico,IAB21 Real Estate,0.85,scraped,
architecture art decoarchitecture in a citymarketplace building,IAB21 Real Estate,0.85,scraped,
architecture national register of historic places architectural style categories,IAB21 Real Estate,0.85,scraped,
"architecture hamlin alfred dwight foster,history of architectural styles, bibliobazaar, 2009",IAB21 Real Estate,0.85,scraped,
architecture architectural design values,IAB21 Real Estate,0.85,scraped,
architecture house styles,IAB21 Real Estate,0.85,scraped,
architecture sacred architecturearchitecture of cathedrals and great churchessynagogue architecture,IAB21 Real Estate,0.85,scraped,
architecture timeline of architecture,IAB21 Real Estate,0.85,scraped,
architecture timeline of architectural styles,IAB21 Real Estate,0.85,scraped,
architecture parametricism,IAB21 Real Estate,0.85,scraped,
architecture architecture of cathedrals and great churches,IAB21 Real Estate,0.85,scraped,
architecture synagogue architecture,IAB21 Real Estate,0.85,scraped,
"architecture white, norval; elliott willensky (2000).aiaguide to new york(4th ed.). new york: random house.isbn0-8129-3107-6.",IAB21 Real Estate,0.85,scraped,
"architecture lewis, philippa; gillian darley (1986).dictionary of ornament, ny: pantheon",IAB21 Real Estate,0.85,scraped,
architecture feminism and modern architecture,IAB21 Real Estate,0.85,scraped,
real estate future interestremainder,IAB21 Real Estate,0.85,scraped,
real estate concurrent estate,IAB21 Real Estate,0.85,scraped,
real estate leasehold estate,IAB21 Real Estate,0.85,scraped,
real estate waste,IAB21 Real Estate,0.85,scraped,
real estate partition,IAB21 Real Estate,0.85,scraped,
"architecture postmodern architecture:wells fargo centerinminneapolis, minnesota, u.s., completed 1988",IAB21 Real Estate,0.85,scraped,
"architecture early modern architecture:bauhaus universityinweimar, germany, built 1911",IAB21 Real Estate,0.85,scraped,
"architecture secession: tenement house insopot, poland, built 1904",IAB21 Real Estate,0.85,scraped,
real estate license,IAB21 Real Estate,0.85,scraped,
real estate gift,IAB21 Real Estate,0.85,scraped,
real estate adverse possession,IAB21 Real Estate,0.85,scraped,
real estate deed,IAB21 Real Estate,0.85,scraped,
real estate conquest,IAB21 Real Estate,0.85,scraped,
"architecture herbert pothorn,a guide to architectural styles, phaidon, 1983",IAB21 Real Estate,0.85,scraped,
real estate discovery,IAB21 Real Estate,0.85,scraped,
architecture federation architecture1890–1915 australia,IAB21 Real Estate,0.85,scraped,
real estate treasure trove,IAB21 Real Estate,0.85,scraped,
real estate bailment,IAB21 Real Estate,0.85,scraped,
real estate alienation,IAB21 Real Estate,0.85,scraped,
"architecture historicism:resort architectureinbinzonrugia island, a specific style common in german seaside resorts",IAB21 Real Estate,0.85,scraped,
real estate allodial title,IAB21 Real Estate,0.85,scraped,
real estate fee simple,IAB21 Real Estate,0.85,scraped,
real estate fee tail,IAB21 Real Estate,0.85,scraped,
real estate life estate,IAB21 Real Estate,0.85,scraped,
real estate accession,IAB21 Real Estate,0.85,scraped,
real estate defeasible estate,IAB21 Real Estate,0.85,scraped,
"architecture carson dunlop,architectural styles, dearborn real estate, 2003",IAB21 Real Estate,0.85,scraped,
"architecture baker, john milnes, aia (1994)american house styles, ny: norton",IAB21 Real Estate,0.85,scraped,
architecture neoclassical architecture:cathedral of vilniusin lithuania,IAB21 Real Estate,0.85,scraped,
real estate practicing without a license,IAB21 Real Estate,0.85,scraped,
real estate property rights,IAB21 Real Estate,0.85,scraped,
real estate mineral rights,IAB21 Real Estate,0.85,scraped,
real estate rule against perpetuities,IAB21 Real Estate,0.85,scraped,
real estate strata title,IAB21 Real Estate,0.85,scraped,
real estate deeds registration,IAB21 Real Estate,0.85,scraped,
real estate estoppel by deed,IAB21 Real Estate,0.85,scraped,
real estate quitclaim deed,IAB21 Real Estate,0.85,scraped,
real estate mortgage,IAB21 Real Estate,0.85,scraped,
real estate equitable conversion,IAB21 Real Estate,0.85,scraped,
real estate action to quiet title,IAB21 Real Estate,0.85,scraped,
real estate escheat,IAB21 Real Estate,0.85,scraped,
real estate restraint on alienation,IAB21 Real Estate,0.85,scraped,
real estate rule inshelley's case,IAB21 Real Estate,0.85,scraped,
real estate bona fidepurchaser,IAB21 Real Estate,0.85,scraped,
real estate doctrine of worthier title,IAB21 Real Estate,0.85,scraped,
real estate lien,IAB21 Real Estate,0.85,scraped,
real estate easement,IAB21 Real Estate,0.85,scraped,
real estate profit,IAB21 Real Estate,0.85,scraped,
"architecture baroque architecture:melk abbey, austria",IAB21 Real Estate,0.85,scraped,
"real estate attached / multi-unit dwellingsapartment(american english) orflat(british english) – an individual unit in a multi-unit building. the boundaries of the apartment are generally defined by a perimeter of locked or lockable doors. often seen in multi-storyapartment buildings.multi-family house– often seen in multi-story detached buildings, where each floor is a separate apartment or unit.terraced house(a.k.a.townhouseorrowhouse) – a number of single or multi-unit buildings in a continuous row with shared walls and no intervening space.condominium(american english) – a building or complex, similar to apartments, owned by individuals. common grounds and common areas within the complex are owned and shared jointly. in north america, there aretownhouseorrowhousestyle condominiums as well. the british equivalent is a block of flats.housing cooperative(a.k.a. co-op) – a type of multiple ownership in which the residents of a multi-unit housing complex own shares in the cooperative corporation that owns the property, giving each resident the right to occupy a specific apartment or unit. majority of housing in indian metro cities are of these types.tenement– a type of building shared by multiple dwellings, typically with flats or apartments on each floor and with shared entrance stairway access found in britain.",IAB21 Real Estate,0.85,scraped,
"architecture weser renaissancestyle:juleuminhelmstedt, germany",IAB21 Real Estate,0.85,scraped,
architecture latebyzantine architectureof thetarnovo schoolin bulgaria,IAB21 Real Estate,0.85,scraped,
architecture metabolist movement1959 japan,IAB21 Real Estate,0.85,scraped,
real estate torrens title,IAB21 Real Estate,0.85,scraped,
real estate remainder,IAB21 Real Estate,0.85,scraped,
real estate water rightsprior appropriationriparian,IAB21 Real Estate,0.85,scraped,
real estate contract law,IAB21 Real Estate,0.85,scraped,
real estate lateral and subjacent support,IAB21 Real Estate,0.85,scraped,
real estate assignment,IAB21 Real Estate,0.85,scraped,
real estate nemo dat,IAB21 Real Estate,0.85,scraped,
real estate fixtures,IAB21 Real Estate,0.85,scraped,
real estate quicquid plantatur,IAB21 Real Estate,0.85,scraped,
real estate blackacre,IAB21 Real Estate,0.85,scraped,
real estate security deposit,IAB21 Real Estate,0.85,scraped,
real estate prior appropriation,IAB21 Real Estate,0.85,scraped,
real estate riparian,IAB21 Real Estate,0.85,scraped,
real estate tort law,IAB21 Real Estate,0.85,scraped,
real estate land tenure,IAB21 Real Estate,0.85,scraped,
"real estate wills,trustsandestates",IAB21 Real Estate,0.85,scraped,
real estate criminal law,IAB21 Real Estate,0.85,scraped,
real estate evidence,IAB21 Real Estate,0.85,scraped,
real estate conflict of property laws,IAB21 Real Estate,0.85,scraped,
real estate equitable servitude,IAB21 Real Estate,0.85,scraped,
real estate covenant,IAB21 Real Estate,0.85,scraped,
real estate usufruct,IAB21 Real Estate,0.85,scraped,
real estate condominiums,IAB21 Real Estate,0.85,scraped,
real estate real estate,IAB21 Real Estate,0.85,scraped,
real estate the property in victoria after it was sold as stated on sign,IAB21 Real Estate,0.85,scraped,
"real estate lost, mislaid, and abandoned property",IAB21 Real Estate,0.85,scraped,
real estate estate agent– united kingdom,IAB21 Real Estate,0.85,scraped,
"real estate mobile homes,tiny homes, orresidential caravans– a full-time residence that can be (although might not in practice be) movable on wheels.",IAB21 Real Estate,0.85,scraped,
"real estate housing cooperative(a.k.a. co-op) – a type of multiple ownership in which the residents of a multi-unit housing complex own shares in the cooperative corporation that owns the property, giving each resident the right to occupy a specific apartment or unit. majority of housing in indian metro cities are of these types.",IAB21 Real Estate,0.85,scraped,
"real estate tenement– a type of building shared by multiple dwellings, typically with flats or apartments on each floor and with shared entrance stairway access found in britain.",IAB21 Real Estate,0.85,scraped,
real estate duplex– two units with one shared wall.,IAB21 Real Estate,0.85,scraped,
real estate bungalows,IAB21 Real Estate,0.85,scraped,
real estate split-level home,IAB21 Real Estate,0.85,scraped,
real estate mansions,IAB21 Real Estate,0.85,scraped,
real estate villas,IAB21 Real Estate,0.85,scraped,
real estate detached houseorsingle-family detached house,IAB21 Real Estate,0.85,scraped,
real estate cottages,IAB21 Real Estate,0.85,scraped,
real estate houseboats– a floating home,IAB21 Real Estate,0.85,scraped,
real estate terraced house(a.k.a.townhouseorrowhouse) – a number of single or multi-unit buildings in a continuous row with shared walls and no intervening space.,IAB21 Real Estate,0.85,scraped,
"real estate tents– usually temporary, with roof and walls consisting only of fabric-like material.",IAB21 Real Estate,0.85,scraped,
real estate chawls,IAB21 Real Estate,0.85,scraped,
real estate havelis,IAB21 Real Estate,0.85,scraped,
real estate igloos,IAB21 Real Estate,0.85,scraped,
real estate huts,IAB21 Real Estate,0.85,scraped,
real estate house(detached,IAB21 Real Estate,0.85,scraped,
real estate slum,IAB21 Real Estate,0.85,scraped,
real estate shanty town,IAB21 Real Estate,0.85,scraped,
real estate environmentaldesignplanningracismsecurity,IAB21 Real Estate,0.85,scraped,
"real estate condominium(american english) – a building or complex, similar to apartments, owned by individuals. common grounds and common areas within the complex are owned and shared jointly. in north america, there aretownhouseorrowhousestyle condominiums as well. the british equivalent is a block of flats.",IAB21 Real Estate,0.85,scraped,
"real estate multi-family house– often seen in multi-story detached buildings, where each floor is a separate apartment or unit.",IAB21 Real Estate,0.85,scraped,
real estate planningparticipatoryconflict,IAB21 Real Estate,0.85,scraped,
real estate hostel,IAB21 Real Estate,0.85,scraped,
real estate human outpost,IAB21 Real Estate,0.85,scraped,
real estate i-house,IAB21 Real Estate,0.85,scraped,
real estate informal,IAB21 Real Estate,0.85,scraped,
real estate ranch,IAB21 Real Estate,0.85,scraped,
real estate tenement,IAB21 Real Estate,0.85,scraped,
real estate bungalow,IAB21 Real Estate,0.85,scraped,
real estate condominium,IAB21 Real Estate,0.85,scraped,
real estate mixed-use development,IAB21 Real Estate,0.85,scraped,
real estate hotel,IAB21 Real Estate,0.85,scraped,
real estate castle,IAB21 Real Estate,0.85,scraped,
real estate apartment(american english) orflat(british english) – an individual unit in a multi-unit building. the boundaries of the apartment are generally defined by a perimeter of locked or lockable doors. often seen in multi-storyapartment buildings.,IAB21 Real Estate,0.85,scraped,
real estate public housing,IAB21 Real Estate,0.85,scraped,
real estate owner-occupancy,IAB21 Real Estate,0.85,scraped,
real estate squat,IAB21 Real Estate,0.85,scraped,
real estate flophouse,IAB21 Real Estate,0.85,scraped,
real estate shack,IAB21 Real Estate,0.85,scraped,
real estate luxury,IAB21 Real Estate,0.85,scraped,
real estate apartment,IAB21 Real Estate,0.85,scraped,
real estate terraced),IAB21 Real Estate,0.85,scraped,
real estate semi-detached,IAB21 Real Estate,0.85,scraped,
real estate permit,IAB21 Real Estate,0.85,scraped,
real estate impact fee,IAB21 Real Estate,0.85,scraped,
real estate executive,IAB21 Real Estate,0.85,scraped,
real estate homelessness,IAB21 Real Estate,0.85,scraped,
real estate developmentbuilding codeeconomicspermitplanningparticipatoryconflictimpact feenimbyyimbyzoning,IAB21 Real Estate,0.85,scraped,
real estate rentcontrolregulationevictionjust causestriketenants union,IAB21 Real Estate,0.85,scraped,
real estate investingappraisalbubbleprice indexsubprime lending,IAB21 Real Estate,0.85,scraped,
real estate sustainablearchitecturedevelopmentlivingcity,IAB21 Real Estate,0.85,scraped,
real estate design,IAB21 Real Estate,0.85,scraped,
real estate planning,IAB21 Real Estate,0.85,scraped,
real estate racism,IAB21 Real Estate,0.85,scraped,
real estate security,IAB21 Real Estate,0.85,scraped,
real estate affordabilityby countryindex,IAB21 Real Estate,0.85,scraped,
real estate housing first,IAB21 Real Estate,0.85,scraped,
real estate inequality,IAB21 Real Estate,0.85,scraped,
real estate rapid re-housing,IAB21 Real Estate,0.85,scraped,
real estate right to housing,IAB21 Real Estate,0.85,scraped,
real estate stress,IAB21 Real Estate,0.85,scraped,
real estate subsidizedhome mortgage interest deduction,IAB21 Real Estate,0.85,scraped,
real estate by country,IAB21 Real Estate,0.85,scraped,
real estate index,IAB21 Real Estate,0.85,scraped,
real estate villa,IAB21 Real Estate,0.85,scraped,
architecture florida modern1950s ortropical modernism,IAB21 Real Estate,0.85,scraped,
architecture new towns1946–1968 united kingdom,IAB21 Real Estate,0.85,scraped,
real estate housing discriminationredlining,IAB21 Real Estate,0.85,scraped,
real estate crisisaffordabilityby countryindexhomelessnesshousing firstrapid re-housingright to housingstresssubsidizedhome mortgage interest deduction,IAB21 Real Estate,0.85,scraped,
real estate nimby,IAB21 Real Estate,0.85,scraped,
real estate just cause,IAB21 Real Estate,0.85,scraped,
real estate yimby,IAB21 Real Estate,0.85,scraped,
real estate zoning,IAB21 Real Estate,0.85,scraped,
real estate participatory,IAB21 Real Estate,0.85,scraped,
real estate conflict,IAB21 Real Estate,0.85,scraped,
real estate control,IAB21 Real Estate,0.85,scraped,
real estate economics,IAB21 Real Estate,0.85,scraped,
real estate regulation,IAB21 Real Estate,0.85,scraped,
real estate strike,IAB21 Real Estate,0.85,scraped,
real estate tenants union,IAB21 Real Estate,0.85,scraped,
real estate appraisal,IAB21 Real Estate,0.85,scraped,
real estate healthiness,IAB21 Real Estate,0.85,scraped,
real estate bubble,IAB21 Real Estate,0.85,scraped,
real estate price index,IAB21 Real Estate,0.85,scraped,
real estate subprime lending,IAB21 Real Estate,0.85,scraped,
real estate architecture,IAB21 Real Estate,0.85,scraped,
real estate development,IAB21 Real Estate,0.85,scraped,
real estate evictionjust cause,IAB21 Real Estate,0.85,scraped,
real estate building code,IAB21 Real Estate,0.85,scraped,
real estate redlining,IAB21 Real Estate,0.85,scraped,
real estate home mortgage interest deduction,IAB21 Real Estate,0.85,scraped,
real estate green home,IAB21 Real Estate,0.85,scraped,
architecture functionalismc. 1900 – 1930s europe & us,IAB21 Real Estate,0.85,scraped,
real estate ecohouse,IAB21 Real Estate,0.85,scraped,
real estate real estate development,IAB21 Real Estate,0.85,scraped,
real estate green building,IAB21 Real Estate,0.85,scraped,
real estate group home,IAB21 Real Estate,0.85,scraped,
real estate halfway house,IAB21 Real Estate,0.85,scraped,
real estate healthy community design,IAB21 Real Estate,0.85,scraped,
real estate retirement home,IAB21 Real Estate,0.85,scraped,
real estate homeless shelter,IAB21 Real Estate,0.85,scraped,
real estate local community,IAB21 Real Estate,0.85,scraped,
real estate log house,IAB21 Real Estate,0.85,scraped,
real estate natural building,IAB21 Real Estate,0.85,scraped,
real estate nursing home,IAB21 Real Estate,0.85,scraped,
real estate orphanage,IAB21 Real Estate,0.85,scraped,
real estate prison,IAB21 Real Estate,0.85,scraped,
real estate psychiatric hospital,IAB21 Real Estate,0.85,scraped,
real estate residential care,IAB21 Real Estate,0.85,scraped,
real estate residential treatment center,IAB21 Real Estate,0.85,scraped,
real estate hospital,IAB21 Real Estate,0.85,scraped,
real estate canada,IAB21 Real Estate,0.85,scraped,
real estate china,IAB21 Real Estate,0.85,scraped,
real estate indonesia,IAB21 Real Estate,0.85,scraped,
real estate golf property,IAB21 Real Estate,0.85,scraped,
real estate luxury real estate,IAB21 Real Estate,0.85,scraped,
real estate foster care,IAB21 Real Estate,0.85,scraped,
real estate ecovillage,IAB21 Real Estate,0.85,scraped,
real estate eco-cities,IAB21 Real Estate,0.85,scraped,
real estate real estate economics– application of economic techniques to real estate markets,IAB21 Real Estate,0.85,scraped,
real estate green development– real estate development conceptpages displaying short descriptions of redirect targets,IAB21 Real Estate,0.85,scraped,
"real estate phase i environmental site assessment– contamination assessment for us real estate, known as 'esa'",IAB21 Real Estate,0.85,scraped,
real estate cottage,IAB21 Real Estate,0.85,scraped,
real estate housing estate– group of homes and other buildings built together as a single development,IAB21 Real Estate,0.85,scraped,
real estate supported living,IAB21 Real Estate,0.85,scraped,
real estate estate (land)– comprises the buildings and supporting farmland and woods of a very large property,IAB21 Real Estate,0.85,scraped,
real estate fractional financing,IAB21 Real Estate,0.85,scraped,
real estate land lot– tract or parcel of land that is owned,IAB21 Real Estate,0.85,scraped,
"real estate real estate business– profession of buying, leasing, managing, or selling real estate",IAB21 Real Estate,0.85,scraped,
real estate right to property– human right to own property,IAB21 Real Estate,0.85,scraped,
real estate cottage homes,IAB21 Real Estate,0.85,scraped,
real estate the dictionary definition ofreal estateat wiktionary,IAB21 Real Estate,0.85,scraped,
real estate quotations related toreal estateat wikiquote,IAB21 Real Estate,0.85,scraped,
real estate property,IAB21 Real Estate,0.85,scraped,
real estate tertiary sector of the economy,IAB21 Real Estate,0.85,scraped,
"real estate extraterrestrial real estate– ownership claims of property on other planets, moons, or parts of outer space",IAB21 Real Estate,0.85,scraped,
real estate bangladesh,IAB21 Real Estate,0.85,scraped,
real estate supportive housing,IAB21 Real Estate,0.85,scraped,
real estate retirement community,IAB21 Real Estate,0.85,scraped,
real estate boomtown,IAB21 Real Estate,0.85,scraped,
real estate property management,IAB21 Real Estate,0.85,scraped,
"real estate commercial real estate– buildings or land intended to generate a profit, either from capital gain or rental incomepages displaying short descriptions of redirect targets",IAB21 Real Estate,0.85,scraped,
real estate real estate investing,IAB21 Real Estate,0.85,scraped,
real estate pakistan,IAB21 Real Estate,0.85,scraped,
real estate puerto rico,IAB21 Real Estate,0.85,scraped,
real estate russia,IAB21 Real Estate,0.85,scraped,
real estate saudi arabia,IAB21 Real Estate,0.85,scraped,
real estate united arab emirates,IAB21 Real Estate,0.85,scraped,
real estate united kingdom,IAB21 Real Estate,0.85,scraped,
real estate commercial propertycommercial building,IAB21 Real Estate,0.85,scraped,
real estate corporate real estate,IAB21 Real Estate,0.85,scraped,
real estate extraterrestrial real estate,IAB21 Real Estate,0.85,scraped,
real estate international real estate,IAB21 Real Estate,0.85,scraped,
real estate lease administration,IAB21 Real Estate,0.85,scraped,
real estate niche real estategarden real estatehealthcare real estatevacation propertyarable landgolf propertyluxury real estate,IAB21 Real Estate,0.85,scraped,
real estate off-plan property,IAB21 Real Estate,0.85,scraped,
real estate private equity real estate,IAB21 Real Estate,0.85,scraped,
real estate real estate owned,IAB21 Real Estate,0.85,scraped,
real estate residential property,IAB21 Real Estate,0.85,scraped,
real estate commercial building,IAB21 Real Estate,0.85,scraped,
real estate assisted living,IAB21 Real Estate,0.85,scraped,
real estate alternative lifestyle,IAB21 Real Estate,0.85,scraped,
real estate city,IAB21 Real Estate,0.85,scraped,
real estate living,IAB21 Real Estate,0.85,scraped,
real estate real estate flipping,IAB21 Real Estate,0.85,scraped,
real estate panama,IAB21 Real Estate,0.85,scraped,
real estate environmental surveying,IAB21 Real Estate,0.85,scraped,
real estate kenya,IAB21 Real Estate,0.85,scraped,
real estate land law,IAB21 Real Estate,0.85,scraped,
real estate relocation,IAB21 Real Estate,0.85,scraped,
real estate chain of title,IAB21 Real Estate,0.85,scraped,
real estate closing,IAB21 Real Estate,0.85,scraped,
real estate arable land,IAB21 Real Estate,0.85,scraped,
real estate conditional sale,IAB21 Real Estate,0.85,scraped,
real estate eminent domain,IAB21 Real Estate,0.85,scraped,
real estate encumbrance,IAB21 Real Estate,0.85,scraped,
real estate foreclosure,IAB21 Real Estate,0.85,scraped,
real estate just cause eviction,IAB21 Real Estate,0.85,scraped,
real estate turkey,IAB21 Real Estate,0.85,scraped,
real estate land registration,IAB21 Real Estate,0.85,scraped,
real estate leasehold estatelease,IAB21 Real Estate,0.85,scraped,
real estate property abstract,IAB21 Real Estate,0.85,scraped,
real estate real estate transactionreal estate contract,IAB21 Real Estate,0.85,scraped,
real estate conveyancing,IAB21 Real Estate,0.85,scraped,
real estate vacation property,IAB21 Real Estate,0.85,scraped,
real estate healthcare real estate,IAB21 Real Estate,0.85,scraped,
real estate garden real estate,IAB21 Real Estate,0.85,scraped,
real estate italy,IAB21 Real Estate,0.85,scraped,
home prices still climbing slowly,IAB21 Real Estate,0.84,pseudo labeled,
home prices remain rise,IAB21 Real Estate,0.84,pseudo labeled,
real estate websites zillow trulia merge,IAB21 Real Estate,0.84,pseudo labeled,
another rise home prices comes slower rate,IAB21 Real Estate,0.83,pseudo labeled,
miami real estate prices reflect balanced growth,IAB21 Real Estate,0.83,pseudo labeled,
chinas real estate investments 147 januarymay,IAB21 Real Estate,0.83,pseudo labeled,
housing market sees surge sales heres,IAB21 Real Estate,0.83,pseudo labeled,
housing sales prices show market shaking doldrums,IAB21 Real Estate,0.83,pseudo labeled,
3 stocks thrive us housing market,IAB21 Real Estate,0.82,pseudo labeled,
yellen housing remains big concern,IAB21 Real Estate,0.82,pseudo labeled,
oecd warning house prices adds pressure osborne help buy,IAB21 Real Estate,0.81,pseudo labeled,
lew urges yuan gains sees global risk china real estate,IAB21 Real Estate,0.81,pseudo labeled,
premature rise us interest rates endanger national real estate market,IAB21 Real Estate,0.81,pseudo labeled,
starwood waypoint residential trust announces pricing 200 million,IAB21 Real Estate,0.8,pseudo labeled,
housing market continues losing streak,IAB21 Real Estate,0.8,pseudo labeled,
house prices still growing fast enough,IAB21 Real Estate,0.8,pseudo labeled,
real estate suntrust agrees 550m settlement mortgage lending,IAB21 Real Estate,0.8,pseudo labeled,
"There are many different types of real estate investments, such as single-family homes, multi-family homes, and commercial properties.",IAB21 Real Estate,0.8,synthetic,
home prices rise slower rate,IAB21 Real Estate,0.8,pseudo labeled,
real estate zillow mortgage marketplace 30 year loan hits 6 week low,IAB21 Real Estate,0.79,pseudo labeled,
wheeler real estate investment trust inc added russell microcapr index,IAB21 Real Estate,0.79,pseudo labeled,
"Current trends in the real estate market include the rise of online real estate platforms, the increasing popularity of smart homes, and the growing demand for affordable housing.",IAB21 Real Estate,0.79,synthetic,
home prices across us rise march slower rate,IAB21 Real Estate,0.79,pseudo labeled,
home price gains continue slow,IAB21 Real Estate,0.78,pseudo labeled,
hgtv pulling real estate show amid antigay accusations,IAB21 Real Estate,0.78,pseudo labeled,
home sales home prices rise march,IAB21 Real Estate,0.78,pseudo labeled,
It is important to diversify your real estate investments and to invest in properties that are in good locations.,IAB21 Real Estate,0.78,synthetic,
imfs tune could change house prices run riot,IAB21 Real Estate,0.78,pseudo labeled,
spring arrives housing market sales rise,IAB21 Real Estate,0.77,pseudo labeled,
housing prices beat expectations show gains march,IAB21 Real Estate,0.77,pseudo labeled,
home price gains lose momentum,IAB21 Real Estate,0.77,pseudo labeled,
flas housing market listings prices rise may 2014,IAB21 Real Estate,0.76,pseudo labeled,
yellen stays upbeat watching housing,IAB21 Real Estate,0.76,pseudo labeled,
home sales pickup shows healing us real estate market economy,IAB21 Real Estate,0.76,pseudo labeled,
home prices dip,IAB21 Real Estate,0.76,pseudo labeled,
oecd warns uk house prices,IAB21 Real Estate,0.76,pseudo labeled,
"Architects play a crucial role in the real estate industry, shaping the built environment and influencing property values.",IAB21 Real Estate,0.76,synthetic,
real estate notebook yellen shares feds assessment economy,IAB21 Real Estate,0.76,pseudo labeled,
realtors existinghome sales remain soft march,IAB21 Real Estate,0.75,pseudo labeled,
housing market still sluggish pending home sales rise,IAB21 Real Estate,0.75,pseudo labeled,
rptchinese stocks fall property sector concerns,IAB21 Real Estate,0.75,pseudo labeled,
home price appreciation taps brakes,IAB21 Real Estate,0.75,pseudo labeled,
zillow inc worlds biggest real estate website talks buy number two,IAB21 Real Estate,0.75,pseudo labeled,
home prices overall sales illinois,IAB21 Real Estate,0.75,pseudo labeled,
south florida house prices sales inch march,IAB21 Real Estate,0.75,pseudo labeled,
home price appreciation expected cool half,IAB21 Real Estate,0.75,pseudo labeled,
americas housing market broken,IAB21 Real Estate,0.75,pseudo labeled,
china housing bubble wont impact global financial markets says treasury,IAB21 Real Estate,0.75,pseudo labeled,
oecd warns housing boom risks overheating uk economy,IAB21 Real Estate,0.74,pseudo labeled,
5 things know michael jacksons estate,IAB21 Real Estate,0.74,pseudo labeled,
real estate listing site zillow acquires trulia 35b allstock deal,IAB21 Real Estate,0.74,pseudo labeled,
prompted one estate agent suggest london grip house,IAB21 Real Estate,0.74,pseudo labeled,
home prices rise expected march,IAB21 Real Estate,0.74,pseudo labeled,
home prices caseshiller reports home price gains march,IAB21 Real Estate,0.74,pseudo labeled,
imf wrong housing bubble argues economist,IAB21 Real Estate,0.74,pseudo labeled,
game changer major online house hunting companies zillow trulia talks,IAB21 Real Estate,0.74,pseudo labeled,
seattle home prices continue upward climb,IAB21 Real Estate,0.74,pseudo labeled,
us house prices slow due lower demand,IAB21 Real Estate,0.73,pseudo labeled,
"### 28. JavaScript's Role in the Real Estate Sector: Virtual Property Tours, Market Analysis, and Property Management",IAB21 Real Estate,0.73,synthetic,
"Types of Investments: Stocks, Bonds, Mutual Funds, Real Estate",IAB21 Real Estate,0.73,synthetic,
zillow trulia sale could change real estate market,IAB21 Real Estate,0.72,pseudo labeled,
oecd joins chorus concern uk house prices,IAB21 Real Estate,0.72,pseudo labeled,
warning uk runaway house prices,IAB21 Real Estate,0.72,pseudo labeled,
photos 50 million estate tom brady gisele built scratch,IAB21 Real Estate,0.72,pseudo labeled,
house prices increasingly strong 68 january ons,IAB21 Real Estate,0.72,pseudo labeled,
house prices soar 10 12 months,IAB21 Real Estate,0.72,pseudo labeled,
houseprice gains slowing though cleveland bucks trend latest caseshiller,IAB21 Real Estate,0.71,pseudo labeled,
pending contracts home sales continue fall,IAB21 Real Estate,0.71,pseudo labeled,
realtors california pending home sales jump march,IAB21 Real Estate,0.71,pseudo labeled,
home sales look slowing coming months,IAB21 Real Estate,0.71,pseudo labeled,
citybycity look home prices march,IAB21 Real Estate,0.71,pseudo labeled,
real estate listings giant zillow buy rival trulia 35b stock,IAB21 Real Estate,0.71,pseudo labeled,
paul walkers estate planning disaster followed accident opines ultratrust,IAB21 Real Estate,0.7,pseudo labeled,
index south florida house prices 162 percent march,IAB21 Real Estate,0.7,pseudo labeled,
zillow buying trulia make real estate titan,IAB21 Real Estate,0.7,pseudo labeled,
truliazillow juggernaut threatens entrenched real estate players,IAB21 Real Estate,0.7,pseudo labeled,
zillow trulia deal means fewer competitors online real estate,IAB21 Real Estate,0.7,pseudo labeled,
world wide web zillow buying trulia create real estate titan,IAB21 Real Estate,0.69,pseudo labeled,
weaker sales slowed us home price gains march,IAB21 Real Estate,0.69,pseudo labeled,
homes sales rise first time year,IAB21 Real Estate,0.69,pseudo labeled,
pending home sales show great outperformance,IAB21 Real Estate,0.69,pseudo labeled,
real estate website zillow buys rival trulia 35bn,IAB21 Real Estate,0.69,pseudo labeled,
real estate website zillow buying rival trulia,IAB21 Real Estate,0.69,pseudo labeled,
"The buying and selling of homes is a major financial transaction for most people, and it is important to be well-informed about the process.",IAB21 Real Estate,0.69,synthetic,
oecd calls action house price rises,IAB21 Real Estate,0.69,pseudo labeled,
flas housing market listings rising prices april 2014,IAB21 Real Estate,0.68,pseudo labeled,
housing market finally perking,IAB21 Real Estate,0.68,pseudo labeled,
anonymous real estate magnate giving away cash twitter,IAB21 Real Estate,0.68,pseudo labeled,
stock futures tilt lower ahead housing data,IAB21 Real Estate,0.68,pseudo labeled,
home prices major cities grow slower rate march,IAB21 Real Estate,0.68,pseudo labeled,
rising mortgage rates affect phoenix housing market,IAB21 Real Estate,0.68,pseudo labeled,
housing regaining footing supply improves,IAB21 Real Estate,0.68,pseudo labeled,
housing market south shore recovering still peak,IAB21 Real Estate,0.68,pseudo labeled,
tom gisele selling megaestate la,IAB21 Real Estate,0.68,pseudo labeled,
florida housing sales prices rise slightly april last year,IAB21 Real Estate,0.67,pseudo labeled,
homeprice increases cool,IAB21 Real Estate,0.67,pseudo labeled,
pending home sales may,IAB21 Real Estate,0.67,pseudo labeled,
realtors shouldnt worry zillowtrulia deal pros,IAB21 Real Estate,0.67,pseudo labeled,
home prices slowing boombust markets,IAB21 Real Estate,0.67,pseudo labeled,
chicagoarea home sales prices may,IAB21 Real Estate,0.67,pseudo labeled,
home price gains slow 6thstraight month,IAB21 Real Estate,0.66,pseudo labeled,
china homeprice rises slow demand eases,IAB21 Real Estate,0.66,pseudo labeled,
real estate website operator zillow buying trulia 35 billion stockforstock deal,IAB21 Real Estate,0.66,pseudo labeled,
lindsay lohan house hunting new york city,IAB21 Real Estate,0.66,pseudo labeled,
zillow buy trulia control 70 online real estate searches,IAB21 Real Estate,0.66,pseudo labeled,
existing home sales prices may,IAB21 Real Estate,0.66,pseudo labeled,
home prices inched march rate appreciation slowing,IAB21 Real Estate,0.66,pseudo labeled,
denver home prices hit record high 3rd month pace gains eases,IAB21 Real Estate,0.66,pseudo labeled,
allcash share us residential sales reaches new high first quarter,IAB21 Real Estate,0.66,pseudo labeled,
realtor activist susan ferguson dies,IAB21 Real Estate,0.66,pseudo labeled,
homebuilders stocks strong home sales,IAB21 Real Estate,0.66,pseudo labeled,
bullish consumers rising home prices brighten us growth picture,IAB21 Real Estate,0.66,pseudo labeled,
home price gains slow may caseshiller shows,IAB21 Real Estate,0.66,pseudo labeled,
sales new homes drop 5month low,IAB21 Real Estate,0.66,pseudo labeled,
long island estate sells record 145m,IAB21 Real Estate,0.66,pseudo labeled,
metro atlanta home prices 16 january,IAB21 Real Estate,0.65,pseudo labeled,
18acre hamptons estate sells recordsetting 147m,IAB21 Real Estate,0.65,pseudo labeled,
massachusetts homes sales march median prices continue rise,IAB21 Real Estate,0.65,pseudo labeled,
jacksons estate 3 big claims unresolved,IAB21 Real Estate,0.65,pseudo labeled,
wrapup 2bullish consumers rising home prices brighten us growth picture,IAB21 Real Estate,0.65,pseudo labeled,
ons house prices 91pc,IAB21 Real Estate,0.65,pseudo labeled,
tom brady selling house justbuilt la mansion listed 50m,IAB21 Real Estate,0.65,pseudo labeled,
zillow buying trulia 35 billion make real estate titan,IAB21 Real Estate,0.65,pseudo labeled,
national house price inflation 91 ons,IAB21 Real Estate,0.65,pseudo labeled,
zillowtrulia merger could finally change business real estate,IAB21 Real Estate,0.65,pseudo labeled,
metro atlanta home prices jump 16 march,IAB21 Real Estate,0.65,pseudo labeled,
new home sales rise,IAB21 Real Estate,0.65,pseudo labeled,
"There are many resources available to help you learn more about the real estate market, such as books, websites, and real estate agents.",IAB21 Real Estate,0.65,synthetic,
massachusetts housing market bouncing back greater fall river,IAB21 Real Estate,0.65,pseudo labeled,
confidence among homebuilders falls lowest year,IAB21 Real Estate,0.65,pseudo labeled,
south florida home prices sparkle sales sluggish,IAB21 Real Estate,0.64,pseudo labeled,
home prices rise 105 percent year year april,IAB21 Real Estate,0.64,pseudo labeled,
imf canadas economy risk debt housing market,IAB21 Real Estate,0.64,pseudo labeled,
chicagoarea home prices climb 15 may,IAB21 Real Estate,0.64,pseudo labeled,
real estate website operator zillow buying trulia 35 billion allstock deal,IAB21 Real Estate,0.64,pseudo labeled,
sales preowned homes rise 1st time year,IAB21 Real Estate,0.64,pseudo labeled,
housebuilders slide interest rate fears housing market slowing,IAB21 Real Estate,0.64,pseudo labeled,
yellen warns housing weakness weighing us recovery,IAB21 Real Estate,0.64,pseudo labeled,
home sales decline wisconsin 5th straight month median price rises,IAB21 Real Estate,0.64,pseudo labeled,
us house prices fall may,IAB21 Real Estate,0.64,pseudo labeled,
zillow buying trulia create real estate titan,IAB21 Real Estate,0.64,pseudo labeled,
online real estate firm zillow buy rival trulia 35 billion deal,IAB21 Real Estate,0.64,pseudo labeled,
zillow buys trulia 35b deal merge two biggest real estate advertising,IAB21 Real Estate,0.63,pseudo labeled,
homeprice growth slows 14month low,IAB21 Real Estate,0.63,pseudo labeled,
china property market cools,IAB21 Real Estate,0.63,pseudo labeled,
gisele bundchen tom brady selling estate la,IAB21 Real Estate,0.63,pseudo labeled,
housebuilders struggle amid interest rate rise,IAB21 Real Estate,0.63,pseudo labeled,
home prices ease aprils smallest yearoveryear jump 14 months,IAB21 Real Estate,0.63,pseudo labeled,
ons data shows house prices 8 year,IAB21 Real Estate,0.63,pseudo labeled,
us house price growth slows,IAB21 Real Estate,0.63,pseudo labeled,
tampa area home prices rise sales fall march,IAB21 Real Estate,0.63,pseudo labeled,
pending home sales 8th straight month,IAB21 Real Estate,0.63,pseudo labeled,
massachusetts home sales may median prices continue rise,IAB21 Real Estate,0.63,pseudo labeled,
kim kanye ellens got nothing us flipping houses,IAB21 Real Estate,0.62,pseudo labeled,
metro detroit homes prices 15 higher january previous,IAB21 Real Estate,0.62,pseudo labeled,
existing home sales decline third straight month prices keep rising,IAB21 Real Estate,0.62,pseudo labeled,
dallasarea homeprice gains may smallest since last summer,IAB21 Real Estate,0.62,pseudo labeled,
home resales rise 13 april housing market heats,IAB21 Real Estate,0.62,pseudo labeled,
sales new homes falls fourmonth low,IAB21 Real Estate,0.62,pseudo labeled,
wealthy real estate developer anonymously stashing cash around san,IAB21 Real Estate,0.62,pseudo labeled,
pending us home sales drop february marking 8th straight decline,IAB21 Real Estate,0.62,pseudo labeled,
new home sales rose april,IAB21 Real Estate,0.62,pseudo labeled,
newhome sales fell july,IAB21 Real Estate,0.62,pseudo labeled,
kim kanye bigger nyc home search couple looking privacy space,IAB21 Real Estate,0.62,pseudo labeled,
caseshiller home prices grow slower pace southern california,IAB21 Real Estate,0.62,pseudo labeled,
sales new homes increased 64 april 433000 pace,IAB21 Real Estate,0.62,pseudo labeled,
sales new homes fall fourmonth low,IAB21 Real Estate,0.62,pseudo labeled,
portland home values close prerecession peaks,IAB21 Real Estate,0.62,pseudo labeled,
rosenstein buys 147m hamptons estate,IAB21 Real Estate,0.62,pseudo labeled,
home sales median prices favorable region,IAB21 Real Estate,0.61,pseudo labeled,
existing home sales rise less expected,IAB21 Real Estate,0.61,pseudo labeled,
charlotte home prices rise 69,IAB21 Real Estate,0.61,pseudo labeled,
home sales fall may little inventory market,IAB21 Real Estate,0.61,pseudo labeled,
bank england cannot finetune house prices,IAB21 Real Estate,0.61,pseudo labeled,
correction spcaseshiller us home prices story,IAB21 Real Estate,0.61,pseudo labeled,
gisele bundchen tom brady sell los angeles estate,IAB21 Real Estate,0.61,pseudo labeled,
sales existing us homes hit best monthly gains since 2011,IAB21 Real Estate,0.61,pseudo labeled,
existing homesales show strong returns month may,IAB21 Real Estate,0.61,pseudo labeled,
housing market improves first time 2014,IAB21 Real Estate,0.61,pseudo labeled,
tepid home sales tamp price rise,IAB21 Real Estate,0.61,pseudo labeled,
chicago home prices rising slightly faster nation,IAB21 Real Estate,0.61,pseudo labeled,
home sales inventories bounce back,IAB21 Real Estate,0.61,pseudo labeled,
3 reasons right best time buy home,IAB21 Real Estate,0.61,pseudo labeled,
pending home sales make sharp comeback rates ease inventories rise,IAB21 Real Estate,0.6,pseudo labeled,
zillow buying trulia 35 billion deal create online real estate titan,IAB21 Real Estate,0.6,pseudo labeled,
newhome sales tumble march prices rise,IAB21 Real Estate,0.6,pseudo labeled,
new home sales pick,IAB21 Real Estate,0.6,pseudo labeled,
florida home prices rise may inventory grows,IAB21 Real Estate,0.6,pseudo labeled,
existinghome sales rise april,IAB21 Real Estate,0.6,pseudo labeled,
real estate pros ready google glass go sale tuesday,IAB21 Real Estate,0.6,pseudo labeled,
economy watch homebuilders confidence little rattled,IAB21 Real Estate,0.6,pseudo labeled,
july new home sales falter,IAB21 Real Estate,0.6,pseudo labeled,
existing home sales hit slowest pace since 2012 analysts arent worried,IAB21 Real Estate,0.6,pseudo labeled,
existing home sales languishing 2014,IAB21 Real Estate,0.6,pseudo labeled,
pendinghome sales surge,IAB21 Real Estate,0.59,pseudo labeled,
new home sales rocket higher may,IAB21 Real Estate,0.59,pseudo labeled,
metro denver home prices hit record high may helen h richardson,IAB21 Real Estate,0.59,pseudo labeled,
us home prices rise january,IAB21 Real Estate,0.59,pseudo labeled,
us home prices rise slower rate march,IAB21 Real Estate,0.59,pseudo labeled,
us home prices rise fewer americans afford buy,IAB21 Real Estate,0.59,pseudo labeled,
pending home sales move 61,IAB21 Real Estate,0.59,pseudo labeled,
3 big claims still unresolved michael jacksons estate,IAB21 Real Estate,0.59,pseudo labeled,
janet yellens big concern housing slowdown,IAB21 Real Estate,0.59,pseudo labeled,
real estate back goto career market rebounds,IAB21 Real Estate,0.59,pseudo labeled,
tom brady gisele bündchen selling la estate cool 50 mil,IAB21 Real Estate,0.59,pseudo labeled,
mick jagger declared sole heir lwren scotts 9million estate property,IAB21 Real Estate,0.59,pseudo labeled,
sales new homes reach troubling 4month low,IAB21 Real Estate,0.59,pseudo labeled,
newhome sales rise still lagging,IAB21 Real Estate,0.58,pseudo labeled,
homeprice gains slow tepid sales keep recovery sluggish,IAB21 Real Estate,0.58,pseudo labeled,
home prices rose expected march survey reports,IAB21 Real Estate,0.58,pseudo labeled,
based history existinghome sales underperforming,IAB21 Real Estate,0.58,pseudo labeled,
pending home sales sharply may,IAB21 Real Estate,0.58,pseudo labeled,
wouldbe online househunting giant brokers scared,IAB21 Real Estate,0.58,pseudo labeled,
housing starts disappoint market needs inventory,IAB21 Real Estate,0.58,pseudo labeled,
pace home price gains slow,IAB21 Real Estate,0.58,pseudo labeled,
home sales still question mark,IAB21 Real Estate,0.58,pseudo labeled,
home sales edge signs stress remain,IAB21 Real Estate,0.58,pseudo labeled,
kanye west kim kardashian getting real estate business,IAB21 Real Estate,0.58,pseudo labeled,
kim kardashian goes house hunting nyc,IAB21 Real Estate,0.58,pseudo labeled,
us home prices increase slower pace march,IAB21 Real Estate,0.58,pseudo labeled,
us home prices lift march,IAB21 Real Estate,0.57,pseudo labeled,
boe trapped low cpi soaring house prices,IAB21 Real Estate,0.57,pseudo labeled,
zillow buying trulia build online real estate info titan,IAB21 Real Estate,0.57,pseudo labeled,
existing home sales fall three months row,IAB21 Real Estate,0.57,pseudo labeled,
maine home sales rose 126 percent march,IAB21 Real Estate,0.57,pseudo labeled,
existing home sales rise first time year,IAB21 Real Estate,0.57,pseudo labeled,
us home prices rise moderately may,IAB21 Real Estate,0.57,pseudo labeled,
existinghome sales rise 13 april,IAB21 Real Estate,0.57,pseudo labeled,
zillowtrulia hookup mean housing,IAB21 Real Estate,0.57,pseudo labeled,
george osborne told rein britains booming housing market,IAB21 Real Estate,0.57,pseudo labeled,
pending home sales slip higher costs stall demand,IAB21 Real Estate,0.57,pseudo labeled,
lwren scott leaves rm30m estate mick jagger,IAB21 Real Estate,0.57,pseudo labeled,
prices homes rise columbia county,IAB21 Real Estate,0.57,pseudo labeled,
existing homes sales post first 2014 increase,IAB21 Real Estate,0.57,pseudo labeled,
new home sales fall 5month low,IAB21 Real Estate,0.57,pseudo labeled,
march new home sales plunge,IAB21 Real Estate,0.57,pseudo labeled,
home prices rise slowest pace 15 months,IAB21 Real Estate,0.57,pseudo labeled,
vital signs low inventories support home prices,IAB21 Real Estate,0.57,pseudo labeled,
existinghome sales show slight march decrease,IAB21 Real Estate,0.57,pseudo labeled,
dallas fed retail real estate spurred regions economic growth,IAB21 Real Estate,0.57,pseudo labeled,
huge jump housing recovery,IAB21 Real Estate,0.57,pseudo labeled,
mark carney scotland rates qe housing boom,IAB21 Real Estate,0.57,pseudo labeled,
february new home sales fall,IAB21 Real Estate,0.56,pseudo labeled,
dallas home prices hit record high foreclosure rates decline,IAB21 Real Estate,0.56,pseudo labeled,
new home sales fall fivemonth low us,IAB21 Real Estate,0.56,pseudo labeled,
newhome sales,IAB21 Real Estate,0.56,pseudo labeled,
home prices 20 cities rose slower pace may,IAB21 Real Estate,0.56,pseudo labeled,
whats holding housing back ahead wall street,IAB21 Real Estate,0.56,pseudo labeled,
sales new houses disappoint july dimming hopes economic boost,IAB21 Real Estate,0.56,pseudo labeled,
sales new us homes fell 33 percent february,IAB21 Real Estate,0.56,pseudo labeled,
cash home sales soar south florida realtytrac says,IAB21 Real Estate,0.56,pseudo labeled,
charlottearea home prices 47,IAB21 Real Estate,0.56,pseudo labeled,
us real estate recovers sales new homes rose 64 percent april,IAB21 Real Estate,0.56,pseudo labeled,
us home prices rise may gains remain weak index shows,IAB21 Real Estate,0.56,pseudo labeled,
us home prices rise march slowing pace,IAB21 Real Estate,0.56,pseudo labeled,
home prices fall january december,IAB21 Real Estate,0.56,pseudo labeled,
sales new homes fell 33 percent february,IAB21 Real Estate,0.56,pseudo labeled,
yellen geopolitics us housing could slow recovery,IAB21 Real Estate,0.56,pseudo labeled,
brief charlotte home prices rise 69,IAB21 Real Estate,0.55,pseudo labeled,
housing starts building permits plunge may,IAB21 Real Estate,0.55,pseudo labeled,
sales us existing homes fell march lowest level 20 months face,IAB21 Real Estate,0.55,pseudo labeled,
triangle home prices kept rising april according report,IAB21 Real Estate,0.55,pseudo labeled,
yellen cites housing global tensions economic risks,IAB21 Real Estate,0.55,pseudo labeled,
new home sales rise momentum lacking,IAB21 Real Estate,0.55,pseudo labeled,
us housing regaining footing supply improves,IAB21 Real Estate,0.55,pseudo labeled,
sales existing homes rise first time four months,IAB21 Real Estate,0.55,pseudo labeled,
april new home sales expected,IAB21 Real Estate,0.55,pseudo labeled,
new home sales decline fourmonth low 24,IAB21 Real Estate,0.55,pseudo labeled,
zillow acquisition creating online real estate giant,IAB21 Real Estate,0.55,pseudo labeled,
gold futures poised drop us home sales increase,IAB21 Real Estate,0.55,pseudo labeled,
sales us homes rose may highest six years,IAB21 Real Estate,0.55,pseudo labeled,
smaller house price gains south florida april,IAB21 Real Estate,0.55,pseudo labeled,
pending homes sales rise may,IAB21 Real Estate,0.55,pseudo labeled,
sales new us homes surge,IAB21 Real Estate,0.54,pseudo labeled,
sales new homes 33 percent,IAB21 Real Estate,0.54,pseudo labeled,
newhome sales hit 6year high,IAB21 Real Estate,0.54,pseudo labeled,
china new home prices rise 77 yearonyear march,IAB21 Real Estate,0.54,pseudo labeled,
south florida home prices grow april despite condo sales dip,IAB21 Real Estate,0.54,pseudo labeled,
corelogic us home prices rise 105 percent year year april,IAB21 Real Estate,0.54,pseudo labeled,
home price gains slow april amid tepid sales,IAB21 Real Estate,0.54,pseudo labeled,
real estate rival acquires trulia 35bn allshare deal,IAB21 Real Estate,0.54,pseudo labeled,
wall street dips tuesday home sales rise,IAB21 Real Estate,0.54,pseudo labeled,
china growth dips property fears rise,IAB21 Real Estate,0.54,pseudo labeled,
zillow buys trulia combining top 2 online real estate info providers,IAB21 Real Estate,0.54,pseudo labeled,
activist investor buys ny mansion record 147m,IAB21 Real Estate,0.54,pseudo labeled,
illinois home sales last year,IAB21 Real Estate,0.54,pseudo labeled,
homes sales reach worst level since october 2011,IAB21 Real Estate,0.54,pseudo labeled,
designer leaves 9m estate jagger,IAB21 Real Estate,0.53,pseudo labeled,
repeat uk house price inflation accelerates january,IAB21 Real Estate,0.53,pseudo labeled,
"Architects collaborate with real estate developers, engineers, and other professionals to create functional and aesthetically pleasing buildings.",IAB21 Real Estate,0.53,synthetic,
sales new homes unexpectedly fall fourmonth low,IAB21 Real Estate,0.53,pseudo labeled,
pending home sales drop eighth straight month february,IAB21 Real Estate,0.53,pseudo labeled,
caseshiller home prices 169 march,IAB21 Real Estate,0.53,pseudo labeled,
us home prices rise expected march,IAB21 Real Estate,0.53,pseudo labeled,
carney mmr speculative sellers cause slowing housing demand,IAB21 Real Estate,0.53,pseudo labeled,
median home prices 83 percent illinois,IAB21 Real Estate,0.53,pseudo labeled,
home prices dip jan 3rd straight month,IAB21 Real Estate,0.53,pseudo labeled,
ohio homebuyers busier april sales still arent matching 2013 levels,IAB21 Real Estate,0.53,pseudo labeled,
sales new homes take hit february,IAB21 Real Estate,0.53,pseudo labeled,
pending home sales soar 61,IAB21 Real Estate,0.53,pseudo labeled,
existing home sales rebound inventory increases,IAB21 Real Estate,0.53,pseudo labeled,
home prices rose 132 smallest gain since august amid higher rates,IAB21 Real Estate,0.53,pseudo labeled,
hong kong main index hits highest since december optimism property gains,IAB21 Real Estate,0.53,pseudo labeled,
existing home sales rise first time 2014,IAB21 Real Estate,0.53,pseudo labeled,
us home prices rise slower rate,IAB21 Real Estate,0.53,pseudo labeled,
lwren scott left mick jagger 9 million estate report,IAB21 Real Estate,0.52,pseudo labeled,
home values kansas city drop,IAB21 Real Estate,0.52,pseudo labeled,
pending home sales highest eight months,IAB21 Real Estate,0.52,pseudo labeled,
home sales remain hot experts warn cooling,IAB21 Real Estate,0.52,pseudo labeled,
kim kardashian goes house hunting multimillion dollar home nyc,IAB21 Real Estate,0.52,pseudo labeled,
owens realty mortgage inc added russell 2000r russell 3000r,IAB21 Real Estate,0.52,pseudo labeled,
rptchinas janmay property investment 147 pct yy,IAB21 Real Estate,0.52,pseudo labeled,
sales us homes slip 20month low,IAB21 Real Estate,0.52,pseudo labeled,
house condo sales still last springs market,IAB21 Real Estate,0.52,pseudo labeled,
us home price gains slow may,IAB21 Real Estate,0.52,pseudo labeled,
rj reynolds sells iconic reynolds building 78 mln,IAB21 Real Estate,0.52,pseudo labeled,
existinghome sales see highest uptick since 2011,IAB21 Real Estate,0.52,pseudo labeled,
st louis home prices rise 77 percent,IAB21 Real Estate,0.52,pseudo labeled,
existing home sales see betterthanexpected may pick,IAB21 Real Estate,0.52,pseudo labeled,
pending home sales beat expectations,IAB21 Real Estate,0.51,pseudo labeled,
new home sales expected show gains may,IAB21 Real Estate,0.51,pseudo labeled,
land registry figures show twopaced housing market,IAB21 Real Estate,0.51,pseudo labeled,
lawrence home sales prices fall april new numbers suggest local tax,IAB21 Real Estate,0.51,pseudo labeled,
pending home sales soar nationwide may,IAB21 Real Estate,0.51,pseudo labeled,
new home sales jumped april first increase since january,IAB21 Real Estate,0.51,pseudo labeled,
us economy still needs help housing poses risk yellen,IAB21 Real Estate,0.51,pseudo labeled,
existing home sales shows enlightening rebound 2014 lows,IAB21 Real Estate,0.51,pseudo labeled,
existing home sales inventory surge may,IAB21 Real Estate,0.51,pseudo labeled,
newhome sales fell across us february,IAB21 Real Estate,0.51,pseudo labeled,
seasonallyadjusted home prices declined may,IAB21 Real Estate,0.51,pseudo labeled,
caseshiller home prices fall slightly portland us,IAB21 Real Estate,0.51,pseudo labeled,
existing home sales edge 13,IAB21 Real Estate,0.51,pseudo labeled,
china shares fall financials property hong kong follows,IAB21 Real Estate,0.51,pseudo labeled,
maine home sales increased may prices dipped almost 5 percent,IAB21 Real Estate,0.51,pseudo labeled,
new home sales plummet 145,IAB21 Real Estate,0.51,pseudo labeled,
kim kardashian kanye west getting real estate biz,IAB21 Real Estate,0.51,pseudo labeled,
"The home selling process can also be complex, and it is helpful to work with a real estate agent who can guide you through the process.",IAB21 Real Estate,0.51,synthetic,
newhome sales surge may prices decline,IAB21 Real Estate,0.51,pseudo labeled,
cramer building permits number indicates housing sector growth,IAB21 Real Estate,0.51,pseudo labeled,
beyonce allegedly househunting alone new york,IAB21 Real Estate,0.51,pseudo labeled,
stock futures ahead confidence housing data,IAB21 Real Estate,0.51,pseudo labeled,
"The home buying process can be complex, and it is helpful to work with a real estate agent who can guide you through the process.",IAB21 Real Estate,0.51,synthetic,
paltrow martin selling london house,IAB21 Real Estate,0.51,pseudo labeled,
zillow buying rival trulia crafts 35 billion real estate titan,IAB21 Real Estate,0.51,pseudo labeled,
newhome sales fell 33 february,IAB21 Real Estate,0.51,pseudo labeled,
gains china average new home prices slow march,IAB21 Real Estate,0.51,pseudo labeled,
sales new us homes fell 33 february,IAB21 Real Estate,0.51,pseudo labeled,
stocks inch strong housing consumer data,IAB21 Real Estate,0.5,pseudo labeled,
zillow buys rival trulia creating web realty giant,IAB21 Real Estate,0.5,pseudo labeled,
sales existing us homes rose forecast may,IAB21 Real Estate,0.5,pseudo labeled,
existing home sales rose 49 49m may topping expectations,IAB21 Real Estate,0.5,pseudo labeled,
5 tips selling home best price,IAB21 Real Estate,0.5,pseudo labeled,
massachusetts homes sales march,IAB21 Real Estate,0.5,pseudo labeled,
illinois median home prices 83 percent year ago statewide home,IAB21 Real Estate,0.5,pseudo labeled,
may sees surge pending home sales year still lags last year,IAB21 Real Estate,0.5,pseudo labeled,
realtors concerned effects zillowtrulia merger,IAB21 Real Estate,0.5,pseudo labeled,
sales previously owned homes jump 49 may,IAB21 Real Estate,0.5,pseudo labeled,
china new home prices rise slows 77 pct yy march,IAB21 Real Estate,0.5,pseudo labeled,
existinghome sales heat may inventory levels continue improve,IAB21 Real Estate,0.5,pseudo labeled,
kiwi falls new zealands house prices edges,IAB21 Real Estate,0.5,pseudo labeled,
florida enjoys rising home prices april,IAB21 Real Estate,0.5,pseudo labeled,
maine home sales march,IAB21 Real Estate,0.5,pseudo labeled,
us house price growth slows demand weakens,IAB21 Real Estate,0.5,pseudo labeled,
rba leaves interest rates hold housing price growth slows,IAB21 Real Estate,0.5,pseudo labeled,
pending sales existing homes rise four years,IAB21 Real Estate,0.5,pseudo labeled,
new home sales grew april 64 percent,IAB21 Real Estate,0.5,pseudo labeled,
china may home sales decline 11 weak buying sentiment,IAB21 Real Estate,0.5,pseudo labeled,
us existing home sales head lower heres,IAB21 Real Estate,0.5,pseudo labeled,
empire state median sales price continues climb home sales dip first,IAB21 Real Estate,0.5,pseudo labeled,
housing sector turning corner jobs market firming,IAB21 Real Estate,0.5,pseudo labeled,
home sales rose 13 percent april,IAB21 Real Estate,0.5,pseudo labeled,
nahb us homebuilder sentiment hits sixmonth high july,IAB21 Real Estate,0.5,pseudo labeled,
