text,iab_label,confidence,source,labels
Nutrition,IAB7 Health & Fitness,0.95,subcategories,
Brain Tumor,IAB7 Health & Fitness,0.95,subcategories,
Senor Health,IAB7 Health & Fitness,0.95,subcategories,
Cancer,IAB7 Health & Fitness,0.95,subcategories,
Weight Loss,IAB7 Health & Fitness,0.95,subcategories,
Exercise,IAB7 Health & Fitness,0.95,subcategories,
A.D.D.,IAB7 Health & Fitness,0.95,subcategories,
AIDS/HIV,IAB7 Health & Fitness,0.95,subcategories,
Allergies,IAB7 Health & Fitness,0.95,subcategories,
Alternative Medicine,IAB7 Health & Fitness,0.95,subcategories,
Arthritis,IAB7 Health & Fitness,0.95,subcategories,
Diabetes,IAB7 Health & Fitness,0.95,subcategories,
Dermatology,IAB7 Health & Fitness,0.95,subcategories,
Asthma,IAB7 Health & Fitness,0.95,subcategories,
Autism/PDD,IAB7 Health & Fitness,0.95,subcategories,
Thyroid Disease,IAB7 Health & Fitness,0.95,subcategories,
Substance Abuse,IAB7 Health & Fitness,0.95,subcategories,
Smoking Cessation,IAB7 Health & Fitness,0.95,subcategories,
Sleep Disorders,IAB7 Health & Fitness,0.95,subcategories,
Sexuality,IAB7 Health & Fitness,0.95,subcategories,
Bipolar Disorder,IAB7 Health & Fitness,0.95,subcategories,
Men’s Health,IAB7 Health & Fitness,0.95,subcategories,
Cholesterol,IAB7 Health & Fitness,0.95,subcategories,
Women’s Health,IAB7 Health & Fitness,0.95,subcategories,
Depression,IAB7 Health & Fitness,0.95,subcategories,
Dental Care,IAB7 Health & Fitness,0.95,subcategories,
GERD/Acid Reflux,IAB7 Health & Fitness,0.95,subcategories,
Psychology/Psychiatry,IAB7 Health & Fitness,0.95,subcategories,
Physical Therapy,IAB7 Health & Fitness,0.95,subcategories,
Chronic Pain,IAB7 Health & Fitness,0.95,subcategories,
Cold & Flu,IAB7 Health & Fitness,0.95,subcategories,
Pediatrics,IAB7 Health & Fitness,0.95,subcategories,
Deafness,IAB7 Health & Fitness,0.95,subcategories,
Panic/Anxiety Disorders,IAB7 Health & Fitness,0.95,subcategories,
Orthopedics,IAB7 Health & Fitness,0.95,subcategories,
Chronic Fatigue Syndrome,IAB7 Health & Fitness,0.95,subcategories,
Headaches/Migraines,IAB7 Health & Fitness,0.95,subcategories,
Epilepsy,IAB7 Health & Fitness,0.95,subcategories,
Incontinence,IAB7 Health & Fitness,0.95,subcategories,
Incest/Abuse Support,IAB7 Health & Fitness,0.95,subcategories,
IBS/Crohn’s Disease,IAB7 Health & Fitness,0.95,subcategories,
Holistic Healing,IAB7 Health & Fitness,0.95,subcategories,
Herbs for Health,IAB7 Health & Fitness,0.95,subcategories,
Heart Disease,IAB7 Health & Fitness,0.95,subcategories,
Infertility,IAB7 Health & Fitness,0.95,subcategories,
"Health & Fitness professionals play a vital role in preventing and treating AIDS/HIV, and in promoting the health and well-being of those affected by the disease.",IAB7 Health & Fitness,0.94,synthetic,
Health & Fitness professionals have a vital role to play in the fight against AIDS/HIV.,IAB7 Health & Fitness,0.92,synthetic,
shields sidelined underpopulation,IAB7 Health & Fitness,0.9,scraped,
epidemiology disabilities depression,IAB7 Health & Fitness,0.9,scraped,
cardiovascular security heel,IAB7 Health & Fitness,0.9,scraped,
provide,IAB7 Health & Fitness,0.9,scraped,
emotional,IAB7 Health & Fitness,0.9,scraped,
prevention malaria,IAB7 Health & Fitness,0.9,scraped,
illnesses event,IAB7 Health & Fitness,0.9,scraped,
illness design,IAB7 Health & Fitness,0.9,scraped,
build buy,IAB7 Health & Fitness,0.9,scraped,
Influence on Health & Fitness:,IAB7 Health & Fitness,0.9,synthetic,
ailments combat healthfulness,IAB7 Health & Fitness,0.9,scraped,
working,IAB7 Health & Fitness,0.9,scraped,
physiculture education,IAB7 Health & Fitness,0.9,scraped,
cause cap,IAB7 Health & Fitness,0.9,scraped,
harming potential ammo,IAB7 Health & Fitness,0.9,scraped,
isoprenoid,IAB7 Health & Fitness,0.9,scraped,
international,IAB7 Health & Fitness,0.9,scraped,
sitting,IAB7 Health & Fitness,0.9,scraped,
armed,IAB7 Health & Fitness,0.9,scraped,
upbeat ankle,IAB7 Health & Fitness,0.9,scraped,
struggled psychology,IAB7 Health & Fitness,0.9,scraped,
nurture health,IAB7 Health & Fitness,0.9,scraped,
player contraception torn,IAB7 Health & Fitness,0.9,scraped,
charter breathe global,IAB7 Health & Fitness,0.9,scraped,
stam poor physics,IAB7 Health & Fitness,0.9,scraped,
transfer hernia sweatsuit,IAB7 Health & Fitness,0.9,scraped,
science dermatitis,IAB7 Health & Fitness,0.9,scraped,
developing,IAB7 Health & Fitness,0.9,scraped,
casualties falling failure,IAB7 Health & Fitness,0.9,scraped,
cases morning aids,IAB7 Health & Fitness,0.9,scraped,
charley,IAB7 Health & Fitness,0.9,scraped,
healthful hairline system,IAB7 Health & Fitness,0.9,scraped,
fracture wreck,IAB7 Health & Fitness,0.9,scraped,
hygieia hiv result,IAB7 Health & Fitness,0.9,scraped,
forearm,IAB7 Health & Fitness,0.9,scraped,
emergency injures infections,IAB7 Health & Fitness,0.9,scraped,
exhaustion frail opt,IAB7 Health & Fitness,0.9,scraped,
armour good,IAB7 Health & Fitness,0.9,scraped,
behavior physicians continent,IAB7 Health & Fitness,0.9,scraped,
strain harmed,IAB7 Health & Fitness,0.9,scraped,
money bike,IAB7 Health & Fitness,0.9,scraped,
schizophrenia head spasms,IAB7 Health & Fitness,0.9,scraped,
breastfeeding cap,IAB7 Health & Fitness,0.9,scraped,
genetic wellbeing military,IAB7 Health & Fitness,0.9,scraped,
get breathlessness,IAB7 Health & Fitness,0.9,scraped,
priority sitting dysfunction,IAB7 Health & Fitness,0.9,scraped,
hospitalization gain,IAB7 Health & Fitness,0.9,scraped,
ballack ammo sanitation,IAB7 Health & Fitness,0.9,scraped,
well eduction,IAB7 Health & Fitness,0.9,scraped,
shoulder,IAB7 Health & Fitness,0.9,scraped,
stability metabolism,IAB7 Health & Fitness,0.9,scraped,
transfer states workplaces,IAB7 Health & Fitness,0.9,scraped,
injuries global,IAB7 Health & Fitness,0.9,scraped,
warm twice betoil,IAB7 Health & Fitness,0.9,scraped,
nutritionist rupture,IAB7 Health & Fitness,0.9,scraped,
diaphoretic healthier environmental,IAB7 Health & Fitness,0.9,scraped,
hospitals,IAB7 Health & Fitness,0.9,scraped,
electric business,IAB7 Health & Fitness,0.9,scraped,
major midwifery,IAB7 Health & Fitness,0.9,scraped,
infringement,IAB7 Health & Fitness,0.9,scraped,
ill heavily,IAB7 Health & Fitness,0.9,scraped,
draymond dmg,IAB7 Health & Fitness,0.9,scraped,
alcohol health durability,IAB7 Health & Fitness,0.9,scraped,
sweaty penetrating,IAB7 Health & Fitness,0.9,scraped,
addiction ailments,IAB7 Health & Fitness,0.9,scraped,
cerebral distress,IAB7 Health & Fitness,0.9,scraped,
mischief bodyweight,IAB7 Health & Fitness,0.9,scraped,
buy mechanics electric,IAB7 Health & Fitness,0.9,scraped,
not bipolar,IAB7 Health & Fitness,0.9,scraped,
tear sorry,IAB7 Health & Fitness,0.9,scraped,
lift accidents public,IAB7 Health & Fitness,0.9,scraped,
circadian house,IAB7 Health & Fitness,0.9,scraped,
loose chances fatality,IAB7 Health & Fitness,0.9,scraped,
pull,IAB7 Health & Fitness,0.9,scraped,
appearance report healthy,IAB7 Health & Fitness,0.9,scraped,
take natural,IAB7 Health & Fitness,0.9,scraped,
knock pathogen comfortable,IAB7 Health & Fitness,0.9,scraped,
condom,IAB7 Health & Fitness,0.9,scraped,
limb,IAB7 Health & Fitness,0.9,scraped,
anxiety might,IAB7 Health & Fitness,0.9,scraped,
organization,IAB7 Health & Fitness,0.9,scraped,
hospitalization excersise,IAB7 Health & Fitness,0.9,scraped,
system war shock,IAB7 Health & Fitness,0.9,scraped,
out,IAB7 Health & Fitness,0.9,scraped,
suspension harms,IAB7 Health & Fitness,0.9,scraped,
policy first,IAB7 Health & Fitness,0.9,scraped,
asthma,IAB7 Health & Fitness,0.9,scraped,
machine,IAB7 Health & Fitness,0.9,scraped,
major shatter education,IAB7 Health & Fitness,0.9,scraped,
night isoprenoid insurability,IAB7 Health & Fitness,0.9,scraped,
nonjogging tire,IAB7 Health & Fitness,0.9,scraped,
workers cardio,IAB7 Health & Fitness,0.9,scraped,
sanity acl,IAB7 Health & Fitness,0.9,scraped,
immunizations,IAB7 Health & Fitness,0.9,scraped,
contusion,IAB7 Health & Fitness,0.9,scraped,
test turn fatality,IAB7 Health & Fitness,0.9,scraped,
calisthenics,IAB7 Health & Fitness,0.9,scraped,
classifications push,IAB7 Health & Fitness,0.9,scraped,
eudaimonia sweatsuit crash,IAB7 Health & Fitness,0.9,scraped,
Panic/Anxiety Disorders: A Growing Concern in Health & Fitness,IAB7 Health & Fitness,0.89,synthetic,
exercise physical fitness,IAB7 Health & Fitness,0.85,scraped,
exercise physical therapy,IAB7 Health & Fitness,0.85,scraped,
exercise society portal,IAB7 Health & Fitness,0.85,scraped,
exercise stretching,IAB7 Health & Fitness,0.85,scraped,
disease lists of plant diseases,IAB7 Health & Fitness,0.85,scraped,
exercise yoga,IAB7 Health & Fitness,0.85,scraped,
exercise footballas an exercise,IAB7 Health & Fitness,0.85,scraped,
disease pollution-related diseases,IAB7 Health & Fitness,0.85,scraped,
disease skin conditions,IAB7 Health & Fitness,0.85,scraped,
exercise athletics(ex.pole vault) as a form of exercise,IAB7 Health & Fitness,0.85,scraped,
exercise medicine portal,IAB7 Health & Fitness,0.85,scraped,
exercise epigenetics,IAB7 Health & Fitness,0.85,scraped,
exercise history,IAB7 Health & Fitness,0.85,scraped,
exercise military sports,IAB7 Health & Fitness,0.85,scraped,
exercise exercise and music,IAB7 Health & Fitness,0.85,scraped,
exercise exercise equipment,IAB7 Health & Fitness,0.85,scraped,
exercise exercise physiologyneurobiological effects,IAB7 Health & Fitness,0.85,scraped,
exercise exercise mimetic,IAB7 Health & Fitness,0.85,scraped,
exercise exercise trends,IAB7 Health & Fitness,0.85,scraped,
exercise fitness app,IAB7 Health & Fitness,0.85,scraped,
exercise fitness culture,IAB7 Health & Fitness,0.85,scraped,
exercise outline of exercise,IAB7 Health & Fitness,0.85,scraped,
exercise physical culture,IAB7 Health & Fitness,0.85,scraped,
exercise neurobiological effects,IAB7 Health & Fitness,0.85,scraped,
exercise muscle hypertrophy,IAB7 Health & Fitness,0.85,scraped,
exercise individual,IAB7 Health & Fitness,0.85,scraped,
exercise team,IAB7 Health & Fitness,0.85,scraped,
exercise active living,IAB7 Health & Fitness,0.85,scraped,
exercise sports portal,IAB7 Health & Fitness,0.85,scraped,
exercise physical activity and the environment– guidance on the promotion and creation of physical environments that support increased levels of physical activity.,IAB7 Health & Fitness,0.85,scraped,
exercise behavioural change theories,IAB7 Health & Fitness,0.85,scraped,
exercise walkability,IAB7 Health & Fitness,0.85,scraped,
disease communication disorders,IAB7 Health & Fitness,0.85,scraped,
disease diseases by year of discovery,IAB7 Health & Fitness,0.85,scraped,
disease rare diseases and related termsfromnational institutes of health,IAB7 Health & Fitness,0.85,scraped,
disease search for a rare diseasefromorphanet,IAB7 Health & Fitness,0.85,scraped,
disease diseasesfrom biomedical entity network,IAB7 Health & Fitness,0.85,scraped,
exercise green exercise,IAB7 Health & Fitness,0.85,scraped,
exercise women,IAB7 Health & Fitness,0.85,scraped,
exercise medlineplus topic on exercise and physical fitness,IAB7 Health & Fitness,0.85,scraped,
"exercise adult compendium of physical activities– a website containing lists ofmetabolic equivalent of task(met) values for a number of physical activities, based uponpmid8292105,10993420and21681120",IAB7 Health & Fitness,0.85,scraped,
exercise quotationsfrom wikiquote,IAB7 Health & Fitness,0.85,scraped,
exercise mediafrom commons,IAB7 Health & Fitness,0.85,scraped,
exercise definitionsfrom wiktionary,IAB7 Health & Fitness,0.85,scraped,
exercise warming up,IAB7 Health & Fitness,0.85,scraped,
exercise unilateral training,IAB7 Health & Fitness,0.85,scraped,
exercise bodybuilding,IAB7 Health & Fitness,0.85,scraped,
exercise supercompensation,IAB7 Health & Fitness,0.85,scraped,
exercise non-exercise associated thermogenesis,IAB7 Health & Fitness,0.85,scraped,
exercise neurobiological effects of physical exercise,IAB7 Health & Fitness,0.85,scraped,
exercise metabolic equivalent,IAB7 Health & Fitness,0.85,scraped,
exercise kinesiology,IAB7 Health & Fitness,0.85,scraped,
exercise exercise-induced nausea,IAB7 Health & Fitness,0.85,scraped,
exercise sports activities for exercising,IAB7 Health & Fitness,0.85,scraped,
exercise exercise-induced asthma,IAB7 Health & Fitness,0.85,scraped,
exercise exercise-induced anaphylaxis,IAB7 Health & Fitness,0.85,scraped,
exercise exercise intolerance,IAB7 Health & Fitness,0.85,scraped,
exercise exercise intensity,IAB7 Health & Fitness,0.85,scraped,
exercise exercise hypertension,IAB7 Health & Fitness,0.85,scraped,
exercise cyclability,IAB7 Health & Fitness,0.85,scraped,
exercise parasports,IAB7 Health & Fitness,0.85,scraped,
exercise aerobics,IAB7 Health & Fitness,0.85,scraped,
exercise professional,IAB7 Health & Fitness,0.85,scraped,
wellness bodywork,IAB7 Health & Fitness,0.85,scraped,
exercise bodyweight exercise,IAB7 Health & Fitness,0.85,scraped,
exercise flywheel training,IAB7 Health & Fitness,0.85,scraped,
exercise suspension training,IAB7 Health & Fitness,0.85,scraped,
exercise weight training,IAB7 Health & Fitness,0.85,scraped,
exercise athletic training,IAB7 Health & Fitness,0.85,scraped,
exercise calisthenics,IAB7 Health & Fitness,0.85,scraped,
exercise circuit training,IAB7 Health & Fitness,0.85,scraped,
exercise climbing,IAB7 Health & Fitness,0.85,scraped,
health omoluwabi,IAB7 Health & Fitness,0.85,scraped,
health pāramīs,IAB7 Health & Fitness,0.85,scraped,
health prussian virtues,IAB7 Health & Fitness,0.85,scraped,
wellness association for research and enlightenment,IAB7 Health & Fitness,0.85,scraped,
wellness bone-setting,IAB7 Health & Fitness,0.85,scraped,
wellness black salve,IAB7 Health & Fitness,0.85,scraped,
exercise sprinting,IAB7 Health & Fitness,0.85,scraped,
wellness biological terrain assessment,IAB7 Health & Fitness,0.85,scraped,
wellness bates method,IAB7 Health & Fitness,0.85,scraped,
wellness auriculotherapy,IAB7 Health & Fitness,0.85,scraped,
wellness aromatherapy,IAB7 Health & Fitness,0.85,scraped,
wellness dry needling,IAB7 Health & Fitness,0.85,scraped,
wellness applied kinesiology,IAB7 Health & Fitness,0.85,scraped,
wellness apitherapy,IAB7 Health & Fitness,0.85,scraped,
wellness anthroposophic medicine,IAB7 Health & Fitness,0.85,scraped,
wellness alkaline diet,IAB7 Health & Fitness,0.85,scraped,
wellness acupuncture,IAB7 Health & Fitness,0.85,scraped,
wellness acupressure,IAB7 Health & Fitness,0.85,scraped,
wellness bowen technique,IAB7 Health & Fitness,0.85,scraped,
disease heart disorders,IAB7 Health & Fitness,0.85,scraped,
exercise strength trainingbodybuildingbodyweight exerciseflywheel trainingsuspension trainingweight training,IAB7 Health & Fitness,0.85,scraped,
exercise high-intensity interval training,IAB7 Health & Fitness,0.85,scraped,
exercise semi-professional,IAB7 Health & Fitness,0.85,scraped,
disease intestinal diseases,IAB7 Health & Fitness,0.85,scraped,
exercise amateur,IAB7 Health & Fitness,0.85,scraped,
exercise exercisebiomechanicspracticeperiodizationphysiologystrength training,IAB7 Health & Fitness,0.85,scraped,
exercise doping,IAB7 Health & Fitness,0.85,scraped,
exercise medicineathletic trainingchriopracticinjuryphysicianspsychology,IAB7 Health & Fitness,0.85,scraped,
exercise nutritionbodybuilding supplementssports drink,IAB7 Health & Fitness,0.85,scraped,
exercise pedagogyphysical educationphysical activity,IAB7 Health & Fitness,0.85,scraped,
exercise rating system,IAB7 Health & Fitness,0.85,scraped,
exercise outdoor fitness,IAB7 Health & Fitness,0.85,scraped,
exercise interval training,IAB7 Health & Fitness,0.85,scraped,
"disease notifiable diseases– diseases that should be reported topublic healthservices, e.g., hospitals.",IAB7 Health & Fitness,0.85,scraped,
exercise endurance training,IAB7 Health & Fitness,0.85,scraped,
disease human disease case fatality rates,IAB7 Health & Fitness,0.85,scraped,
disease infectious diseases,IAB7 Health & Fitness,0.85,scraped,
disease eye diseases and disorders,IAB7 Health & Fitness,0.85,scraped,
exercise walking,IAB7 Health & Fitness,0.85,scraped,
disease eponymous diseases,IAB7 Health & Fitness,0.85,scraped,
disease endocrine diseases,IAB7 Health & Fitness,0.85,scraped,
disease childhood diseases and disorders,IAB7 Health & Fitness,0.85,scraped,
disease cancer types,IAB7 Health & Fitness,0.85,scraped,
disease autoimmune diseases,IAB7 Health & Fitness,0.85,scraped,
disease lists of animal diseases,IAB7 Health & Fitness,0.85,scraped,
disease 0–9,IAB7 Health & Fitness,0.85,scraped,
exercise cycling,IAB7 Health & Fitness,0.85,scraped,
exercise distance running,IAB7 Health & Fitness,0.85,scraped,
exercise hiking,IAB7 Health & Fitness,0.85,scraped,
exercise cross-training,IAB7 Health & Fitness,0.85,scraped,
exercise jogging,IAB7 Health & Fitness,0.85,scraped,
exercise swimming,IAB7 Health & Fitness,0.85,scraped,
disease genetic disorders,IAB7 Health & Fitness,0.85,scraped,
health catalogue of vices and virtues,IAB7 Health & Fitness,0.85,scraped,
disease liver disorders,IAB7 Health & Fitness,0.85,scraped,
health moral character,IAB7 Health & Fitness,0.85,scraped,
health resources in your library,IAB7 Health & Fitness,0.85,scraped,
health online books,IAB7 Health & Fitness,0.85,scraped,
"health ""health and safety executive"". u.k. health and safety executive. retrieved7 august2012.",IAB7 Health & Fitness,0.85,scraped,
"health ""occupational safety and health administration"". u.s. department of labor. retrieved7 august2012.",IAB7 Health & Fitness,0.85,scraped,
"health ""skin exposure & effects"".niosh topics. national institute for occupational safety and health. retrieved7 august2012.",IAB7 Health & Fitness,0.85,scraped,
exercise czech republic,IAB7 Health & Fitness,0.85,scraped,
health hse (health and safety executive of great britain) skin at workretrieved on 20 june 2009,IAB7 Health & Fitness,0.85,scraped,
"health ""the case for single payer, universal health care for the united states"". cthealth.server101.com. archived fromthe originalon 23 april 2018. retrieved4 may2009.",IAB7 Health & Fitness,0.85,scraped,
"health ""insuring america's health: principles and recommendations"". institute of medicine at the national academies of science. 14 january 2004. archived fromthe originalon 19 october 2009.",IAB7 Health & Fitness,0.85,scraped,
"health ""the top 10 global health issues to watch in 2013"". intrahealth.org. 15 january 2013. retrieved1 march2014.",IAB7 Health & Fitness,0.85,scraped,
"health ""united nations global issues"". un.org. archived fromthe originalon 8 june 2016.",IAB7 Health & Fitness,0.85,scraped,
"health nutter s. (2003)the health triangle. anchor points, inc.,isbn0-9748760-0-3",IAB7 Health & Fitness,0.85,scraped,
health endowment,IAB7 Health & Fitness,0.85,scraped,
health nicomachean ethics,IAB7 Health & Fitness,0.85,scraped,
health media related tohealthat wikimedia commons,IAB7 Health & Fitness,0.85,scraped,
health positive psychology,IAB7 Health & Fitness,0.85,scraped,
health trait theory,IAB7 Health & Fitness,0.85,scraped,
health virtue ethics,IAB7 Health & Fitness,0.85,scraped,
health bodhipakkhiyā dhammā,IAB7 Health & Fitness,0.85,scraped,
health brahmavihārās,IAB7 Health & Fitness,0.85,scraped,
health bushidō,IAB7 Health & Fitness,0.85,scraped,
wellness fake covid-19 treatments,IAB7 Health & Fitness,0.85,scraped,
health emi omo eso,IAB7 Health & Fitness,0.85,scraped,
health epistemic virtues,IAB7 Health & Fitness,0.85,scraped,
health five virtues,IAB7 Health & Fitness,0.85,scraped,
health four cardinal principles and eight virtues,IAB7 Health & Fitness,0.85,scraped,
health intellectual virtues,IAB7 Health & Fitness,0.85,scraped,
health moral virtues,IAB7 Health & Fitness,0.85,scraped,
health resources in other libraries,IAB7 Health & Fitness,0.85,scraped,
"health ""the national institute for occupational safety and health"". centers for disease control and prevention. retrieved7 august2012.",IAB7 Health & Fitness,0.85,scraped,
health georgia state university. 1998.health triangle slidesarchived11 august 2019 at thewayback machine,IAB7 Health & Fitness,0.85,scraped,
exercise postseason,IAB7 Health & Fitness,0.85,scraped,
exercise physicians,IAB7 Health & Fitness,0.85,scraped,
exercise psychology,IAB7 Health & Fitness,0.85,scraped,
exercise bodybuilding supplements,IAB7 Health & Fitness,0.85,scraped,
exercise sports drink,IAB7 Health & Fitness,0.85,scraped,
exercise physical education,IAB7 Health & Fitness,0.85,scraped,
exercise physical activity,IAB7 Health & Fitness,0.85,scraped,
exercise clubs,IAB7 Health & Fitness,0.85,scraped,
exercise governing bodies,IAB7 Health & Fitness,0.85,scraped,
exercise leaguesseasonpostseason,IAB7 Health & Fitness,0.85,scraped,
exercise school,IAB7 Health & Fitness,0.85,scraped,
exercise international,IAB7 Health & Fitness,0.85,scraped,
exercise radio,IAB7 Health & Fitness,0.85,scraped,
exercise season,IAB7 Health & Fitness,0.85,scraped,
exercise agents,IAB7 Health & Fitness,0.85,scraped,
wellness bach flower remedies,IAB7 Health & Fitness,0.85,scraped,
exercise broadcasting,IAB7 Health & Fitness,0.85,scraped,
exercise economics,IAB7 Health & Fitness,0.85,scraped,
exercise industry,IAB7 Health & Fitness,0.85,scraped,
exercise marketing,IAB7 Health & Fitness,0.85,scraped,
exercise sponsorship,IAB7 Health & Fitness,0.85,scraped,
exercise trade,IAB7 Health & Fitness,0.85,scraped,
exercise general managers,IAB7 Health & Fitness,0.85,scraped,
exercise journalismmagazinespodcastsradio,IAB7 Health & Fitness,0.85,scraped,
exercise promoters,IAB7 Health & Fitness,0.85,scraped,
exercise magazines,IAB7 Health & Fitness,0.85,scraped,
exercise podcasts,IAB7 Health & Fitness,0.85,scraped,
exercise category,IAB7 Health & Fitness,0.85,scraped,
exercise united states,IAB7 Health & Fitness,0.85,scraped,
health nine noble virtues,IAB7 Health & Fitness,0.85,scraped,
"health benz, j; blakey, c; oppenheimer, c.c; scherer, h; robinson, w.t (2013). ""the healthy people initiative: understanding the user's perspective"".journal of public health management and practice.19(2):103–09.doi:10.1097/phh.0b013e318254cc31.issn1078-4659.pmid23358287.",IAB7 Health & Fitness,0.85,scraped,
disease neurological conditions and disorders,IAB7 Health & Fitness,0.85,scraped,
"disease progressive disease, a disease that gets worse over time.",IAB7 Health & Fitness,0.85,scraped,
exercise practice,IAB7 Health & Fitness,0.85,scraped,
exercise biomechanics,IAB7 Health & Fitness,0.85,scraped,
"disease lifestyle disease, a disease caused largely by lifestyle choices.",IAB7 Health & Fitness,0.85,scraped,
"disease fictional diseases, diseases found only in works of fiction.",IAB7 Health & Fitness,0.85,scraped,
"disease airborne disease, a disease that spreads through the air.",IAB7 Health & Fitness,0.85,scraped,
"disease contagious disease, a subset of infectious diseases.",IAB7 Health & Fitness,0.85,scraped,
"disease cryptogenic disease, a disease whose cause is currently unknown.",IAB7 Health & Fitness,0.85,scraped,
"disease disseminated disease, a disease that is spread throughout the body.",IAB7 Health & Fitness,0.85,scraped,
disease environmental disease,IAB7 Health & Fitness,0.85,scraped,
"disease localized disease, a disease affecting one body part or area.",IAB7 Health & Fitness,0.85,scraped,
exercise sociology,IAB7 Health & Fitness,0.85,scraped,
"disease non-communicable disease, a disease that can not be spread between people.",IAB7 Health & Fitness,0.85,scraped,
disease organic disease,IAB7 Health & Fitness,0.85,scraped,
"disease rare disease, a disease that affects very few people.",IAB7 Health & Fitness,0.85,scraped,
health women's health– broad subject that encompasses all facets of women's health,IAB7 Health & Fitness,0.85,scraped,
"disease systemic disease, a disease affecting the whole body.",IAB7 Health & Fitness,0.85,scraped,
"disease rare diseasesfromhealth on the net foundation, available in several languages",IAB7 Health & Fitness,0.85,scraped,
disease abbreviations for diseases and disorders,IAB7 Health & Fitness,0.85,scraped,
disease syndromes,IAB7 Health & Fitness,0.85,scraped,
disease disorders,IAB7 Health & Fitness,0.85,scraped,
disease category:lists of diseases,IAB7 Health & Fitness,0.85,scraped,
disease category:diseases and disorders,IAB7 Health & Fitness,0.85,scraped,
disease personality disorders,IAB7 Health & Fitness,0.85,scraped,
disease mood disorders,IAB7 Health & Fitness,0.85,scraped,
disease eating disorders,IAB7 Health & Fitness,0.85,scraped,
disease vulvovaginal disorders,IAB7 Health & Fitness,0.85,scraped,
disease voice disorders,IAB7 Health & Fitness,0.85,scraped,
disease mental disorderslist of eating disorderslist of mood disorderslist of personality disorders,IAB7 Health & Fitness,0.85,scraped,
exercise periodization,IAB7 Health & Fitness,0.85,scraped,
health population health– health outcomes of a group of individuals,IAB7 Health & Fitness,0.85,scraped,
health federal prevention initiativesarchived15 june 2016 at thewayback machine. u.s. department of health and human services,IAB7 Health & Fitness,0.85,scraped,
health healthychild development,IAB7 Health & Fitness,0.85,scraped,
"health biomedical: all aspects of health, physical and mental, developed within the human body as influenced by genetic make-up.",IAB7 Health & Fitness,0.85,scraped,
exercise israel,IAB7 Health & Fitness,0.85,scraped,
exercise nara,IAB7 Health & Fitness,0.85,scraped,
health educationandliteracy,IAB7 Health & Fitness,0.85,scraped,
health employment/working conditions,IAB7 Health & Fitness,0.85,scraped,
health income andsocial status,IAB7 Health & Fitness,0.85,scraped,
health physical environments,IAB7 Health & Fitness,0.85,scraped,
health social environments,IAB7 Health & Fitness,0.85,scraped,
health social supportnetworks,IAB7 Health & Fitness,0.85,scraped,
health biologyandgenetics,IAB7 Health & Fitness,0.85,scraped,
health culture,IAB7 Health & Fitness,0.85,scraped,
health gender,IAB7 Health & Fitness,0.85,scraped,
health health care services,IAB7 Health & Fitness,0.85,scraped,
health personal health practices andcoping skills,IAB7 Health & Fitness,0.85,scraped,
health one health– collaborative global initiative,IAB7 Health & Fitness,0.85,scraped,
health environmental: all matters related to health external to thehuman bodyand over which the individual has little or no control;,IAB7 Health & Fitness,0.85,scraped,
"health youth health– range of approaches to preventing, detecting or treating young people's health risks and issuespages displaying wikidata descriptions as a fallback",IAB7 Health & Fitness,0.85,scraped,
"health lifestyle: the aggregation of personal decisions (i.e., over which the individual has control) that can be said to contribute to, or cause, illness or death;",IAB7 Health & Fitness,0.85,scraped,
"health biological factors, such as genes or brain chemistry",IAB7 Health & Fitness,0.85,scraped,
health family history of mental health problems,IAB7 Health & Fitness,0.85,scraped,
"health life experiences, such as trauma or abuse",IAB7 Health & Fitness,0.85,scraped,
health disease burden– impact of diseases,IAB7 Health & Fitness,0.85,scraped,
health environmental health– public health branch focused on environmental impacts on human health,IAB7 Health & Fitness,0.85,scraped,
health healing– process of the restoration of health,IAB7 Health & Fitness,0.85,scraped,
health health equity– study and causes of differences in the quality of health and healthcare,IAB7 Health & Fitness,0.85,scraped,
"health human enhancement– natural, artificial, or technological alteration of the human body",IAB7 Health & Fitness,0.85,scraped,
health health and wellness podcasts,IAB7 Health & Fitness,0.85,scraped,
health men's health– broad subject that encompasses all facets of men's health,IAB7 Health & Fitness,0.85,scraped,
wellness breathwork,IAB7 Health & Fitness,0.85,scraped,
wellness young blood transfusion,IAB7 Health & Fitness,0.85,scraped,
wellness camel urine,IAB7 Health & Fitness,0.85,scraped,
health couragecivilmoral,IAB7 Health & Fitness,0.85,scraped,
health theological,IAB7 Health & Fitness,0.85,scraped,
health accountability,IAB7 Health & Fitness,0.85,scraped,
health alertness,IAB7 Health & Fitness,0.85,scraped,
health altruism,IAB7 Health & Fitness,0.85,scraped,
health authenticity,IAB7 Health & Fitness,0.85,scraped,
health calmness,IAB7 Health & Fitness,0.85,scraped,
health charisma,IAB7 Health & Fitness,0.85,scraped,
health charity,IAB7 Health & Fitness,0.85,scraped,
health chivalry,IAB7 Health & Fitness,0.85,scraped,
health faithfulness,IAB7 Health & Fitness,0.85,scraped,
health cleanliness,IAB7 Health & Fitness,0.85,scraped,
health compassion,IAB7 Health & Fitness,0.85,scraped,
health conscientiousness,IAB7 Health & Fitness,0.85,scraped,
health courtesy,IAB7 Health & Fitness,0.85,scraped,
health yamas,IAB7 Health & Fitness,0.85,scraped,
health diligence,IAB7 Health & Fitness,0.85,scraped,
health discernment,IAB7 Health & Fitness,0.85,scraped,
health discipline,IAB7 Health & Fitness,0.85,scraped,
health duty,IAB7 Health & Fitness,0.85,scraped,
health empathy,IAB7 Health & Fitness,0.85,scraped,
health endurance,IAB7 Health & Fitness,0.85,scraped,
health equanimity,IAB7 Health & Fitness,0.85,scraped,
health etiquette,IAB7 Health & Fitness,0.85,scraped,
health faith,IAB7 Health & Fitness,0.85,scraped,
health perspicacity,IAB7 Health & Fitness,0.85,scraped,
health philanthropy,IAB7 Health & Fitness,0.85,scraped,
health pietyfilial,IAB7 Health & Fitness,0.85,scraped,
health ārjava,IAB7 Health & Fitness,0.85,scraped,
health cardinal,IAB7 Health & Fitness,0.85,scraped,
health values in action inventory of strengths,IAB7 Health & Fitness,0.85,scraped,
health yi,IAB7 Health & Fitness,0.85,scraped,
health magnanimity,IAB7 Health & Fitness,0.85,scraped,
health gratitude,IAB7 Health & Fitness,0.85,scraped,
health good faith,IAB7 Health & Fitness,0.85,scraped,
health glory,IAB7 Health & Fitness,0.85,scraped,
health generosity,IAB7 Health & Fitness,0.85,scraped,
health frugality,IAB7 Health & Fitness,0.85,scraped,
health insight,IAB7 Health & Fitness,0.85,scraped,
health integrity,IAB7 Health & Fitness,0.85,scraped,
health intelligenceemotionalsocial,IAB7 Health & Fitness,0.85,scraped,
health judgement,IAB7 Health & Fitness,0.85,scraped,
health justice,IAB7 Health & Fitness,0.85,scraped,
health kindness,IAB7 Health & Fitness,0.85,scraped,
health love,IAB7 Health & Fitness,0.85,scraped,
health loyalty,IAB7 Health & Fitness,0.85,scraped,
health magnificence,IAB7 Health & Fitness,0.85,scraped,
health three treasures,IAB7 Health & Fitness,0.85,scraped,
health meekness,IAB7 Health & Fitness,0.85,scraped,
health mercy,IAB7 Health & Fitness,0.85,scraped,
health moderation,IAB7 Health & Fitness,0.85,scraped,
health modesty,IAB7 Health & Fitness,0.85,scraped,
health nonattachment,IAB7 Health & Fitness,0.85,scraped,
health patience,IAB7 Health & Fitness,0.85,scraped,
health patriotism,IAB7 Health & Fitness,0.85,scraped,
health forgiveness,IAB7 Health & Fitness,0.85,scraped,
health foresight,IAB7 Health & Fitness,0.85,scraped,
health fidelity,IAB7 Health & Fitness,0.85,scraped,
health chastity,IAB7 Health & Fitness,0.85,scraped,
health seven virtuescardinaltheological,IAB7 Health & Fitness,0.85,scraped,
health teachings of the seven grandfathers,IAB7 Health & Fitness,0.85,scraped,
health ren,IAB7 Health & Fitness,0.85,scraped,
health agape,IAB7 Health & Fitness,0.85,scraped,
wellness cancer treatments,IAB7 Health & Fitness,0.85,scraped,
health solidarity,IAB7 Health & Fitness,0.85,scraped,
health punctuality,IAB7 Health & Fitness,0.85,scraped,
health religion,IAB7 Health & Fitness,0.85,scraped,
health renunciation,IAB7 Health & Fitness,0.85,scraped,
health resilience,IAB7 Health & Fitness,0.85,scraped,
health respect,IAB7 Health & Fitness,0.85,scraped,
health reverence,IAB7 Health & Fitness,0.85,scraped,
health righteous indignation,IAB7 Health & Fitness,0.85,scraped,
health righteousness,IAB7 Health & Fitness,0.85,scraped,
health self-control,IAB7 Health & Fitness,0.85,scraped,
health self-cultivation,IAB7 Health & Fitness,0.85,scraped,
health self-transcendence,IAB7 Health & Fitness,0.85,scraped,
health simplicity,IAB7 Health & Fitness,0.85,scraped,
health sincerity,IAB7 Health & Fitness,0.85,scraped,
health wisdom,IAB7 Health & Fitness,0.85,scraped,
health politeness,IAB7 Health & Fitness,0.85,scraped,
health social,IAB7 Health & Fitness,0.85,scraped,
health emotional,IAB7 Health & Fitness,0.85,scraped,
health moral,IAB7 Health & Fitness,0.85,scraped,
health civil,IAB7 Health & Fitness,0.85,scraped,
health workmanship,IAB7 Health & Fitness,0.85,scraped,
health wit,IAB7 Health & Fitness,0.85,scraped,
health trust,IAB7 Health & Fitness,0.85,scraped,
health sportsmanship,IAB7 Health & Fitness,0.85,scraped,
health tranquillity,IAB7 Health & Fitness,0.85,scraped,
health temperance,IAB7 Health & Fitness,0.85,scraped,
health taste,IAB7 Health & Fitness,0.85,scraped,
health sympathy,IAB7 Health & Fitness,0.85,scraped,
exercise science daily's reference on physical exercise,IAB7 Health & Fitness,0.85,scraped,
health prudence,IAB7 Health & Fitness,0.85,scraped,
health filial,IAB7 Health & Fitness,0.85,scraped,
health arete,IAB7 Health & Fitness,0.85,scraped,
health dāna,IAB7 Health & Fitness,0.85,scraped,
health ataraxia,IAB7 Health & Fitness,0.85,scraped,
health eutrapelia,IAB7 Health & Fitness,0.85,scraped,
health philotimo,IAB7 Health & Fitness,0.85,scraped,
health phronesis,IAB7 Health & Fitness,0.85,scraped,
health sophia,IAB7 Health & Fitness,0.85,scraped,
health sophrosyne,IAB7 Health & Fitness,0.85,scraped,
health adhiṭṭhāna,IAB7 Health & Fitness,0.85,scraped,
health ahimsa,IAB7 Health & Fitness,0.85,scraped,
health akrodha,IAB7 Health & Fitness,0.85,scraped,
health aparigraha,IAB7 Health & Fitness,0.85,scraped,
health asteya,IAB7 Health & Fitness,0.85,scraped,
health jing,IAB7 Health & Fitness,0.85,scraped,
health brahmacharya,IAB7 Health & Fitness,0.85,scraped,
health dhṛti,IAB7 Health & Fitness,0.85,scraped,
health de,IAB7 Health & Fitness,0.85,scraped,
health hrī,IAB7 Health & Fitness,0.85,scraped,
health karuṇā,IAB7 Health & Fitness,0.85,scraped,
health kshama,IAB7 Health & Fitness,0.85,scraped,
health kshanti,IAB7 Health & Fitness,0.85,scraped,
health mettā,IAB7 Health & Fitness,0.85,scraped,
health muditā,IAB7 Health & Fitness,0.85,scraped,
health nishkama karma,IAB7 Health & Fitness,0.85,scraped,
health prajñā,IAB7 Health & Fitness,0.85,scraped,
health samatva,IAB7 Health & Fitness,0.85,scraped,
health satya,IAB7 Health & Fitness,0.85,scraped,
health shaucha,IAB7 Health & Fitness,0.85,scraped,
health pity,IAB7 Health & Fitness,0.85,scraped,
health li,IAB7 Health & Fitness,0.85,scraped,
health heroism,IAB7 Health & Fitness,0.85,scraped,
health sevā,IAB7 Health & Fitness,0.85,scraped,
health honesty,IAB7 Health & Fitness,0.85,scraped,
wellness skepticismscientific,IAB7 Health & Fitness,0.85,scraped,
health united states,IAB7 Health & Fitness,0.85,scraped,
health france,IAB7 Health & Fitness,0.85,scraped,
health bnf data,IAB7 Health & Fitness,0.85,scraped,
health czech republic,IAB7 Health & Fitness,0.85,scraped,
health latvia,IAB7 Health & Fitness,0.85,scraped,
health israel,IAB7 Health & Fitness,0.85,scraped,
health i̇slâm ansiklopedisi,IAB7 Health & Fitness,0.85,scraped,
wellness alternative medicinehistoryterminology,IAB7 Health & Fitness,0.85,scraped,
wellness alternative veterinary medicine,IAB7 Health & Fitness,0.85,scraped,
wellness quackery(health fraud),IAB7 Health & Fitness,0.85,scraped,
wellness rise of modern medicine,IAB7 Health & Fitness,0.85,scraped,
wellness pseudoscience,IAB7 Health & Fitness,0.85,scraped,
wellness antiscience,IAB7 Health & Fitness,0.85,scraped,
wellness detoxificationfoot detox,IAB7 Health & Fitness,0.85,scraped,
health germany,IAB7 Health & Fitness,0.85,scraped,
wellness ear candling,IAB7 Health & Fitness,0.85,scraped,
health upekṣā,IAB7 Health & Fitness,0.85,scraped,
wellness radionics,IAB7 Health & Fitness,0.85,scraped,
wellness thetahealing,IAB7 Health & Fitness,0.85,scraped,
wellness scientific racism,IAB7 Health & Fitness,0.85,scraped,
wellness rolfing,IAB7 Health & Fitness,0.85,scraped,
wellness rbop,IAB7 Health & Fitness,0.85,scraped,
wellness reflexology,IAB7 Health & Fitness,0.85,scraped,
wellness rapid prompting method,IAB7 Health & Fitness,0.85,scraped,
wellness quantum healing,IAB7 Health & Fitness,0.85,scraped,
wellness energy medicinecorreactologyesoteric energyreikitherapeutic touch,IAB7 Health & Fitness,0.85,scraped,
wellness psychodermatology,IAB7 Health & Fitness,0.85,scraped,
wellness psychic surgery,IAB7 Health & Fitness,0.85,scraped,
wellness therapeutic nihilism,IAB7 Health & Fitness,0.85,scraped,
health sisu,IAB7 Health & Fitness,0.85,scraped,
health hope,IAB7 Health & Fitness,0.85,scraped,
wellness terminology,IAB7 Health & Fitness,0.85,scraped,
wellness charcoal cleanse,IAB7 Health & Fitness,0.85,scraped,
wellness chiropracticchiropractic treatment techniquesvertebral subluxation,IAB7 Health & Fitness,0.85,scraped,
wellness christian science,IAB7 Health & Fitness,0.85,scraped,
wellness chromotherapy,IAB7 Health & Fitness,0.85,scraped,
wellness colloidal silver,IAB7 Health & Fitness,0.85,scraped,
wellness colon cleansingcoffee enema,IAB7 Health & Fitness,0.85,scraped,
wellness colorpuncture,IAB7 Health & Fitness,0.85,scraped,
wellness conversion therapy,IAB7 Health & Fitness,0.85,scraped,
wellness craniosacral therapy,IAB7 Health & Fitness,0.85,scraped,
wellness crystal healing,IAB7 Health & Fitness,0.85,scraped,
wellness cupping therapy,IAB7 Health & Fitness,0.85,scraped,
wellness dental amalgam controversy,IAB7 Health & Fitness,0.85,scraped,
wellness scientific,IAB7 Health & Fitness,0.85,scraped,
wellness history,IAB7 Health & Fitness,0.85,scraped,
health seny,IAB7 Health & Fitness,0.85,scraped,
health virtù,IAB7 Health & Fitness,0.85,scraped,
health auctoritas,IAB7 Health & Fitness,0.85,scraped,
health caritas,IAB7 Health & Fitness,0.85,scraped,
health decorum,IAB7 Health & Fitness,0.85,scraped,
health dignitas,IAB7 Health & Fitness,0.85,scraped,
health fides,IAB7 Health & Fitness,0.85,scraped,
health gravitas,IAB7 Health & Fitness,0.85,scraped,
health humanitas,IAB7 Health & Fitness,0.85,scraped,
health pietas,IAB7 Health & Fitness,0.85,scraped,
health virtus,IAB7 Health & Fitness,0.85,scraped,
health ganbaru,IAB7 Health & Fitness,0.85,scraped,
health giri,IAB7 Health & Fitness,0.85,scraped,
health sadaqah,IAB7 Health & Fitness,0.85,scraped,
wellness postural integration,IAB7 Health & Fitness,0.85,scraped,
wellness phrenology,IAB7 Health & Fitness,0.85,scraped,
wellness parapsychology,IAB7 Health & Fitness,0.85,scraped,
wellness mms,IAB7 Health & Fitness,0.85,scraped,
wellness hypnotherapy,IAB7 Health & Fitness,0.85,scraped,
wellness ionized jewelry,IAB7 Health & Fitness,0.85,scraped,
wellness iridology,IAB7 Health & Fitness,0.85,scraped,
wellness lightning process,IAB7 Health & Fitness,0.85,scraped,
wellness orthomolecular medicine,IAB7 Health & Fitness,0.85,scraped,
wellness lymphotherapy,IAB7 Health & Fitness,0.85,scraped,
wellness magnet therapy,IAB7 Health & Fitness,0.85,scraped,
wellness manual therapy,IAB7 Health & Fitness,0.85,scraped,
wellness manual lymphatic drainage,IAB7 Health & Fitness,0.85,scraped,
wellness medical intuitive,IAB7 Health & Fitness,0.85,scraped,
wellness megavitamin therapy,IAB7 Health & Fitness,0.85,scraped,
wellness mesmerism,IAB7 Health & Fitness,0.85,scraped,
wellness mind–body interventions,IAB7 Health & Fitness,0.85,scraped,
wellness myofascial release,IAB7 Health & Fitness,0.85,scraped,
wellness ozone therapy,IAB7 Health & Fitness,0.85,scraped,
wellness naet,IAB7 Health & Fitness,0.85,scraped,
wellness naturopathy,IAB7 Health & Fitness,0.85,scraped,
wellness oil pulling,IAB7 Health & Fitness,0.85,scraped,
wellness orgone,IAB7 Health & Fitness,0.85,scraped,
health vīrya,IAB7 Health & Fitness,0.85,scraped,
health śraddhā/saddhā,IAB7 Health & Fitness,0.85,scraped,
health scout law,IAB7 Health & Fitness,0.85,scraped,
health honour,IAB7 Health & Fitness,0.85,scraped,
health innocence,IAB7 Health & Fitness,0.85,scraped,
health impartiality,IAB7 Health & Fitness,0.85,scraped,
health humility,IAB7 Health & Fitness,0.85,scraped,
health humanity,IAB7 Health & Fitness,0.85,scraped,
health hospitality,IAB7 Health & Fitness,0.85,scraped,
wellness hydrotherapy,IAB7 Health & Fitness,0.85,scraped,
wellness homeopathybach flower remedies,IAB7 Health & Fitness,0.85,scraped,
wellness hologram bracelet,IAB7 Health & Fitness,0.85,scraped,
wellness holistic dentistry,IAB7 Health & Fitness,0.85,scraped,
wellness thomsonianism,IAB7 Health & Fitness,0.85,scraped,
wellness thought field therapy,IAB7 Health & Fitness,0.85,scraped,
wellness urophagia,IAB7 Health & Fitness,0.85,scraped,
wellness vaginal steaming,IAB7 Health & Fitness,0.85,scraped,
wellness vegetotherapy,IAB7 Health & Fitness,0.85,scraped,
wellness vision therapy,IAB7 Health & Fitness,0.85,scraped,
wellness vitalism,IAB7 Health & Fitness,0.85,scraped,
exercise chriopractic,IAB7 Health & Fitness,0.85,scraped,
wellness zero balancing,IAB7 Health & Fitness,0.85,scraped,
wellness chiropractic treatment techniques,IAB7 Health & Fitness,0.85,scraped,
wellness vertebral subluxation,IAB7 Health & Fitness,0.85,scraped,
wellness coffee enema,IAB7 Health & Fitness,0.85,scraped,
wellness foot detox,IAB7 Health & Fitness,0.85,scraped,
wellness correactology,IAB7 Health & Fitness,0.85,scraped,
wellness esoteric energy,IAB7 Health & Fitness,0.85,scraped,
wellness reiki,IAB7 Health & Fitness,0.85,scraped,
wellness therapeutic touch,IAB7 Health & Fitness,0.85,scraped,
wellness osteopathy,IAB7 Health & Fitness,0.85,scraped,
wellness osteomyology,IAB7 Health & Fitness,0.85,scraped,
wellness orthopathy,IAB7 Health & Fitness,0.85,scraped,
wellness jilly juice,IAB7 Health & Fitness,0.85,scraped,
wellness estrogen dominance,IAB7 Health & Fitness,0.85,scraped,
wellness fabunan antiviral injection,IAB7 Health & Fitness,0.85,scraped,
wellness facilitated communication,IAB7 Health & Fitness,0.85,scraped,
wellness feldenkrais method,IAB7 Health & Fitness,0.85,scraped,
wellness functional medicine,IAB7 Health & Fitness,0.85,scraped,
wellness hair analysis,IAB7 Health & Fitness,0.85,scraped,
exercise injury,IAB7 Health & Fitness,0.85,scraped,
wellness fasciablaster,IAB7 Health & Fitness,0.85,scraped,
exercise strength training,IAB7 Health & Fitness,0.85,scraped,
wellness faith healing,IAB7 Health & Fitness,0.85,scraped,
wellness mind–body intervention,IAB7 Health & Fitness,0.85,scraped,
wellness biologically based therapy,IAB7 Health & Fitness,0.85,scraped,
wellness manipulative methods,IAB7 Health & Fitness,0.85,scraped,
wellness energy therapy,IAB7 Health & Fitness,0.85,scraped,
wellness africanmutisouthern africa,IAB7 Health & Fitness,0.85,scraped,
wellness ayurvedadoshamvah,IAB7 Health & Fitness,0.85,scraped,
wellness balneotherapy,IAB7 Health & Fitness,0.85,scraped,
wellness brazilian,IAB7 Health & Fitness,0.85,scraped,
wellness bush medicine,IAB7 Health & Fitness,0.85,scraped,
wellness cambodian,IAB7 Health & Fitness,0.85,scraped,
wellness chineseblood stasischinese herbologydit dagua shagill plate tradelong gumeridianmoxibustionpressure pointqisan jiaotui nazang-fu,IAB7 Health & Fitness,0.85,scraped,
wellness chumash,IAB7 Health & Fitness,0.85,scraped,
wellness curandero,IAB7 Health & Fitness,0.85,scraped,
wellness herbal medicine,IAB7 Health & Fitness,0.85,scraped,
wellness turbo cancer,IAB7 Health & Fitness,0.85,scraped,
wellness hilot,IAB7 Health & Fitness,0.85,scraped,
wellness moxibustion,IAB7 Health & Fitness,0.85,scraped,
wellness pressure point,IAB7 Health & Fitness,0.85,scraped,
wellness qi,IAB7 Health & Fitness,0.85,scraped,
injury health issues in youth sports,IAB7 Health & Fitness,0.85,scraped,
injury orchard sports injury and illness classification system (osiics),IAB7 Health & Fitness,0.85,scraped,
injury squatting position,IAB7 Health & Fitness,0.85,scraped,
injury physical injuries in yoga,IAB7 Health & Fitness,0.85,scraped,
"injury armatas, v.1, chondrou, e., yiannakos, a., galazoulas, ch., velkopoulos, c. physical training 2007. january 2007. 21 march 2009 <http://ejmas.com/pt/2007pt/ptart_galazoulas_0707.html>.",IAB7 Health & Fitness,0.85,scraped,
"injury cluett, jonathan m.d. medial collateral ligament treatment. 29 may 2006. 16 april 2009 <http://orthopedics.about.com/cs/kneeinjuries/a/mclinjury_2.htm>.",IAB7 Health & Fitness,0.85,scraped,
"injury doermann, david. continuum, the magazine of the university of utah. spring 1998. 19 march 2009 <http://www.alumni.utah.edu/continuum/spring98/sidelines.html>.",IAB7 Health & Fitness,0.85,scraped,
"injury lysaght, michael j. knee injuries and therapies in competitive athletes. 20 march 2009 <http://biomed.brown.edu/courses/bi108/bi108_2004_groups/group06/group6project/homepage.htm>.",IAB7 Health & Fitness,0.85,scraped,
"injury selesnick, harlan. sports injuries espn. 4 october 2007.",IAB7 Health & Fitness,0.85,scraped,
wellness alternative medical systems,IAB7 Health & Fitness,0.85,scraped,
wellness in chiropractic,IAB7 Health & Fitness,0.85,scraped,
injury individual,IAB7 Health & Fitness,0.85,scraped,
wellness chinese herbology,IAB7 Health & Fitness,0.85,scraped,
wellness shamanism,IAB7 Health & Fitness,0.85,scraped,
wellness shiatsu,IAB7 Health & Fitness,0.85,scraped,
wellness siddha,IAB7 Health & Fitness,0.85,scraped,
wellness sri lankan,IAB7 Health & Fitness,0.85,scraped,
wellness thai massage,IAB7 Health & Fitness,0.85,scraped,
wellness unani,IAB7 Health & Fitness,0.85,scraped,
injury practice,IAB7 Health & Fitness,0.85,scraped,
wellness vietnamese,IAB7 Health & Fitness,0.85,scraped,
wellness muti,IAB7 Health & Fitness,0.85,scraped,
wellness southern africa,IAB7 Health & Fitness,0.85,scraped,
wellness dosha,IAB7 Health & Fitness,0.85,scraped,
wellness mvah,IAB7 Health & Fitness,0.85,scraped,
wellness blood stasis,IAB7 Health & Fitness,0.85,scraped,
wellness dit da,IAB7 Health & Fitness,0.85,scraped,
wellness mmr vaccine and autism,IAB7 Health & Fitness,0.85,scraped,
wellness gua sha,IAB7 Health & Fitness,0.85,scraped,
wellness gill plate trade,IAB7 Health & Fitness,0.85,scraped,
wellness long gu,IAB7 Health & Fitness,0.85,scraped,
wellness meridian,IAB7 Health & Fitness,0.85,scraped,
wellness kambo,IAB7 Health & Fitness,0.85,scraped,
wellness kayakalpa,IAB7 Health & Fitness,0.85,scraped,
wellness jamu,IAB7 Health & Fitness,0.85,scraped,
wellness iranian,IAB7 Health & Fitness,0.85,scraped,
wellness water fluoridation controversy,IAB7 Health & Fitness,0.85,scraped,
wellness covid-19 misinformationturbo cancer,IAB7 Health & Fitness,0.85,scraped,
wellness opv aids hypothesis,IAB7 Health & Fitness,0.85,scraped,
wellness vaccine misinformation,IAB7 Health & Fitness,0.85,scraped,
wellness vaccines and autism,IAB7 Health & Fitness,0.85,scraped,
injury sports injuriesat thenational health service(nhs),IAB7 Health & Fitness,0.85,scraped,
injury team,IAB7 Health & Fitness,0.85,scraped,
"exercises theshoulder pressis performed while seated, or standing by lowering a weight held above the head to just above the shoulders, and then raising it again. it can be performed with both arms, or one arm at a time. this is a compound exercise that also involves the trapezius and the triceps.major variants: 360 degree shoulder press (wrists are rotated while weights are lifted, then weights are lowered in front of the head before being rotated back to the first position).",IAB7 Health & Fitness,0.85,scraped,
"exercises theupright rowis performed while standing, holding a weight hanging down in the hands, by lifting it straight up to the collarbone. this is a compound exercise that also involves the trapezius, upper back, forearms, triceps, and the biceps. the narrower the grip the more the trapezius muscles are exercised.upright rows are prone to injure the shoulder through internal rotation and elevation of the ball and socket joint.equipment: dumbbells, barbell, smith machine or cable machine.",IAB7 Health & Fitness,0.85,scraped,
wellness salutogenesis,IAB7 Health & Fitness,0.85,scraped,
wellness self-care,IAB7 Health & Fitness,0.85,scraped,
wellness wellness tourism,IAB7 Health & Fitness,0.85,scraped,
wellness workplace wellness,IAB7 Health & Fitness,0.85,scraped,
wellness germany,IAB7 Health & Fitness,0.85,scraped,
wellness czech republic,IAB7 Health & Fitness,0.85,scraped,
injury warming up before sport improves the blood flow in muscles and allows for the muscle temperature to rise which helps to prevent muscle strains or tears.,IAB7 Health & Fitness,0.85,scraped,
"injury provide children with the right well-fitting equipment for sports like helmets, shin guards, ankle braces, gloves, and others to prevent injuries.",IAB7 Health & Fitness,0.85,scraped,
injury have breaks and drink water as well to keep them hydrated.,IAB7 Health & Fitness,0.85,scraped,
injury baseball injury list,IAB7 Health & Fitness,0.85,scraped,
diets slow-carb diet,IAB7 Health & Fitness,0.85,scraped,
diets master cleanse,IAB7 Health & Fitness,0.85,scraped,
"diets sonoma diet: a diet based on portion control and centered around consuming ""power foods""",IAB7 Health & Fitness,0.85,scraped,
"exercises thechest flyis performed while lying face up on a bench or standing up, with arms outspread holding weights, by bringing the arms together above the chest. this is a compound exercise for thepectorals. other muscles worked includedeltoids,triceps, andforearms.equipment: dumbbells, cable machine or ""pec deck"" machine.major variants: incline ~ (more emphasis on the upper pectorals), decline ~ (more emphasis on the lower pectorals), cable crossover.",IAB7 Health & Fitness,0.85,scraped,
wellness mindfulness,IAB7 Health & Fitness,0.85,scraped,
exercises cable crossovers,IAB7 Health & Fitness,0.85,scraped,
exercises dips,IAB7 Health & Fitness,0.85,scraped,
"exercises equipment: dumbbells, cable machine or ""pec deck"" machine.",IAB7 Health & Fitness,0.85,scraped,
"exercises major variants: incline ~ (more emphasis on the upper pectorals), decline ~ (more emphasis on the lower pectorals), cable crossover.",IAB7 Health & Fitness,0.85,scraped,
"exercises thepulldownis performed while seated by pulling a wide bar down towards the upper chest or behind the neck. this is a compound exercise that also involves the biceps, forearms, and the rear deltoids.equipment: cable machine or pulldown machine.major variants: chin-up or pullup (using the body weight while hanging from a high bar), close grip ~ (more emphasis on the lower lats), reverse grip ~ (more emphasis on the biceps).",IAB7 Health & Fitness,0.85,scraped,
"exercises major variants: chin-up or pullup (using the body weight while hanging from a high bar), close grip ~ (more emphasis on the lower lats), reverse grip ~ (more emphasis on the biceps).",IAB7 Health & Fitness,0.85,scraped,
"exercises thepull-upis performed by hanging from a chin-up bar above head height with the palms facing forward (supinated) and pulling the body up so the chin reaches or passes the bar. the pull-up is a compound exercise that also involves the biceps, forearms, traps, and the rear deltoids. a chin-up (palms facing backwards) places more emphasis on the biceps and a wide grip pullup places more emphasis on the lats. as beginners of this exercise are often unable to lift their own bodyweight, a chin-up machine can be used with counterweights to assist them in the lift.equipment: chin-up bar or chin-up machine.",IAB7 Health & Fitness,0.85,scraped,
exercises equipment: chin-up bar or chin-up machine.,IAB7 Health & Fitness,0.85,scraped,
"exercises thebent-over rowis performed while leaning over, holding a weight hanging down in one hand or both hands, by pulling it up towards the abdomen. this is a compound exercise that also involves the biceps, forearms, traps, and the rear deltoids. the torso is unsupported in some variants of this exercise, in which case lifting belts are often used to help support the lower back.equipment: dumbbell, barbell, smith machine or t-bar machine.major variants: cable row (using a cable machine while seated).",IAB7 Health & Fitness,0.85,scraped,
"exercises equipment: dumbbell, barbell, smith machine or t-bar machine.",IAB7 Health & Fitness,0.85,scraped,
exercises major variants: cable row (using a cable machine while seated).,IAB7 Health & Fitness,0.85,scraped,
exercises upright rows are prone to injure the shoulder through internal rotation and elevation of the ball and socket joint.,IAB7 Health & Fitness,0.85,scraped,
diets iodine,IAB7 Health & Fitness,0.85,scraped,
wellness organic food culture,IAB7 Health & Fitness,0.85,scraped,
wellness healthism,IAB7 Health & Fitness,0.85,scraped,
injury military sports,IAB7 Health & Fitness,0.85,scraped,
injury injured reserve list,IAB7 Health & Fitness,0.85,scraped,
injury parasports,IAB7 Health & Fitness,0.85,scraped,
injury women,IAB7 Health & Fitness,0.85,scraped,
injury professional,IAB7 Health & Fitness,0.85,scraped,
injury semi-professional,IAB7 Health & Fitness,0.85,scraped,
injury amateur,IAB7 Health & Fitness,0.85,scraped,
injury exercisebiomechanicspracticeperiodizationphysiologystrength training,IAB7 Health & Fitness,0.85,scraped,
injury doping,IAB7 Health & Fitness,0.85,scraped,
injury medicineathletic trainingchriopracticinjuryphysicianspsychology,IAB7 Health & Fitness,0.85,scraped,
injury nutritionbodybuilding supplementssports drink,IAB7 Health & Fitness,0.85,scraped,
injury pedagogyphysical educationphysical activity,IAB7 Health & Fitness,0.85,scraped,
injury rating system,IAB7 Health & Fitness,0.85,scraped,
injury sociology,IAB7 Health & Fitness,0.85,scraped,
injury biomechanics,IAB7 Health & Fitness,0.85,scraped,
injury health issues in athletics,IAB7 Health & Fitness,0.85,scraped,
wellness complementary and alternative medicine,IAB7 Health & Fitness,0.85,scraped,
wellness san jiao,IAB7 Health & Fitness,0.85,scraped,
injury doping in sport,IAB7 Health & Fitness,0.85,scraped,
wellness tui na,IAB7 Health & Fitness,0.85,scraped,
wellness zang-fu,IAB7 Health & Fitness,0.85,scraped,
wellness adrenal fatigue,IAB7 Health & Fitness,0.85,scraped,
wellness aerotoxic syndrome,IAB7 Health & Fitness,0.85,scraped,
wellness candida hypersensitivity,IAB7 Health & Fitness,0.85,scraped,
wellness chronic lyme disease,IAB7 Health & Fitness,0.85,scraped,
wellness electromagnetic hypersensitivity,IAB7 Health & Fitness,0.85,scraped,
wellness heavy legs,IAB7 Health & Fitness,0.85,scraped,
wellness leaky gut syndrome,IAB7 Health & Fitness,0.85,scraped,
wellness multiple chemical sensitivity,IAB7 Health & Fitness,0.85,scraped,
wellness wilson's temperature syndrome,IAB7 Health & Fitness,0.85,scraped,
wellness prophetic medicine,IAB7 Health & Fitness,0.85,scraped,
wellness naftalan oil,IAB7 Health & Fitness,0.85,scraped,
wellness mongolian,IAB7 Health & Fitness,0.85,scraped,
injury promoters,IAB7 Health & Fitness,0.85,scraped,
injury asiasouth asia,IAB7 Health & Fitness,0.85,scraped,
injury athletic training,IAB7 Health & Fitness,0.85,scraped,
injury chriopractic,IAB7 Health & Fitness,0.85,scraped,
injury injury,IAB7 Health & Fitness,0.85,scraped,
injury psychology,IAB7 Health & Fitness,0.85,scraped,
injury bodybuilding supplements,IAB7 Health & Fitness,0.85,scraped,
injury sports drink,IAB7 Health & Fitness,0.85,scraped,
injury physical education,IAB7 Health & Fitness,0.85,scraped,
injury physical activity,IAB7 Health & Fitness,0.85,scraped,
injury clubs,IAB7 Health & Fitness,0.85,scraped,
injury governing bodies,IAB7 Health & Fitness,0.85,scraped,
injury leaguesseasonpostseason,IAB7 Health & Fitness,0.85,scraped,
injury teams,IAB7 Health & Fitness,0.85,scraped,
injury international,IAB7 Health & Fitness,0.85,scraped,
injury magazines,IAB7 Health & Fitness,0.85,scraped,
injury season,IAB7 Health & Fitness,0.85,scraped,
injury postseason,IAB7 Health & Fitness,0.85,scraped,
injury agents,IAB7 Health & Fitness,0.85,scraped,
injury broadcasting,IAB7 Health & Fitness,0.85,scraped,
injury economics,IAB7 Health & Fitness,0.85,scraped,
injury industry,IAB7 Health & Fitness,0.85,scraped,
injury marketing,IAB7 Health & Fitness,0.85,scraped,
injury sponsorship,IAB7 Health & Fitness,0.85,scraped,
injury trade,IAB7 Health & Fitness,0.85,scraped,
injury general managers,IAB7 Health & Fitness,0.85,scraped,
injury journalismmagazinespodcastsradio,IAB7 Health & Fitness,0.85,scraped,
injury australia,IAB7 Health & Fitness,0.85,scraped,
exercises equipment: cable machine or pulldown machine.,IAB7 Health & Fitness,0.85,scraped,
injury school,IAB7 Health & Fitness,0.85,scraped,
injury physicians,IAB7 Health & Fitness,0.85,scraped,
wellness mien shiang,IAB7 Health & Fitness,0.85,scraped,
injury sports mascots,IAB7 Health & Fitness,0.85,scraped,
exercise physiology,IAB7 Health & Fitness,0.85,scraped,
injury memorabilia,IAB7 Health & Fitness,0.85,scraped,
injury rivalries,IAB7 Health & Fitness,0.85,scraped,
injury philosophy,IAB7 Health & Fitness,0.85,scraped,
injury olympic culture,IAB7 Health & Fitness,0.85,scraped,
injury numbering,IAB7 Health & Fitness,0.85,scraped,
injury namingnicknames,IAB7 Health & Fitness,0.85,scraped,
injury cheerleaders,IAB7 Health & Fitness,0.85,scraped,
injury history,IAB7 Health & Fitness,0.85,scraped,
injury fan,IAB7 Health & Fitness,0.85,scraped,
injury entertainment,IAB7 Health & Fitness,0.85,scraped,
injury betting,IAB7 Health & Fitness,0.85,scraped,
injury sportsmanship,IAB7 Health & Fitness,0.85,scraped,
injury national sport,IAB7 Health & Fitness,0.85,scraped,
injury radio,IAB7 Health & Fitness,0.85,scraped,
injury violence,IAB7 Health & Fitness,0.85,scraped,
injury nicknames,IAB7 Health & Fitness,0.85,scraped,
injury artificial turf,IAB7 Health & Fitness,0.85,scraped,
injury balls,IAB7 Health & Fitness,0.85,scraped,
injury caving,IAB7 Health & Fitness,0.85,scraped,
injury exercise,IAB7 Health & Fitness,0.85,scraped,
injury flying disc,IAB7 Health & Fitness,0.85,scraped,
injury sportswear,IAB7 Health & Fitness,0.85,scraped,
injury sports law,IAB7 Health & Fitness,0.85,scraped,
injury ministries,IAB7 Health & Fitness,0.85,scraped,
injury africa,IAB7 Health & Fitness,0.85,scraped,
injury podcasts,IAB7 Health & Fitness,0.85,scraped,
injury regulation,IAB7 Health & Fitness,0.85,scraped,
injury europe,IAB7 Health & Fitness,0.85,scraped,
"diets pescetarianism: a diet which includesseafood, but not poultry, other white meat ormeat from mammals.",IAB7 Health & Fitness,0.85,scraped,
"diets monotrophic diet: a diet that involves eating only one food item, or one type of food, for a period of time to achieve a desired weight reduction.",IAB7 Health & Fitness,0.85,scraped,
injury germany,IAB7 Health & Fitness,0.85,scraped,
injury western world,IAB7 Health & Fitness,0.85,scraped,
injury latin america,IAB7 Health & Fitness,0.85,scraped,
injury sports portal,IAB7 Health & Fitness,0.85,scraped,
injury category,IAB7 Health & Fitness,0.85,scraped,
injury outline,IAB7 Health & Fitness,0.85,scraped,
injury american football,IAB7 Health & Fitness,0.85,scraped,
injury australian rules football,IAB7 Health & Fitness,0.85,scraped,
injury cricket,IAB7 Health & Fitness,0.85,scraped,
injury netball,IAB7 Health & Fitness,0.85,scraped,
injury running,IAB7 Health & Fitness,0.85,scraped,
injury swimming,IAB7 Health & Fitness,0.85,scraped,
injury tennis,IAB7 Health & Fitness,0.85,scraped,
injury volleyball,IAB7 Health & Fitness,0.85,scraped,
injury united states,IAB7 Health & Fitness,0.85,scraped,
diets master cleanse: a modified juice fast that substitutes tea and lemonade for food.,IAB7 Health & Fitness,0.85,scraped,
injury france,IAB7 Health & Fitness,0.85,scraped,
injury bnf data,IAB7 Health & Fitness,0.85,scraped,
injury japan,IAB7 Health & Fitness,0.85,scraped,
injury latvia,IAB7 Health & Fitness,0.85,scraped,
injury israel,IAB7 Health & Fitness,0.85,scraped,
diets 5:2 diet: an intermittent fasting diet,IAB7 Health & Fitness,0.85,scraped,
diets the hacker's diet: a calorie-control diet fromthe hacker's dietbyjohn walker. the book suggests that the key to reaching and maintaining the desired weight is understanding and carefully monitoring calories consumed and used.,IAB7 Health & Fitness,0.85,scraped,
injury strength training,IAB7 Health & Fitness,0.85,scraped,
wellness tibetan,IAB7 Health & Fitness,0.85,scraped,
injury periodization,IAB7 Health & Fitness,0.85,scraped,
diets smart for life,IAB7 Health & Fitness,0.85,scraped,
wellness japanese,IAB7 Health & Fitness,0.85,scraped,
wellness maya,IAB7 Health & Fitness,0.85,scraped,
injury south asia,IAB7 Health & Fitness,0.85,scraped,
injury south america,IAB7 Health & Fitness,0.85,scraped,
injury oceania,IAB7 Health & Fitness,0.85,scraped,
diets tongue patch diet: stitching amarlexpatch to the tongue to make eating painful. daily calories are then limited to 800 per day maximum in liquid form.,IAB7 Health & Fitness,0.85,scraped,
diets low-fodmap diet: a diet that consists in the global restriction of all fermentable carbohydrates (fodmaps).,IAB7 Health & Fitness,0.85,scraped,
diets soft diet,IAB7 Health & Fitness,0.85,scraped,
diets pegan diet,IAB7 Health & Fitness,0.85,scraped,
diets rhubarb diet,IAB7 Health & Fitness,0.85,scraped,
diets superfooddiet,IAB7 Health & Fitness,0.85,scraped,
diets other high-fat variants.,IAB7 Health & Fitness,0.85,scraped,
diets liquid diets,IAB7 Health & Fitness,0.85,scraped,
diets ke diet,IAB7 Health & Fitness,0.85,scraped,
diets protein-sparing modified fast,IAB7 Health & Fitness,0.85,scraped,
"diets ovo vegetarianism: a vegetarian diet that includes eggs, but excludes dairy.",IAB7 Health & Fitness,0.85,scraped,
"diets pollotarianism: a diet which includespoultry, but no other white meat, seafood or meat from mammals.",IAB7 Health & Fitness,0.85,scraped,
injury north america,IAB7 Health & Fitness,0.85,scraped,
diets clean eatingor themacrobiotic diet,IAB7 Health & Fitness,0.85,scraped,
"diets high-protein diet: a diet in which high quantities of protein are consumed with the intention of building muscle. not to be confused with low-carb diets, where the intention is to lose weight by restricting carbohydrates.",IAB7 Health & Fitness,0.85,scraped,
diets low glycemic index diet,IAB7 Health & Fitness,0.85,scraped,
diets low-protein diet,IAB7 Health & Fitness,0.85,scraped,
diets low sodium diet,IAB7 Health & Fitness,0.85,scraped,
diets low-sulfur diet,IAB7 Health & Fitness,0.85,scraped,
diets mushroom diet: a mushroom-predominant diet.,IAB7 Health & Fitness,0.85,scraped,
diets okinawa diet: a low-calorie diet based on the traditional eating habits of people from theryukyu islands.,IAB7 Health & Fitness,0.85,scraped,
"diets prison loaf: a meal replacement served in some united states prisons to inmates who are not trusted to use cutlery. its composition varies between institutions and states, but as a replacement for standard food, it is intended to provide inmates with all their dietary needs.",IAB7 Health & Fitness,0.85,scraped,
diets shangri-la diet,IAB7 Health & Fitness,0.85,scraped,
diets slimming world diet,IAB7 Health & Fitness,0.85,scraped,
injury physiology,IAB7 Health & Fitness,0.85,scraped,
"diets mcdougall's starch diet is a high calorie, high fiber, low fat diet that is based on starches such as potatoes, rice, and beans which excludes all animal foods and added vegetable oils.john a. mcdougalldraws on historical observation of how many civilizations around the world throughout time have thrived on starch foods.",IAB7 Health & Fitness,0.85,scraped,
"diets stillman diet: a carbohydrate-restricted diet that predates the atkins diet, allowing consumption of specific food ingredients.",IAB7 Health & Fitness,0.85,scraped,
"diets kimkins: a heavily promoted diet for weight loss, found to be fraudulent.",IAB7 Health & Fitness,0.85,scraped,
"exercises equipment: dumbbells, barbell, smith machine or cable machine.",IAB7 Health & Fitness,0.85,scraped,
wellness korean,IAB7 Health & Fitness,0.85,scraped,
"exercises themilitary pressis similar to the shoulder press but is performed while standing with the feet together. (it is named ""military"" because of the similarity in appearance to the ""at attention"" position used in most militaries) unlike the seated shoulder press, the military press involves the majority of the muscles of the core as stabilizers to keep the body rigid and upright, and is thus a more effective compound exercise.equipment: dumbbells, kettlebells, barbell, smith machine or shoulder press machine.major variants: arnold press (dumbbells are raised while rotating the palms outwards).",IAB7 Health & Fitness,0.85,scraped,
diets vitamin b5,IAB7 Health & Fitness,0.85,scraped,
diets methionine,IAB7 Health & Fitness,0.85,scraped,
diets phenylalanine,IAB7 Health & Fitness,0.85,scraped,
diets proline,IAB7 Health & Fitness,0.85,scraped,
diets selenocysteine,IAB7 Health & Fitness,0.85,scraped,
diets serine,IAB7 Health & Fitness,0.85,scraped,
diets threonine,IAB7 Health & Fitness,0.85,scraped,
diets tryptophan,IAB7 Health & Fitness,0.85,scraped,
diets tyrosine,IAB7 Health & Fitness,0.85,scraped,
diets valine,IAB7 Health & Fitness,0.85,scraped,
diets vitamin a,IAB7 Health & Fitness,0.85,scraped,
diets vitamin b1,IAB7 Health & Fitness,0.85,scraped,
diets vitamin b2,IAB7 Health & Fitness,0.85,scraped,
diets vitamin b3,IAB7 Health & Fitness,0.85,scraped,
diets vitamin b6,IAB7 Health & Fitness,0.85,scraped,
diets specific carbohydrate,IAB7 Health & Fitness,0.85,scraped,
diets vitamin b7,IAB7 Health & Fitness,0.85,scraped,
diets vitamin b9,IAB7 Health & Fitness,0.85,scraped,
diets vitamin b12,IAB7 Health & Fitness,0.85,scraped,
diets vitamin c,IAB7 Health & Fitness,0.85,scraped,
diets vitamin d,IAB7 Health & Fitness,0.85,scraped,
diets vitamin e,IAB7 Health & Fitness,0.85,scraped,
diets vitamin k,IAB7 Health & Fitness,0.85,scraped,
diets calcium,IAB7 Health & Fitness,0.85,scraped,
diets chlorine,IAB7 Health & Fitness,0.85,scraped,
diets chromium,IAB7 Health & Fitness,0.85,scraped,
diets lysine,IAB7 Health & Fitness,0.85,scraped,
diets isoleucine,IAB7 Health & Fitness,0.85,scraped,
diets entomophagy,IAB7 Health & Fitness,0.85,scraped,
diets leucine,IAB7 Health & Fitness,0.85,scraped,
diets renal diet,IAB7 Health & Fitness,0.85,scraped,
diets cotton ball,IAB7 Health & Fitness,0.85,scraped,
diets nutritional rating systems,IAB7 Health & Fitness,0.85,scraped,
"exercises major variants: 360 degree shoulder press (wrists are rotated while weights are lifted, then weights are lowered in front of the head before being rotated back to the first position).",IAB7 Health & Fitness,0.85,scraped,
diets jewish,IAB7 Health & Fitness,0.85,scraped,
exercise teams,IAB7 Health & Fitness,0.85,scraped,
diets food portal,IAB7 Health & Fitness,0.85,scraped,
diets academy of nutrition and dietetics,IAB7 Health & Fitness,0.85,scraped,
diets comparison of islamic and jewish dietary laws,IAB7 Health & Fitness,0.85,scraped,
diets dietitian,IAB7 Health & Fitness,0.85,scraped,
diets british dietetic association,IAB7 Health & Fitness,0.85,scraped,
diets eating disorder,IAB7 Health & Fitness,0.85,scraped,
diets eatwell plate,IAB7 Health & Fitness,0.85,scraped,
diets food security,IAB7 Health & Fitness,0.85,scraped,
diets intuitive eating,IAB7 Health & Fitness,0.85,scraped,
diets diet food creators,IAB7 Health & Fitness,0.85,scraped,
diets online weight loss plans,IAB7 Health & Fitness,0.85,scraped,
diets npo,IAB7 Health & Fitness,0.85,scraped,
diets vegetarianism and religion,IAB7 Health & Fitness,0.85,scraped,
diets veganism,IAB7 Health & Fitness,0.85,scraped,
diets omnivore,IAB7 Health & Fitness,0.85,scraped,
diets plant-based,IAB7 Health & Fitness,0.85,scraped,
diets western,IAB7 Health & Fitness,0.85,scraped,
diets mediterranean,IAB7 Health & Fitness,0.85,scraped,
diets atlantic,IAB7 Health & Fitness,0.85,scraped,
diets low carbon,IAB7 Health & Fitness,0.85,scraped,
diets planetary health,IAB7 Health & Fitness,0.85,scraped,
diets buddhist,IAB7 Health & Fitness,0.85,scraped,
diets hindu,IAB7 Health & Fitness,0.85,scraped,
diets islamic,IAB7 Health & Fitness,0.85,scraped,
diets jain,IAB7 Health & Fitness,0.85,scraped,
diets histidine,IAB7 Health & Fitness,0.85,scraped,
diets pica,IAB7 Health & Fitness,0.85,scraped,
diets fruitarianism,IAB7 Health & Fitness,0.85,scraped,
exercise national sport,IAB7 Health & Fitness,0.85,scraped,
exercise rivalries,IAB7 Health & Fitness,0.85,scraped,
exercise outline,IAB7 Health & Fitness,0.85,scraped,
exercise philosophy,IAB7 Health & Fitness,0.85,scraped,
exercise olympic culture,IAB7 Health & Fitness,0.85,scraped,
exercise numbering,IAB7 Health & Fitness,0.85,scraped,
exercise namingnicknames,IAB7 Health & Fitness,0.85,scraped,
exercise memorabilia,IAB7 Health & Fitness,0.85,scraped,
exercise fan,IAB7 Health & Fitness,0.85,scraped,
exercise exercise,IAB7 Health & Fitness,0.85,scraped,
exercise flying disc,IAB7 Health & Fitness,0.85,scraped,
exercise sportswear,IAB7 Health & Fitness,0.85,scraped,
exercise sports law,IAB7 Health & Fitness,0.85,scraped,
exercise ministries,IAB7 Health & Fitness,0.85,scraped,
exercise regulation,IAB7 Health & Fitness,0.85,scraped,
exercise violence,IAB7 Health & Fitness,0.85,scraped,
exercise africa,IAB7 Health & Fitness,0.85,scraped,
exercise australia,IAB7 Health & Fitness,0.85,scraped,
exercise asiasouth asia,IAB7 Health & Fitness,0.85,scraped,
exercise europe,IAB7 Health & Fitness,0.85,scraped,
exercise north america,IAB7 Health & Fitness,0.85,scraped,
exercise oceania,IAB7 Health & Fitness,0.85,scraped,
exercise south america,IAB7 Health & Fitness,0.85,scraped,
exercise south asia,IAB7 Health & Fitness,0.85,scraped,
exercise western world,IAB7 Health & Fitness,0.85,scraped,
exercise latin america,IAB7 Health & Fitness,0.85,scraped,
exercise entertainment,IAB7 Health & Fitness,0.85,scraped,
exercise cheerleaders,IAB7 Health & Fitness,0.85,scraped,
exercise betting,IAB7 Health & Fitness,0.85,scraped,
exercise sportsmanship,IAB7 Health & Fitness,0.85,scraped,
exercise nicknames,IAB7 Health & Fitness,0.85,scraped,
diets dash,IAB7 Health & Fitness,0.85,scraped,
diets diet food,IAB7 Health & Fitness,0.85,scraped,
diets inuit,IAB7 Health & Fitness,0.85,scraped,
diets mind,IAB7 Health & Fitness,0.85,scraped,
diets time restricted eating,IAB7 Health & Fitness,0.85,scraped,
diets liquid diet,IAB7 Health & Fitness,0.85,scraped,
diets ninja diet,IAB7 Health & Fitness,0.85,scraped,
diets raw foodism,IAB7 Health & Fitness,0.85,scraped,
diets u.s. military,IAB7 Health & Fitness,0.85,scraped,
diets cambridge,IAB7 Health & Fitness,0.85,scraped,
diets macrobiotic,IAB7 Health & Fitness,0.85,scraped,
wellness hiv/aids denialismopv aids hypothesis,IAB7 Health & Fitness,0.85,scraped,
diets junk food,IAB7 Health & Fitness,0.85,scraped,
diets superfood,IAB7 Health & Fitness,0.85,scraped,
diets slow-carb,IAB7 Health & Fitness,0.85,scraped,
diets alanine,IAB7 Health & Fitness,0.85,scraped,
exercise artificial turf,IAB7 Health & Fitness,0.85,scraped,
diets arginine,IAB7 Health & Fitness,0.85,scraped,
diets asparagine,IAB7 Health & Fitness,0.85,scraped,
diets aspartic acid,IAB7 Health & Fitness,0.85,scraped,
diets cysteine,IAB7 Health & Fitness,0.85,scraped,
diets glutamic acid,IAB7 Health & Fitness,0.85,scraped,
diets glutamine,IAB7 Health & Fitness,0.85,scraped,
diets glycine,IAB7 Health & Fitness,0.85,scraped,
wellness anti-vaccinationismvaccine misinformationvaccines and autismmmr vaccine and autismin chiropractic,IAB7 Health & Fitness,0.85,scraped,
diets christian,IAB7 Health & Fitness,0.85,scraped,
wellness big pharma conspiracy theories,IAB7 Health & Fitness,0.85,scraped,
exercise sports mascots,IAB7 Health & Fitness,0.85,scraped,
exercise caving,IAB7 Health & Fitness,0.85,scraped,
exercise balls,IAB7 Health & Fitness,0.85,scraped,
diets sikh,IAB7 Health & Fitness,0.85,scraped,
diets rastafari,IAB7 Health & Fitness,0.85,scraped,
diets monotrophic diet,IAB7 Health & Fitness,0.85,scraped,
exercises close-grip bench press(c),IAB7 Health & Fitness,0.85,scraped,
diets vegetarian diet pyramid,IAB7 Health & Fitness,0.85,scraped,
diets weight watchers,IAB7 Health & Fitness,0.85,scraped,
diets category,IAB7 Health & Fitness,0.85,scraped,
diets commons,IAB7 Health & Fitness,0.85,scraped,
diets cookbook,IAB7 Health & Fitness,0.85,scraped,
"exercises major variants:lying ~(lying face up with the weights over the face), kickback (bent over with the upper arm parallel to the torso).",IAB7 Health & Fitness,0.85,scraped,
"exercises thepreacher curlis performed while standing or seated, with hands hanging down holding weights (palms facing forwards), by curling them up to the shoulders. it can be performed with both arms, or one arm at a time.",IAB7 Health & Fitness,0.85,scraped,
exercises standing barbell curl,IAB7 Health & Fitness,0.85,scraped,
exercises lateral raise(i),IAB7 Health & Fitness,0.85,scraped,
exercises shoulder press(c),IAB7 Health & Fitness,0.85,scraped,
exercises upright row(c),IAB7 Health & Fitness,0.85,scraped,
exercises bicep curl(i),IAB7 Health & Fitness,0.85,scraped,
exercises reverse grip push-up(c),IAB7 Health & Fitness,0.85,scraped,
exercises close grip push-up(c),IAB7 Health & Fitness,0.85,scraped,
diets myplate,IAB7 Health & Fitness,0.85,scraped,
exercises push-down(i),IAB7 Health & Fitness,0.85,scraped,
exercises triceps extension(i),IAB7 Health & Fitness,0.85,scraped,
exercises wrist curl(i),IAB7 Health & Fitness,0.85,scraped,
exercises crunch(i),IAB7 Health & Fitness,0.85,scraped,
exercises leg raise(c),IAB7 Health & Fitness,0.85,scraped,
exercises russian twist(c),IAB7 Health & Fitness,0.85,scraped,
exercises sit-up(c),IAB7 Health & Fitness,0.85,scraped,
exercises squat(c),IAB7 Health & Fitness,0.85,scraped,
exercises deadlift(c),IAB7 Health & Fitness,0.85,scraped,
exercises good-morning(c),IAB7 Health & Fitness,0.85,scraped,
exercises hyperextension(c),IAB7 Health & Fitness,0.85,scraped,
exercises pelvic lift(c),IAB7 Health & Fitness,0.85,scraped,
diets low-protein,IAB7 Health & Fitness,0.85,scraped,
diets mypyramid,IAB7 Health & Fitness,0.85,scraped,
diets mediterranean diet pyramid,IAB7 Health & Fitness,0.85,scraped,
exercises lunge(c),IAB7 Health & Fitness,0.85,scraped,
diets manganese,IAB7 Health & Fitness,0.85,scraped,
"exercises equipment: dumbbells, kettlebells, barbell, smith machine or shoulder press machine.",IAB7 Health & Fitness,0.85,scraped,
exercises major variants: arnold press (dumbbells are raised while rotating the palms outwards).,IAB7 Health & Fitness,0.85,scraped,
"exercises thelateral raise(orshoulder fly) is performed while standing or seated, with hands hanging down holding weights, by lifting them out to the sides until just below the level of the shoulders. a slight variation in the lifts can hit the deltoids even harder, while moving upwards, just turn the hands slightly downwards, keeping the last finger higher than the thumb. this is an isolation exercise for the deltoids. also works the forearms and traps.equipment: dumbbells, cable machine or lateral raise machine.major variants: front raise (lift weights out to the front; emphasis is on the front deltoids), bent-over ~ (emphasis is on the rear deltoids), 180 degree lateral raise (weights are held slightly in front of the body and lifted over the head in a circular motion).",IAB7 Health & Fitness,0.85,scraped,
"exercises equipment: dumbbells, cable machine or lateral raise machine.",IAB7 Health & Fitness,0.85,scraped,
"exercises major variants: front raise (lift weights out to the front; emphasis is on the front deltoids), bent-over ~ (emphasis is on the rear deltoids), 180 degree lateral raise (weights are held slightly in front of the body and lifted over the head in a circular motion).",IAB7 Health & Fitness,0.85,scraped,
"exercises thepushdownis performed while standing by pushing down on a bar held at the level of the upper chest. it is important to keep the elbows at shoulder width and in line with shoulder/legs. in other words, elbows position should not change while moving the forearm pushes down the bar. this is an isolation exercise for the triceps.equipment: cable machine or pulldown machine.",IAB7 Health & Fitness,0.85,scraped,
"exercises thetriceps extensionis performed while standing or seated, by lowering a weight held above the head (keeping the upper arms motionless), and then raising it again. it can be performed with both arms, or one arm at a time. this is an isolation exercise for the triceps. it is also known as thefrench curl.equipment: dumbbell(s), barbell, cable machine or triceps extension machine.major variants:lying ~(lying face up with the weights over the face), kickback (bent over with the upper arm parallel to the torso).",IAB7 Health & Fitness,0.85,scraped,
"exercises equipment: dumbbell(s), barbell, cable machine or triceps extension machine.",IAB7 Health & Fitness,0.85,scraped,
"exercises major variants: incline ~ (more emphasis on the upper pectorals), decline ~ (more emphasis on the lower pectorals), narrow grip ~ (more emphasis on the triceps),push-up(face down using the body weight), neck press (with the bar over the neck, to isolate the pectorals), vertical dips (using parallel dip bars) or horizontal dips (using two benches with arms on the near bench and feet on the far bench, and dropping the buttocks to the floor and pushing back up.)",IAB7 Health & Fitness,0.85,scraped,
"exercises equipment: dumbbells, barbell, smith machine or bench press machine.",IAB7 Health & Fitness,0.85,scraped,
"exercises thebench pressordumbbell bench-pressis performed while lying face up on a bench, by pushing a weight away from the chest. this is a compound exercise that also involves the triceps and the front deltoids, also recruits the upper and lower back muscles, and traps. the bench press is the king of all upper body exercises and is one of the most popular chest exercises in the world. it is the final exercise in 'the big 3'.equipment: dumbbells, barbell, smith machine or bench press machine.major variants: incline ~ (more emphasis on the upper pectorals), decline ~ (more emphasis on the lower pectorals), narrow grip ~ (more emphasis on the triceps),push-up(face down using the body weight), neck press (with the bar over the neck, to isolate the pectorals), vertical dips (using parallel dip bars) or horizontal dips (using two benches with arms on the near bench and feet on the far bench, and dropping the buttocks to the floor and pushing back up.)",IAB7 Health & Fitness,0.85,scraped,
"diets food portal,health and fitness portal",IAB7 Health & Fitness,0.85,scraped,
diets magnesium,IAB7 Health & Fitness,0.85,scraped,
diets molybdenum,IAB7 Health & Fitness,0.85,scraped,
diets french paradox,IAB7 Health & Fitness,0.85,scraped,
diets nickel,IAB7 Health & Fitness,0.85,scraped,
diets phosphorus,IAB7 Health & Fitness,0.85,scraped,
diets potassium,IAB7 Health & Fitness,0.85,scraped,
diets selenium,IAB7 Health & Fitness,0.85,scraped,
diets sodium,IAB7 Health & Fitness,0.85,scraped,
diets vanadium,IAB7 Health & Fitness,0.85,scraped,
diets zinc,IAB7 Health & Fitness,0.85,scraped,
diets 5 a day,IAB7 Health & Fitness,0.85,scraped,
diets dairy council of california,IAB7 Health & Fitness,0.85,scraped,
diets food pyramid,IAB7 Health & Fitness,0.85,scraped,
diets fruits & veggies – more matters,IAB7 Health & Fitness,0.85,scraped,
diets healthy eating pyramid,IAB7 Health & Fitness,0.85,scraped,
diets latin american diet pyramid,IAB7 Health & Fitness,0.85,scraped,
exercises leg press(c),IAB7 Health & Fitness,0.85,scraped,
exercises dirty dog exercise(c),IAB7 Health & Fitness,0.85,scraped,
exercises leg extension(i),IAB7 Health & Fitness,0.85,scraped,
diets therapeutic food,IAB7 Health & Fitness,0.85,scraped,
exercises leg curl(i),IAB7 Health & Fitness,0.85,scraped,
diets copper,IAB7 Health & Fitness,0.85,scraped,
diets sparkpeople diet,IAB7 Health & Fitness,0.85,scraped,
diets cardiac diet,IAB7 Health & Fitness,0.85,scraped,
diets meat analogue,IAB7 Health & Fitness,0.85,scraped,
diets milk substitute,IAB7 Health & Fitness,0.85,scraped,
diets raw vegan,IAB7 Health & Fitness,0.85,scraped,
diets tofu,IAB7 Health & Fitness,0.85,scraped,
diets ovo-lacto vegetarianism,IAB7 Health & Fitness,0.85,scraped,
diets pescetarian,IAB7 Health & Fitness,0.85,scraped,
diets pollotarian,IAB7 Health & Fitness,0.85,scraped,
diets bodybuilding supplements,IAB7 Health & Fitness,0.85,scraped,
diets meal replacement,IAB7 Health & Fitness,0.85,scraped,
diets very-low-calorie diet,IAB7 Health & Fitness,0.85,scraped,
exercises face pull(c),IAB7 Health & Fitness,0.85,scraped,
diets calorie restriction,IAB7 Health & Fitness,0.85,scraped,
diets diabetic diet,IAB7 Health & Fitness,0.85,scraped,
diets cobalt,IAB7 Health & Fitness,0.85,scraped,
diets elimination diet,IAB7 Health & Fitness,0.85,scraped,
diets fluid restriction diet,IAB7 Health & Fitness,0.85,scraped,
diets gluten-free,IAB7 Health & Fitness,0.85,scraped,
diets gluten-free and casein-free,IAB7 Health & Fitness,0.85,scraped,
diets intermittent fasting,IAB7 Health & Fitness,0.85,scraped,
diets low-sodium,IAB7 Health & Fitness,0.85,scraped,
diets low-fodmap,IAB7 Health & Fitness,0.85,scraped,
diets low-carbohydrate,IAB7 Health & Fitness,0.85,scraped,
diets low-fat,IAB7 Health & Fitness,0.85,scraped,
diets low-fiber/low-residue diet,IAB7 Health & Fitness,0.85,scraped,
exercises bridge(c),IAB7 Health & Fitness,0.85,scraped,
diets iron,IAB7 Health & Fitness,0.85,scraped,
exercises supine row(c),IAB7 Health & Fitness,0.85,scraped,
"exercises equipment: body weight,kettlebell,medicine ball,  or dumbbell.",IAB7 Health & Fitness,0.85,scraped,
exercises side-lying leg raise(i),IAB7 Health & Fitness,0.85,scraped,
exercises calf raise(i),IAB7 Health & Fitness,0.85,scraped,
exercises rear delt raise(i),IAB7 Health & Fitness,0.85,scraped,
exercises headstandintohandstand push-up(c),IAB7 Health & Fitness,0.85,scraped,
exercises alternating rotating dumbbell curl,IAB7 Health & Fitness,0.85,scraped,
exercises front raise(i),IAB7 Health & Fitness,0.85,scraped,
exercises hammer curl,IAB7 Health & Fitness,0.85,scraped,
exercises thezottmann curlgives a stronger focus to forearm training compared to the traditional curl.,IAB7 Health & Fitness,0.85,scraped,
"exercises equipment: body weight, dumbbell or crunch machine.",IAB7 Health & Fitness,0.85,scraped,
"exercises theleg raiseis performed while sitting on a bench or flat on the floor by raising the knees towards the shoulders, or legs to a vertical upright position. this is a compound exercise that also involves thehip flexors.equipment: body weight or dumbbell.major variants: hanging ~ (hanging from a high bar), side ~ (lying on side), knee raise (lying on back, drawing knees to chest).",IAB7 Health & Fitness,0.85,scraped,
exercises equipment: body weight or dumbbell.,IAB7 Health & Fitness,0.85,scraped,
exercises shoulder shrug(i),IAB7 Health & Fitness,0.85,scraped,
"exercises therussian twistis a type of exercise that is used to work the abdomen muscles by performing a twisting motion on the abdomen. this exercise is performed sitting on the floor with knees bent like in a ""sit-up"" position with the back typically kept off the floor at an angle of 45°. in this position, the extended arms are swung from one side to another in a twisting motion with or without weight.equipment: body weight,kettlebell,medicine ball,  or dumbbell.major variants: back kept off the floor at 45° angle, back rested onexercise ball, feet resting on the floor, anchored or kept off the floor.",IAB7 Health & Fitness,0.85,scraped,
"exercises major variants: hanging ~ (hanging from a high bar), side ~ (lying on side), knee raise (lying on back, drawing knees to chest).",IAB7 Health & Fitness,0.85,scraped,
"exercises major variants: back kept off the floor at 45° angle, back rested onexercise ball, feet resting on the floor, anchored or kept off the floor.",IAB7 Health & Fitness,0.85,scraped,
exercises bent-over row(c),IAB7 Health & Fitness,0.85,scraped,
exercises seated row(c),IAB7 Health & Fitness,0.85,scraped,
exercises pull-up(c),IAB7 Health & Fitness,0.85,scraped,
exercises pull-down(c),IAB7 Health & Fitness,0.85,scraped,
exercises egzersizler,IAB7 Health & Fitness,0.85,scraped,
exercises chin-up(c),IAB7 Health & Fitness,0.85,scraped,
exercises muscle-up(c),IAB7 Health & Fitness,0.85,scraped,
exercises push-up(c),IAB7 Health & Fitness,0.85,scraped,
exercises machine fly(i),IAB7 Health & Fitness,0.85,scraped,
exercises dip(c),IAB7 Health & Fitness,0.85,scraped,
exercises chest fly(i),IAB7 Health & Fitness,0.85,scraped,
exercises bench press(c),IAB7 Health & Fitness,0.85,scraped,
"Influence on Health & Fitness: Sleep disorders can have a profound impact on physical and mental health, including increased risk of obesity, cardiovascular disease, and depression.",IAB7 Health & Fitness,0.82,synthetic,
"The influence of psychology and psychiatry on health and fitness is significant, as they provide insights into the mind-body connection and the role of mental health in overall well-being.",IAB7 Health & Fitness,0.81,synthetic,
google reportedly readying health service called google fit,IAB7 Health & Fitness,0.81,pseudo labeled,
google might launch health service called google fit google io,IAB7 Health & Fitness,0.79,pseudo labeled,
### 5. Influence on Health and Fitness: A Paradigm Shift in Healthcare,IAB7 Health & Fitness,0.79,synthetic,
category health fitness,IAB7 Health & Fitness,0.78,pseudo labeled,
### 30. Holistic Healing and the Future of Health and Fitness: A Path to Optimal Well-being,IAB7 Health & Fitness,0.77,synthetic,
google take apple health fitness tracking google fit,IAB7 Health & Fitness,0.76,pseudo labeled,
Smoking Cessation: A Journey Towards Health and Fitness,IAB7 Health & Fitness,0.75,synthetic,
google take health services google fit,IAB7 Health & Fitness,0.74,pseudo labeled,
google inc nasdaqgoogl may launch google fit health service,IAB7 Health & Fitness,0.73,pseudo labeled,
### 1. Holistic Healing: A Comprehensive Approach to Health and Fitness,IAB7 Health & Fitness,0.73,synthetic,
Incest/Abuse Support: Its Influence on Health & Fitness,IAB7 Health & Fitness,0.72,synthetic,
"Alternative medicine has gained significant influence in the health and fitness industry, offering a diverse range of practices and therapies.",IAB7 Health & Fitness,0.71,synthetic,
samsungs galaxy s5 focused fitness,IAB7 Health & Fitness,0.71,pseudo labeled,
pull hospitalization how,IAB7 Health & Fitness,0.7,scraped,
casualties natural development,IAB7 Health & Fitness,0.7,scraped,
hamstring release educational,IAB7 Health & Fitness,0.7,scraped,
workout exhaust leg,IAB7 Health & Fitness,0.7,scraped,
expense preventative international,IAB7 Health & Fitness,0.7,scraped,
labor production frail,IAB7 Health & Fitness,0.7,scraped,
wrongful conditioning lineup,IAB7 Health & Fitness,0.7,scraped,
institutions healthcare midwifery,IAB7 Health & Fitness,0.7,scraped,
schizophrenia occupational childcare,IAB7 Health & Fitness,0.7,scraped,
patient probable dermatitis,IAB7 Health & Fitness,0.7,scraped,
cognition hospitalization shield,IAB7 Health & Fitness,0.7,scraped,
due like life,IAB7 Health & Fitness,0.7,scraped,
elbow institutions poisoning,IAB7 Health & Fitness,0.7,scraped,
scar emergency sunburn,IAB7 Health & Fitness,0.7,scraped,
knocked bodyweight trouble,IAB7 Health & Fitness,0.7,scraped,
sleep elbow ailment,IAB7 Health & Fitness,0.7,scraped,
cognition detriment suicide,IAB7 Health & Fitness,0.7,scraped,
causes accidents department,IAB7 Health & Fitness,0.7,scraped,
help administration drill,IAB7 Health & Fitness,0.7,scraped,
tendonitis dental older,IAB7 Health & Fitness,0.7,scraped,
club calisthenics disadvantage,IAB7 Health & Fitness,0.7,scraped,
insult healthiness leg,IAB7 Health & Fitness,0.7,scraped,
physiotherapy need diseases,IAB7 Health & Fitness,0.7,scraped,
pharmacy card test,IAB7 Health & Fitness,0.7,scraped,
long wrist stinger,IAB7 Health & Fitness,0.7,scraped,
oblique service isoprenoid,IAB7 Health & Fitness,0.7,scraped,
study priority violence,IAB7 Health & Fitness,0.7,scraped,
natural patient poisoning,IAB7 Health & Fitness,0.7,scraped,
dieticians laceration toe,IAB7 Health & Fitness,0.7,scraped,
dislocation doctor become,IAB7 Health & Fitness,0.7,scraped,
assistance sexually dieticians,IAB7 Health & Fitness,0.7,scraped,
alameda welfare pediatrics,IAB7 Health & Fitness,0.7,scraped,
genetics fall isoprenoid,IAB7 Health & Fitness,0.7,scraped,
walk united accidents,IAB7 Health & Fitness,0.7,scraped,
emotion sweat classifications,IAB7 Health & Fitness,0.7,scraped,
sweat ligaments illness,IAB7 Health & Fitness,0.7,scraped,
shatter medicals programs,IAB7 Health & Fitness,0.7,scraped,
index sex push,IAB7 Health & Fitness,0.7,scraped,
physician problems suffering,IAB7 Health & Fitness,0.7,scraped,
alkaloid care murder,IAB7 Health & Fitness,0.7,scraped,
aerobics trade countries,IAB7 Health & Fitness,0.7,scraped,
recovering low niggle,IAB7 Health & Fitness,0.7,scraped,
cut classification fumble,IAB7 Health & Fitness,0.7,scraped,
new hmos communicable,IAB7 Health & Fitness,0.7,scraped,
report experienced abuse,IAB7 Health & Fitness,0.7,scraped,
habits situation drug,IAB7 Health & Fitness,0.7,scraped,
malaria ralstonism doctor,IAB7 Health & Fitness,0.7,scraped,
improve blast epidemiological,IAB7 Health & Fitness,0.7,scraped,
armour association machine,IAB7 Health & Fitness,0.7,scraped,
medicine breath gunshot,IAB7 Health & Fitness,0.7,scraped,
cruciate strong circadian,IAB7 Health & Fitness,0.7,scraped,
anterior exhaust perspire,IAB7 Health & Fitness,0.7,scraped,
cholesterol pharmacists birth,IAB7 Health & Fitness,0.7,scraped,
causes gym wound,IAB7 Health & Fitness,0.7,scraped,
strained hospitals circadian,IAB7 Health & Fitness,0.7,scraped,
health security funding,IAB7 Health & Fitness,0.7,scraped,
bone bleeding program,IAB7 Health & Fitness,0.7,scraped,
contract achievement perspire,IAB7 Health & Fitness,0.7,scraped,
nursing severity strong,IAB7 Health & Fitness,0.7,scraped,
cholesterol biotechnology flab,IAB7 Health & Fitness,0.7,scraped,
developing suffering keep,IAB7 Health & Fitness,0.7,scraped,
stability hygiene infectious,IAB7 Health & Fitness,0.7,scraped,
related rotation defense,IAB7 Health & Fitness,0.7,scraped,
run assault eduction,IAB7 Health & Fitness,0.7,scraped,
laceration meditation attack,IAB7 Health & Fitness,0.7,scraped,
decline autism hmos,IAB7 Health & Fitness,0.7,scraped,
sociology surgery hip,IAB7 Health & Fitness,0.7,scraped,
gym labrum flexor,IAB7 Health & Fitness,0.7,scraped,
standards medicare wale,IAB7 Health & Fitness,0.7,scraped,
less upbeat predy,IAB7 Health & Fitness,0.7,scraped,
trauma fumble clothe,IAB7 Health & Fitness,0.7,scraped,
labor guidelines substance,IAB7 Health & Fitness,0.7,scraped,
sanitarian related preventive,IAB7 Health & Fitness,0.7,scraped,
lesion wear protection,IAB7 Health & Fitness,0.7,scraped,
more chronically wounding,IAB7 Health & Fitness,0.7,scraped,
injuring finger character,IAB7 Health & Fitness,0.7,scraped,
countries spectrum service,IAB7 Health & Fitness,0.7,scraped,
department travel urticaria,IAB7 Health & Fitness,0.7,scraped,
strech provider due,IAB7 Health & Fitness,0.7,scraped,
apparatus patients shutdown,IAB7 Health & Fitness,0.7,scraped,
perspiration childcare athletic,IAB7 Health & Fitness,0.7,scraped,
falling nagging overworked,IAB7 Health & Fitness,0.7,scraped,
intravasation physiotherapist illnesses,IAB7 Health & Fitness,0.7,scraped,
face corporal audiology,IAB7 Health & Fitness,0.7,scraped,
insult failure eating,IAB7 Health & Fitness,0.7,scraped,
circumstances wrench safety,IAB7 Health & Fitness,0.7,scraped,
discount related ribs,IAB7 Health & Fitness,0.7,scraped,
ligaments cost ruptured,IAB7 Health & Fitness,0.7,scraped,
metabolic left sick,IAB7 Health & Fitness,0.7,scraped,
take fit pharmacology,IAB7 Health & Fitness,0.7,scraped,
bureau more tendonitis,IAB7 Health & Fitness,0.7,scraped,
jaw eudaimonia distress,IAB7 Health & Fitness,0.7,scraped,
preparedness result lalonde,IAB7 Health & Fitness,0.7,scraped,
midwives problems sexually,IAB7 Health & Fitness,0.7,scraped,
kill wellness diabetes,IAB7 Health & Fitness,0.7,scraped,
labrum contraception underperformance,IAB7 Health & Fitness,0.7,scraped,
funding achilles heavily,IAB7 Health & Fitness,0.7,scraped,
relievers issues not,IAB7 Health & Fitness,0.7,scraped,
broken recurrence victims,IAB7 Health & Fitness,0.7,scraped,
preventative like defence,IAB7 Health & Fitness,0.7,scraped,
long violation cracked,IAB7 Health & Fitness,0.7,scraped,
self pharmacists internal,IAB7 Health & Fitness,0.7,scraped,
potential new exersize,IAB7 Health & Fitness,0.7,scraped,
immunizations wheal charley,IAB7 Health & Fitness,0.7,scraped,
bicycle perspire break,IAB7 Health & Fitness,0.7,scraped,
age knock improve,IAB7 Health & Fitness,0.7,scraped,
physics time increase,IAB7 Health & Fitness,0.7,scraped,
stress recovery hamstring,IAB7 Health & Fitness,0.7,scraped,
fractured illnesses lives,IAB7 Health & Fitness,0.7,scraped,
shield behavior ailment,IAB7 Health & Fitness,0.7,scraped,
ailments accident due,IAB7 Health & Fitness,0.7,scraped,
roster programs specialists,IAB7 Health & Fitness,0.7,scraped,
rupture scar funding,IAB7 Health & Fitness,0.7,scraped,
upbeat week providing,IAB7 Health & Fitness,0.7,scraped,
help prevention chances,IAB7 Health & Fitness,0.7,scraped,
tendonitis second dental,IAB7 Health & Fitness,0.7,scraped,
healthier concerned casualties,IAB7 Health & Fitness,0.7,scraped,
help pharmacy morning,IAB7 Health & Fitness,0.7,scraped,
childcare disabilities prenatal,IAB7 Health & Fitness,0.7,scraped,
preventive cost bummer,IAB7 Health & Fitness,0.7,scraped,
skin biostatistics personal,IAB7 Health & Fitness,0.7,scraped,
smoking heel judice,IAB7 Health & Fitness,0.7,scraped,
detriment environmental meditation,IAB7 Health & Fitness,0.7,scraped,
guidelines metabolic critical,IAB7 Health & Fitness,0.7,scraped,
doctors blood educational,IAB7 Health & Fitness,0.7,scraped,
result med system,IAB7 Health & Fitness,0.7,scraped,
audiology overworked defense,IAB7 Health & Fitness,0.7,scraped,
physicality aerobic sanity,IAB7 Health & Fitness,0.7,scraped,
soreness discomfort nature,IAB7 Health & Fitness,0.7,scraped,
hidrosis built heavily,IAB7 Health & Fitness,0.7,scraped,
getting genetics injuries,IAB7 Health & Fitness,0.7,scraped,
injurious dislocated activity,IAB7 Health & Fitness,0.7,scraped,
business illnesses visit,IAB7 Health & Fitness,0.7,scraped,
sleep blood grievous,IAB7 Health & Fitness,0.7,scraped,
apparatus athletic dieticians,IAB7 Health & Fitness,0.7,scraped,
strech might discomfort,IAB7 Health & Fitness,0.7,scraped,
disorders defence condition,IAB7 Health & Fitness,0.7,scraped,
draymond need volunteering,IAB7 Health & Fitness,0.7,scraped,
infertility exhaustion cut,IAB7 Health & Fitness,0.7,scraped,
endurance agency lift,IAB7 Health & Fitness,0.7,scraped,
surgeries ear manufacturing,IAB7 Health & Fitness,0.7,scraped,
armed result without,IAB7 Health & Fitness,0.7,scraped,
casualty eudaimonia fat,IAB7 Health & Fitness,0.7,scraped,
emergency missed ralstonism,IAB7 Health & Fitness,0.7,scraped,
cut muscle wizards,IAB7 Health & Fitness,0.7,scraped,
problems transmitted working,IAB7 Health & Fitness,0.7,scraped,
test doctor liability,IAB7 Health & Fitness,0.7,scraped,
car weal dmg,IAB7 Health & Fitness,0.7,scraped,
rooney hospitalization hard,IAB7 Health & Fitness,0.7,scraped,
collarbone depressive nonjogging,IAB7 Health & Fitness,0.7,scraped,
healthy ruptured bureau,IAB7 Health & Fitness,0.7,scraped,
recover classification ralstonism,IAB7 Health & Fitness,0.7,scraped,
face flab mischief,IAB7 Health & Fitness,0.7,scraped,
tweak change immunizations,IAB7 Health & Fitness,0.7,scraped,
slump horse rupture,IAB7 Health & Fitness,0.7,scraped,
blighty casualties ailments,IAB7 Health & Fitness,0.7,scraped,
eudaemonia affect injury,IAB7 Health & Fitness,0.7,scraped,
human injury internal,IAB7 Health & Fitness,0.7,scraped,
whiplash emergency fat,IAB7 Health & Fitness,0.7,scraped,
electric turn older,IAB7 Health & Fitness,0.7,scraped,
dosing hygieia hygiene,IAB7 Health & Fitness,0.7,scraped,
being tendon well,IAB7 Health & Fitness,0.7,scraped,
haemorrhage infants possible,IAB7 Health & Fitness,0.7,scraped,
traffic first contract,IAB7 Health & Fitness,0.7,scraped,
worker fractured provider,IAB7 Health & Fitness,0.7,scraped,
tune family wizards,IAB7 Health & Fitness,0.7,scraped,
ability well shot,IAB7 Health & Fitness,0.7,scraped,
center lack sports,IAB7 Health & Fitness,0.7,scraped,
buy pyramid skin,IAB7 Health & Fitness,0.7,scraped,
pediatrics compound breath,IAB7 Health & Fitness,0.7,scraped,
slump ill exercisable,IAB7 Health & Fitness,0.7,scraped,
slump aging diabetes,IAB7 Health & Fitness,0.7,scraped,
lifestyles night exhaust,IAB7 Health & Fitness,0.7,scraped,
rupture food lesions,IAB7 Health & Fitness,0.7,scraped,
focus organism physiculture,IAB7 Health & Fitness,0.7,scraped,
shields appearance wheal,IAB7 Health & Fitness,0.7,scraped,
cap education kids,IAB7 Health & Fitness,0.7,scraped,
progressive planning breathe,IAB7 Health & Fitness,0.7,scraped,
clinics institutions hamstring,IAB7 Health & Fitness,0.7,scraped,
decline beauty liability,IAB7 Health & Fitness,0.7,scraped,
corporal cramp rehearsal,IAB7 Health & Fitness,0.7,scraped,
fit alameda spoilage,IAB7 Health & Fitness,0.7,scraped,
pyramid harm how,IAB7 Health & Fitness,0.7,scraped,
administration report hiv,IAB7 Health & Fitness,0.7,scraped,
danger retirement wrong,IAB7 Health & Fitness,0.7,scraped,
loose aging walk,IAB7 Health & Fitness,0.7,scraped,
diaphoretic guidelines families,IAB7 Health & Fitness,0.7,scraped,
ability tone frostbite,IAB7 Health & Fitness,0.7,scraped,
classifications deaths wound,IAB7 Health & Fitness,0.7,scraped,
gore recurrence fatal,IAB7 Health & Fitness,0.7,scraped,
betoil underexercise hmos,IAB7 Health & Fitness,0.7,scraped,
personality defence pension,IAB7 Health & Fitness,0.7,scraped,
pharmacists sweaty funding,IAB7 Health & Fitness,0.7,scraped,
reproductive emotional forearm,IAB7 Health & Fitness,0.7,scraped,
hairline aquacise counseling,IAB7 Health & Fitness,0.7,scraped,
judice breath trouble,IAB7 Health & Fitness,0.7,scraped,
defense foot transmitted,IAB7 Health & Fitness,0.7,scraped,
resistance training unitedhealthcare,IAB7 Health & Fitness,0.7,scraped,
weal dermatitis asthma,IAB7 Health & Fitness,0.7,scraped,
prevention durability victims,IAB7 Health & Fitness,0.7,scraped,
torn habits bite,IAB7 Health & Fitness,0.7,scraped,
country fracture mortality,IAB7 Health & Fitness,0.7,scraped,
perspiration clothe increase,IAB7 Health & Fitness,0.7,scraped,
preventive hernia new,IAB7 Health & Fitness,0.7,scraped,
environment vegetable murder,IAB7 Health & Fitness,0.7,scraped,
down skin impairment,IAB7 Health & Fitness,0.7,scraped,
sex bump elbow,IAB7 Health & Fitness,0.7,scraped,
sanitarian physiculture laceration,IAB7 Health & Fitness,0.7,scraped,
acl pain maternal,IAB7 Health & Fitness,0.7,scraped,
heart year safety,IAB7 Health & Fitness,0.7,scraped,
providing hardship marathon,IAB7 Health & Fitness,0.7,scraped,
forearm leg reus,IAB7 Health & Fitness,0.7,scraped,
exergaming condom misses,IAB7 Health & Fitness,0.7,scraped,
character addiction lalonde,IAB7 Health & Fitness,0.7,scraped,
liability herniated biostatistics,IAB7 Health & Fitness,0.7,scraped,
wreck good pen,IAB7 Health & Fitness,0.7,scraped,
horse battery alkaloid,IAB7 Health & Fitness,0.7,scraped,
firewood dopamine alteration,IAB7 Health & Fitness,0.7,scraped,
ligament impairment spoilage,IAB7 Health & Fitness,0.7,scraped,
rehearsal tort alkaloid,IAB7 Health & Fitness,0.7,scraped,
program burn news,IAB7 Health & Fitness,0.7,scraped,
beckham dumping combat,IAB7 Health & Fitness,0.7,scraped,
problem casualty resistance,IAB7 Health & Fitness,0.7,scraped,
speed job immune,IAB7 Health & Fitness,0.7,scraped,
dietetic caffine circadian,IAB7 Health & Fitness,0.7,scraped,
victims out healthiness,IAB7 Health & Fitness,0.7,scraped,
preventative haemorrhage experts,IAB7 Health & Fitness,0.7,scraped,
danger concerned countries,IAB7 Health & Fitness,0.7,scraped,
stinger cracked pregnancy,IAB7 Health & Fitness,0.7,scraped,
acl overwork treat,IAB7 Health & Fitness,0.7,scraped,
test shape birth,IAB7 Health & Fitness,0.7,scraped,
battery trauma manufacturing,IAB7 Health & Fitness,0.7,scraped,
herniated ruptured strained,IAB7 Health & Fitness,0.7,scraped,
time violence visit,IAB7 Health & Fitness,0.7,scraped,
opt provide med,IAB7 Health & Fitness,0.7,scraped,
specialists overwork match,IAB7 Health & Fitness,0.7,scraped,
progressive hospitals deaths,IAB7 Health & Fitness,0.7,scraped,
thigh turn shock,IAB7 Health & Fitness,0.7,scraped,
behavior growth flu,IAB7 Health & Fitness,0.7,scraped,
disc conditioning healthiness,IAB7 Health & Fitness,0.7,scraped,
broken and dumping,IAB7 Health & Fitness,0.7,scraped,
aging causes lesions,IAB7 Health & Fitness,0.7,scraped,
serious overweight armor,IAB7 Health & Fitness,0.7,scraped,
bruise warm second,IAB7 Health & Fitness,0.7,scraped,
disorder concussion second,IAB7 Health & Fitness,0.7,scraped,
vaccination ailments pediatrics,IAB7 Health & Fitness,0.7,scraped,
self forearm minor,IAB7 Health & Fitness,0.7,scraped,
harm holding gore,IAB7 Health & Fitness,0.7,scraped,
scar attack guidelines,IAB7 Health & Fitness,0.7,scraped,
mortality rest financial,IAB7 Health & Fitness,0.7,scraped,
inflammation sicknesses low,IAB7 Health & Fitness,0.7,scraped,
traffic blood families,IAB7 Health & Fitness,0.7,scraped,
family change suffering,IAB7 Health & Fitness,0.7,scraped,
administration damages status,IAB7 Health & Fitness,0.7,scraped,
unhealthy frostbite harming,IAB7 Health & Fitness,0.7,scraped,
business city feel,IAB7 Health & Fitness,0.7,scraped,
hygieia social house,IAB7 Health & Fitness,0.7,scraped,
physiculture nerve pediatrics,IAB7 Health & Fitness,0.7,scraped,
bite availability splints,IAB7 Health & Fitness,0.7,scraped,
injurious dldir caffine,IAB7 Health & Fitness,0.7,scraped,
healing calisthenics vegetable,IAB7 Health & Fitness,0.7,scraped,
fatality slump clinics,IAB7 Health & Fitness,0.7,scraped,
ear death mass,IAB7 Health & Fitness,0.7,scraped,
severity forces absence,IAB7 Health & Fitness,0.7,scraped,
caffine eczema endurance,IAB7 Health & Fitness,0.7,scraped,
regularly heath violation,IAB7 Health & Fitness,0.7,scraped,
combat dislocated hurts,IAB7 Health & Fitness,0.7,scraped,
unsweat bite ottawa,IAB7 Health & Fitness,0.7,scraped,
impairment labor breastfeeding,IAB7 Health & Fitness,0.7,scraped,
roster pinch organic,IAB7 Health & Fitness,0.7,scraped,
unhealthy pathogen agency,IAB7 Health & Fitness,0.7,scraped,
bike tire cut,IAB7 Health & Fitness,0.7,scraped,
club administration faced,IAB7 Health & Fitness,0.7,scraped,
sitting rupture alteration,IAB7 Health & Fitness,0.7,scraped,
care food disabilities,IAB7 Health & Fitness,0.7,scraped,
nutrients advancement heath,IAB7 Health & Fitness,0.7,scraped,
injurious club comfort,IAB7 Health & Fitness,0.7,scraped,
high aerobics mechanics,IAB7 Health & Fitness,0.7,scraped,
healing house forearm,IAB7 Health & Fitness,0.7,scraped,
nagging shame physician,IAB7 Health & Fitness,0.7,scraped,
result bureau flab,IAB7 Health & Fitness,0.7,scraped,
health program habits,IAB7 Health & Fitness,0.7,scraped,
opt blighty preventative,IAB7 Health & Fitness,0.7,scraped,
diagnosis physical decline,IAB7 Health & Fitness,0.7,scraped,
jog immunizations severity,IAB7 Health & Fitness,0.7,scraped,
thin community maiming,IAB7 Health & Fitness,0.7,scraped,
adhd gym specialists,IAB7 Health & Fitness,0.7,scraped,
according midwives epidemics,IAB7 Health & Fitness,0.7,scraped,
thin trouble diet,IAB7 Health & Fitness,0.7,scraped,
eudaemonia wreck pediatrics,IAB7 Health & Fitness,0.7,scraped,
labrum pen cheekbone,IAB7 Health & Fitness,0.7,scraped,
medicare condition skin,IAB7 Health & Fitness,0.7,scraped,
rehearsal exergame strain,IAB7 Health & Fitness,0.7,scraped,
debuted doctor detriment,IAB7 Health & Fitness,0.7,scraped,
join self pharmacy,IAB7 Health & Fitness,0.7,scraped,
nutrients trade liability,IAB7 Health & Fitness,0.7,scraped,
diabetes agriculture mood,IAB7 Health & Fitness,0.7,scraped,
bureau misses drill,IAB7 Health & Fitness,0.7,scraped,
physiotherapist predisposition nonjogging,IAB7 Health & Fitness,0.7,scraped,
ies deprivation high,IAB7 Health & Fitness,0.7,scraped,
warmdown damages dnf,IAB7 Health & Fitness,0.7,scraped,
play leg pharmacology,IAB7 Health & Fitness,0.7,scraped,
cost shutdown apparatus,IAB7 Health & Fitness,0.7,scraped,
wrist firewood pyramid,IAB7 Health & Fitness,0.7,scraped,
damage urticaria poor,IAB7 Health & Fitness,0.7,scraped,
bike psychological recommended,IAB7 Health & Fitness,0.7,scraped,
arthroscopic godsb preventive,IAB7 Health & Fitness,0.7,scraped,
automotive sweatpants fumble,IAB7 Health & Fitness,0.7,scraped,
eudaemonia lack substance,IAB7 Health & Fitness,0.7,scraped,
trauma adhd services,IAB7 Health & Fitness,0.7,scraped,
workout armour contract,IAB7 Health & Fitness,0.7,scraped,
exersize rehearsal bone,IAB7 Health & Fitness,0.7,scraped,
aid faced developing,IAB7 Health & Fitness,0.7,scraped,
sweatpants aid well,IAB7 Health & Fitness,0.7,scraped,
prevention sanitary flu,IAB7 Health & Fitness,0.7,scraped,
herniated exercisable emergency,IAB7 Health & Fitness,0.7,scraped,
godsb physicality sanitarian,IAB7 Health & Fitness,0.7,scraped,
mild society compound,IAB7 Health & Fitness,0.7,scraped,
expense cracked hip,IAB7 Health & Fitness,0.7,scraped,
player push physically,IAB7 Health & Fitness,0.7,scraped,
spell situation country,IAB7 Health & Fitness,0.7,scraped,
fitness quality lifestyles,IAB7 Health & Fitness,0.7,scraped,
lack betoil return,IAB7 Health & Fitness,0.7,scraped,
time bummer epidemiology,IAB7 Health & Fitness,0.7,scraped,
therapy patient design,IAB7 Health & Fitness,0.7,scraped,
development predisposition pandemic,IAB7 Health & Fitness,0.7,scraped,
exergame compound doctor,IAB7 Health & Fitness,0.7,scraped,
burnout social sweatsuit,IAB7 Health & Fitness,0.7,scraped,
fatal bodybuilding issues,IAB7 Health & Fitness,0.7,scraped,
bleeding research legal,IAB7 Health & Fitness,0.7,scraped,
psychological harm occupational,IAB7 Health & Fitness,0.7,scraped,
cruciate rehabilitation drill,IAB7 Health & Fitness,0.7,scraped,
social maternity insurability,IAB7 Health & Fitness,0.7,scraped,
veterinary tear burn,IAB7 Health & Fitness,0.7,scraped,
cheekbone lesions exercise,IAB7 Health & Fitness,0.7,scraped,
shin immunizations stinger,IAB7 Health & Fitness,0.7,scraped,
slump cheekbone med,IAB7 Health & Fitness,0.7,scraped,
reproductive pensions preventive,IAB7 Health & Fitness,0.7,scraped,
diagnosis performance leg,IAB7 Health & Fitness,0.7,scraped,
guide maintain calf,IAB7 Health & Fitness,0.7,scraped,
uninsured risk high,IAB7 Health & Fitness,0.7,scraped,
murder stress recovering,IAB7 Health & Fitness,0.7,scraped,
feel pull shortness,IAB7 Health & Fitness,0.7,scraped,
poisoning condom sore,IAB7 Health & Fitness,0.7,scraped,
body penetrating stability,IAB7 Health & Fitness,0.7,scraped,
pressure human hurting,IAB7 Health & Fitness,0.7,scraped,
stress spell bulging,IAB7 Health & Fitness,0.7,scraped,
pensions pain betoil,IAB7 Health & Fitness,0.7,scraped,
contraception respiratory warmdown,IAB7 Health & Fitness,0.7,scraped,
personal hiv mild,IAB7 Health & Fitness,0.7,scraped,
man armor minor,IAB7 Health & Fitness,0.7,scraped,
cap diet carcinogen,IAB7 Health & Fitness,0.7,scraped,
blood corporal sprain,IAB7 Health & Fitness,0.7,scraped,
natural habitat tendon,IAB7 Health & Fitness,0.7,scraped,
money off addictions,IAB7 Health & Fitness,0.7,scraped,
bodybuilding death weight,IAB7 Health & Fitness,0.7,scraped,
crash dislocated epidemics,IAB7 Health & Fitness,0.7,scraped,
mental herniated statistics,IAB7 Health & Fitness,0.7,scraped,
cramp sickness schools,IAB7 Health & Fitness,0.7,scraped,
age psychology hidrosis,IAB7 Health & Fitness,0.7,scraped,
bummer healful having,IAB7 Health & Fitness,0.7,scraped,
nerve tendon genetics,IAB7 Health & Fitness,0.7,scraped,
potentially ability judice,IAB7 Health & Fitness,0.7,scraped,
back urticaria niggling,IAB7 Health & Fitness,0.7,scraped,
pregnancy spoilage have,IAB7 Health & Fitness,0.7,scraped,
situation rate victims,IAB7 Health & Fitness,0.7,scraped,
body workplaces year,IAB7 Health & Fitness,0.7,scraped,
niggle cardio slump,IAB7 Health & Fitness,0.7,scraped,
emotion misconduct midwives,IAB7 Health & Fitness,0.7,scraped,
flu related dental,IAB7 Health & Fitness,0.7,scraped,
beckham dnf wheal,IAB7 Health & Fitness,0.7,scraped,
wrist depressive underperformance,IAB7 Health & Fitness,0.7,scraped,
harms personal provide,IAB7 Health & Fitness,0.7,scraped,
suspension vaccinations might,IAB7 Health & Fitness,0.7,scraped,
doctor flexor causes,IAB7 Health & Fitness,0.7,scraped,
pain other disaster,IAB7 Health & Fitness,0.7,scraped,
godsb cardiopulmonary spell,IAB7 Health & Fitness,0.7,scraped,
obesity pinched dieticians,IAB7 Health & Fitness,0.7,scraped,
part build night,IAB7 Health & Fitness,0.7,scraped,
according casualty some,IAB7 Health & Fitness,0.7,scraped,
chlamydia shields stroke,IAB7 Health & Fitness,0.7,scraped,
jogger psychological medicaid,IAB7 Health & Fitness,0.7,scraped,
mechanics abuse potentially,IAB7 Health & Fitness,0.7,scraped,
bodybuilding probable happiness,IAB7 Health & Fitness,0.7,scraped,
without food cases,IAB7 Health & Fitness,0.7,scraped,
agriculture infectious heath,IAB7 Health & Fitness,0.7,scraped,
fitness sex recommended,IAB7 Health & Fitness,0.7,scraped,
disorder drill unhealthiness,IAB7 Health & Fitness,0.7,scraped,
dnf injures physiotherapy,IAB7 Health & Fitness,0.7,scraped,
clinics shock diaphoretic,IAB7 Health & Fitness,0.7,scraped,
accidental contraception administration,IAB7 Health & Fitness,0.7,scraped,
ear low build,IAB7 Health & Fitness,0.7,scraped,
natural activity ballack,IAB7 Health & Fitness,0.7,scraped,
study infection victims,IAB7 Health & Fitness,0.7,scraped,
property needs availability,IAB7 Health & Fitness,0.7,scraped,
absence wounds potential,IAB7 Health & Fitness,0.7,scraped,
illness automotive clinics,IAB7 Health & Fitness,0.7,scraped,
hygiene recover laceration,IAB7 Health & Fitness,0.7,scraped,
ability lifestyle protection,IAB7 Health & Fitness,0.7,scraped,
pharmacy treatment missed,IAB7 Health & Fitness,0.7,scraped,
nutrients social fall,IAB7 Health & Fitness,0.7,scraped,
shvitz prot morning,IAB7 Health & Fitness,0.7,scraped,
mediterranean perspiration forces,IAB7 Health & Fitness,0.7,scraped,
sweat overwork heart,IAB7 Health & Fitness,0.7,scraped,
cheekbone growth groin,IAB7 Health & Fitness,0.7,scraped,
shields physical frail,IAB7 Health & Fitness,0.7,scraped,
fractured spectrum medical,IAB7 Health & Fitness,0.7,scraped,
exercise pregnancy shock,IAB7 Health & Fitness,0.7,scraped,
labrum wreck education,IAB7 Health & Fitness,0.7,scraped,
release standards organizations,IAB7 Health & Fitness,0.7,scraped,
administration lift jogger,IAB7 Health & Fitness,0.7,scraped,
tone biostatistics accident,IAB7 Health & Fitness,0.7,scraped,
accident damages recommended,IAB7 Health & Fitness,0.7,scraped,
have weal tweak,IAB7 Health & Fitness,0.7,scraped,
low surgery injured,IAB7 Health & Fitness,0.7,scraped,
injury excersise cause,IAB7 Health & Fitness,0.7,scraped,
charley fatal age,IAB7 Health & Fitness,0.7,scraped,
cholesterol bye program,IAB7 Health & Fitness,0.7,scraped,
hypertension cessation man,IAB7 Health & Fitness,0.7,scraped,
impairment physicality fracture,IAB7 Health & Fitness,0.7,scraped,
flu disorders discount,IAB7 Health & Fitness,0.7,scraped,
cardiac obesity wrongful,IAB7 Health & Fitness,0.7,scraped,
maternity immunization infectious,IAB7 Health & Fitness,0.7,scraped,
concerned jazzercise policy,IAB7 Health & Fitness,0.7,scraped,
exercise underexercise healthful,IAB7 Health & Fitness,0.7,scraped,
tort medicare victims,IAB7 Health & Fitness,0.7,scraped,
shame biotechnology niggling,IAB7 Health & Fitness,0.7,scraped,
ajog pathogen push,IAB7 Health & Fitness,0.7,scraped,
who herniated shape,IAB7 Health & Fitness,0.7,scraped,
medicaid bicycle fertility,IAB7 Health & Fitness,0.7,scraped,
assault cessation chances,IAB7 Health & Fitness,0.7,scraped,
world news depressive,IAB7 Health & Fitness,0.7,scraped,
abdominal tort gerontology,IAB7 Health & Fitness,0.7,scraped,
benefits emergency shot,IAB7 Health & Fitness,0.7,scraped,
performance bone dumping,IAB7 Health & Fitness,0.7,scraped,
elbow burnout aid,IAB7 Health & Fitness,0.7,scraped,
leg drug absence,IAB7 Health & Fitness,0.7,scraped,
decline some physically,IAB7 Health & Fitness,0.7,scraped,
face pinch death,IAB7 Health & Fitness,0.7,scraped,
speed bodybuilding loose,IAB7 Health & Fitness,0.7,scraped,
weight improve epidemiological,IAB7 Health & Fitness,0.7,scraped,
run mortality county,IAB7 Health & Fitness,0.7,scraped,
without preventive personality,IAB7 Health & Fitness,0.7,scraped,
infectious dislocation metabolic,IAB7 Health & Fitness,0.7,scraped,
fracture flab illness,IAB7 Health & Fitness,0.7,scraped,
test armor versus,IAB7 Health & Fitness,0.7,scraped,
niggle experts healthier,IAB7 Health & Fitness,0.7,scraped,
personal without forearm,IAB7 Health & Fitness,0.7,scraped,
stability lifestyle pen,IAB7 Health & Fitness,0.7,scraped,
affront addictions the,IAB7 Health & Fitness,0.7,scraped,
wounded lives breathe,IAB7 Health & Fitness,0.7,scraped,
experts institutions news,IAB7 Health & Fitness,0.7,scraped,
battery conduct pandemic,IAB7 Health & Fitness,0.7,scraped,
abdominal defender debuted,IAB7 Health & Fitness,0.7,scraped,
tendon skin condom,IAB7 Health & Fitness,0.7,scraped,
audiology city strech,IAB7 Health & Fitness,0.7,scraped,
club missed organization,IAB7 Health & Fitness,0.7,scraped,
unhealthy chronically cap,IAB7 Health & Fitness,0.7,scraped,
hospital hurts take,IAB7 Health & Fitness,0.7,scraped,
cryopathy dental injures,IAB7 Health & Fitness,0.7,scraped,
nutritional addictions dermatitis,IAB7 Health & Fitness,0.7,scraped,
eczema train extremes,IAB7 Health & Fitness,0.7,scraped,
look the jazzercise,IAB7 Health & Fitness,0.7,scraped,
public strength isoprenoid,IAB7 Health & Fitness,0.7,scraped,
disaster disc tire,IAB7 Health & Fitness,0.7,scraped,
load face probable,IAB7 Health & Fitness,0.7,scraped,
rooney ligament cholesterol,IAB7 Health & Fitness,0.7,scraped,
physically rhythm welt,IAB7 Health & Fitness,0.7,scraped,
achilles risk consequences,IAB7 Health & Fitness,0.7,scraped,
unhealthiness cardiac physician,IAB7 Health & Fitness,0.7,scraped,
cognition fall breath,IAB7 Health & Fitness,0.7,scraped,
regen water getting,IAB7 Health & Fitness,0.7,scraped,
cardiovascular dislocated asthma,IAB7 Health & Fitness,0.7,scraped,
sunburn bodybuilding physiculture,IAB7 Health & Fitness,0.7,scraped,
property discount agencies,IAB7 Health & Fitness,0.7,scraped,
longevity addictions overwork,IAB7 Health & Fitness,0.7,scraped,
malaria preventative unwellness,IAB7 Health & Fitness,0.7,scraped,
keep biology center,IAB7 Health & Fitness,0.7,scraped,
pig shoe nagging,IAB7 Health & Fitness,0.7,scraped,
conditioning comfort injury,IAB7 Health & Fitness,0.7,scraped,
medical healthy warm,IAB7 Health & Fitness,0.7,scraped,
pig live maternity,IAB7 Health & Fitness,0.7,scraped,
hardship knocked federal,IAB7 Health & Fitness,0.7,scraped,
heel musclebound hip,IAB7 Health & Fitness,0.7,scraped,
betoil eduction unhealthiness,IAB7 Health & Fitness,0.7,scraped,
death illnesses need,IAB7 Health & Fitness,0.7,scraped,
help pyramid health,IAB7 Health & Fitness,0.7,scraped,
aid disabilities insult,IAB7 Health & Fitness,0.7,scraped,
vaccinations government accidental,IAB7 Health & Fitness,0.7,scraped,
defence environmental dieticians,IAB7 Health & Fitness,0.7,scraped,
knock exercisable fatality,IAB7 Health & Fitness,0.7,scraped,
frail unhealthy association,IAB7 Health & Fitness,0.7,scraped,
awareness grievous sweaty,IAB7 Health & Fitness,0.7,scraped,
match carcinogen age,IAB7 Health & Fitness,0.7,scraped,
deprivation long live,IAB7 Health & Fitness,0.7,scraped,
mild wounded heath,IAB7 Health & Fitness,0.7,scraped,
tuberculosis insurance beckham,IAB7 Health & Fitness,0.7,scraped,
dietetic hip disk,IAB7 Health & Fitness,0.7,scraped,
med lives fall,IAB7 Health & Fitness,0.7,scraped,
excercise compound pen,IAB7 Health & Fitness,0.7,scraped,
googles health data google fit service,IAB7 Health & Fitness,0.69,pseudo labeled,
- Physical therapy,IAB7 Health & Fitness,0.69,synthetic,
google launch health service like samsung apple google fit,IAB7 Health & Fitness,0.69,pseudo labeled,
google reenter health market google fit,IAB7 Health & Fitness,0.69,pseudo labeled,
"The integration of psychology and psychiatry into health and fitness programs has led to a more holistic approach to healthcare, recognizing the importance of mental well-being for overall physical health.",IAB7 Health & Fitness,0.68,synthetic,
lululemon athletica inc given new 5500 price target deutsche bank lulu,IAB7 Health & Fitness,0.68,pseudo labeled,
android powered health platform google fit coming google io,IAB7 Health & Fitness,0.68,pseudo labeled,
google inc goog might enter health data space google fit,IAB7 Health & Fitness,0.67,pseudo labeled,
"The integration of psychology and psychiatry into health and fitness programs has led to a more comprehensive approach to healthcare, recognizing the importance of mental well-being for physical health and overall quality of life.",IAB7 Health & Fitness,0.66,synthetic,
google prepping health service google fit rival apple samsung,IAB7 Health & Fitness,0.63,pseudo labeled,
### 15. Holistic Healing and Exercise: Promoting Physical Activity and Well-being,IAB7 Health & Fitness,0.61,synthetic,
"The emergence of AIDS/HIV has had a profound impact on the field of Health & Fitness, leading to significant advancements in research, prevention, and treatment.",IAB7 Health & Fitness,0.61,synthetic,
samsung unveils wristband give realtime helth fitness,IAB7 Health & Fitness,0.6,pseudo labeled,
google take apple healthkit unveiling google fit,IAB7 Health & Fitness,0.59,pseudo labeled,
lebron james beats debut first wireless earphones theyre aimed fitness,IAB7 Health & Fitness,0.58,pseudo labeled,
Yoga,IAB7 Health & Fitness,0.58,synthetic,
iphone 6 headphones may used health fitness tracking,IAB7 Health & Fitness,0.58,pseudo labeled,
google challenge apples healthkit google fit,IAB7 Health & Fitness,0.58,pseudo labeled,
google try health services launch google fit io,IAB7 Health & Fitness,0.57,pseudo labeled,
herbalifes lobbying tab nears 2 million,IAB7 Health & Fitness,0.57,pseudo labeled,
google debuts health fitness tracking platform google fit,IAB7 Health & Fitness,0.57,pseudo labeled,
samsung envisions fitness health sensors,IAB7 Health & Fitness,0.56,pseudo labeled,
google preparing launch google fit collect health tracking data,IAB7 Health & Fitness,0.55,pseudo labeled,
google prepping google fit improve health,IAB7 Health & Fitness,0.55,pseudo labeled,
"Dental care is an essential aspect of overall health and fitness, influencing oral health, overall well-being, and quality of life.",IAB7 Health & Fitness,0.55,synthetic,
google may join health datatracking party google fit,IAB7 Health & Fitness,0.55,pseudo labeled,
lululemon athletica inc price target cut 6900 analysts canaccord,IAB7 Health & Fitness,0.54,pseudo labeled,
herbalife ftc lens finally,IAB7 Health & Fitness,0.54,pseudo labeled,
herbalife says us ftc opens inquiry shares fall,IAB7 Health & Fitness,0.53,pseudo labeled,
omsignal launches clothing tracks performance health fitness,IAB7 Health & Fitness,0.52,pseudo labeled,
google unveils health tracking platform google fit io developer conference,IAB7 Health & Fitness,0.52,pseudo labeled,
samsung unveils health fitness writsband,IAB7 Health & Fitness,0.51,pseudo labeled,
herbalife says ftc opens inquiry shares slump,IAB7 Health & Fitness,0.51,pseudo labeled,
midmorning market update markets mostly flat lululemon profit beats estimates,IAB7 Health & Fitness,0.5,pseudo labeled,
ackman dwarfed herbalife spending lobbying battle,IAB7 Health & Fitness,0.5,pseudo labeled,
apple considering full health fitness services platform modeled,IAB7 Health & Fitness,0.49,pseudo labeled,
"Alternative medicine offers a holistic approach to health and fitness, considering the whole person rather than just the symptoms.",IAB7 Health & Fitness,0.49,synthetic,
national walking day wednesday,IAB7 Health & Fitness,0.49,pseudo labeled,
Pilates,IAB7 Health & Fitness,0.49,synthetic,
google fit challenge apple samsung healthtracking arena,IAB7 Health & Fitness,0.48,pseudo labeled,
google apple rivalry gets delightfully healthier google fit,IAB7 Health & Fitness,0.48,pseudo labeled,
gym tells hot fit woman cover shes intimidating others,IAB7 Health & Fitness,0.47,pseudo labeled,
"- There are a number of things that people with IBS and Crohn's Disease can do to improve their health and fitness, including eating a healthy diet, exercising regularly, and getting enough sleep",IAB7 Health & Fitness,0.47,synthetic,
kim kardashian goes makeup free au naturel gym work pics,IAB7 Health & Fitness,0.47,pseudo labeled,
herbalifes ftc probe threatens stock rally,IAB7 Health & Fitness,0.46,pseudo labeled,
google developing new fitness tracking platform called google fit,IAB7 Health & Fitness,0.46,pseudo labeled,
- IBS and Crohn's Disease can have a significant impact on health and fitness,IAB7 Health & Fitness,0.46,synthetic,
google confirms google fit health fitness tracking,IAB7 Health & Fitness,0.45,pseudo labeled,
hey men forget smartwatch fitness band track vitals health shirt,IAB7 Health & Fitness,0.45,pseudo labeled,
google unveils fit health fitness tracking platform,IAB7 Health & Fitness,0.44,pseudo labeled,
ftc inquiry herbalife prompts big share selloff,IAB7 Health & Fitness,0.44,pseudo labeled,
earnings deck blackberry ltd lululemon athletica inc red hat inc,IAB7 Health & Fitness,0.44,pseudo labeled,
report google take apples healthkit launch google fit,IAB7 Health & Fitness,0.44,pseudo labeled,
gym tanning fighting situation jersey shore charged fight,IAB7 Health & Fitness,0.44,pseudo labeled,
google fit googles play track health data android apps,IAB7 Health & Fitness,0.44,pseudo labeled,
google fit answer apples healthkit fitness battle,IAB7 Health & Fitness,0.43,pseudo labeled,
hightech workout clothes track bodys vitals,IAB7 Health & Fitness,0.43,pseudo labeled,
google fit healthcare service vs apple healthkit samsung sami,IAB7 Health & Fitness,0.43,pseudo labeled,
google announces google fit help better track health,IAB7 Health & Fitness,0.42,pseudo labeled,
### 9. Holistic Healing and Physical Health: Addressing the Body's Needs,IAB7 Health & Fitness,0.42,synthetic,
herbalife facing ftc inquiry shares take hit,IAB7 Health & Fitness,0.42,pseudo labeled,
wednesday national walking day,IAB7 Health & Fitness,0.42,pseudo labeled,
health club ad makes fun kimye wedding,IAB7 Health & Fitness,0.41,pseudo labeled,
lulu lululemon stock pops despite weak outlook,IAB7 Health & Fitness,0.41,pseudo labeled,
"Orthopedics, a branch of medicine that focuses on the musculoskeletal system, has a significant influence on health and fitness.",IAB7 Health & Fitness,0.41,synthetic,
dr paula walker discusses national walking day,IAB7 Health & Fitness,0.41,pseudo labeled,
national walking day 2014 get walking hearts health,IAB7 Health & Fitness,0.4,pseudo labeled,
google said prepping google fit health service io launch expected,IAB7 Health & Fitness,0.4,pseudo labeled,
local youth celebrate kick butts day,IAB7 Health & Fitness,0.4,pseudo labeled,
google fit platform unveiled integrate health apps devices,IAB7 Health & Fitness,0.4,pseudo labeled,
hf risk tied processed red meat intake,IAB7 Health & Fitness,0.4,pseudo labeled,
importance of posture in fitness,IAB7 Health & Fitness,0.39,synthetic,
importance of electrolytes in fitness,IAB7 Health & Fitness,0.38,synthetic,
kim kardashian fights kanye marriage woes gym,IAB7 Health & Fitness,0.38,pseudo labeled,
fbi herbalife investigation whats going,IAB7 Health & Fitness,0.38,pseudo labeled,
gym jessica simpsons weight loss reaches new levels,IAB7 Health & Fitness,0.38,pseudo labeled,
google developing health data app fit take apple,IAB7 Health & Fitness,0.38,pseudo labeled,
sanofi regeneron prep pcsk9 cardio contender fda review phiii,IAB7 Health & Fitness,0.37,pseudo labeled,
google fit health service announcement expected,IAB7 Health & Fitness,0.37,pseudo labeled,
jada pinkett smith gets physical,IAB7 Health & Fitness,0.37,pseudo labeled,
ftc starts herbalife investigation shares drop,IAB7 Health & Fitness,0.37,pseudo labeled,
work smarter hightech fitnesstracking shirt,IAB7 Health & Fitness,0.37,pseudo labeled,
"In the early 19th century, exercise began to be recognized as a way to improve health and fitness.",IAB7 Health & Fitness,0.37,synthetic,
facebook sets sights fitness buying activitytracking app moves,IAB7 Health & Fitness,0.37,pseudo labeled,
health tracking platform google fit may unveiled google io 2014,IAB7 Health & Fitness,0.37,pseudo labeled,
mcauliffe puts focus womens health,IAB7 Health & Fitness,0.37,pseudo labeled,
fitbit makes app windows phone base,IAB7 Health & Fitness,0.36,pseudo labeled,
So make nutrition a priority in your life.,IAB7 Health & Fitness,0.36,synthetic,
angelina jolie forced yoga,IAB7 Health & Fitness,0.36,pseudo labeled,
kimyes divorce inevitable gym using advertising,IAB7 Health & Fitness,0.36,pseudo labeled,
rob kardashian hits gym picture,IAB7 Health & Fitness,0.36,pseudo labeled,
google fit androids new health fitness tracking platform,IAB7 Health & Fitness,0.36,pseudo labeled,
gym memberships cellphone contracts 35 percent americans,IAB7 Health & Fitness,0.36,pseudo labeled,
herbalife faces ftc inquiry shares plunge,IAB7 Health & Fitness,0.35,pseudo labeled,
"The Importance of Exercise for Women's Health: Reducing Risk of Chronic Diseases, Improving Mood, Boosting Energy Levels",IAB7 Health & Fitness,0.35,synthetic,
samsung galaxy s5 review fitnessconscious smartphone,IAB7 Health & Fitness,0.35,pseudo labeled,
google fit android take apple healthkit,IAB7 Health & Fitness,0.34,pseudo labeled,
importance of rest days in fitness,IAB7 Health & Fitness,0.34,synthetic,
lululemon shares rally new chief gets warm welcome,IAB7 Health & Fitness,0.34,pseudo labeled,
google fit android take apple ios healthkit services,IAB7 Health & Fitness,0.34,pseudo labeled,
adidass latest app allows users put instagram photos trainers,IAB7 Health & Fitness,0.34,pseudo labeled,
importance of consistency in fitness,IAB7 Health & Fitness,0.34,synthetic,
needs gym youve got kim kardashian rapper says kimmy makes,IAB7 Health & Fitness,0.33,pseudo labeled,
microsoft fitness band arrive q4 rival samsung gear fit,IAB7 Health & Fitness,0.33,pseudo labeled,
importance of mental toughness in fitness,IAB7 Health & Fitness,0.33,synthetic,
american fitness index 2014 washington among healthiest cities,IAB7 Health & Fitness,0.33,pseudo labeled,
Influence on Fitness: The Benefits of Quitting Smoking,IAB7 Health & Fitness,0.33,synthetic,
pilates vs yoga for toning,IAB7 Health & Fitness,0.33,synthetic,
running seven minutes day cuts risk dying heart disease,IAB7 Health & Fitness,0.33,pseudo labeled,
gym told woman wear clothes intimidating,IAB7 Health & Fitness,0.33,pseudo labeled,
"Bicycling has played a significant role in promoting fitness, reducing carbon emissions, and fostering a sense of community.",IAB7 Health & Fitness,0.33,synthetic,
even 5minute run great heart health,IAB7 Health & Fitness,0.33,pseudo labeled,
lululemon earnings preview analysts saying,IAB7 Health & Fitness,0.33,pseudo labeled,
dark chocolate good health exact reason,IAB7 Health & Fitness,0.32,pseudo labeled,
"Physical therapy has been around for centuries, with its roots in ancient Greece and China.",IAB7 Health & Fitness,0.32,synthetic,
burn planet fitness ground,IAB7 Health & Fitness,0.32,pseudo labeled,
"Sexuality is a complex and multifaceted aspect of human health and fitness that encompasses a wide range of physical, emotional, and social dimensions.",IAB7 Health & Fitness,0.32,synthetic,
facebooks fitness app buy location location location,IAB7 Health & Fitness,0.32,pseudo labeled,
importance of mental health in fitness,IAB7 Health & Fitness,0.32,synthetic,
herbalife facing ftc inquiry,IAB7 Health & Fitness,0.32,pseudo labeled,
facebook looks break fitness market latest moves acquisition,IAB7 Health & Fitness,0.32,pseudo labeled,
"Bicycling has a positive influence on physical and mental health, promoting cardiovascular fitness, reducing stress, and improving overall well-being.",IAB7 Health & Fitness,0.32,synthetic,
calories burned doing yoga,IAB7 Health & Fitness,0.32,synthetic,
dark chocolate boosts peoples walking ability,IAB7 Health & Fitness,0.32,pseudo labeled,
google fit health service coming report,IAB7 Health & Fitness,0.32,pseudo labeled,
american heart association celebrates national walking day april 2,IAB7 Health & Fitness,0.32,pseudo labeled,
google fit service allow users consolidate health fitness,IAB7 Health & Fitness,0.32,pseudo labeled,
google starts processing requests users exercising right,IAB7 Health & Fitness,0.32,pseudo labeled,
yoga for core strength,IAB7 Health & Fitness,0.32,synthetic,
google previews google fit apis sharing fitnesslogging info,IAB7 Health & Fitness,0.31,pseudo labeled,
lululemon athletica inc surges earnings beat ceo pledges global expansion,IAB7 Health & Fitness,0.31,pseudo labeled,
Paintball is a great way to stay active and healthy.,IAB7 Health & Fitness,0.31,synthetic,
quick short runs pack health benefits,IAB7 Health & Fitness,0.31,pseudo labeled,
So get out there and start walking!,IAB7 Health & Fitness,0.31,synthetic,
short runs pack health benefits,IAB7 Health & Fitness,0.31,pseudo labeled,
Current trends in walking include:,IAB7 Health & Fitness,0.31,synthetic,
tweet feet national walking day,IAB7 Health & Fitness,0.31,pseudo labeled,
infographic spotify says australians love love keep fit,IAB7 Health & Fitness,0.31,pseudo labeled,
ftc launches civil probe herbalife ltd,IAB7 Health & Fitness,0.3,pseudo labeled,
seattle tones moves us fitness study,IAB7 Health & Fitness,0.3,pseudo labeled,
ralph lauren debuts polo tech fitness tracker shirt us open,IAB7 Health & Fitness,0.3,pseudo labeled,
charlotte jumps 27 fitness ranking,IAB7 Health & Fitness,0.3,pseudo labeled,
ralph lauren testing fitness tracking shirt us open,IAB7 Health & Fitness,0.3,pseudo labeled,
ftc opens inquiry herbalife,IAB7 Health & Fitness,0.3,pseudo labeled,
ftc probe targets herbalife,IAB7 Health & Fitness,0.3,pseudo labeled,
fitness motivation quotes,IAB7 Health & Fitness,0.3,synthetic,
"Swimming is a great way to reduce your risk of chronic diseases, such as heart disease, stroke, and type 2 diabetes.",IAB7 Health & Fitness,0.3,synthetic,
miley cyrus addresses drug rumors im poster child good health,IAB7 Health & Fitness,0.29,pseudo labeled,
yale bodyshames naturally slim student name health,IAB7 Health & Fitness,0.29,pseudo labeled,
google play fitness details leak ahead google io,IAB7 Health & Fitness,0.29,pseudo labeled,
Swimming is a safe and enjoyable way to get exercise and improve your overall health.,IAB7 Health & Fitness,0.29,synthetic,
microsoft rival samsung fitness tracker ios android windows,IAB7 Health & Fitness,0.29,pseudo labeled,
common gym mistakes to avoid,IAB7 Health & Fitness,0.29,synthetic,
gym tells woman cover toned body intimidated others,IAB7 Health & Fitness,0.29,pseudo labeled,
kim kardashian avoids photographers legging gym,IAB7 Health & Fitness,0.28,pseudo labeled,
apples new headphones track heart rate blood pressure leak ios 8,IAB7 Health & Fitness,0.28,pseudo labeled,
new fitness report says need get shape dallas,IAB7 Health & Fitness,0.28,pseudo labeled,
rob kardashian flying personal trainer paris keep fit sister kims,IAB7 Health & Fitness,0.28,pseudo labeled,
exercise wards diabetes pregnancy,IAB7 Health & Fitness,0.28,pseudo labeled,
fit woman told gym cover,IAB7 Health & Fitness,0.28,pseudo labeled,
facebook buys fitnesstracking app moves,IAB7 Health & Fitness,0.28,pseudo labeled,
end fitness bands wearable tech feels ready move forward,IAB7 Health & Fitness,0.28,pseudo labeled,
best fitness podcasts to follow,IAB7 Health & Fitness,0.28,synthetic,
guy behind nutrition facts energy guides,IAB7 Health & Fitness,0.28,pseudo labeled,
apples hiring medical professionals hints fitness features rumoured,IAB7 Health & Fitness,0.28,pseudo labeled,
google fit curate steps calories heart rate biometric data,IAB7 Health & Fitness,0.28,pseudo labeled,
how to incorporate fitness into daily routine,IAB7 Health & Fitness,0.28,synthetic,
john kerrys visit exercise success modiobama meet,IAB7 Health & Fitness,0.28,pseudo labeled,
run life jogging seven minues day slashes heart disease risks,IAB7 Health & Fitness,0.27,pseudo labeled,
drama ever end lululemon,IAB7 Health & Fitness,0.27,pseudo labeled,
criminal probe launched herbalife,IAB7 Health & Fitness,0.27,pseudo labeled,
gym tells woman cover intimidating members,IAB7 Health & Fitness,0.27,pseudo labeled,
facebook eyes fitness tracking market buys moves,IAB7 Health & Fitness,0.27,pseudo labeled,
roundup herbalife facing ftc inquiry investment bank agrees pay 25m,IAB7 Health & Fitness,0.27,pseudo labeled,
canada stocks watch snclavalin lululemon aecon,IAB7 Health & Fitness,0.27,pseudo labeled,
google fit announced android version ios 8 healthkit nike adidas,IAB7 Health & Fitness,0.27,pseudo labeled,
yoga mat chemical almost bread subway says,IAB7 Health & Fitness,0.27,pseudo labeled,
"Walking has many health benefits, including reducing the risk of heart disease, stroke, type 2 diabetes, and some types of cancer.",IAB7 Health & Fitness,0.26,synthetic,
subway says yoga mat chemical almost bread,IAB7 Health & Fitness,0.26,pseudo labeled,
chocolate pills cardiovascular health,IAB7 Health & Fitness,0.26,pseudo labeled,
apple planning fitness tracking earpods,IAB7 Health & Fitness,0.26,pseudo labeled,
rob kardashian spotted gym amid sizzurp concerns need rehab,IAB7 Health & Fitness,0.26,pseudo labeled,
recall fitbit force activitytracking wristband,IAB7 Health & Fitness,0.26,pseudo labeled,
Bicycling is a rewarding activity that offers both physical and mental benefits.,IAB7 Health & Fitness,0.26,synthetic,
google fit official aims help give complete picture fitness,IAB7 Health & Fitness,0.26,pseudo labeled,
facebook buys fitness tracker startup behind moves,IAB7 Health & Fitness,0.26,pseudo labeled,
health trigger words trump nutritional labels food purchases,IAB7 Health & Fitness,0.26,pseudo labeled,
lululemon says profits held steady fourth quarter revenue 7 per cent,IAB7 Health & Fitness,0.26,pseudo labeled,
video beats announces athletefriendly powerbeats 2 wireless earphones,IAB7 Health & Fitness,0.26,pseudo labeled,
how to develop a morning fitness routine,IAB7 Health & Fitness,0.26,synthetic,
importance of breathing in exercise,IAB7 Health & Fitness,0.26,synthetic,
modesty new abercrombie,IAB7 Health & Fitness,0.26,pseudo labeled,
nurse giving advice mens health tinder,IAB7 Health & Fitness,0.26,pseudo labeled,
kate middleton turns extreme diet stay slim better skin,IAB7 Health & Fitness,0.26,pseudo labeled,
google fit platform preview time get healthy,IAB7 Health & Fitness,0.25,pseudo labeled,
hoosier kids join kick butts campaign,IAB7 Health & Fitness,0.25,pseudo labeled,
herbalife target unusually high options trading hlf,IAB7 Health & Fitness,0.25,pseudo labeled,
5 reasons youll want workout omsignals smart shirts list,IAB7 Health & Fitness,0.25,pseudo labeled,
"These therapies include acupuncture, massage therapy, and yoga.",IAB7 Health & Fitness,0.25,synthetic,
running five minutes day really help live longer,IAB7 Health & Fitness,0.25,pseudo labeled,
io google fit unveiled health fitness tracking platform,IAB7 Health & Fitness,0.25,pseudo labeled,
sweet truth dark chocolate help pad patients walk better,IAB7 Health & Fitness,0.25,pseudo labeled,
- The growing popularity of walking as a form of exercise.,IAB7 Health & Fitness,0.25,synthetic,
"Walking is one of the oldest and most natural forms of exercise, dating back to the earliest days of human history.",IAB7 Health & Fitness,0.25,synthetic,
chocolate walk dark chocolate boosts endurance,IAB7 Health & Fitness,0.25,pseudo labeled,
The future of physical therapy is bright.,IAB7 Health & Fitness,0.25,synthetic,
"The integration of appliances with health and fitness trackers has emerged as a trend, providing insights into calorie consumption and nutritional information.",IAB7 Health & Fitness,0.25,synthetic,
"Exercise is a powerful tool that can help people live healthier, happier, and longer lives.",IAB7 Health & Fitness,0.25,synthetic,
ivf move could prevent diseases,IAB7 Health & Fitness,0.24,pseudo labeled,
The future of physical therapy is full of possibilities.,IAB7 Health & Fitness,0.24,synthetic,
apples iwatch could help launch new health fitness platform,IAB7 Health & Fitness,0.24,pseudo labeled,
keep fitness coach pocket samsung galaxy s5,IAB7 Health & Fitness,0.24,pseudo labeled,
benefits of circuit training,IAB7 Health & Fitness,0.24,synthetic,
importance minding health,IAB7 Health & Fitness,0.24,pseudo labeled,
meet jessica simpsons wedding weight loss trainer,IAB7 Health & Fitness,0.24,pseudo labeled,
running daily even minutes increases life span,IAB7 Health & Fitness,0.24,pseudo labeled,
moderate exercise key heart health,IAB7 Health & Fitness,0.24,pseudo labeled,
facebook buys startup behind fitness tracker app moves,IAB7 Health & Fitness,0.24,pseudo labeled,
apple eyeing full health fitness platform report says,IAB7 Health & Fitness,0.24,pseudo labeled,
Exercise can help people improve their overall quality of life.,IAB7 Health & Fitness,0.24,synthetic,
kids support national kick butts day,IAB7 Health & Fitness,0.24,pseudo labeled,
Importance of Self-Care for Parents: Maintaining Physical and Mental Health,IAB7 Health & Fitness,0.24,synthetic,
lululemon holds busiest retail season,IAB7 Health & Fitness,0.24,pseudo labeled,
"Walking is a great way to stay active and healthy, and it can be enjoyed by people of all ages and fitness levels.",IAB7 Health & Fitness,0.24,synthetic,
running five minutes day good life,IAB7 Health & Fitness,0.24,pseudo labeled,
ymcas presenting healthy kids day,IAB7 Health & Fitness,0.24,pseudo labeled,
exercise heart disease much help lot,IAB7 Health & Fitness,0.24,pseudo labeled,
johnson county named healthiest kansas second straight year,IAB7 Health & Fitness,0.24,pseudo labeled,
ottawa county ranked healthiest michigan,IAB7 Health & Fitness,0.23,pseudo labeled,
healthy kids day planned april 26 miami county ymca,IAB7 Health & Fitness,0.23,pseudo labeled,
tatami foldable yoga mats,IAB7 Health & Fitness,0.23,synthetic,
samsung introduces wearable health tracker geeks insurance,IAB7 Health & Fitness,0.23,pseudo labeled,
subway yoga mat ingredient removed week,IAB7 Health & Fitness,0.23,pseudo labeled,
lana del reys ultraviolence leads healthy us album chart,IAB7 Health & Fitness,0.23,pseudo labeled,
google apple fight heart healthcare defines latest,IAB7 Health & Fitness,0.23,pseudo labeled,
running 5 minutes day help live longer,IAB7 Health & Fitness,0.23,pseudo labeled,
lululemon lulu sees buying pressure ahead q4 report,IAB7 Health & Fitness,0.23,pseudo labeled,
running 7 minutes day halves heart death risk,IAB7 Health & Fitness,0.23,pseudo labeled,
fasting reduce cholesterol levels people prediabetes,IAB7 Health & Fitness,0.23,pseudo labeled,
stayathome moms rise,IAB7 Health & Fitness,0.23,pseudo labeled,
facebook acquires alwayson fitness tracking app moves,IAB7 Health & Fitness,0.23,pseudo labeled,
5minute run help live longer,IAB7 Health & Fitness,0.23,pseudo labeled,
facebook sashays fitness space moves acquisition,IAB7 Health & Fitness,0.23,pseudo labeled,
fasting lower diabetes risk prediabetes,IAB7 Health & Fitness,0.23,pseudo labeled,
facebook acquired fitnesstracking app moves,IAB7 Health & Fitness,0.23,pseudo labeled,
im size 24 im healthy happy lose weight woman,IAB7 Health & Fitness,0.23,pseudo labeled,
acdcs malcolm young takes break band focus health,IAB7 Health & Fitness,0.23,pseudo labeled,
facebook acquires fitness tracking mobile app,IAB7 Health & Fitness,0.23,pseudo labeled,
womans crop top intimidating planet fitness,IAB7 Health & Fitness,0.23,pseudo labeled,
weight loss surgery better medications treating obese diabetics,IAB7 Health & Fitness,0.22,pseudo labeled,
lululemon q4 results top estimates provides weak outlook,IAB7 Health & Fitness,0.22,pseudo labeled,
get moving exercise reverses signs skin aging,IAB7 Health & Fitness,0.22,pseudo labeled,
runkeeper launches new steptracking breeze app,IAB7 Health & Fitness,0.22,pseudo labeled,
jessica simpson sheds 60plus pounds,IAB7 Health & Fitness,0.22,pseudo labeled,
cyrus says shes fighting fit,IAB7 Health & Fitness,0.22,pseudo labeled,
facebook acquires fitnesstracking moves app,IAB7 Health & Fitness,0.22,pseudo labeled,
kane county ranked among healthiest counties state,IAB7 Health & Fitness,0.22,pseudo labeled,
herbalife ltd nysehlf provides fy 14 results,IAB7 Health & Fitness,0.22,pseudo labeled,
"Today, exercise is an essential part of a healthy lifestyle for people of all ages.",IAB7 Health & Fitness,0.22,synthetic,
yogawear maker lululemon forecasts lower firstquarter results,IAB7 Health & Fitness,0.22,pseudo labeled,
runkeeper launches life tracking app breeze make fitbit irrelevant,IAB7 Health & Fitness,0.22,pseudo labeled,
google previews fit software kit healthtracking apps,IAB7 Health & Fitness,0.22,pseudo labeled,
kim working hard shape dday,IAB7 Health & Fitness,0.22,pseudo labeled,
human barbie valeria lukyanova posts workout video extreme diet,IAB7 Health & Fitness,0.22,pseudo labeled,
Exercise is an important part of a healthy lifestyle.,IAB7 Health & Fitness,0.22,synthetic,
fitbit force causes skin irritation 10000 people,IAB7 Health & Fitness,0.22,pseudo labeled,
top yoga poses for flexibility,IAB7 Health & Fitness,0.22,synthetic,
best online fitness classes,IAB7 Health & Fitness,0.22,synthetic,
new sdk shows google really wants get body,IAB7 Health & Fitness,0.22,pseudo labeled,
Camping is a great way to get some exercise and fresh air.,IAB7 Health & Fitness,0.22,synthetic,
best fitness tracker for sleep monitoring,IAB7 Health & Fitness,0.22,synthetic,
Exercise is a great way to relieve stress and improve mood.,IAB7 Health & Fitness,0.22,synthetic,
daily step goal for weight loss,IAB7 Health & Fitness,0.22,synthetic,
youngstown area 10th nation least exercise,IAB7 Health & Fitness,0.22,pseudo labeled,
walking for weight loss plan,IAB7 Health & Fitness,0.22,synthetic,
Exercise can help people live independently for longer.,IAB7 Health & Fitness,0.22,synthetic,
"Despite these controversies, physical therapy remains a vital part of the healthcare system.",IAB7 Health & Fitness,0.22,synthetic,
Exercise can help people sleep better.,IAB7 Health & Fitness,0.21,synthetic,
washington dc claims top ranking annual fit city index,IAB7 Health & Fitness,0.21,pseudo labeled,
slowly running short distances greatly reduces chances heart attack,IAB7 Health & Fitness,0.21,pseudo labeled,
"Bicycling has the potential to play an even greater role in promoting health, sustainability, and community building in the years to come.",IAB7 Health & Fitness,0.21,synthetic,
"In the 20th century, exercise became increasingly popular as a way to stay healthy and fit.",IAB7 Health & Fitness,0.21,synthetic,
rob kardashian deep sizzurp weed family pushing rehab,IAB7 Health & Fitness,0.21,pseudo labeled,
running five minutes day greatly reduces risk death,IAB7 Health & Fitness,0.21,pseudo labeled,
somerset county named second healthiest county new jersey,IAB7 Health & Fitness,0.21,pseudo labeled,
wva metros rank lowest wellness poll,IAB7 Health & Fitness,0.21,pseudo labeled,
"Spas can help you relieve pain, improve your circulation, and boost your immune system.",IAB7 Health & Fitness,0.21,synthetic,
apple earpods monitor heart rate blood pressure,IAB7 Health & Fitness,0.21,pseudo labeled,
kirstie alley recommits shedding 30 pounds help jenny craig,IAB7 Health & Fitness,0.21,pseudo labeled,
desire longer healthier life run 5 minutes day,IAB7 Health & Fitness,0.21,pseudo labeled,
columbia county among top healthiest state,IAB7 Health & Fitness,0.21,pseudo labeled,
run 5 minutes day add 3 years life,IAB7 Health & Fitness,0.21,pseudo labeled,
even short runs help live longer,IAB7 Health & Fitness,0.21,pseudo labeled,
low impact exercises for joints,IAB7 Health & Fitness,0.21,synthetic,
"Exercise, weight loss, and a healthy diet can all help to improve the symptoms of arthritis.",IAB7 Health & Fitness,0.21,synthetic,
herbalife short looking much better ackman,IAB7 Health & Fitness,0.21,pseudo labeled,
ftc opens herbalife probe,IAB7 Health & Fitness,0.21,pseudo labeled,
eating five day longer enough keep healthy,IAB7 Health & Fitness,0.21,pseudo labeled,
HIIT workouts for fat loss,IAB7 Health & Fitness,0.21,synthetic,
woman told gym cover toned body,IAB7 Health & Fitness,0.21,pseudo labeled,
yoga mat chemical subs next week,IAB7 Health & Fitness,0.21,pseudo labeled,
how to improve cardio endurance,IAB7 Health & Fitness,0.21,synthetic,
Notable Events: There have been a number of notable events in the history of men's health.,IAB7 Health & Fitness,0.21,synthetic,
nutrition health greater influence newborns size race,IAB7 Health & Fitness,0.21,pseudo labeled,
"Physical therapy is a branch of healthcare that focuses on the restoration, maintenance, and improvement of physical function and movement.",IAB7 Health & Fitness,0.21,synthetic,
hilary duffs chasing sun music video see fit beach body video,IAB7 Health & Fitness,0.21,pseudo labeled,
shirt measure heart rate,IAB7 Health & Fitness,0.2,pseudo labeled,
4 reasons optimistic lululemon,IAB7 Health & Fitness,0.2,pseudo labeled,
ackman outspent herbalife lobbying battle,IAB7 Health & Fitness,0.2,pseudo labeled,
trigiani cmon really hard eat healthy,IAB7 Health & Fitness,0.2,pseudo labeled,
exercise for mental clarity,IAB7 Health & Fitness,0.2,synthetic,
shia labeouf goes rehab,IAB7 Health & Fitness,0.2,pseudo labeled,
dieters move past calories foot makers follow,IAB7 Health & Fitness,0.2,pseudo labeled,
Swimming can help you relax and de-stress.,IAB7 Health & Fitness,0.2,synthetic,
herbalifes misleading bizarre guidance dont fall,IAB7 Health & Fitness,0.2,pseudo labeled,
running crushes heart attack riskno matter slow go,IAB7 Health & Fitness,0.2,pseudo labeled,
how to strengthen knees,IAB7 Health & Fitness,0.2,synthetic,
omsignal smart shirt monitor workout,IAB7 Health & Fitness,0.2,pseudo labeled,
booty camp kim kardashian displays derriere hits gym bright,IAB7 Health & Fitness,0.2,pseudo labeled,
blaine county one five healthiest places gem state,IAB7 Health & Fitness,0.2,pseudo labeled,
how to strengthen pelvic floor muscles,IAB7 Health & Fitness,0.2,synthetic,
