text,iab_label,confidence,source,labels
Weddings,IAB14 Society,0.95,subcategories,
Dating,IAB14 Society,0.95,subcategories,
Teens,IAB14 Society,0.95,subcategories,
Senior Living,IAB14 Society,0.95,subcategories,
Marriage,IAB14 Society,0.95,subcategories,
Gay Life,IAB14 Society,0.95,subcategories,
Divorce Support,IAB14 Society,0.95,subcategories,
Ethnic Specific,IAB14 Society,0.95,subcategories,
social securitys continuing assault customer service,IAB14 Society,0.93,pseudo labeled,
- The Society of Children's Book Writers and Illustrators,IAB14 Society,0.88,synthetic,
warwickshire branch alzheimers society awarded top honour,IAB14 Society,0.87,pseudo labeled,
hardcore romance fifty shades grey bestsellers society eva illouz,IAB14 Society,0.86,pseudo labeled,
movement lebensreform,IAB14 Society,0.85,scraped,
movement efficiency movement,IAB14 Society,0.85,scraped,
movement lgbt rights opposition,IAB14 Society,0.85,scraped,
movement goliards,IAB14 Society,0.85,scraped,
civil rights founding fathers of the united statesafrican american founding fathers of the united states,IAB14 Society,0.85,scraped,
movement going to the people,IAB14 Society,0.85,scraped,
movement global citizens movement,IAB14 Society,0.85,scraped,
movement ecofeminism,IAB14 Society,0.85,scraped,
movement ecomasculinity,IAB14 Society,0.85,scraped,
movement economy for the common good,IAB14 Society,0.85,scraped,
movement effective altruism,IAB14 Society,0.85,scraped,
movement extinction rebellion,IAB14 Society,0.85,scraped,
movement environmental justice movement,IAB14 Society,0.85,scraped,
movement environmental movement,IAB14 Society,0.85,scraped,
movement esperanto movement,IAB14 Society,0.85,scraped,
movement ethiopian movement,IAB14 Society,0.85,scraped,
"movement landless workers' movement(mst), the landless workers' movement in brazil",IAB14 Society,0.85,scraped,
movement fair trade movement,IAB14 Society,0.85,scraped,
movement farm-to-table movement,IAB14 Society,0.85,scraped,
movement farm worker movement,IAB14 Society,0.85,scraped,
movement feminist movement,IAB14 Society,0.85,scraped,
movement free culture movement,IAB14 Society,0.85,scraped,
movement freedom and people's rights movement,IAB14 Society,0.85,scraped,
movement lawyers' movementinpakistan,IAB14 Society,0.85,scraped,
movement india against corruption,IAB14 Society,0.85,scraped,
movement landless peoples movement(south africa),IAB14 Society,0.85,scraped,
movement labor movement,IAB14 Society,0.85,scraped,
movement anti-globalization movement,IAB14 Society,0.85,scraped,
movement anti-jock movement,IAB14 Society,0.85,scraped,
movement anti-liberalism,IAB14 Society,0.85,scraped,
movement anti-nuclear movement,IAB14 Society,0.85,scraped,
movement decretalist,IAB14 Society,0.85,scraped,
movement decretist,IAB14 Society,0.85,scraped,
movement disability rights movement,IAB14 Society,0.85,scraped,
movement earth first!,IAB14 Society,0.85,scraped,
movement greece aganaktismenoi movements,IAB14 Society,0.85,scraped,
movement guelphs and ghibellines,IAB14 Society,0.85,scraped,
movement health at every size,IAB14 Society,0.85,scraped,
movement health freedom movement,IAB14 Society,0.85,scraped,
movement hippie movement,IAB14 Society,0.85,scraped,
movement hizmet movement,IAB14 Society,0.85,scraped,
movement hot girl walk,IAB14 Society,0.85,scraped,
movement human rights movement,IAB14 Society,0.85,scraped,
movement identitarian movement,IAB14 Society,0.85,scraped,
movement illyrian movement,IAB14 Society,0.85,scraped,
movement immigrant rights movement,IAB14 Society,0.85,scraped,
movement free school movement,IAB14 Society,0.85,scraped,
movement indigenous peoples movement,IAB14 Society,0.85,scraped,
movement indigenous movements in the americas,IAB14 Society,0.85,scraped,
movement 2017 pro-jallikattu protests,IAB14 Society,0.85,scraped,
movement free love,IAB14 Society,0.85,scraped,
civil rights free speech fight,IAB14 Society,0.85,scraped,
movement free software movement,IAB14 Society,0.85,scraped,
movement galician russophilia,IAB14 Society,0.85,scraped,
civil rights rochester convention (1848),IAB14 Society,0.85,scraped,
civil rights declaration of sentiments (1848),IAB14 Society,0.85,scraped,
civil rights seneca falls convention (1848),IAB14 Society,0.85,scraped,
civil rights 6th,IAB14 Society,0.85,scraped,
civil rights 7th,IAB14 Society,0.85,scraped,
civil rights 8th,IAB14 Society,0.85,scraped,
civil rights 9th,IAB14 Society,0.85,scraped,
civil rights 10th,IAB14 Society,0.85,scraped,
civil rights 11th,IAB14 Society,0.85,scraped,
civil rights 12th,IAB14 Society,0.85,scraped,
civil rights 13th,IAB14 Society,0.85,scraped,
civil rights 14th,IAB14 Society,0.85,scraped,
civil rights hong kong 1 july marches,IAB14 Society,0.85,scraped,
civil rights 2014 hong kong protests,IAB14 Society,0.85,scraped,
civil rights 2019–2020 hong kong protests,IAB14 Society,0.85,scraped,
civil rights wspu march (1906),IAB14 Society,0.85,scraped,
civil rights mud march (1907),IAB14 Society,0.85,scraped,
civil rights women's sunday (1908),IAB14 Society,0.85,scraped,
civil rights black friday (1910),IAB14 Society,0.85,scraped,
civil rights battle of downing street (1910),IAB14 Society,0.85,scraped,
civil rights women's coronation procession (1911),IAB14 Society,0.85,scraped,
civil rights great pilgrimage (1913),IAB14 Society,0.85,scraped,
civil rights open christmas letter (1914),IAB14 Society,0.85,scraped,
civil rights selma to montgomery marches (1965),IAB14 Society,0.85,scraped,
civil rights emmeline and christabel pankhurst memorial,IAB14 Society,0.85,scraped,
"civil rights rise up, women(emmeline pankhurst statue)",IAB14 Society,0.85,scraped,
civil rights suffrage special (1916),IAB14 Society,0.85,scraped,
movement gerakan harapan baru(new hope movement in malaysia),IAB14 Society,0.85,scraped,
movement global justice movement,IAB14 Society,0.85,scraped,
movement anti-extradition law amendment bill movement,IAB14 Society,0.85,scraped,
civil rights free speech movement,IAB14 Society,0.85,scraped,
civil rights history of human rights,IAB14 Society,0.85,scraped,
civil rights ohio women's convention (1851),IAB14 Society,0.85,scraped,
civil rights national women's rights convention (1850–1869),IAB14 Society,0.85,scraped,
civil rights trial of susan b. anthony (1872–1873),IAB14 Society,0.85,scraped,
civil rights woman suffrage procession (1913),IAB14 Society,0.85,scraped,
civil rights suffrage torch,IAB14 Society,0.85,scraped,
civil rights silent sentinels (1917–1919)night of terrorprison special,IAB14 Society,0.85,scraped,
civil rights belmont–paul monument,IAB14 Society,0.85,scraped,
civil rights 1920 united states presidential election,IAB14 Society,0.85,scraped,
"civil rights ""give us the ballot"" (1957)",IAB14 Society,0.85,scraped,
civil rights ohio women's convention (1850),IAB14 Society,0.85,scraped,
civil rights freedom summer (1964),IAB14 Society,0.85,scraped,
civil rights night of terror,IAB14 Society,0.85,scraped,
civil rights prison special,IAB14 Society,0.85,scraped,
civil rights timeline of women's suffrageusin majority-muslim countries,IAB14 Society,0.85,scraped,
civil rights historiography of the suffragettes,IAB14 Society,0.85,scraped,
civil rights women's suffrage organizations and publications,IAB14 Society,0.85,scraped,
civil rights leser v. garnett,IAB14 Society,0.85,scraped,
movement anti-fascism,IAB14 Society,0.85,scraped,
movement alternative movement,IAB14 Society,0.85,scraped,
movement anti-corporate activism,IAB14 Society,0.85,scraped,
civil rights chicano movement,IAB14 Society,0.85,scraped,
civil rights civil and political rights,IAB14 Society,0.85,scraped,
civil rights convention on the elimination of all forms of discrimination against women,IAB14 Society,0.85,scraped,
civil rights convention on the political rights of women,IAB14 Society,0.85,scraped,
civil rights counterculture of the 1960s,IAB14 Society,0.85,scraped,
civil rights declaration of the rights of man and of the citizen,IAB14 Society,0.85,scraped,
civil rights declaration of the rights of woman and of the female citizen,IAB14 Society,0.85,scraped,
civil rights declaration on the elimination of discrimination against women,IAB14 Society,0.85,scraped,
civil rights english bill of rights,IAB14 Society,0.85,scraped,
civil rights equality before the law,IAB14 Society,0.85,scraped,
civil rights european convention on human rights,IAB14 Society,0.85,scraped,
civil rights civil liberties in the united kingdom,IAB14 Society,0.85,scraped,
movement asa section on collective behavior and social movements,IAB14 Society,0.85,scraped,
movement yug nirman yojana,IAB14 Society,0.85,scraped,
movement workplace spirituality,IAB14 Society,0.85,scraped,
movement tangwai movement,IAB14 Society,0.85,scraped,
movement tea party movement,IAB14 Society,0.85,scraped,
movement temperance movement,IAB14 Society,0.85,scraped,
movement the bees army,IAB14 Society,0.85,scraped,
movement the zeitgeist movement,IAB14 Society,0.85,scraped,
movement time to change,IAB14 Society,0.85,scraped,
movement time's up (movement),IAB14 Society,0.85,scraped,
movement treatment action campaign- movement struggling for hiv/aids treatment in south africa,IAB14 Society,0.85,scraped,
movement umbrella movement,IAB14 Society,0.85,scraped,
movement mobilizationjournal,IAB14 Society,0.85,scraped,
civil rights civil rights movement,IAB14 Society,0.85,scraped,
movement anti-consumerism,IAB14 Society,0.85,scraped,
civil rights civil rights movement (1896–1954),IAB14 Society,0.85,scraped,
movement national cleanup day,IAB14 Society,0.85,scraped,
movement neo-slavism,IAB14 Society,0.85,scraped,
movement new enlightenment,IAB14 Society,0.85,scraped,
movement new right (south korea),IAB14 Society,0.85,scraped,
movement non-cooperation movement,IAB14 Society,0.85,scraped,
movement nonviolence movement,IAB14 Society,0.85,scraped,
movement occupy movement,IAB14 Society,0.85,scraped,
movement occupy wall street,IAB14 Society,0.85,scraped,
movement organic movement,IAB14 Society,0.85,scraped,
movement plogging,IAB14 Society,0.85,scraped,
movement pochvennichestvo,IAB14 Society,0.85,scraped,
movement popular assembly of the peoples of oaxaca,IAB14 Society,0.85,scraped,
movement pro-choice movement,IAB14 Society,0.85,scraped,
movement soviet jewry movement,IAB14 Society,0.85,scraped,
movement march for our lives movement,IAB14 Society,0.85,scraped,
movement student movement,IAB14 Society,0.85,scraped,
movement taishō democracy movement,IAB14 Society,0.85,scraped,
"movement research in social movements, conflicts and changejournal",IAB14 Society,0.85,scraped,
"movement social movement studies: journal of social, cultural and political protest",IAB14 Society,0.85,scraped,
movement interface: a journal for and about social movements,IAB14 Society,0.85,scraped,
movement social movements: a summary of what works (pdf),IAB14 Society,0.85,scraped,
civil rights civil rights movement portal,IAB14 Society,0.85,scraped,
civil rights abolition of slavery timeline,IAB14 Society,0.85,scraped,
movement veganism,IAB14 Society,0.85,scraped,
"movement via campesina- international peasants movement representing 150 million people, advocatingfood sovereignty.",IAB14 Society,0.85,scraped,
movement voluntary human extinction movement,IAB14 Society,0.85,scraped,
movement white wednesdays,IAB14 Society,0.85,scraped,
movement conservation movement,IAB14 Society,0.85,scraped,
movement counterculture movement,IAB14 Society,0.85,scraped,
movement czech national revival,IAB14 Society,0.85,scraped,
movement cooperative movement,IAB14 Society,0.85,scraped,
movement cultural movement,IAB14 Society,0.85,scraped,
movement decolonization,IAB14 Society,0.85,scraped,
movement chicano movement,IAB14 Society,0.85,scraped,
movement anti-work movement,IAB14 Society,0.85,scraped,
movement anti-war movement,IAB14 Society,0.85,scraped,
movement anti-psychiatry movement,IAB14 Society,0.85,scraped,
civil rights three generations,IAB14 Society,0.85,scraped,
movement artistic movements: seelist of art movements.,IAB14 Society,0.85,scraped,
movement independence movements: seelists of active separatist movementsandlist of historical separatist movements,IAB14 Society,0.85,scraped,
movement revolutionary movements: seelist of revolutions and rebellions,IAB14 Society,0.85,scraped,
movement religious and spiritual movements: seelist of religions and spiritual traditionsandlist of new religious movements,IAB14 Society,0.85,scraped,
movement 20x20 movement,IAB14 Society,0.85,scraped,
movement 9/11 truth movement,IAB14 Society,0.85,scraped,
movement abolitionist movement,IAB14 Society,0.85,scraped,
movement act up,IAB14 Society,0.85,scraped,
civil rights elizabeth cady stantonstatue,IAB14 Society,0.85,scraped,
movement animal rebellion,IAB14 Society,0.85,scraped,
movement anti-apartheid movement,IAB14 Society,0.85,scraped,
movement anti-capitalism,IAB14 Society,0.85,scraped,
movement climate movement,IAB14 Society,0.85,scraped,
movement civil rights movement,IAB14 Society,0.85,scraped,
movement children's rights movement,IAB14 Society,0.85,scraped,
movement lily-white movement,IAB14 Society,0.85,scraped,
movement western cape anti-eviction campaignsouth african movement struggling against evictions,IAB14 Society,0.85,scraped,
movement westernizer,IAB14 Society,0.85,scraped,
movement white power movement,IAB14 Society,0.85,scraped,
movement wikimedia movement,IAB14 Society,0.85,scraped,
movement women against war,IAB14 Society,0.85,scraped,
movement woman's exchange movement,IAB14 Society,0.85,scraped,
movement women's liberation movement,IAB14 Society,0.85,scraped,
movement women's suffrage,IAB14 Society,0.85,scraped,
movement sunrise movement,IAB14 Society,0.85,scraped,
movement mad pride(psychiatricsocial movement),IAB14 Society,0.85,scraped,
movement lgbt social movements,IAB14 Society,0.85,scraped,
movement brights movement,IAB14 Society,0.85,scraped,
movement alt-right,IAB14 Society,0.85,scraped,
movement asian american movement,IAB14 Society,0.85,scraped,
movement austro-slavism,IAB14 Society,0.85,scraped,
movement autism rights movementmovement advocating for the right of people who are considered neurally divergent (anti-psychiatry),IAB14 Society,0.85,scraped,
movement berlin movement,IAB14 Society,0.85,scraped,
movement black consciousness movement,IAB14 Society,0.85,scraped,
movement black lives matter,IAB14 Society,0.85,scraped,
movement black power movement,IAB14 Society,0.85,scraped,
"movement boycott, divestment, and sanctions",IAB14 Society,0.85,scraped,
movement anti-vaccination movement,IAB14 Society,0.85,scraped,
civil rights suffragette bombing and arson campaign,IAB14 Society,0.85,scraped,
"civil rights ""the march of the women"" (1910 song)",IAB14 Society,0.85,scraped,
civil rights suffragette memorial,IAB14 Society,0.85,scraped,
civil rights chile,IAB14 Society,0.85,scraped,
civil rights ecuador,IAB14 Society,0.85,scraped,
civil rights hong kong,IAB14 Society,0.85,scraped,
civil rights india,IAB14 Society,0.85,scraped,
civil rights japan,IAB14 Society,0.85,scraped,
civil rights kuwait,IAB14 Society,0.85,scraped,
civil rights liechtenstein,IAB14 Society,0.85,scraped,
civil rights mexico,IAB14 Society,0.85,scraped,
civil rights new zealand,IAB14 Society,0.85,scraped,
"civil rights spain (civil war,francoist)",IAB14 Society,0.85,scraped,
civil rights sri lanka,IAB14 Society,0.85,scraped,
civil rights sweden,IAB14 Society,0.85,scraped,
civil rights switzerland,IAB14 Society,0.85,scraped,
"civil rights united stateswomenafrican americansnative americansfelonsforeignersdistrict of columbiapuerto ricostatesconstitutional amendments:15th,19th,23rd,24th,26thindian citizenship act1965 voting rights act",IAB14 Society,0.85,scraped,
civil rights united nations prize in the field of human rights,IAB14 Society,0.85,scraped,
civil rights protocol 13,IAB14 Society,0.85,scraped,
civil rights freedom of assembly,IAB14 Society,0.85,scraped,
civil rights un population fund (unfpa),IAB14 Society,0.85,scraped,
civil rights un children's fund (unicef),IAB14 Society,0.85,scraped,
civil rights un development fund for women (unifem),IAB14 Society,0.85,scraped,
civil rights un development programme (undp),IAB14 Society,0.85,scraped,
civil rights food and agriculture organization of the un (fao),IAB14 Society,0.85,scraped,
civil rights un human settlements programme (un-habitat),IAB14 Society,0.85,scraped,
civil rights amnesty international,IAB14 Society,0.85,scraped,
civil rights colombia,IAB14 Society,0.85,scraped,
civil rights canada,IAB14 Society,0.85,scraped,
civil rights portrait monument,IAB14 Society,0.85,scraped,
civil rights australia1902 commonwealth franchise actaboriginalwomen,IAB14 Society,0.85,scraped,
civil rights 1918,IAB14 Society,0.85,scraped,
civil rights 1928,IAB14 Society,0.85,scraped,
civil rights african americans,IAB14 Society,0.85,scraped,
civil rights native americans,IAB14 Society,0.85,scraped,
civil rights felons,IAB14 Society,0.85,scraped,
civil rights foreigners,IAB14 Society,0.85,scraped,
civil rights district of columbia,IAB14 Society,0.85,scraped,
civil rights puerto rico,IAB14 Society,0.85,scraped,
civil rights states,IAB14 Society,0.85,scraped,
"civil rights constitutional amendments:15th,19th,23rd,24th,26th",IAB14 Society,0.85,scraped,
civil rights indian citizenship act,IAB14 Society,0.85,scraped,
civil rights 1965 voting rights act,IAB14 Society,0.85,scraped,
civil rights international woman suffrage allianceconferences1st2nd3rd4th5th6th7th8th9th10th11th12th13th14th,IAB14 Society,0.85,scraped,
civil rights 1st,IAB14 Society,0.85,scraped,
civil rights aboriginal,IAB14 Society,0.85,scraped,
civil rights 3rd,IAB14 Society,0.85,scraped,
civil rights 1902 commonwealth franchise act,IAB14 Society,0.85,scraped,
civil rights united kingdomwomencayman islandsscotlandwaleslaws183219181928,IAB14 Society,0.85,scraped,
civil rights women's liberation movement,IAB14 Society,0.85,scraped,
civil rights demeny voting,IAB14 Society,0.85,scraped,
"civil rights one man, one vote",IAB14 Society,0.85,scraped,
civil rights secret ballot,IAB14 Society,0.85,scraped,
civil rights austria,IAB14 Society,0.85,scraped,
civil rights fidh,IAB14 Society,0.85,scraped,
civil rights human rights watch,IAB14 Society,0.85,scraped,
civil rights emergency ngo,IAB14 Society,0.85,scraped,
civil rights human rights first,IAB14 Society,0.85,scraped,
civil rights african commission on human and peoples' rights,IAB14 Society,0.85,scraped,
civil rights african court on human and peoples' rights,IAB14 Society,0.85,scraped,
civil rights african court of justice,IAB14 Society,0.85,scraped,
civil rights european court of human rights,IAB14 Society,0.85,scraped,
civil rights european committee for the prevention of torture,IAB14 Society,0.85,scraped,
civil rights inter-american commission on human rights,IAB14 Society,0.85,scraped,
civil rights inter-american court of human rights,IAB14 Society,0.85,scraped,
civil rights european union,IAB14 Society,0.85,scraped,
civil rights council of europe,IAB14 Society,0.85,scraped,
civil rights organization for security and co-operation in europe (osce),IAB14 Society,0.85,scraped,
civil rights office for democratic institutions and human rights (odihr),IAB14 Society,0.85,scraped,
civil rights organisation of american states (oas),IAB14 Society,0.85,scraped,
civil rights un high commissioner for refugees (unhcr),IAB14 Society,0.85,scraped,
civil rights un office for the coordination of humanitarian affairs (unocha),IAB14 Society,0.85,scraped,
civil rights international labour organization (ilo),IAB14 Society,0.85,scraped,
civil rights world health organization (who),IAB14 Society,0.85,scraped,
sociology social equality,IAB14 Society,0.85,scraped,
civil rights human rights commission,IAB14 Society,0.85,scraped,
sociology social equity,IAB14 Society,0.85,scraped,
sociology social stratification,IAB14 Society,0.85,scraped,
sociology gender,IAB14 Society,0.85,scraped,
sociology generations,IAB14 Society,0.85,scraped,
sociology health,IAB14 Society,0.85,scraped,
civil rights un security council,IAB14 Society,0.85,scraped,
civil rights un human rights council,IAB14 Society,0.85,scraped,
civil rights un human rights committee,IAB14 Society,0.85,scraped,
sociology popularity,IAB14 Society,0.85,scraped,
civil rights commission on the status of women (csw),IAB14 Society,0.85,scraped,
civil rights international committee of the red cross (icrc),IAB14 Society,0.85,scraped,
sociology history,IAB14 Society,0.85,scraped,
sociology outline,IAB14 Society,0.85,scraped,
sociology index,IAB14 Society,0.85,scraped,
sociology society,IAB14 Society,0.85,scraped,
sociology human behavior,IAB14 Society,0.85,scraped,
sociology human environmental impact,IAB14 Society,0.85,scraped,
sociology identity,IAB14 Society,0.85,scraped,
sociology industrial revolutions3/4/5,IAB14 Society,0.85,scraped,
sociology social complexity,IAB14 Society,0.85,scraped,
civil rights office of the united nations high commissioner for human rights,IAB14 Society,0.85,scraped,
sociology social environment,IAB14 Society,0.85,scraped,
civil rights international federation of red cross and red crescent societies (ifrc),IAB14 Society,0.85,scraped,
civil rights un department of economic and social affairs (undesa),IAB14 Society,0.85,scraped,
civil rights joint un programme on hiv/aids (unaids),IAB14 Society,0.85,scraped,
"civil rights un educational, scientific and cultural organization (unesco)",IAB14 Society,0.85,scraped,
civil rights human rights institutions,IAB14 Society,0.85,scraped,
civil rights truth and reconciliation commission,IAB14 Society,0.85,scraped,
civil rights committee on the rights of the child,IAB14 Society,0.85,scraped,
civil rights committee on the rights of persons with disabilities,IAB14 Society,0.85,scraped,
civil rights international criminal court,IAB14 Society,0.85,scraped,
civil rights 1832,IAB14 Society,0.85,scraped,
civil rights wales,IAB14 Society,0.85,scraped,
civil rights scotland,IAB14 Society,0.85,scraped,
civil rights 2nd,IAB14 Society,0.85,scraped,
civil rights forwardstatue,IAB14 Society,0.85,scraped,
civil rights kate sheppard national memorial,IAB14 Society,0.85,scraped,
civil rights millicent fawcettstatue,IAB14 Society,0.85,scraped,
civil rights great petition(2008 sculpture),IAB14 Society,0.85,scraped,
civil rights centenary of women's suffrage commemorative fountain,IAB14 Society,0.85,scraped,
civil rights resilience,IAB14 Society,0.85,scraped,
civil rights turning point suffragist memorial,IAB14 Society,0.85,scraped,
civil rights eagle house,IAB14 Society,0.85,scraped,
civil rights pankhurst centre,IAB14 Society,0.85,scraped,
civil rights paulsdale,IAB14 Society,0.85,scraped,
civil rights suffragette handkerchief,IAB14 Society,0.85,scraped,
civil rights holloway banner,IAB14 Society,0.85,scraped,
civil rights holloway brooch,IAB14 Society,0.85,scraped,
civil rights holloway jingles,IAB14 Society,0.85,scraped,
civil rights hunger strike medal,IAB14 Society,0.85,scraped,
civil rights justice bell,IAB14 Society,0.85,scraped,
civil rights suffrage jewellery,IAB14 Society,0.85,scraped,
civil rights suffragette penny,IAB14 Society,0.85,scraped,
civil rights suffrage oak,IAB14 Society,0.85,scraped,
civil rights women's rights national historical park,IAB14 Society,0.85,scraped,
civil rights women's suffrage national monument,IAB14 Society,0.85,scraped,
civil rights susan b. anthony day,IAB14 Society,0.85,scraped,
civil rights art in the women's suffrage movement in the united states,IAB14 Society,0.85,scraped,
civil rights international women's day,IAB14 Society,0.85,scraped,
civil rights women's equality day,IAB14 Society,0.85,scraped,
civil rights 5th,IAB14 Society,0.85,scraped,
civil rights not for ourselves alone(1999 documentary),IAB14 Society,0.85,scraped,
civil rights women's rights pioneers monument,IAB14 Society,0.85,scraped,
civil rights in majority-muslim countries,IAB14 Society,0.85,scraped,
"civil rights ""the women's marseillaise""",IAB14 Society,0.85,scraped,
movement namantar andolan(change movement among dalits in india),IAB14 Society,0.85,scraped,
civil rights the mother of us all(1947 opera),IAB14 Society,0.85,scraped,
"civil rights ""sister suffragette"" (1964 song)",IAB14 Society,0.85,scraped,
civil rights suffrage plays,IAB14 Society,0.85,scraped,
civil rights women's suffrage in film,IAB14 Society,0.85,scraped,
civil rights votes for women(1912 film),IAB14 Society,0.85,scraped,
civil rights shoulder to shoulder(1974 series),IAB14 Society,0.85,scraped,
civil rights iron jawed angels(2004 film),IAB14 Society,0.85,scraped,
civil rights us,IAB14 Society,0.85,scraped,
civil rights up the women(2013 sitcom),IAB14 Society,0.85,scraped,
civil rights selma(2014 film),IAB14 Society,0.85,scraped,
civil rights suffragette(2015 film),IAB14 Society,0.85,scraped,
civil rights sylvia(2018 musical),IAB14 Society,0.85,scraped,
civil rights suffs(2022 musical),IAB14 Society,0.85,scraped,
civil rights lioness(upcoming film),IAB14 Society,0.85,scraped,
civil rights susan b. anthony dollar,IAB14 Society,0.85,scraped,
civil rights national voting rights museum (us),IAB14 Society,0.85,scraped,
civil rights new zealand ten-dollar note,IAB14 Society,0.85,scraped,
civil rights women's suffrage centennial silver dollar(2020 u.s. commemorative),IAB14 Society,0.85,scraped,
civil rights 4th,IAB14 Society,0.85,scraped,
civil rights united nations human rights council,IAB14 Society,0.85,scraped,
civil rights cayman islands,IAB14 Society,0.85,scraped,
civil rights united states bill of rights,IAB14 Society,0.85,scraped,
civil rights cannabis rights leaders,IAB14 Society,0.85,scraped,
civil rights human rights organizations,IAB14 Society,0.85,scraped,
civil rights indigenous rights organizations,IAB14 Society,0.85,scraped,
civil rights lgbt rights activists,IAB14 Society,0.85,scraped,
civil rights lgbt rights organizations,IAB14 Society,0.85,scraped,
civil rights nobel peace prize laureates,IAB14 Society,0.85,scraped,
civil rights peace activists,IAB14 Society,0.85,scraped,
civil rights suffragists and suffragettes,IAB14 Society,0.85,scraped,
civil rights women's rights activists,IAB14 Society,0.85,scraped,
civil rights magna carta,IAB14 Society,0.85,scraped,
civil rights national human rights institutions,IAB14 Society,0.85,scraped,
civil rights seneca falls convention,IAB14 Society,0.85,scraped,
civil rights status of same-sex marriage,IAB14 Society,0.85,scraped,
civil rights suffrage,IAB14 Society,0.85,scraped,
civil rights timeline of the civil rights movement,IAB14 Society,0.85,scraped,
civil rights timeline of first women's suffrage in majority-muslim countries,IAB14 Society,0.85,scraped,
civil rights voter turnout,IAB14 Society,0.85,scraped,
civil rights age of candidacy,IAB14 Society,0.85,scraped,
civil rights banned,IAB14 Society,0.85,scraped,
civil rights suffragette,IAB14 Society,0.85,scraped,
civil rights women,IAB14 Society,0.85,scraped,
civil rights womencayman islandsscotlandwales,IAB14 Society,0.85,scraped,
civil rights laws183219181928,IAB14 Society,0.85,scraped,
civil rights lgbt social movements,IAB14 Society,0.85,scraped,
civil rights lgbt rights by country,IAB14 Society,0.85,scraped,
civil rights international covenant on civil and political rights,IAB14 Society,0.85,scraped,
civil rights black,IAB14 Society,0.85,scraped,
civil rights universal declaration of human rights,IAB14 Society,0.85,scraped,
civil rights universal suffrage,IAB14 Society,0.85,scraped,
civil rights virginia declaration of rights,IAB14 Society,0.85,scraped,
civil rights women's rights,IAB14 Society,0.85,scraped,
civil rights women's suffrage,IAB14 Society,0.85,scraped,
civil rights african american founding fathers of the united states,IAB14 Society,0.85,scraped,
civil rights blackhistorydaily.com – activists,IAB14 Society,0.85,scraped,
civil rights united nations human rights committee,IAB14 Society,0.85,scraped,
civil rights right to run for officeage of candidacybanned,IAB14 Society,0.85,scraped,
civil rights men,IAB14 Society,0.85,scraped,
civil rights youthdemeny voting,IAB14 Society,0.85,scraped,
civil rights human rights awards,IAB14 Society,0.85,scraped,
civil rights non-citizen,IAB14 Society,0.85,scraped,
civil rights non-resident citizen,IAB14 Society,0.85,scraped,
civil rights voting age,IAB14 Society,0.85,scraped,
"civil rights free and fair electionone man, one votesecret ballot",IAB14 Society,0.85,scraped,
civil rights compulsory voting,IAB14 Society,0.85,scraped,
civil rights disfranchisement,IAB14 Society,0.85,scraped,
civil rights womensuffragettewomen's liberation movement,IAB14 Society,0.85,scraped,
civil rights united nations high commissioner for human rights,IAB14 Society,0.85,scraped,
civil rights timeline of women's suffrage,IAB14 Society,0.85,scraped,
civil rights human rights,IAB14 Society,0.85,scraped,
movement narmada bachao andolan,IAB14 Society,0.85,scraped,
movement masculinism movement,IAB14 Society,0.85,scraped,
movement multiculturalism,IAB14 Society,0.85,scraped,
civil rights united statestimelineafrican-americanstates ofutahvirginiawyoming,IAB14 Society,0.85,scraped,
civil rights states ofutahvirginiawyoming,IAB14 Society,0.85,scraped,
civil rights utah,IAB14 Society,0.85,scraped,
civil rights virginia,IAB14 Society,0.85,scraped,
civil rights wyoming,IAB14 Society,0.85,scraped,
civil rights analytical,IAB14 Society,0.85,scraped,
civil rights anarchist,IAB14 Society,0.85,scraped,
civil rights anti-abortion,IAB14 Society,0.85,scraped,
civil rights anti-fascist,IAB14 Society,0.85,scraped,
civil rights postcolonial,IAB14 Society,0.85,scraped,
civil rights postmodern,IAB14 Society,0.85,scraped,
civil rights post-structural,IAB14 Society,0.85,scraped,
civil rights radical,IAB14 Society,0.85,scraped,
civil rights mormon,IAB14 Society,0.85,scraped,
civil rights womanist,IAB14 Society,0.85,scraped,
civil rights asian,IAB14 Society,0.85,scraped,
civil rights dianic wicca,IAB14 Society,0.85,scraped,
civil rights reclaiming,IAB14 Society,0.85,scraped,
civil rights ecofeminist,IAB14 Society,0.85,scraped,
civil rights orthodox,IAB14 Society,0.85,scraped,
civil rights kurdish (jineology),IAB14 Society,0.85,scraped,
civil rights native american,IAB14 Society,0.85,scraped,
civil rights sámi,IAB14 Society,0.85,scraped,
civil rights mizrahi,IAB14 Society,0.85,scraped,
civil rights african-american,IAB14 Society,0.85,scraped,
civil rights united kingdomwales,IAB14 Society,0.85,scraped,
civil rights global,IAB14 Society,0.85,scraped,
civil rights majority-muslim countries,IAB14 Society,0.85,scraped,
civil rights hip hopactivism,IAB14 Society,0.85,scraped,
civil rights labor,IAB14 Society,0.85,scraped,
civil rights lesbian,IAB14 Society,0.85,scraped,
civil rights liberalequity,IAB14 Society,0.85,scraped,
civil rights lipstick,IAB14 Society,0.85,scraped,
civil rights materialist,IAB14 Society,0.85,scraped,
civil rights maternal,IAB14 Society,0.85,scraped,
civil rights neo-,IAB14 Society,0.85,scraped,
civil rights new,IAB14 Society,0.85,scraped,
civil rights post-,IAB14 Society,0.85,scraped,
civil rights individualist,IAB14 Society,0.85,scraped,
civil rights choice,IAB14 Society,0.85,scraped,
civil rights carceral,IAB14 Society,0.85,scraped,
civil rights atheist,IAB14 Society,0.85,scraped,
civil rights first-wave,IAB14 Society,0.85,scraped,
civil rights second-wavetimeline,IAB14 Society,0.85,scraped,
civil rights third-wave,IAB14 Society,0.85,scraped,
civil rights fourth-wave,IAB14 Society,0.85,scraped,
civil rights bicycling and feminism,IAB14 Society,0.85,scraped,
civil rights feminist history,IAB14 Society,0.85,scraped,
civil rights women's history,IAB14 Society,0.85,scraped,
civil rights timeline of women's legal rights (other than voting),IAB14 Society,0.85,scraped,
civil rights australia,IAB14 Society,0.85,scraped,
civil rights antinaturalism,IAB14 Society,0.85,scraped,
civil rights choice feminism,IAB14 Society,0.85,scraped,
civil rights cognitive labor,IAB14 Society,0.85,scraped,
civil rights complementarianism,IAB14 Society,0.85,scraped,
civil rights marxist,IAB14 Society,0.85,scraped,
civil rights africana,IAB14 Society,0.85,scraped,
civil rights buddhist,IAB14 Society,0.85,scraped,
civil rights christianmormonnewwomanistasian,IAB14 Society,0.85,scraped,
civil rights neopagandianic wiccareclaimingecofeminist,IAB14 Society,0.85,scraped,
civil rights islamic,IAB14 Society,0.85,scraped,
civil rights denmark,IAB14 Society,0.85,scraped,
civil rights negative and positive rights,IAB14 Society,0.85,scraped,
civil rights france,IAB14 Society,0.85,scraped,
civil rights in gabon,IAB14 Society,0.85,scraped,
civil rights in ghana,IAB14 Society,0.85,scraped,
civil rights in germany,IAB14 Society,0.85,scraped,
civil rights in guatemala,IAB14 Society,0.85,scraped,
civil rights in hong kong,IAB14 Society,0.85,scraped,
civil rights in haiti,IAB14 Society,0.85,scraped,
civil rights in india,IAB14 Society,0.85,scraped,
civil rights in indonesia,IAB14 Society,0.85,scraped,
civil rights in iran,IAB14 Society,0.85,scraped,
civil rights in france,IAB14 Society,0.85,scraped,
civil rights in iraq,IAB14 Society,0.85,scraped,
civil rights in israel,IAB14 Society,0.85,scraped,
civil rights in italy,IAB14 Society,0.85,scraped,
civil rights in jammu and kashmir,IAB14 Society,0.85,scraped,
civil rights equity,IAB14 Society,0.85,scraped,
civil rights activism,IAB14 Society,0.85,scraped,
civil rights vegetarian,IAB14 Society,0.85,scraped,
civil rights reactionary,IAB14 Society,0.85,scraped,
civil rights literaturechildren's literature,IAB14 Society,0.85,scraped,
civil rights diversity (politics),IAB14 Society,0.85,scraped,
"civil rights diversity, equity, and inclusion",IAB14 Society,0.85,scraped,
civil rights effects on society,IAB14 Society,0.85,scraped,
civil rights female education,IAB14 Society,0.85,scraped,
civil rights female genital mutilation,IAB14 Society,0.85,scraped,
civil rights sikh,IAB14 Society,0.85,scraped,
civil rights femonationalism,IAB14 Society,0.85,scraped,
civil rights jewishorthodox,IAB14 Society,0.85,scraped,
civil rights hindu,IAB14 Society,0.85,scraped,
civil rights separatism,IAB14 Society,0.85,scraped,
civil rights hci,IAB14 Society,0.85,scraped,
civil rights sex-positive,IAB14 Society,0.85,scraped,
civil rights social,IAB14 Society,0.85,scraped,
civil rights socialistmarxist,IAB14 Society,0.85,scraped,
civil rights standpoint,IAB14 Society,0.85,scraped,
civil rights state,IAB14 Society,0.85,scraped,
civil rights trans,IAB14 Society,0.85,scraped,
civil rights transnational,IAB14 Society,0.85,scraped,
civil rights victim,IAB14 Society,0.85,scraped,
civil rights womanismafricana,IAB14 Society,0.85,scraped,
civil rights women's liberation,IAB14 Society,0.85,scraped,
civil rights conservative,IAB14 Society,0.85,scraped,
civil rights gender-critical or trans-exclusionary,IAB14 Society,0.85,scraped,
movement mothers against drunk driving,IAB14 Society,0.85,scraped,
civil rights gender quota,IAB14 Society,0.85,scraped,
civil rights honor killing,IAB14 Society,0.85,scraped,
civil rights ideal womanhood,IAB14 Society,0.85,scraped,
civil rights invisible labor,IAB14 Society,0.85,scraped,
civil rights internalized sexism,IAB14 Society,0.85,scraped,
civil rights internationalgirl's dayandwomen's day,IAB14 Society,0.85,scraped,
civil rights purplewashing,IAB14 Society,0.85,scraped,
civil rights women's studies,IAB14 Society,0.85,scraped,
civil rights gender-blind,IAB14 Society,0.85,scraped,
civil rights likeability trap,IAB14 Society,0.85,scraped,
civil rights male privilege,IAB14 Society,0.85,scraped,
civil rights matriarchal religion,IAB14 Society,0.85,scraped,
civil rights media,IAB14 Society,0.85,scraped,
civil rights men in feminism,IAB14 Society,0.85,scraped,
civil rights misogynytrans,IAB14 Society,0.85,scraped,
civil rights oedipus complex,IAB14 Society,0.85,scraped,
civil rights opposition to feminism,IAB14 Society,0.85,scraped,
civil rights pro-feminism,IAB14 Society,0.85,scraped,
civil rights feminist capitalism,IAB14 Society,0.85,scraped,
civil rights men's studies,IAB14 Society,0.85,scraped,
civil rights political ecology,IAB14 Society,0.85,scraped,
civil rights patriarchy,IAB14 Society,0.85,scraped,
civil rights revisionist mythology,IAB14 Society,0.85,scraped,
civil rights technoscience,IAB14 Society,0.85,scraped,
civil rights girl power,IAB14 Society,0.85,scraped,
civil rights gender equality,IAB14 Society,0.85,scraped,
civil rights fat,IAB14 Society,0.85,scraped,
civil rights formal equality,IAB14 Society,0.85,scraped,
civil rights african-american women's suffrage movement,IAB14 Society,0.85,scraped,
civil rights reproductive justice,IAB14 Society,0.85,scraped,
civil rights sex workers' rights,IAB14 Society,0.85,scraped,
civil rights sexual harassment,IAB14 Society,0.85,scraped,
civil rights racism,IAB14 Society,0.85,scraped,
civil rights sexual objectification,IAB14 Society,0.85,scraped,
civil rights substantive equality,IAB14 Society,0.85,scraped,
civil rights toxic masculinity,IAB14 Society,0.85,scraped,
civil rights transmisogyny,IAB14 Society,0.85,scraped,
civil rights matriarchy,IAB14 Society,0.85,scraped,
civil rights triple oppression,IAB14 Society,0.85,scraped,
civil rights violence against women,IAB14 Society,0.85,scraped,
civil rights war on women,IAB14 Society,0.85,scraped,
civil rights in hip hop,IAB14 Society,0.85,scraped,
civil rights women-only space,IAB14 Society,0.85,scraped,
civil rights women's health,IAB14 Society,0.85,scraped,
civil rights women in the workforce,IAB14 Society,0.85,scraped,
civil rights children's literature,IAB14 Society,0.85,scraped,
civil rights art movement,IAB14 Society,0.85,scraped,
civil rights women's empowerment,IAB14 Society,0.85,scraped,
civil rights language reform,IAB14 Society,0.85,scraped,
civil rights protofeminism,IAB14 Society,0.85,scraped,
civil rights feminist stripper,IAB14 Society,0.85,scraped,
civil rights science fiction,IAB14 Society,0.85,scraped,
civil rights composition studies,IAB14 Society,0.85,scraped,
civil rights thealogy,IAB14 Society,0.85,scraped,
civil rights art criticism,IAB14 Society,0.85,scraped,
civil rights rhetoric,IAB14 Society,0.85,scraped,
civil rights legal theory,IAB14 Society,0.85,scraped,
civil rights artart criticismliterary criticismfilm theory,IAB14 Society,0.85,scraped,
civil rights biology,IAB14 Society,0.85,scraped,
civil rights architecture,IAB14 Society,0.85,scraped,
civil rights anthropology,IAB14 Society,0.85,scraped,
civil rights archaeology,IAB14 Society,0.85,scraped,
civil rights criminologypathways perspective,IAB14 Society,0.85,scraped,
civil rights geography,IAB14 Society,0.85,scraped,
civil rights pedagogy,IAB14 Society,0.85,scraped,
civil rights philosophyaestheticsempiricismepistemologyethicsjustice ethicsexistentialismmetaphysicsscience,IAB14 Society,0.85,scraped,
civil rights pornography,IAB14 Society,0.85,scraped,
civil rights psychologytherapy,IAB14 Society,0.85,scraped,
civil rights kyriarchy,IAB14 Society,0.85,scraped,
civil rights feminism in culture,IAB14 Society,0.85,scraped,
civil rights equality,IAB14 Society,0.85,scraped,
civil rights femicide,IAB14 Society,0.85,scraped,
civil rights cultural,IAB14 Society,0.85,scraped,
civil rights cyberhci,IAB14 Society,0.85,scraped,
civil rights difference,IAB14 Society,0.85,scraped,
civil rights ecovegetarian,IAB14 Society,0.85,scraped,
civil rights china,IAB14 Society,0.85,scraped,
civil rights eugenic,IAB14 Society,0.85,scraped,
civil rights sociology,IAB14 Society,0.85,scraped,
civil rights sexology,IAB14 Society,0.85,scraped,
civil rights theologythealogywomanist,IAB14 Society,0.85,scraped,
civil rights therapy,IAB14 Society,0.85,scraped,
civil rights literary criticism,IAB14 Society,0.85,scraped,
civil rights film theory,IAB14 Society,0.85,scraped,
civil rights pathways perspective,IAB14 Society,0.85,scraped,
civil rights existentialism,IAB14 Society,0.85,scraped,
civil rights aesthetics,IAB14 Society,0.85,scraped,
civil rights epistemology,IAB14 Society,0.85,scraped,
civil rights ethicsjustice ethics,IAB14 Society,0.85,scraped,
civil rights metaphysics,IAB14 Society,0.85,scraped,
civil rights science,IAB14 Society,0.85,scraped,
civil rights justice ethics,IAB14 Society,0.85,scraped,
civil rights africademocratic republic of the congoegyptethiopiaghanamalinigeriasenegalsouth africa,IAB14 Society,0.85,scraped,
civil rights political theory,IAB14 Society,0.85,scraped,
civil rights albania,IAB14 Society,0.85,scraped,
civil rights feminist movementafrican-american women's suffrage movementart movementin hip hop,IAB14 Society,0.85,scraped,
civil rights empiricism,IAB14 Society,0.85,scraped,
civil rights international relations,IAB14 Society,0.85,scraped,
civil rights bangladesh,IAB14 Society,0.85,scraped,
civil rights seriality,IAB14 Society,0.85,scraped,
civil rights écriture féminine,IAB14 Society,0.85,scraped,
civil rights economics,IAB14 Society,0.85,scraped,
civil rights post-structuralist discourse analysis,IAB14 Society,0.85,scraped,
civil rights method,IAB14 Society,0.85,scraped,
civil rights in japan,IAB14 Society,0.85,scraped,
civil rights in kashmir,IAB14 Society,0.85,scraped,
civil rights in kazakhstan,IAB14 Society,0.85,scraped,
civil rights atrocity crime,IAB14 Society,0.85,scraped,
civil rights crimes against humanity,IAB14 Society,0.85,scraped,
"civil rights cruel, inhuman, or degrading treatment",IAB14 Society,0.85,scraped,
civil rights enforced disappearances,IAB14 Society,0.85,scraped,
civil rights forced migration,IAB14 Society,0.85,scraped,
civil rights genocide,IAB14 Society,0.85,scraped,
"civil rights human rights abusesagainst palestinians by israelat guantánamo bay detention campduring the battle of mosul (2016–2017)during the gaddafi regimeduring the libyan civil war (2011)in afghanistanin algeriain angolain argentinain armeniain australiain austriain azad kashmirin azerbaijanin bahrainin balochistanin bangladeshin belarusin boliviain botswanain brazilin burkina fasoin burundiin cambodiain canadain chilein chile under augusto pinochetin chinain cubain egyptin el salvadorin ethiopiain francein gabonin ghanain germanyin guatemalain hong kongin egyptin haitiin indiain indonesiain iranin iraqin irelandin israelin italyin jammu and kashmirin japanin kashmirin kazakhstanin kenyain kuwaitin kyrgyzstan‎in lebanonin libyain lithuaniain malawiin malaysiain manipurin mexicoin moroccoin myanmarin nepalin new zealandin nigeriain north koreain pakistanin palestinein panamain papua new guineain peruin polandin punjab, indiain romaniain the russiain saudi arabiain sierra leonein sindhin south africain south koreain sri lankain sudanin switzerlandin syriain taiwanin thailandin the democratic republic of the congoin the dominican republicin the philippinesin the soviet unionin the united arab emiratesin the united statesin turkeyin ugandain ukrainein uzbekistanin venezuelain vietnamin yemenin zimbabweof the marcos dictatorshipof the military dictatorship in brazil (1964–1985)",IAB14 Society,0.85,scraped,
civil rights incitement to genocide,IAB14 Society,0.85,scraped,
civil rights human rights abuses by country,IAB14 Society,0.85,scraped,
civil rights murder,IAB14 Society,0.85,scraped,
civil rights persecution,IAB14 Society,0.85,scraped,
civil rights rape,IAB14 Society,0.85,scraped,
civil rights slavery,IAB14 Society,0.85,scraped,
civil rights torture,IAB14 Society,0.85,scraped,
civil rights victims,IAB14 Society,0.85,scraped,
civil rights war crimes,IAB14 Society,0.85,scraped,
civil rights against palestinians by israel,IAB14 Society,0.85,scraped,
civil rights at guantánamo bay detention camp,IAB14 Society,0.85,scraped,
civil rights during the battle of mosul (2016–2017),IAB14 Society,0.85,scraped,
civil rights during the gaddafi regime,IAB14 Society,0.85,scraped,
civil rights oceania,IAB14 Society,0.85,scraped,
civil rights scum manifesto(1967),IAB14 Society,0.85,scraped,
civil rights south america,IAB14 Society,0.85,scraped,
civil rights europe,IAB14 Society,0.85,scraped,
civil rights crime of apartheid,IAB14 Society,0.85,scraped,
civil rights women in peacekeeping,IAB14 Society,0.85,scraped,
civil rights in kenya,IAB14 Society,0.85,scraped,
civil rights women's studies journals,IAB14 Society,0.85,scraped,
civil rights germany,IAB14 Society,0.85,scraped,
civil rights greece,IAB14 Society,0.85,scraped,
civil rights indonesia,IAB14 Society,0.85,scraped,
civil rights iran,IAB14 Society,0.85,scraped,
civil rights iraq,IAB14 Society,0.85,scraped,
civil rights republic of ireland,IAB14 Society,0.85,scraped,
civil rights israel,IAB14 Society,0.85,scraped,
civil rights italy,IAB14 Society,0.85,scraped,
civil rights latin americaargentinabrazilchilehaitihondurasmexicoparaguaytrinidad and tobago,IAB14 Society,0.85,scraped,
civil rights lebanon,IAB14 Society,0.85,scraped,
civil rights malaysia,IAB14 Society,0.85,scraped,
civil rights nepal,IAB14 Society,0.85,scraped,
civil rights netherlands,IAB14 Society,0.85,scraped,
civil rights northern cyprus,IAB14 Society,0.85,scraped,
civil rights norway,IAB14 Society,0.85,scraped,
civil rights pakistan,IAB14 Society,0.85,scraped,
civil rights philippines,IAB14 Society,0.85,scraped,
civil rights poland,IAB14 Society,0.85,scraped,
civil rights russia,IAB14 Society,0.85,scraped,
civil rights saudi arabia,IAB14 Society,0.85,scraped,
civil rights south korea,IAB14 Society,0.85,scraped,
civil rights taiwan,IAB14 Society,0.85,scraped,
civil rights finland,IAB14 Society,0.85,scraped,
civil rights american,IAB14 Society,0.85,scraped,
civil rights comic books,IAB14 Society,0.85,scraped,
civil rights feminism portal,IAB14 Society,0.85,scraped,
civil rights category,IAB14 Society,0.85,scraped,
movement right to life,IAB14 Society,0.85,scraped,
movement rural people's movement,IAB14 Society,0.85,scraped,
movement russian nihilist movement,IAB14 Society,0.85,scraped,
movement scouting movement,IAB14 Society,0.85,scraped,
movement qanon,IAB14 Society,0.85,scraped,
movement salt march(salt satyagraha movement),IAB14 Society,0.85,scraped,
movement sex-positive movement,IAB14 Society,0.85,scraped,
movement sex workers' rights movement,IAB14 Society,0.85,scraped,
movement slow food movement,IAB14 Society,0.85,scraped,
movement slow movement,IAB14 Society,0.85,scraped,
movement situationist international,IAB14 Society,0.85,scraped,
movement slavophilia,IAB14 Society,0.85,scraped,
movement smenovekhovtsy,IAB14 Society,0.85,scraped,
movement social democracy,IAB14 Society,0.85,scraped,
movement south african unemployed peoples' movement,IAB14 Society,0.85,scraped,
movement skeptical movement,IAB14 Society,0.85,scraped,
movement psilocybin decriminalization in the united states,IAB14 Society,0.85,scraped,
movement psychiatric survivors movement,IAB14 Society,0.85,scraped,
movement pro-life movement,IAB14 Society,0.85,scraped,
sociology immigration,IAB14 Society,0.85,scraped,
movement men's rights movement,IAB14 Society,0.85,scraped,
movement men's liberation movement,IAB14 Society,0.85,scraped,
movement me too movement,IAB14 Society,0.85,scraped,
movement right to health,IAB14 Society,0.85,scraped,
movement reproductive justice,IAB14 Society,0.85,scraped,
movement reform movementsin theunited states,IAB14 Society,0.85,scraped,
civil rights natural rights and legal rights,IAB14 Society,0.85,scraped,
civil rights index,IAB14 Society,0.85,scraped,
civil rights humans,IAB14 Society,0.85,scraped,
civil rights children,IAB14 Society,0.85,scraped,
civil rights intersex people,IAB14 Society,0.85,scraped,
civil rights natural law,IAB14 Society,0.85,scraped,
civil rights positive law,IAB14 Society,0.85,scraped,
civil rights sovereignty,IAB14 Society,0.85,scraped,
civil rights universal jurisdiction,IAB14 Society,0.85,scraped,
civil rights claim rights and liberty rights,IAB14 Society,0.85,scraped,
civil rights individual and group rights,IAB14 Society,0.85,scraped,
civil rights timeline,IAB14 Society,0.85,scraped,
movement rastafari movement,IAB14 Society,0.85,scraped,
civil rights corporal punishment,IAB14 Society,0.85,scraped,
civil rights human rights organisations,IAB14 Society,0.85,scraped,
civil rights africa,IAB14 Society,0.85,scraped,
civil rights middle east,IAB14 Society,0.85,scraped,
civil rights asia,IAB14 Society,0.85,scraped,
civil rights north america,IAB14 Society,0.85,scraped,
civil rights music and women's suffrage in the united states,IAB14 Society,0.85,scraped,
civil rights suffrage hikes (1912–1914),IAB14 Society,0.85,scraped,
civil rights 2020 us ten-dollar bill,IAB14 Society,0.85,scraped,
movement rape crisis movement,IAB14 Society,0.85,scraped,
civil rights syria,IAB14 Society,0.85,scraped,
civil rights thailand,IAB14 Society,0.85,scraped,
civil rights parties,IAB14 Society,0.85,scraped,
civil rights of the military dictatorship in brazil (1964–1985),IAB14 Society,0.85,scraped,
civil rights in cuba,IAB14 Society,0.85,scraped,
civil rights in lebanon,IAB14 Society,0.85,scraped,
civil rights in libya,IAB14 Society,0.85,scraped,
civil rights in lithuania,IAB14 Society,0.85,scraped,
civil rights in malawi,IAB14 Society,0.85,scraped,
civil rights in switzerland,IAB14 Society,0.85,scraped,
civil rights in syria,IAB14 Society,0.85,scraped,
civil rights in taiwan,IAB14 Society,0.85,scraped,
civil rights in thailand,IAB14 Society,0.85,scraped,
civil rights in the democratic republic of the congo,IAB14 Society,0.85,scraped,
civil rights in the dominican republic,IAB14 Society,0.85,scraped,
civil rights in the philippines,IAB14 Society,0.85,scraped,
civil rights in the soviet union,IAB14 Society,0.85,scraped,
civil rights in the united arab emirates,IAB14 Society,0.85,scraped,
civil rights in the united states,IAB14 Society,0.85,scraped,
civil rights in turkey,IAB14 Society,0.85,scraped,
civil rights in uganda,IAB14 Society,0.85,scraped,
civil rights in ukraine,IAB14 Society,0.85,scraped,
civil rights in uzbekistan,IAB14 Society,0.85,scraped,
civil rights in venezuela,IAB14 Society,0.85,scraped,
civil rights in vietnam,IAB14 Society,0.85,scraped,
civil rights in yemen,IAB14 Society,0.85,scraped,
civil rights in zimbabwe,IAB14 Society,0.85,scraped,
civil rights in china,IAB14 Society,0.85,scraped,
civil rights in chile under augusto pinochet,IAB14 Society,0.85,scraped,
civil rights in chile,IAB14 Society,0.85,scraped,
civil rights in azad kashmir,IAB14 Society,0.85,scraped,
civil rights in kuwait,IAB14 Society,0.85,scraped,
civil rights in kyrgyzstan‎,IAB14 Society,0.85,scraped,
civil rights in ireland,IAB14 Society,0.85,scraped,
civil rights in ethiopia,IAB14 Society,0.85,scraped,
civil rights in el salvador,IAB14 Society,0.85,scraped,
civil rights in egypt,IAB14 Society,0.85,scraped,
civil rights in argentina,IAB14 Society,0.85,scraped,
civil rights in armenia,IAB14 Society,0.85,scraped,
civil rights in australia,IAB14 Society,0.85,scraped,
civil rights in austria,IAB14 Society,0.85,scraped,
civil rights in azerbaijan,IAB14 Society,0.85,scraped,
civil rights in canada,IAB14 Society,0.85,scraped,
civil rights in bahrain,IAB14 Society,0.85,scraped,
civil rights in balochistan,IAB14 Society,0.85,scraped,
civil rights in bangladesh,IAB14 Society,0.85,scraped,
civil rights in belarus,IAB14 Society,0.85,scraped,
civil rights in bolivia,IAB14 Society,0.85,scraped,
civil rights in botswana,IAB14 Society,0.85,scraped,
civil rights in brazil,IAB14 Society,0.85,scraped,
civil rights in burkina faso,IAB14 Society,0.85,scraped,
civil rights in burundi,IAB14 Society,0.85,scraped,
civil rights in cambodia,IAB14 Society,0.85,scraped,
civil rights of the marcos dictatorship,IAB14 Society,0.85,scraped,
civil rights global issues,IAB14 Society,0.85,scraped,
civil rights turkey,IAB14 Society,0.85,scraped,
civil rights in sudan,IAB14 Society,0.85,scraped,
civil rights in afghanistan,IAB14 Society,0.85,scraped,
civil rights during the libyan civil war (2011),IAB14 Society,0.85,scraped,
civil rights vietnam,IAB14 Society,0.85,scraped,
civil rights ukraine,IAB14 Society,0.85,scraped,
civil rights united kingdom,IAB14 Society,0.85,scraped,
civil rights united stateshistory of women,IAB14 Society,0.85,scraped,
civil rights democratic republic of the congo,IAB14 Society,0.85,scraped,
civil rights egypt,IAB14 Society,0.85,scraped,
civil rights ethiopia,IAB14 Society,0.85,scraped,
civil rights ghana,IAB14 Society,0.85,scraped,
civil rights mali,IAB14 Society,0.85,scraped,
civil rights nigeria,IAB14 Society,0.85,scraped,
civil rights senegal,IAB14 Society,0.85,scraped,
civil rights south africa,IAB14 Society,0.85,scraped,
civil rights argentina,IAB14 Society,0.85,scraped,
civil rights brazil,IAB14 Society,0.85,scraped,
civil rights haiti,IAB14 Society,0.85,scraped,
civil rights honduras,IAB14 Society,0.85,scraped,
civil rights paraguay,IAB14 Society,0.85,scraped,
civil rights trinidad and tobago,IAB14 Society,0.85,scraped,
civil rights history of women,IAB14 Society,0.85,scraped,
civil rights conservative feminisms,IAB14 Society,0.85,scraped,
civil rights literatureamericancomic books,IAB14 Society,0.85,scraped,
civil rights in algeria,IAB14 Society,0.85,scraped,
civil rights in south korea,IAB14 Society,0.85,scraped,
civil rights in sindh,IAB14 Society,0.85,scraped,
civil rights in nigeria,IAB14 Society,0.85,scraped,
civil rights in angola,IAB14 Society,0.85,scraped,
civil rights in sri lanka,IAB14 Society,0.85,scraped,
civil rights in south africa,IAB14 Society,0.85,scraped,
civil rights in malaysia,IAB14 Society,0.85,scraped,
civil rights in manipur,IAB14 Society,0.85,scraped,
civil rights in mexico,IAB14 Society,0.85,scraped,
civil rights in morocco,IAB14 Society,0.85,scraped,
civil rights in myanmar,IAB14 Society,0.85,scraped,
civil rights in nepal,IAB14 Society,0.85,scraped,
civil rights in new zealand,IAB14 Society,0.85,scraped,
civil rights in north korea,IAB14 Society,0.85,scraped,
civil rights in sierra leone,IAB14 Society,0.85,scraped,
civil rights in pakistan,IAB14 Society,0.85,scraped,
civil rights in palestine,IAB14 Society,0.85,scraped,
civil rights in panama,IAB14 Society,0.85,scraped,
civil rights in papua new guinea,IAB14 Society,0.85,scraped,
civil rights in peru,IAB14 Society,0.85,scraped,
civil rights in poland,IAB14 Society,0.85,scraped,
"civil rights in punjab, india",IAB14 Society,0.85,scraped,
civil rights in romania,IAB14 Society,0.85,scraped,
civil rights in the russia,IAB14 Society,0.85,scraped,
civil rights in saudi arabia,IAB14 Society,0.85,scraped,
sociology historical,IAB14 Society,0.85,scraped,
civil rights timeline of women's rights (other than voting),IAB14 Society,0.85,scraped,
sociology industrial,IAB14 Society,0.85,scraped,
civil rights right to privacy,IAB14 Society,0.85,scraped,
civil rights right to social security,IAB14 Society,0.85,scraped,
civil rights right to water,IAB14 Society,0.85,scraped,
civil rights right to work,IAB14 Society,0.85,scraped,
civil rights abortion,IAB14 Society,0.85,scraped,
civil rights international convention on the suppression and punishment of the crime of apartheid,IAB14 Society,0.85,scraped,
civil rights international convention for the protection of all persons from enforced disappearance,IAB14 Society,0.85,scraped,
sociology internet,IAB14 Society,0.85,scraped,
"civil rights international covenant on economic, social and cultural rights",IAB14 Society,0.85,scraped,
civil rights african charter on human and peoples' rightsprotocol to the african charter on human and peoples’ rights on the rights of women in africa (maputo protocol),IAB14 Society,0.85,scraped,
civil rights europeanconvention on human rights (echr)convention for the prevention of tortureconvention on nationalityconvention for the protection of national minoritiessocial charterconvention on preventing and combating violence against women and domestic violence (istanbul convention),IAB14 Society,0.85,scraped,
civil rights american convention on human rights,IAB14 Society,0.85,scraped,
"civil rights inter-american conventionto prevent and punish tortureon the elimination of all forms of discrimination against persons with disabilitieson the prevention, punishment, and eradication of violence against women (belém do pará convention)",IAB14 Society,0.85,scraped,
civil rights protocol to the african charter on human and peoples’ rights on the rights of women in africa (maputo protocol),IAB14 Society,0.85,scraped,
civil rights convention on human rights (echr),IAB14 Society,0.85,scraped,
civil rights convention for the prevention of torture,IAB14 Society,0.85,scraped,
civil rights convention on nationality,IAB14 Society,0.85,scraped,
civil rights convention for the protection of national minorities,IAB14 Society,0.85,scraped,
civil rights social charter,IAB14 Society,0.85,scraped,
civil rights convention on preventing and combating violence against women and domestic violence (istanbul convention),IAB14 Society,0.85,scraped,
civil rights to prevent and punish torture,IAB14 Society,0.85,scraped,
civil rights on the elimination of all forms of discrimination against persons with disabilities,IAB14 Society,0.85,scraped,
"civil rights on the prevention, punishment, and eradication of violence against women (belém do pará convention)",IAB14 Society,0.85,scraped,
civil rights genocide convention,IAB14 Society,0.85,scraped,
civil rights right to protest,IAB14 Society,0.85,scraped,
civil rights right to petition,IAB14 Society,0.85,scraped,
civil rights right to development,IAB14 Society,0.85,scraped,
civil rights right to life,IAB14 Society,0.85,scraped,
civil rights right to resist,IAB14 Society,0.85,scraped,
civil rights right to refuse medical treatment,IAB14 Society,0.85,scraped,
civil rights freedom of association,IAB14 Society,0.85,scraped,
civil rights freedom from discrimination,IAB14 Society,0.85,scraped,
civil rights freedom of information,IAB14 Society,0.85,scraped,
civil rights freedom of movement,IAB14 Society,0.85,scraped,
civil rights freedom of religion,IAB14 Society,0.85,scraped,
civil rights freedom from slavery,IAB14 Society,0.85,scraped,
civil rights freedom of speech,IAB14 Society,0.85,scraped,
civil rights freedom of thought,IAB14 Society,0.85,scraped,
civil rights freedom from torture,IAB14 Society,0.85,scraped,
civil rights lgbt rights,IAB14 Society,0.85,scraped,
civil rights liberty,IAB14 Society,0.85,scraped,
civil rights nationality,IAB14 Society,0.85,scraped,
civil rights personhood,IAB14 Society,0.85,scraped,
civil rights presumption of innocence,IAB14 Society,0.85,scraped,
civil rights access to justice,IAB14 Society,0.85,scraped,
civil rights right of asylum,IAB14 Society,0.85,scraped,
civil rights right to die,IAB14 Society,0.85,scraped,
civil rights right to a fair trial,IAB14 Society,0.85,scraped,
civil rights right to counsel,IAB14 Society,0.85,scraped,
civil rights right to family life,IAB14 Society,0.85,scraped,
civil rights right to keep and bear arms,IAB14 Society,0.85,scraped,
civil rights convention relating to the status of refugees,IAB14 Society,0.85,scraped,
civil rights protocol relating to the status of refugees,IAB14 Society,0.85,scraped,
civil rights convention on the reduction of statelessness,IAB14 Society,0.85,scraped,
civil rights geneva conventions,IAB14 Society,0.85,scraped,
civil rights yogyakarta principles,IAB14 Society,0.85,scraped,
civil rights declaration on the rights of peasants(undrop),IAB14 Society,0.85,scraped,
civil rights united nations general assembly resolution 1514 (xv) granting of independence to colonial countries and peoples,IAB14 Society,0.85,scraped,
civil rights convention against torture,IAB14 Society,0.85,scraped,
civil rights convention on the elimination of all forms of discrimination against women (cedaw),IAB14 Society,0.85,scraped,
civil rights convention on the rights of persons with disabilities,IAB14 Society,0.85,scraped,
civil rights northern student movement,IAB14 Society,0.85,scraped,
civil rights lowndes county freedom organization,IAB14 Society,0.85,scraped,
civil rights national urban league,IAB14 Society,0.85,scraped,
civil rights joseph mcneil,IAB14 Society,0.85,scraped,
civil rights james meredith,IAB14 Society,0.85,scraped,
civil rights william ming,IAB14 Society,0.85,scraped,
civil rights jack minnis,IAB14 Society,0.85,scraped,
civil rights amzie moore,IAB14 Society,0.85,scraped,
civil rights cecil b. moore,IAB14 Society,0.85,scraped,
civil rights douglas e. moore,IAB14 Society,0.85,scraped,
civil rights harriette moore,IAB14 Society,0.85,scraped,
civil rights harry t. moore,IAB14 Society,0.85,scraped,
civil rights queen mother moore,IAB14 Society,0.85,scraped,
civil rights william lewis moore,IAB14 Society,0.85,scraped,
civil rights floyd mckissick,IAB14 Society,0.85,scraped,
civil rights irene morgan,IAB14 Society,0.85,scraped,
civil rights william moyer,IAB14 Society,0.85,scraped,
civil rights vienna declaration and programme of action(vdpa),IAB14 Society,0.85,scraped,
civil rights paris principles,IAB14 Society,0.85,scraped,
civil rights american declaration of the rights and duties of man,IAB14 Society,0.85,scraped,
civil rights sexual and reproductive health,IAB14 Society,0.85,scraped,
civil rights hague conventions,IAB14 Society,0.85,scraped,
civil rights rome statute of the international criminal court,IAB14 Society,0.85,scraped,
civil rights convention on the protection of the rights of all migrant workers and members of their families,IAB14 Society,0.85,scraped,
civil rights nation of islam,IAB14 Society,0.85,scraped,
civil rights convention on the rights of the child,IAB14 Society,0.85,scraped,
civil rights convention on the elimination of all forms of racial discrimination,IAB14 Society,0.85,scraped,
civil rights family planning,IAB14 Society,0.85,scraped,
civil rights family rights,IAB14 Society,0.85,scraped,
civil rights freedom from involuntary female genital mutilation,IAB14 Society,0.85,scraped,
civil rights intersex human rights,IAB14 Society,0.85,scraped,
civil rights right to sexuality,IAB14 Society,0.85,scraped,
civil rights declaration on sexual orientation and gender identity,IAB14 Society,0.85,scraped,
civil rights brazilian resolution,IAB14 Society,0.85,scraped,
civil rights declaration of the basic duties of asean peoples and governments,IAB14 Society,0.85,scraped,
civil rights declaration on the granting of independence to colonial countries and peoples,IAB14 Society,0.85,scraped,
civil rights universal declaration of human rights(udhr),IAB14 Society,0.85,scraped,
civil rights cairo declaration on human rights in islam,IAB14 Society,0.85,scraped,
civil rights declaration of montreal,IAB14 Society,0.85,scraped,
civil rights declaration of the rights of the child,IAB14 Society,0.85,scraped,
civil rights declaration on the elimination of discrimination against women(dedaw),IAB14 Society,0.85,scraped,
civil rights declaration on the elimination of violence against women(devaw),IAB14 Society,0.85,scraped,
civil rights declaration on the rights of indigenous peoples(undrip),IAB14 Society,0.85,scraped,
civil rights right of return,IAB14 Society,0.85,scraped,
civil rights right to science and culture,IAB14 Society,0.85,scraped,
civil rights sarah keys v. carolina coach company,IAB14 Society,0.85,scraped,
civil rights funeral,IAB14 Society,0.85,scraped,
civil rights alabama christian movement for human rights,IAB14 Society,0.85,scraped,
civil rights american friends service committee,IAB14 Society,0.85,scraped,
civil rights atlanta negro voters league,IAB14 Society,0.85,scraped,
civil rights atlanta student movement,IAB14 Society,0.85,scraped,
civil rights black panther party,IAB14 Society,0.85,scraped,
civil rights brotherhood of sleeping car porters,IAB14 Society,0.85,scraped,
civil rights congress of racial equality (core),IAB14 Society,0.85,scraped,
civil rights committee for freedom now,IAB14 Society,0.85,scraped,
civil rights workers' murders,IAB14 Society,0.85,scraped,
civil rights committee on appeal for human rightsan appeal for human rights,IAB14 Society,0.85,scraped,
civil rights council of federated organizations,IAB14 Society,0.85,scraped,
civil rights dallas county voters league,IAB14 Society,0.85,scraped,
civil rights deacons for defense and justice,IAB14 Society,0.85,scraped,
civil rights georgia council on human relations,IAB14 Society,0.85,scraped,
civil rights highlander folk school,IAB14 Society,0.85,scraped,
civil rights leadership conference on civil and human rights,IAB14 Society,0.85,scraped,
"civil rights ""ain't gonna let nobody turn me 'round""",IAB14 Society,0.85,scraped,
civil rights mississippi freedom democratic party,IAB14 Society,0.85,scraped,
civil rights montgomery improvement association,IAB14 Society,0.85,scraped,
civil rights naacpyouth council,IAB14 Society,0.85,scraped,
civil rights nashville student movement,IAB14 Society,0.85,scraped,
civil rights council for united civil rights leadership,IAB14 Society,0.85,scraped,
civil rights 1968 olympics black power salute,IAB14 Society,0.85,scraped,
civil rights riots,IAB14 Society,0.85,scraped,
"civil rights ""how long, not long""",IAB14 Society,0.85,scraped,
civil rights right to rest and leisure,IAB14 Society,0.85,scraped,
civil rights children's crusade,IAB14 Society,0.85,scraped,
civil rights montgomery bus boycottbrowder v. gayle,IAB14 Society,0.85,scraped,
civil rights tallahassee bus boycott,IAB14 Society,0.85,scraped,
civil rights mansfield school desegregation,IAB14 Society,0.85,scraped,
"civil rights 1957 prayer pilgrimage for freedom""give us the ballot""",IAB14 Society,0.85,scraped,
civil rights royal ice cream sit-in,IAB14 Society,0.85,scraped,
civil rights little rock ninecooper v. aaron,IAB14 Society,0.85,scraped,
civil rights civil rights act of 1957,IAB14 Society,0.85,scraped,
civil rights ministers' manifesto,IAB14 Society,0.85,scraped,
civil rights katz drug store sit-in,IAB14 Society,0.85,scraped,
civil rights kissing case,IAB14 Society,0.85,scraped,
civil rights biloxi wade-ins,IAB14 Society,0.85,scraped,
civil rights bolling v. sharpe,IAB14 Society,0.85,scraped,
civil rights briggs v. elliott,IAB14 Society,0.85,scraped,
civil rights davis v. prince edward county,IAB14 Society,0.85,scraped,
civil rights gebhart v. belton,IAB14 Society,0.85,scraped,
civil rights browder v. gayle,IAB14 Society,0.85,scraped,
"civil rights ""give us the ballot""",IAB14 Society,0.85,scraped,
civil rights cooper v. aaron,IAB14 Society,0.85,scraped,
civil rights new year's day march,IAB14 Society,0.85,scraped,
civil rights sit-in movement,IAB14 Society,0.85,scraped,
civil rights anniston and birmingham bus attacks,IAB14 Society,0.85,scraped,
civil rights sweatt v. painter(1950),IAB14 Society,0.85,scraped,
civil rights stand in the schoolhouse door,IAB14 Society,0.85,scraped,
civil rights jones v. alfred h. mayer co.,IAB14 Society,0.85,scraped,
civil rights green v. county school board of new kent county,IAB14 Society,0.85,scraped,
civil rights birmingham riot,IAB14 Society,0.85,scraped,
civil rights 16th street baptist church bombing,IAB14 Society,0.85,scraped,
civil rights journey of reconciliation,IAB14 Society,0.85,scraped,
civil rights right to truth,IAB14 Society,0.85,scraped,
civil rights security of person,IAB14 Society,0.85,scraped,
civil rights speedy trial,IAB14 Society,0.85,scraped,
civil rights suffrageright to be a candidate,IAB14 Society,0.85,scraped,
civil rights right to homeland,IAB14 Society,0.85,scraped,
civil rights right to be a candidate,IAB14 Society,0.85,scraped,
civil rights digital rights,IAB14 Society,0.85,scraped,
civil rights equal pay for equal work,IAB14 Society,0.85,scraped,
civil rights fair remuneration,IAB14 Society,0.85,scraped,
civil rights labor rights,IAB14 Society,0.85,scraped,
civil rights right to an adequate standard of living,IAB14 Society,0.85,scraped,
civil rights right of self-defense,IAB14 Society,0.85,scraped,
civil rights right to clothing,IAB14 Society,0.85,scraped,
civil rights right to education,IAB14 Society,0.85,scraped,
civil rights right to food,IAB14 Society,0.85,scraped,
civil rights right to health,IAB14 Society,0.85,scraped,
civil rights right to a healthy environment,IAB14 Society,0.85,scraped,
civil rights right to housing,IAB14 Society,0.85,scraped,
civil rights right to internet access,IAB14 Society,0.85,scraped,
civil rights right to property,IAB14 Society,0.85,scraped,
civil rights right to public participation,IAB14 Society,0.85,scraped,
civil rights right of reply,IAB14 Society,0.85,scraped,
civil rights executive order 9981,IAB14 Society,0.85,scraped,
civil rights murders of harry and harriette moore,IAB14 Society,0.85,scraped,
civil rights letter from birmingham jail,IAB14 Society,0.85,scraped,
civil rights 1964–1965 scripto strike,IAB14 Society,0.85,scraped,
"civil rights ""i have a dream""",IAB14 Society,0.85,scraped,
civil rights big six,IAB14 Society,0.85,scraped,
civil rights twenty-fourth amendment,IAB14 Society,0.85,scraped,
civil rights chester school protests,IAB14 Society,0.85,scraped,
civil rights bloody tuesday,IAB14 Society,0.85,scraped,
civil rights 1964 monson motor lodge protests,IAB14 Society,0.85,scraped,
civil rights freedom summerworkers' murders,IAB14 Society,0.85,scraped,
civil rights civil rights act of 1964,IAB14 Society,0.85,scraped,
"civil rights heart of atlanta motel, inc. v. united states",IAB14 Society,0.85,scraped,
civil rights katzenbach v. mcclung,IAB14 Society,0.85,scraped,
"civil rights 1965 selma to montgomery marches""how long, not long""",IAB14 Society,0.85,scraped,
civil rights poor people's campaign,IAB14 Society,0.85,scraped,
civil rights scope project,IAB14 Society,0.85,scraped,
civil rights voting rights act of 1965,IAB14 Society,0.85,scraped,
civil rights harper v. virginia board of elections,IAB14 Society,0.85,scraped,
civil rights march against fear,IAB14 Society,0.85,scraped,
civil rights white house conference on civil rights,IAB14 Society,0.85,scraped,
civil rights chicago freedom movement/chicago open housing movement,IAB14 Society,0.85,scraped,
civil rights loving v. virginia,IAB14 Society,0.85,scraped,
civil rights memphis sanitation strike,IAB14 Society,0.85,scraped,
civil rights king assassinationfuneralriots,IAB14 Society,0.85,scraped,
civil rights civil rights act of 1968,IAB14 Society,0.85,scraped,
civil rights elijah muhammad,IAB14 Society,0.85,scraped,
civil rights diane nash,IAB14 Society,0.85,scraped,
civil rights charles neblett,IAB14 Society,0.85,scraped,
civil rights united auto workers (uaw),IAB14 Society,0.85,scraped,
civil rights women's political council,IAB14 Society,0.85,scraped,
civil rights an appeal for human rights,IAB14 Society,0.85,scraped,
civil rights youth council,IAB14 Society,0.85,scraped,
civil rights juanita abernathy,IAB14 Society,0.85,scraped,
civil rights kathleen cleaver,IAB14 Society,0.85,scraped,
civil rights ralph abernathy,IAB14 Society,0.85,scraped,
civil rights zev aelony,IAB14 Society,0.85,scraped,
civil rights mathew ahmann,IAB14 Society,0.85,scraped,
civil rights muhammad ali,IAB14 Society,0.85,scraped,
civil rights william g. anderson,IAB14 Society,0.85,scraped,
civil rights gwendolyn armstrong,IAB14 Society,0.85,scraped,
civil rights arnold aronson,IAB14 Society,0.85,scraped,
civil rights ella baker,IAB14 Society,0.85,scraped,
civil rights james baldwin,IAB14 Society,0.85,scraped,
civil rights marion barry,IAB14 Society,0.85,scraped,
civil rights daisy bates,IAB14 Society,0.85,scraped,
civil rights harry belafonte,IAB14 Society,0.85,scraped,
civil rights james bevel,IAB14 Society,0.85,scraped,
civil rights victoria gray adams,IAB14 Society,0.85,scraped,
civil rights josephine dobbs clement,IAB14 Society,0.85,scraped,
civil rights septima clark,IAB14 Society,0.85,scraped,
civil rights annie lee cooper,IAB14 Society,0.85,scraped,
civil rights prathia hall,IAB14 Society,0.85,scraped,
civil rights wednesdays in mississippi,IAB14 Society,0.85,scraped,
civil rights the freedom singers,IAB14 Society,0.85,scraped,
civil rights huey p. newton,IAB14 Society,0.85,scraped,
civil rights student nonviolent coordinating committee (sncc),IAB14 Society,0.85,scraped,
civil rights aurelia browder,IAB14 Society,0.85,scraped,
civil rights h. rap brown,IAB14 Society,0.85,scraped,
civil rights ralph bunche,IAB14 Society,0.85,scraped,
civil rights john h. calhoun,IAB14 Society,0.85,scraped,
civil rights guy carawan,IAB14 Society,0.85,scraped,
civil rights stokely carmichael,IAB14 Society,0.85,scraped,
civil rights johnnie carr,IAB14 Society,0.85,scraped,
civil rights james chaney,IAB14 Society,0.85,scraped,
civil rights j. l. chestnut,IAB14 Society,0.85,scraped,
civil rights shirley chisholm,IAB14 Society,0.85,scraped,
civil rights colia lafayette clark,IAB14 Society,0.85,scraped,
civil rights ramsey clark,IAB14 Society,0.85,scraped,
civil rights j. charles jones,IAB14 Society,0.85,scraped,
civil rights xernona clayton,IAB14 Society,0.85,scraped,
civil rights eldridge cleaver,IAB14 Society,0.85,scraped,
civil rights unita blackwell,IAB14 Society,0.85,scraped,
civil rights randolph blackwell,IAB14 Society,0.85,scraped,
civil rights gloria blackwell,IAB14 Society,0.85,scraped,
civil rights claude black,IAB14 Society,0.85,scraped,
civil rights operation breadbasket,IAB14 Society,0.85,scraped,
civil rights regional council of negro leadership,IAB14 Society,0.85,scraped,
civil rights southern christian leadership conference (sclc),IAB14 Society,0.85,scraped,
civil rights southern regional council,IAB14 Society,0.85,scraped,
civil rights charles e. cobb jr.,IAB14 Society,0.85,scraped,
civil rights fred hampton,IAB14 Society,0.85,scraped,
civil rights william e. harbour,IAB14 Society,0.85,scraped,
civil rights vincent harding,IAB14 Society,0.85,scraped,
civil rights vernon dahmer,IAB14 Society,0.85,scraped,
civil rights jonathan daniels,IAB14 Society,0.85,scraped,
civil rights abraham lincoln davis,IAB14 Society,0.85,scraped,
civil rights angela davis,IAB14 Society,0.85,scraped,
civil rights joseph delaine,IAB14 Society,0.85,scraped,
civil rights dave dennis,IAB14 Society,0.85,scraped,
civil rights annie bell robinson devine,IAB14 Society,0.85,scraped,
civil rights john wesley dobbs,IAB14 Society,0.85,scraped,
civil rights jack greenberg,IAB14 Society,0.85,scraped,
civil rights joseph ellwanger,IAB14 Society,0.85,scraped,
civil rights charles evers,IAB14 Society,0.85,scraped,
civil rights medgar evers,IAB14 Society,0.85,scraped,
sociology globalization,IAB14 Society,0.85,scraped,
civil rights myrlie evers-williams,IAB14 Society,0.85,scraped,
civil rights chuck fager,IAB14 Society,0.85,scraped,
civil rights james farmer,IAB14 Society,0.85,scraped,
civil rights walter fauntroy,IAB14 Society,0.85,scraped,
civil rights james forman,IAB14 Society,0.85,scraped,
civil rights marie foster,IAB14 Society,0.85,scraped,
civil rights golden frinks,IAB14 Society,0.85,scraped,
civil rights andrew goodman,IAB14 Society,0.85,scraped,
civil rights fred gray,IAB14 Society,0.85,scraped,
civil rights robert graetz,IAB14 Society,0.85,scraped,
civil rights claudette colvin,IAB14 Society,0.85,scraped,
civil rights dorothy cotton,IAB14 Society,0.85,scraped,
civil rights patricia stephens due,IAB14 Society,0.85,scraped,
civil rights ruby hurley,IAB14 Society,0.85,scraped,
civil rights dorothy height,IAB14 Society,0.85,scraped,
civil rights audrey faye hendricks,IAB14 Society,0.85,scraped,
civil rights lola hendricks,IAB14 Society,0.85,scraped,
civil rights aaron henry,IAB14 Society,0.85,scraped,
civil rights oliver hill,IAB14 Society,0.85,scraped,
civil rights donald l. hollowell,IAB14 Society,0.85,scraped,
civil rights james hood,IAB14 Society,0.85,scraped,
civil rights myles horton,IAB14 Society,0.85,scraped,
civil rights zilphia horton,IAB14 Society,0.85,scraped,
civil rights t. r. m. howard,IAB14 Society,0.85,scraped,
civil rights cecil ivory,IAB14 Society,0.85,scraped,
civil rights fannie lou hamer,IAB14 Society,0.85,scraped,
civil rights jesse jackson,IAB14 Society,0.85,scraped,
civil rights jimmie lee jackson,IAB14 Society,0.85,scraped,
civil rights richie jean jackson,IAB14 Society,0.85,scraped,
civil rights t. j. jemison,IAB14 Society,0.85,scraped,
civil rights esau jenkins,IAB14 Society,0.85,scraped,
civil rights barbara rose johns,IAB14 Society,0.85,scraped,
civil rights vernon johns,IAB14 Society,0.85,scraped,
civil rights frank minis johnson,IAB14 Society,0.85,scraped,
civil rights lawrence guyot,IAB14 Society,0.85,scraped,
civil rights dick gregory,IAB14 Society,0.85,scraped,
civil rights ruby bridges,IAB14 Society,0.85,scraped,
civil rights stanley branche,IAB14 Society,0.85,scraped,
civil rights raylawni branch,IAB14 Society,0.85,scraped,
civil rights mary louise smith,IAB14 Society,0.85,scraped,
civil rights joseph lowery,IAB14 Society,0.85,scraped,
civil rights clara luper,IAB14 Society,0.85,scraped,
civil rights danny lyon,IAB14 Society,0.85,scraped,
civil rights malcolm x,IAB14 Society,0.85,scraped,
civil rights mae mallory,IAB14 Society,0.85,scraped,
civil rights vivian malone,IAB14 Society,0.85,scraped,
civil rights bob mants,IAB14 Society,0.85,scraped,
civil rights thurgood marshall,IAB14 Society,0.85,scraped,
civil rights benjamin mays,IAB14 Society,0.85,scraped,
civil rights homer plessy,IAB14 Society,0.85,scraped,
civil rights vernon jordan,IAB14 Society,0.85,scraped,
civil rights adam clayton powell jr.,IAB14 Society,0.85,scraped,
civil rights rodney n. powell,IAB14 Society,0.85,scraped,
civil rights maxine smith,IAB14 Society,0.85,scraped,
civil rights ruby doris smith-robinson,IAB14 Society,0.85,scraped,
civil rights charles kenzie steele,IAB14 Society,0.85,scraped,
civil rights hank thomas,IAB14 Society,0.85,scraped,
civil rights dorothy tillman,IAB14 Society,0.85,scraped,
civil rights a. p. tureaud,IAB14 Society,0.85,scraped,
civil rights hartman turnbow,IAB14 Society,0.85,scraped,
civil rights albert turner,IAB14 Society,0.85,scraped,
civil rights c. t. vivian,IAB14 Society,0.85,scraped,
civil rights a. t. walden,IAB14 Society,0.85,scraped,
civil rights z. alexander looby,IAB14 Society,0.85,scraped,
civil rights viola liuzzo,IAB14 Society,0.85,scraped,
civil rights john lewis,IAB14 Society,0.85,scraped,
civil rights tom kahn,IAB14 Society,0.85,scraped,
civil rights edgar nixon,IAB14 Society,0.85,scraped,
civil rights jack o'dell,IAB14 Society,0.85,scraped,
civil rights james orange,IAB14 Society,0.85,scraped,
civil rights rosa parks,IAB14 Society,0.85,scraped,
civil rights james peck,IAB14 Society,0.85,scraped,
civil rights charles person,IAB14 Society,0.85,scraped,
civil rights bob moses,IAB14 Society,0.85,scraped,
civil rights ralph mcgill,IAB14 Society,0.85,scraped,
civil rights charles mcdew,IAB14 Society,0.85,scraped,
civil rights franklin mccain,IAB14 Society,0.85,scraped,
civil rights clyde kennard,IAB14 Society,0.85,scraped,
civil rights stanley levison,IAB14 Society,0.85,scraped,
civil rights a. d. king,IAB14 Society,0.85,scraped,
civil rights national council of negro women,IAB14 Society,0.85,scraped,
civil rights coretta scott king,IAB14 Society,0.85,scraped,
civil rights martin luther king jr.,IAB14 Society,0.85,scraped,
civil rights martin luther king sr.,IAB14 Society,0.85,scraped,
civil rights bernard lafayette,IAB14 Society,0.85,scraped,
civil rights james lawson,IAB14 Society,0.85,scraped,
civil rights bernard lee,IAB14 Society,0.85,scraped,
civil rights sanford r. leigh,IAB14 Society,0.85,scraped,
civil rights jim letherer,IAB14 Society,0.85,scraped,
civil rights wyatt tee walker,IAB14 Society,0.85,scraped,
civil rights hollis watkins,IAB14 Society,0.85,scraped,
civil rights bruce boynton,IAB14 Society,0.85,scraped,
civil rights roy wilkins,IAB14 Society,0.85,scraped,
civil rights bernice robinson,IAB14 Society,0.85,scraped,
civil rights jo ann robinson,IAB14 Society,0.85,scraped,
civil rights angela russell,IAB14 Society,0.85,scraped,
civil rights bayard rustin,IAB14 Society,0.85,scraped,
civil rights bernie sanders,IAB14 Society,0.85,scraped,
civil rights michael schwerner,IAB14 Society,0.85,scraped,
civil rights bobby seale,IAB14 Society,0.85,scraped,
civil rights pete seeger,IAB14 Society,0.85,scraped,
civil rights cleveland sellers,IAB14 Society,0.85,scraped,
civil rights charles sherrod,IAB14 Society,0.85,scraped,
civil rights alexander d. shimkin,IAB14 Society,0.85,scraped,
civil rights fred shuttlesworth,IAB14 Society,0.85,scraped,
civil rights modjeska monteith simkins,IAB14 Society,0.85,scraped,
civil rights fay bellamy powell,IAB14 Society,0.85,scraped,
civil rights matthew jones,IAB14 Society,0.85,scraped,
civil rights c.b. king,IAB14 Society,0.85,scraped,
civil rights clarence jones,IAB14 Society,0.85,scraped,
civil rights ezell blair jr.,IAB14 Society,0.85,scraped,
civil rights joanne bland,IAB14 Society,0.85,scraped,
civil rights julian bond,IAB14 Society,0.85,scraped,
civil rights joseph e. boone,IAB14 Society,0.85,scraped,
civil rights william holmes borders,IAB14 Society,0.85,scraped,
civil rights amelia boynton,IAB14 Society,0.85,scraped,
civil rights david richmond,IAB14 Society,0.85,scraped,
civil rights gloria richardson,IAB14 Society,0.85,scraped,
civil rights walter reuther,IAB14 Society,0.85,scraped,
civil rights walter francis white,IAB14 Society,0.85,scraped,
civil rights hosea williams,IAB14 Society,0.85,scraped,
civil rights kale williams,IAB14 Society,0.85,scraped,
civil rights robert f. williams,IAB14 Society,0.85,scraped,
civil rights q. v. williamson,IAB14 Society,0.85,scraped,
civil rights andrew young,IAB14 Society,0.85,scraped,
civil rights whitney young,IAB14 Society,0.85,scraped,
civil rights sammy younge jr.,IAB14 Society,0.85,scraped,
civil rights bob zellner,IAB14 Society,0.85,scraped,
civil rights james zwerg,IAB14 Society,0.85,scraped,
"civil rights omaha, nebraska",IAB14 Society,0.85,scraped,
civil rights kelly miller smith,IAB14 Society,0.85,scraped,
civil rights frederick d. reese,IAB14 Society,0.85,scraped,
civil rights a. maceo smith,IAB14 Society,0.85,scraped,
civil rights glenn e. smiley,IAB14 Society,0.85,scraped,
civil rights al raby,IAB14 Society,0.85,scraped,
civil rights lincoln ragsdale,IAB14 Society,0.85,scraped,
civil rights a. philip randolph,IAB14 Society,0.85,scraped,
civil rights george raymond,IAB14 Society,0.85,scraped,
civil rights george raymond jr.,IAB14 Society,0.85,scraped,
civil rights bernice johnson reagon,IAB14 Society,0.85,scraped,
civil rights cordell reagon,IAB14 Society,0.85,scraped,
civil rights james reeb,IAB14 Society,0.85,scraped,
civil rights emmett till,IAB14 Society,0.85,scraped,
"civil rights indigenous and tribal peoples convention, 1989",IAB14 Society,0.85,scraped,
civil rights brown v. board of educationbolling v. sharpebriggs v. elliottdavis v. prince edward countygebhart v. belton,IAB14 Society,0.85,scraped,
civil rights protocol 2,IAB14 Society,0.85,scraped,
civil rights article 5,IAB14 Society,0.85,scraped,
civil rights article 4,IAB14 Society,0.85,scraped,
civil rights martin luther king jr. memorialother king memorials,IAB14 Society,0.85,scraped,
civil rights mississippi civil rights museum,IAB14 Society,0.85,scraped,
civil rights national civil rights museum,IAB14 Society,0.85,scraped,
civil rights national voting rights museum,IAB14 Society,0.85,scraped,
civil rights st. augustine foot soldiers monument,IAB14 Society,0.85,scraped,
civil rights olympic black power statue,IAB14 Society,0.85,scraped,
civil rights other king memorials,IAB14 Society,0.85,scraped,
civil rights taylor branch,IAB14 Society,0.85,scraped,
civil rights clayborne carson,IAB14 Society,0.85,scraped,
civil rights john dittmer,IAB14 Society,0.85,scraped,
civil rights michael eric dyson,IAB14 Society,0.85,scraped,
civil rights adam fairclough,IAB14 Society,0.85,scraped,
civil rights david garrow,IAB14 Society,0.85,scraped,
civil rights david halberstam,IAB14 Society,0.85,scraped,
civil rights steven f. lawson,IAB14 Society,0.85,scraped,
civil rights doug mcadam,IAB14 Society,0.85,scraped,
civil rights diane mcwhorter,IAB14 Society,0.85,scraped,
civil rights charles m. payne,IAB14 Society,0.85,scraped,
civil rights thomas e. ricks,IAB14 Society,0.85,scraped,
civil rights timothy tyson,IAB14 Society,0.85,scraped,
civil rights akinyele umoja,IAB14 Society,0.85,scraped,
civil rights article 6,IAB14 Society,0.85,scraped,
civil rights protocol 14,IAB14 Society,0.85,scraped,
sociology goffman,IAB14 Society,0.85,scraped,
civil rights protocol 12,IAB14 Society,0.85,scraped,
civil rights martin luther king jr. day,IAB14 Society,0.85,scraped,
civil rights article 8,IAB14 Society,0.85,scraped,
civil rights article 9,IAB14 Society,0.85,scraped,
civil rights article 10,IAB14 Society,0.85,scraped,
civil rights article 11,IAB14 Society,0.85,scraped,
civil rights article 12,IAB14 Society,0.85,scraped,
civil rights article 13,IAB14 Society,0.85,scraped,
civil rights article 14,IAB14 Society,0.85,scraped,
civil rights article 15,IAB14 Society,0.85,scraped,
civil rights article 16,IAB14 Society,0.85,scraped,
civil rights article 17,IAB14 Society,0.85,scraped,
civil rights article 18,IAB14 Society,0.85,scraped,
civil rights article 7,IAB14 Society,0.85,scraped,
civil rights protocol 1,IAB14 Society,0.85,scraped,
civil rights protocol 3,IAB14 Society,0.85,scraped,
civil rights protocol 4,IAB14 Society,0.85,scraped,
civil rights protocol 5,IAB14 Society,0.85,scraped,
civil rights protocol 6,IAB14 Society,0.85,scraped,
civil rights protocol 7,IAB14 Society,0.85,scraped,
civil rights protocol 8,IAB14 Society,0.85,scraped,
civil rights protocol 9,IAB14 Society,0.85,scraped,
civil rights protocol 10,IAB14 Society,0.85,scraped,
civil rights protocol 11,IAB14 Society,0.85,scraped,
civil rights movement photographers,IAB14 Society,0.85,scraped,
civil rights article 1,IAB14 Society,0.85,scraped,
civil rights article 2,IAB14 Society,0.85,scraped,
civil rights article 3,IAB14 Society,0.85,scraped,
sociology private law,IAB14 Society,0.85,scraped,
sociology semiotics,IAB14 Society,0.85,scraped,
sociology macroeconomics,IAB14 Society,0.85,scraped,
sociology anthropologyarchaeologyculturalsocialphysical,IAB14 Society,0.85,scraped,
sociology lists,IAB14 Society,0.85,scraped,
sociology giddens,IAB14 Society,0.85,scraped,
sociology veblen,IAB14 Society,0.85,scraped,
sociology simmel,IAB14 Society,0.85,scraped,
sociology durkheim,IAB14 Society,0.85,scraped,
sociology addams,IAB14 Society,0.85,scraped,
sociology mead,IAB14 Society,0.85,scraped,
sociology weber,IAB14 Society,0.85,scraped,
sociology du bois,IAB14 Society,0.85,scraped,
sociology mannheim,IAB14 Society,0.85,scraped,
sociology elias,IAB14 Society,0.85,scraped,
sociology fromm,IAB14 Society,0.85,scraped,
sociology adorno,IAB14 Society,0.85,scraped,
sociology gehlen,IAB14 Society,0.85,scraped,
sociology aron,IAB14 Society,0.85,scraped,
sociology merton,IAB14 Society,0.85,scraped,
sociology nisbet,IAB14 Society,0.85,scraped,
sociology mills,IAB14 Society,0.85,scraped,
sociology bell,IAB14 Society,0.85,scraped,
sociology public law,IAB14 Society,0.85,scraped,
sociology legal systems,IAB14 Society,0.85,scraped,
sociology legal history,IAB14 Society,0.85,scraped,
sociology sociologycriminologydemographyinternetruralurban,IAB14 Society,0.85,scraped,
civil rights king center for nonviolent social change,IAB14 Society,0.85,scraped,
sociology rural,IAB14 Society,0.85,scraped,
sociology science(history of science),IAB14 Society,0.85,scraped,
sociology social movements,IAB14 Society,0.85,scraped,
sociology geographyphysicalhumantechnicalintegrated,IAB14 Society,0.85,scraped,
sociology historyculturalauxiliary scienceseconomichumanmilitarypoliticalsocial,IAB14 Society,0.85,scraped,
sociology lawjurisprudencelegal historylegal systemspublic lawprivate law,IAB14 Society,0.85,scraped,
sociology linguisticssemiotics,IAB14 Society,0.85,scraped,
sociology political scienceinternational relationscomparativephilosophypublic policypublic administration,IAB14 Society,0.85,scraped,
sociology psychologyabnormalcognitivedevelopmentalpersonalitysocial,IAB14 Society,0.85,scraped,
sociology archaeology,IAB14 Society,0.85,scraped,
sociology jurisprudence,IAB14 Society,0.85,scraped,
sociology cultural,IAB14 Society,0.85,scraped,
sociology social,IAB14 Society,0.85,scraped,
sociology physical,IAB14 Society,0.85,scraped,
sociology economicsmicroeconomicsmacroeconomicseconometricsmathematical,IAB14 Society,0.85,scraped,
sociology microeconomics,IAB14 Society,0.85,scraped,
sociology econometrics,IAB14 Society,0.85,scraped,
sociology human,IAB14 Society,0.85,scraped,
sociology technical,IAB14 Society,0.85,scraped,
sociology integrated,IAB14 Society,0.85,scraped,
sociology auxiliary sciences,IAB14 Society,0.85,scraped,
civil rights freedom riders national monument,IAB14 Society,0.85,scraped,
civil rights protocol 16,IAB14 Society,0.85,scraped,
civil rights freedom rides museum,IAB14 Society,0.85,scraped,
civil rights a.g. gaston motel,IAB14 Society,0.85,scraped,
sociology positivism,IAB14 Society,0.85,scraped,
sociology social constructionism,IAB14 Society,0.85,scraped,
sociology social darwinism,IAB14 Society,0.85,scraped,
sociology symbolic interactionism,IAB14 Society,0.85,scraped,
sociology aging,IAB14 Society,0.85,scraped,
sociology architecture,IAB14 Society,0.85,scraped,
sociology art,IAB14 Society,0.85,scraped,
sociology astrosociology,IAB14 Society,0.85,scraped,
sociology body,IAB14 Society,0.85,scraped,
sociology criminology,IAB14 Society,0.85,scraped,
sociology consciousness,IAB14 Society,0.85,scraped,
sociology culture,IAB14 Society,0.85,scraped,
sociology death,IAB14 Society,0.85,scraped,
sociology demography,IAB14 Society,0.85,scraped,
sociology deviance,IAB14 Society,0.85,scraped,
sociology disaster,IAB14 Society,0.85,scraped,
sociology economic,IAB14 Society,0.85,scraped,
sociology education,IAB14 Society,0.85,scraped,
sociology emotion(jealousy),IAB14 Society,0.85,scraped,
sociology environmental,IAB14 Society,0.85,scraped,
sociology social power,IAB14 Society,0.85,scraped,
sociology religion,IAB14 Society,0.85,scraped,
civil rights human rights group,IAB14 Society,0.85,scraped,
sociology structural functionalism,IAB14 Society,0.85,scraped,
sociology critical theory,IAB14 Society,0.85,scraped,
sociology conflict theory,IAB14 Society,0.85,scraped,
sociology music,IAB14 Society,0.85,scraped,
sociology jewry,IAB14 Society,0.85,scraped,
sociology knowledge,IAB14 Society,0.85,scraped,
sociology language,IAB14 Society,0.85,scraped,
sociology law,IAB14 Society,0.85,scraped,
sociology food,IAB14 Society,0.85,scraped,
sociology leisure,IAB14 Society,0.85,scraped,
sociology marxist,IAB14 Society,0.85,scraped,
sociology mathematic,IAB14 Society,0.85,scraped,
sociology medical,IAB14 Society,0.85,scraped,
sociology military,IAB14 Society,0.85,scraped,
"sociology peace, war, and social conflict",IAB14 Society,0.85,scraped,
sociology social cycle theory,IAB14 Society,0.85,scraped,
sociology philosophy,IAB14 Society,0.85,scraped,
sociology political,IAB14 Society,0.85,scraped,
sociology public,IAB14 Society,0.85,scraped,
sociology punishment,IAB14 Society,0.85,scraped,
sociology race and ethnicity,IAB14 Society,0.85,scraped,
sociology literature,IAB14 Society,0.85,scraped,
sociology fiscal,IAB14 Society,0.85,scraped,
sociology feminist,IAB14 Society,0.85,scraped,
sociology family,IAB14 Society,0.85,scraped,
sociology social structure,IAB14 Society,0.85,scraped,
civil rights protocol 15,IAB14 Society,0.85,scraped,
civil rights bethel baptist church,IAB14 Society,0.85,scraped,
civil rights african-american women in the movement,IAB14 Society,0.85,scraped,
civil rights brown chapel,IAB14 Society,0.85,scraped,
"civil rights ""oh, freedom""",IAB14 Society,0.85,scraped,
"civil rights ""this little light of mine""",IAB14 Society,0.85,scraped,
civil rights freedom from arbitrary arrest and detention,IAB14 Society,0.85,scraped,
"civil rights ""we shall overcome""",IAB14 Society,0.85,scraped,
"civil rights ""woke up this morning (with my mind stayed on freedom)""",IAB14 Society,0.85,scraped,
civil rights nonviolencepadayatra,IAB14 Society,0.85,scraped,
civil rights sermon on the mount,IAB14 Society,0.85,scraped,
civil rights mahatma gandhiahimsasatyagraha,IAB14 Society,0.85,scraped,
civil rights the kingdom of god is within you,IAB14 Society,0.85,scraped,
civil rights frederick douglass,IAB14 Society,0.85,scraped,
civil rights w. e. b. du bois,IAB14 Society,0.85,scraped,
civil rights mary mcleod bethune,IAB14 Society,0.85,scraped,
civil rights padayatra,IAB14 Society,0.85,scraped,
civil rights ahimsa,IAB14 Society,0.85,scraped,
civil rights satyagraha,IAB14 Society,0.85,scraped,
civil rights lyndon b. johnson,IAB14 Society,0.85,scraped,
civil rights jim crow laws,IAB14 Society,0.85,scraped,
civil rights lynching in the united states,IAB14 Society,0.85,scraped,
civil rights plessy v. fergusonseparate but equal,IAB14 Society,0.85,scraped,
civil rights buchanan v. warley,IAB14 Society,0.85,scraped,
civil rights hocutt v. wilson,IAB14 Society,0.85,scraped,
civil rights sweatt v. painter,IAB14 Society,0.85,scraped,
civil rights hernandez v. texas,IAB14 Society,0.85,scraped,
"civil rights ""keep your eyes on the prize""",IAB14 Society,0.85,scraped,
civil rights jews in the civil rights movement,IAB14 Society,0.85,scraped,
civil rights fifth circuit four,IAB14 Society,0.85,scraped,
civil rights 1960s counterculture,IAB14 Society,0.85,scraped,
civil rights dexter avenue baptist church,IAB14 Society,0.85,scraped,
civil rights holt street baptist church,IAB14 Society,0.85,scraped,
civil rights edmund pettus bridge,IAB14 Society,0.85,scraped,
civil rights march on washington movement,IAB14 Society,0.85,scraped,
civil rights african-american churches attacked,IAB14 Society,0.85,scraped,
civil rights lynching victims in the united states,IAB14 Society,0.85,scraped,
civil rights freedom schools,IAB14 Society,0.85,scraped,
civil rights freedom songs,IAB14 Society,0.85,scraped,
civil rights kelly ingram park,IAB14 Society,0.85,scraped,
"civil rights spring mobilization committee to end the war in vietnam""beyond vietnam: a time to break silence""",IAB14 Society,0.85,scraped,
civil rights eyes on the prize,IAB14 Society,0.85,scraped,
civil rights 16th street baptist church,IAB14 Society,0.85,scraped,
civil rights separate but equal,IAB14 Society,0.85,scraped,
"civil rights ""beyond vietnam: a time to break silence""",IAB14 Society,0.85,scraped,
civil rights in popular culture,IAB14 Society,0.85,scraped,
civil rights birmingham civil rights institute,IAB14 Society,0.85,scraped,
civil rights baton rouge bus boycott,IAB14 Society,0.85,scraped,
civil rights civil rights memorial,IAB14 Society,0.85,scraped,
civil rights civil rights movement archive,IAB14 Society,0.85,scraped,
civil rights emmett till and mamie till-mobley national monument,IAB14 Society,0.85,scraped,
civil rights medgar and myrlie evers home national monument,IAB14 Society,0.85,scraped,
civil rights voter education project,IAB14 Society,0.85,scraped,
sociology schoeck,IAB14 Society,0.85,scraped,
civil rights birmingham civil rights national monument,IAB14 Society,0.85,scraped,
sociology bauman,IAB14 Society,0.85,scraped,
"sociology willis, evan. 1996.the sociological quest: an introduction to the study of social life.new brunswick, nj:rutgers university press.isbn0-8135-2367-2oclc34633406",IAB14 Society,0.85,scraped,
sociology economics,IAB14 Society,0.85,scraped,
sociology emotions,IAB14 Society,0.85,scraped,
sociology environment,IAB14 Society,0.85,scraped,
sociology medicine,IAB14 Society,0.85,scraped,
sociology science,IAB14 Society,0.85,scraped,
sociology small groups,IAB14 Society,0.85,scraped,
sociology stratification,IAB14 Society,0.85,scraped,
sociology work,IAB14 Society,0.85,scraped,
sociology sieyès,IAB14 Society,0.85,scraped,
sociology comte,IAB14 Society,0.85,scraped,
sociology martineau,IAB14 Society,0.85,scraped,
sociology tocqueville,IAB14 Society,0.85,scraped,
sociology marx,IAB14 Society,0.85,scraped,
sociology spencer,IAB14 Society,0.85,scraped,
sociology definitionsfrom wiktionary,IAB14 Society,0.85,scraped,
"civil rights ""kumbaya""",IAB14 Society,0.85,scraped,
sociology the swedish sociological association(in swedish),IAB14 Society,0.85,scraped,
sociology sociological association of ireland (sai),IAB14 Society,0.85,scraped,
"sociology mills, c. wright. 1959.the sociological imaginationarchived27 december 2022 at thewayback machineoclc165883",IAB14 Society,0.85,scraped,
"sociology nisbet, robert a.1967.the sociological tradition, london, heinemann educational books.isbn1-56000-667-6oclc26934810",IAB14 Society,0.85,scraped,
"sociology ritzer, george, and douglas j. goodman. 2004.sociological theory(6th ed.).mcgraw-hill.isbn0-07-281718-6oclc52240022",IAB14 Society,0.85,scraped,
"sociology scott, john, and gordon marshall, eds. 2005.a dictionary of sociology(3rd ed.). oxford university press.isbn0-19-860986-8,oclc60370982",IAB14 Society,0.85,scraped,
"sociology wallace, ruth a., and alison wolf. 1995.contemporary sociological theory: continuing the classical tradition(4th ed.). prentice-hall.isbn0-13-036245-xoclc31604842",IAB14 Society,0.85,scraped,
sociology sociological practice,IAB14 Society,0.85,scraped,
sociology sociological theory,IAB14 Society,0.85,scraped,
sociology social research,IAB14 Society,0.85,scraped,
sociology bibliography,IAB14 Society,0.85,scraped,
sociology comparative,IAB14 Society,0.85,scraped,
sociology computational,IAB14 Society,0.85,scraped,
sociology ethnographic,IAB14 Society,0.85,scraped,
sociology conversation analysis,IAB14 Society,0.85,scraped,
sociology interview,IAB14 Society,0.85,scraped,
sociology mathematical,IAB14 Society,0.85,scraped,
sociology network analysis,IAB14 Society,0.85,scraped,
sociology social experiment,IAB14 Society,0.85,scraped,
sociology survey,IAB14 Society,0.85,scraped,
sociology 1700s:comte·sieyès,IAB14 Society,0.85,scraped,
sociology terminology,IAB14 Society,0.85,scraped,
sociology public sociology,IAB14 Society,0.85,scraped,
"sociology house, j. s., & mortimer, j. (1990). social structure and the individual: emerging themes and new directions.social psychology quarterly, 71–80.",IAB14 Society,0.85,scraped,
"sociology lipset, seymour martinandeverett carll ladd. ""the politics of american sociologists"",american journal of sociology(1972) 78#1 pp. 67–104jstor2776571",IAB14 Society,0.85,scraped,
"sociology macionis, john j (1991).sociology(3rd ed.). englewood cliffs, nj: prentice hall.isbn978-0-13-820358-0.",IAB14 Society,0.85,scraped,
"sociology merton, robert k.1959.social theory and social structure. toward the codification of theory and research(revised & enlarged ed.). glencoe, il.oclc4536864",IAB14 Society,0.85,scraped,
sociology newsfrom wikinews,IAB14 Society,0.85,scraped,
sociology quotationsfrom wikiquote,IAB14 Society,0.85,scraped,
sociology textsfrom wikisource,IAB14 Society,0.85,scraped,
sociology textbooksfrom wikibooks,IAB14 Society,0.85,scraped,
sociology resourcesfrom wikiversity,IAB14 Society,0.85,scraped,
sociology datafrom wikidata,IAB14 Society,0.85,scraped,
"sociology white, harrison c.2008.identity and control. how social formations emerge(2nd ed.). princeton:princeton university press.isbn978-0-691-13714-8oclc174138884",IAB14 Society,0.85,scraped,
sociology american sociological association (asa),IAB14 Society,0.85,scraped,
sociology quantitative,IAB14 Society,0.85,scraped,
sociology eastern sociological society (ess),IAB14 Society,0.85,scraped,
civil rights boynton v. virginia,IAB14 Society,0.85,scraped,
civil rights university of georgia desegregation riot,IAB14 Society,0.85,scraped,
civil rights rock hill sit-ins,IAB14 Society,0.85,scraped,
civil rights robert f. kennedy's law day address,IAB14 Society,0.85,scraped,
civil rights freedom ridesanniston and birmingham bus attacks,IAB14 Society,0.85,scraped,
civil rights atlanta sit-ins,IAB14 Society,0.85,scraped,
civil rights garner v. louisiana,IAB14 Society,0.85,scraped,
civil rights cambridge movement,IAB14 Society,0.85,scraped,
civil rights university of chicago sit-ins,IAB14 Society,0.85,scraped,
"civil rights ""second emancipation proclamation""",IAB14 Society,0.85,scraped,
"civil rights meredith enrollment, ole miss riot",IAB14 Society,0.85,scraped,
civil rights atlanta's berlin wall,IAB14 Society,0.85,scraped,
"civil rights ""segregation now, segregation forever""stand in the schoolhouse door",IAB14 Society,0.85,scraped,
civil rights 1963 birmingham campaignletter from birmingham jailchildren's crusadebirmingham riot16th street baptist church bombing,IAB14 Society,0.85,scraped,
civil rights john f. kennedy's speech to the nation on civil rights,IAB14 Society,0.85,scraped,
civil rights detroit walk to freedom,IAB14 Society,0.85,scraped,
"civil rights march on washington""i have a dream""big six",IAB14 Society,0.85,scraped,
civil rights st. augustine movement,IAB14 Society,0.85,scraped,
civil rights albany movement,IAB14 Society,0.85,scraped,
civil rights sibley commission,IAB14 Society,0.85,scraped,
civil rights nashville sit-ins,IAB14 Society,0.85,scraped,
civil rights greensboro sit-ins,IAB14 Society,0.85,scraped,
civil rights mclaurin v. oklahoma state regents(1950),IAB14 Society,0.85,scraped,
civil rights gomillion v. lightfoot,IAB14 Society,0.85,scraped,
civil rights new orleans school desegregation,IAB14 Society,0.85,scraped,
civil rights ax handle saturday,IAB14 Society,0.85,scraped,
sociology indian sociological society (iss),IAB14 Society,0.85,scraped,
sociology australian sociological association (tasa),IAB14 Society,0.85,scraped,
sociology bangladesh sociological society (bss),IAB14 Society,0.85,scraped,
sociology british sociological association (bsa),IAB14 Society,0.85,scraped,
sociology canadian association of french-speaking sociologists and anthropologists,IAB14 Society,0.85,scraped,
sociology canadian sociological association (csa),IAB14 Society,0.85,scraped,
sociology european sociological association (esa),IAB14 Society,0.85,scraped,
sociology french sociological association,IAB14 Society,0.85,scraped,
sociology german sociological association (dgs),IAB14 Society,0.85,scraped,
sociology guide to the university of chicago department of sociology interviews 1972at theuniversity of chicago special collections research center,IAB14 Society,0.85,scraped,
sociology guide to the university of chicago department of sociology records 1924-2001at theuniversity of chicago special collections research center,IAB14 Society,0.85,scraped,
sociology international institute of sociology (iis),IAB14 Society,0.85,scraped,
civil rights civil rights act of 1960,IAB14 Society,0.85,scraped,
sociology international sociological association (isa),IAB14 Society,0.85,scraped,
sociology latin american sociological association (alas),IAB14 Society,0.85,scraped,
sociology observatory of international research (ooir): latest papers and trends in sociology,IAB14 Society,0.85,scraped,
sociology portuguese sociological association (aps),IAB14 Society,0.85,scraped,
sociology the nordic sociological association (nsa),IAB14 Society,0.85,scraped,
"civil rights ""if you miss me at the back of the bus""",IAB14 Society,0.85,scraped,
"civil rights ""we shall not be moved""",IAB14 Society,0.85,scraped,
civil rights south carolina,IAB14 Society,0.85,scraped,
civil rights savannah protest movement,IAB14 Society,0.85,scraped,
civil rights greenville eight,IAB14 Society,0.85,scraped,
sociology qualitative,IAB14 Society,0.85,scraped,
sociology mediafrom commons,IAB14 Society,0.85,scraped,
sociology visual,IAB14 Society,0.85,scraped,
sociology humanities,IAB14 Society,0.85,scraped,
sociology commons,IAB14 Society,0.85,scraped,
sociology wikiversity,IAB14 Society,0.85,scraped,
sociology agency,IAB14 Society,0.85,scraped,
relay major fund raiser american cancer society,IAB14 Society,0.85,pseudo labeled,
seymour best summer movie ever,IAB14 Society,0.85,pseudo labeled,
sociology quantum social science,IAB14 Society,0.85,scraped,
sociology victimology,IAB14 Society,0.85,scraped,
sociology planningland useregionalurban,IAB14 Society,0.85,scraped,
sociology philosophiesscienceeconomicshistorypsychologysocial science,IAB14 Society,0.85,scraped,
sociology cognitive,IAB14 Society,0.85,scraped,
sociology developmental,IAB14 Society,0.85,scraped,
sociology personality,IAB14 Society,0.85,scraped,
sociology administrationbusinesspublic,IAB14 Society,0.85,scraped,
sociology anthrozoology,IAB14 Society,0.85,scraped,
sociology area studies,IAB14 Society,0.85,scraped,
sociology business studies,IAB14 Society,0.85,scraped,
sociology cognitive science,IAB14 Society,0.85,scraped,
sociology communication studies,IAB14 Society,0.85,scraped,
sociology community studies,IAB14 Society,0.85,scraped,
sociology critical animal studies,IAB14 Society,0.85,scraped,
sociology cultural studies,IAB14 Society,0.85,scraped,
sociology development studies,IAB14 Society,0.85,scraped,
sociology environmentalsocial sciencestudies,IAB14 Society,0.85,scraped,
sociology category,IAB14 Society,0.85,scraped,
sociology human science,IAB14 Society,0.85,scraped,
sociology gender studies,IAB14 Society,0.85,scraped,
sociology geisteswissenschaft,IAB14 Society,0.85,scraped,
sociology luhmann,IAB14 Society,0.85,scraped,
sociology habermas,IAB14 Society,0.85,scraped,
sociology baudrillard,IAB14 Society,0.85,scraped,
sociology bourdieu,IAB14 Society,0.85,scraped,
sociology international relations,IAB14 Society,0.85,scraped,
sociology tönnies,IAB14 Society,0.85,scraped,
sociology public policy,IAB14 Society,0.85,scraped,
sociology abnormal,IAB14 Society,0.85,scraped,
sociology public health,IAB14 Society,0.85,scraped,
sociology regional science,IAB14 Society,0.85,scraped,
sociology science and technology studies,IAB14 Society,0.85,scraped,
sociology science studieshistoricalquantum social science,IAB14 Society,0.85,scraped,
sociology social work,IAB14 Society,0.85,scraped,
sociology vegan studies,IAB14 Society,0.85,scraped,
sociology business,IAB14 Society,0.85,scraped,
sociology social science,IAB14 Society,0.85,scraped,
sociology studies,IAB14 Society,0.85,scraped,
sociology psychology,IAB14 Society,0.85,scraped,
sociology land use,IAB14 Society,0.85,scraped,
sociology political economy,IAB14 Society,0.85,scraped,
sociology regional,IAB14 Society,0.85,scraped,
sociology social science journals,IAB14 Society,0.85,scraped,
sociology behavioral sciences,IAB14 Society,0.85,scraped,
sociology food studies,IAB14 Society,0.85,scraped,
sociology political ecology,IAB14 Society,0.85,scraped,
sociology global studies,IAB14 Society,0.85,scraped,
sociology people,IAB14 Society,0.85,scraped,
sociology social theory,IAB14 Society,0.85,scraped,
sociology sociological francoism,IAB14 Society,0.85,scraped,
"sociology aby, stephen h. 2005.sociology: a guide to reference and information sources(3rd ed.). littleton, co: libraries unlimited inc.isbn1-56308-947-5oclc57475961",IAB14 Society,0.85,scraped,
"sociology babbie, earl r.2003.the practice of social research(10th ed.). wadsworth:thomson learning.isbn0-534-62029-9oclc51917727",IAB14 Society,0.85,scraped,
"sociology c. wright mills, intellectual craftsmanship advices how to work for young sociologist",IAB14 Society,0.85,scraped,
"sociology collins, randall. 1994.four sociological traditions.oxford:oxford university press.isbn0-19-508208-7oclc28411490",IAB14 Society,0.85,scraped,
"sociology coser, lewis a.1971.masters of sociological thought: ideas in historical and social context. new york: harcourt brace jovanovich.isbn0-15-555128-0.",IAB14 Society,0.85,scraped,
"sociology giddens, anthony. 2006.sociology(5th ed.). cambridge: polity press.isbn0-7456-3378-1oclc63186308",IAB14 Society,0.85,scraped,
"sociology landis, judson r (1989).sociology: concepts and characteristics(7th ed.). belmont, california: wadsworth.isbn978-0-534-10158-9.",IAB14 Society,0.85,scraped,
sociology outline of sociology,IAB14 Society,0.85,scraped,
sociology organizations,IAB14 Society,0.85,scraped,
sociology political sociology,IAB14 Society,0.85,scraped,
sociology journals,IAB14 Society,0.85,scraped,
sociology social psychology,IAB14 Society,0.85,scraped,
sociology sociocybernetics,IAB14 Society,0.85,scraped,
sociology historical sociology,IAB14 Society,0.85,scraped,
sociology space,IAB14 Society,0.85,scraped,
sociology sport,IAB14 Society,0.85,scraped,
sociology technology,IAB14 Society,0.85,scraped,
sociology terrorism,IAB14 Society,0.85,scraped,
sociology urban,IAB14 Society,0.85,scraped,
sociology utopian,IAB14 Society,0.85,scraped,
sociology post-industrial society,IAB14 Society,0.85,scraped,
sociology sociology,IAB14 Society,0.85,scraped,
sociology sociologists,IAB14 Society,0.85,scraped,
sociology le bon,IAB14 Society,0.85,scraped,
sociology timeline,IAB14 Society,0.85,scraped,
sociology history of technology,IAB14 Society,0.85,scraped,
sociology human ecology,IAB14 Society,0.85,scraped,
sociology information science,IAB14 Society,0.85,scraped,
sociology international studies,IAB14 Society,0.85,scraped,
sociology linguistics,IAB14 Society,0.85,scraped,
sociology management,IAB14 Society,0.85,scraped,
sociology media studies,IAB14 Society,0.85,scraped,
sociology public administration,IAB14 Society,0.85,scraped,
sociology pareto,IAB14 Society,0.85,scraped,
sociology ward,IAB14 Society,0.85,scraped,
sociology foucault,IAB14 Society,0.85,scraped,
sociology by country,IAB14 Society,0.85,scraped,
sociology bibliography of sociology,IAB14 Society,0.85,scraped,
sociology historic recurrence,IAB14 Society,0.85,scraped,
sociology engaged theory,IAB14 Society,0.85,scraped,
sociology history of the social sciences,IAB14 Society,0.85,scraped,
sociology critical juncture theory,IAB14 Society,0.85,scraped,
sociology cultural theory,IAB14 Society,0.85,scraped,
sociology society portal,IAB14 Society,0.85,scraped,
"sociology archival research(or thehistorical method): draws upon thesecondary datalocated in historical archives and records, such as biographies, memoirs, journals, and so on.",IAB14 Society,0.85,scraped,
"sociology quantitative designsapproach social phenomena through quantifiable evidence, and often rely on statistical analysis of many cases (or across intentionally designed treatments in an experiment) to establish valid and reliable general claims.",IAB14 Society,0.85,scraped,
"sociology qualitative designsemphasize understanding of social phenomena through direct observation, communication with participants, or analysis of texts, and may stress contextual and subjective accuracy over generality.",IAB14 Society,0.85,scraped,
michelle obama anna wintours mutual admiration society,IAB14 Society,0.84,pseudo labeled,
sos encourage tobacco prevention cinco de mayo,IAB14 Society,0.84,pseudo labeled,
The National Brain Tumor Society is another leading organization that provides support to people with brain tumors and their families.,IAB14 Society,0.83,synthetic,
north korea rogen franco film shows desperation american society,IAB14 Society,0.82,pseudo labeled,
sony needs rethink amazing spiderman strategy,IAB14 Society,0.82,pseudo labeled,
report socal tops list worst air pollution us,IAB14 Society,0.82,pseudo labeled,
sonys project morpheus virtual insanity,IAB14 Society,0.81,pseudo labeled,
The Impact of Television on Society: How TV Has Shaped Our Culture and Values,IAB14 Society,0.8,synthetic,
"The Autism Society of America is a leading organization that provides information, support, and advocacy for people with ASD and their families.",IAB14 Society,0.79,synthetic,
top sony executives return bonuses,IAB14 Society,0.79,pseudo labeled,
The National Brain Tumor Society also advocates for increased funding for brain tumor research.,IAB14 Society,0.78,synthetic,
american cancer society urges increased colon cancer screening save lives,IAB14 Society,0.78,pseudo labeled,
Influence on Society: The Economic and Social Impact of Smoking,IAB14 Society,0.78,synthetic,
bark life woodhaven raise funds american cancer society,IAB14 Society,0.77,pseudo labeled,
termite genome reveals secrets insect sex society,IAB14 Society,0.77,pseudo labeled,
canadian cancer society accuses province failing protect albertans,IAB14 Society,0.76,pseudo labeled,
Influence: Men's health has a significant influence on society.,IAB14 Society,0.76,synthetic,
american cancer society paint town purple celebration relay,IAB14 Society,0.76,pseudo labeled,
medical society comments medicare medicaid payment data issue,IAB14 Society,0.76,pseudo labeled,
sonys online music game network cyberattack 1044 pm august 25 2014,IAB14 Society,0.76,pseudo labeled,
stephen colberts joke limitations twitter societys inability,IAB14 Society,0.75,pseudo labeled,
inheritance loss americas new wealthy little offer society,IAB14 Society,0.75,pseudo labeled,
huge societal benefits childhood vaccination,IAB14 Society,0.75,pseudo labeled,
sony unveils xperia c3 selfie smartphone dual sim 4g lte support,IAB14 Society,0.75,pseudo labeled,
sony prepares launch smartphone front camera flash,IAB14 Society,0.74,pseudo labeled,
alzheimers exacts debilitating toll society well victim,IAB14 Society,0.74,pseudo labeled,
sonys revolutionary storage solutionmagnetic tape really claiming tech,IAB14 Society,0.74,pseudo labeled,
"The National Autistic Society is a leading organization in the United Kingdom that provides information, support, and advocacy for people with ASD and their families.",IAB14 Society,0.73,synthetic,
joplin humane society cinco de mayo celebration,IAB14 Society,0.73,pseudo labeled,
sonys psn back online service attack,IAB14 Society,0.73,pseudo labeled,
alzheimers society launches dementia friends campaign,IAB14 Society,0.72,pseudo labeled,
sonys answer ipad air,IAB14 Society,0.72,pseudo labeled,
"The Influence of Women's Health on Society: Economic Empowerment, Social Justice, Gender Equality",IAB14 Society,0.71,synthetic,
sony wins console battle microsoft,IAB14 Society,0.71,pseudo labeled,
sony gaming network hit ddos attack,IAB14 Society,0.71,pseudo labeled,
sony xperia c3 phone designed specifically selfies,IAB14 Society,0.71,pseudo labeled,
"Notable events in the history of paranormal research include the founding of the Society for Psychical Research in 1882 and the publication of the book ""The Ghost Hunters"" by Guy Lyon Playfair in 1925.",IAB14 Society,0.7,synthetic,
barclays plc dark pool penalty could hit 2 billion socgen,IAB14 Society,0.7,pseudo labeled,
sony discontinues playstation portable,IAB14 Society,0.7,pseudo labeled,
sony discontinue playstation portable,IAB14 Society,0.7,pseudo labeled,
"Social Issues: Addressing Poverty, Inequality, and Discrimination",IAB14 Society,0.7,synthetic,
The National Audubon Society is another great resource for information on birds and their habitats.,IAB14 Society,0.69,synthetic,
sias 1000 forms fear 1,IAB14 Society,0.69,pseudo labeled,
"Impact on Society: Unmoderated UGC has a profound impact on society, influencing political discourse, shaping cultural norms, and driving economic activity.",IAB14 Society,0.69,synthetic,
"Notable events in the history of beadwork include the founding of the Bead Society of Great Britain in 1891, and the publication of the first issue of Beadwork magazine in 1996.",IAB14 Society,0.69,synthetic,
sony xperia z2 vs htc one m8 spec comparison,IAB14 Society,0.68,pseudo labeled,
union strike likely septa dispute,IAB14 Society,0.68,pseudo labeled,
sony xperia z2 vs htc one m8 premium device comparison,IAB14 Society,0.68,pseudo labeled,
sony execs lose bonuses another bad year,IAB14 Society,0.68,pseudo labeled,
taylor yard sale benefits american cancer society,IAB14 Society,0.68,pseudo labeled,
ripsp end era sony discontinues psp,IAB14 Society,0.68,pseudo labeled,
scotus preview amicus briefs divided legality aereo,IAB14 Society,0.68,pseudo labeled,
skidmore college offers sociology course miley cyrus,IAB14 Society,0.68,pseudo labeled,
published cigarettes united kingdom,IAB14 Society,0.68,pseudo labeled,
sony discontinuing psp japan,IAB14 Society,0.68,pseudo labeled,
"The influence of movies on society is undeniable. They have the power to shape our perceptions, influence our beliefs, and even change our behavior.",IAB14 Society,0.67,synthetic,
saudi urges reduction opec talks,IAB14 Society,0.67,pseudo labeled,
sonys top executives return annual bonuses report,IAB14 Society,0.67,pseudo labeled,
sonys struggling tv unit line profit,IAB14 Society,0.67,pseudo labeled,
sonys online store place buy best phone us,IAB14 Society,0.66,pseudo labeled,
"Criminal law defines and punishes offenses against society, protecting individuals and maintaining public order.",IAB14 Society,0.66,synthetic,
miley cyrus sociology course offered new york college,IAB14 Society,0.66,pseudo labeled,
Nursing is a profession that is respected and admired by society.,IAB14 Society,0.66,synthetic,
insane clown posse appealing dismissal lawsuit fbi,IAB14 Society,0.66,pseudo labeled,
shire shares surge following takeover bid,IAB14 Society,0.66,pseudo labeled,
prestigious science society seeks move dialogue climate change,IAB14 Society,0.66,pseudo labeled,
sony shows virtual reality headset prototype,IAB14 Society,0.66,pseudo labeled,
va waitlists result socialized health care,IAB14 Society,0.66,pseudo labeled,
sony showcases ps4 video editor sharefactory coming 170 update,IAB14 Society,0.65,pseudo labeled,
health officials confirm sask man tested negative ebola,IAB14 Society,0.65,pseudo labeled,
sonys playstation network hit ddos attack,IAB14 Society,0.65,pseudo labeled,
sony xperia z2 vs htc one m8 specifications pricing compared,IAB14 Society,0.65,pseudo labeled,
sony difficulty meeting demand ps4,IAB14 Society,0.65,pseudo labeled,
european stocks decline weekly gain asos drops,IAB14 Society,0.65,pseudo labeled,
statement peterson foundation social security medicare,IAB14 Society,0.65,pseudo labeled,
sony accepts large scale ddos attack playstation network,IAB14 Society,0.64,pseudo labeled,
reconsidering gay pride todays inclusive society,IAB14 Society,0.64,pseudo labeled,
sony developing liveaction barbie comedy,IAB14 Society,0.64,pseudo labeled,
sony xperia z2 vs htc one m8 specs price comparison,IAB14 Society,0.64,pseudo labeled,
shire share price surges lastminute takeover deal abbvie,IAB14 Society,0.64,pseudo labeled,
"Notable events in genealogy include the establishment of genealogical societies, the development of DNA testing, and the digitization of historical records.",IAB14 Society,0.64,synthetic,
sonys new xperia c3 smartphone wants help take best selfies ever,IAB14 Society,0.64,pseudo labeled,
sony unveils xperia c3 smartphone led flash front,IAB14 Society,0.63,pseudo labeled,
The influence of books and literature on society is undeniable.,IAB14 Society,0.63,synthetic,
kids new college course sociology miley cyrus,IAB14 Society,0.63,pseudo labeled,
sony executives lose bonuses another bad year,IAB14 Society,0.63,pseudo labeled,
cinco de mayo find socal celebration,IAB14 Society,0.63,pseudo labeled,
medicare social security still face longterm hurdles,IAB14 Society,0.63,pseudo labeled,
social security administration ceases old debt collection,IAB14 Society,0.63,pseudo labeled,
smpso taking back unwanted prescription drugs,IAB14 Society,0.63,pseudo labeled,
sonys top executives return bonuses,IAB14 Society,0.63,pseudo labeled,
sony announces worlds best selfie smartphone xperia c3,IAB14 Society,0.63,pseudo labeled,
"Weddings have a significant impact on society, both economically and socially.",IAB14 Society,0.63,synthetic,
sony issues batteryfire warning,IAB14 Society,0.62,pseudo labeled,
shire pharmaceutical shares soar rejected abbvie bid,IAB14 Society,0.62,pseudo labeled,
sony sell tv film content comcast,IAB14 Society,0.62,pseudo labeled,
sony sell playstation consoles china takes microsofts xbox one e,IAB14 Society,0.62,pseudo labeled,
sony xperia c3 launches worlds best selfie smartphone,IAB14 Society,0.62,pseudo labeled,
shire props european shares bid hopes,IAB14 Society,0.62,pseudo labeled,
sony pioneer six different technologies develop virtualreality headset,IAB14 Society,0.62,pseudo labeled,
social security suspends program targeting tax refunds,IAB14 Society,0.62,pseudo labeled,
higher education college offers sociology miley cyrus course,IAB14 Society,0.62,pseudo labeled,
sonys playstation 4 topselling console march titanfall,IAB14 Society,0.61,pseudo labeled,
Portable technology has had a profound impact on our society.,IAB14 Society,0.61,synthetic,
jonah hills apology homophobic slur draws reaction social,IAB14 Society,0.61,pseudo labeled,
sony xperia z1 compact vs samsung galaxy s5 mini price specification,IAB14 Society,0.61,pseudo labeled,
data point sony back top videogame hardware sales,IAB14 Society,0.61,pseudo labeled,
sonys project morpheus shows promise three tech demos,IAB14 Society,0.61,pseudo labeled,
"The National Brain Tumor Society offers a variety of programs and services to people with brain tumors and their families, including support groups, educational materials, and financial assistance.",IAB14 Society,0.61,synthetic,
sony says playstation user information safe attack,IAB14 Society,0.61,pseudo labeled,
casey kasem death american mass culture,IAB14 Society,0.61,pseudo labeled,
sonys selfie smartphone leaked ahead global debut,IAB14 Society,0.61,pseudo labeled,
harris wife alwen royal television society awards 2002,IAB14 Society,0.61,pseudo labeled,
shire shares rise premarket trade abbvie ups buyout bid 11,IAB14 Society,0.61,pseudo labeled,
sony joins china gaming console market joint venture,IAB14 Society,0.61,pseudo labeled,
sony offered help make vita version titanfall,IAB14 Society,0.61,pseudo labeled,
sony aims expand playstation 4 sales network services drive,IAB14 Society,0.61,pseudo labeled,
sony getting virtual reality business,IAB14 Society,0.6,pseudo labeled,
"There are a number of organizations that are working to fight cancer, including the American Cancer Society and the National Cancer Institute.",IAB14 Society,0.6,synthetic,
sony xperia z2 vs nokia lumia 1020 specs price comparison australia,IAB14 Society,0.6,pseudo labeled,
sonys ceo executives taking 50 pay cut losing bonuses,IAB14 Society,0.6,pseudo labeled,
"Throughout history, certain commentaries have had a profound impact on society, such as Martin Luther's ""95 Theses"" and Edmund Burke's ""Reflections on the Revolution in France.""",IAB14 Society,0.6,synthetic,
mad mens shipka act together,IAB14 Society,0.6,pseudo labeled,
skidmore college putting aside book learnin offer miley cyrus sociology,IAB14 Society,0.6,pseudo labeled,
"Key figures in the vegan movement include Donald Watson, the founder of the Vegan Society, and Neal Barnard, the founder of the Physicians Committee for Responsible Medicine.",IAB14 Society,0.6,synthetic,
shire rejects unsolicited 465 billion takeover offer abbvie,IAB14 Society,0.6,pseudo labeled,
sony boosts selfie trend launch xperia c3 worlds best selfie,IAB14 Society,0.6,pseudo labeled,
snowden nsa theyre setting fire future internet,IAB14 Society,0.6,pseudo labeled,
sony talks selfies xperia c3 launch,IAB14 Society,0.6,pseudo labeled,
skidmore college offering course summer called sociology,IAB14 Society,0.6,pseudo labeled,
The internet has had a profound impact on society.,IAB14 Society,0.6,synthetic,
socialized medicine british national health service worlds best healthcare,IAB14 Society,0.59,pseudo labeled,
Another notable event in the history of reptiles as pets was the founding of the American Society of Herpetologists and Amphibians (ASHA) in 1958.,IAB14 Society,0.59,synthetic,
sony kicks amazing spiderman mission,IAB14 Society,0.59,pseudo labeled,
sony issues vaio fit fire warning,IAB14 Society,0.59,pseudo labeled,
sony takes another dig microsoft policies,IAB14 Society,0.59,pseudo labeled,
sonys gaming network returns hacker attack bomb threat,IAB14 Society,0.59,pseudo labeled,
sony tops console sales beat microsoft third month 1,IAB14 Society,0.59,pseudo labeled,
shire upgrades fy view quarterly revenue rises,IAB14 Society,0.59,pseudo labeled,
shire rejects 27bn abbvie bid sees 12 shares surge,IAB14 Society,0.59,pseudo labeled,
shire rebuffs raider vow double sales,IAB14 Society,0.59,pseudo labeled,
sony xperia z1 compact vs samsung galaxy s4 mini specs features price,IAB14 Society,0.59,pseudo labeled,
sony selling lot playstation 4 consoles,IAB14 Society,0.58,pseudo labeled,
social security stop garnishing tax refunds pay old debts,IAB14 Society,0.58,pseudo labeled,
sony xperia z1 compact vs htc one mini 2 similar different,IAB14 Society,0.58,pseudo labeled,
sony unveils answer oculus rift,IAB14 Society,0.58,pseudo labeled,
baton rouge aids society offer free 24hour testing,IAB14 Society,0.58,pseudo labeled,
sony discontinues psp japan,IAB14 Society,0.58,pseudo labeled,
india open defecators united nations,IAB14 Society,0.58,pseudo labeled,
new american cancer society data show investing colorectal cancer,IAB14 Society,0.58,pseudo labeled,
sony online entertainment president john smedley picture file,IAB14 Society,0.58,pseudo labeled,
white house wants save bees,IAB14 Society,0.58,pseudo labeled,
sony ceo sees wearable gaming gear companys future,IAB14 Society,0.58,pseudo labeled,
snowden nsa setting fire future internet,IAB14 Society,0.58,pseudo labeled,
sony set joint venture sell ps4 china,IAB14 Society,0.58,pseudo labeled,
climate change shape asias future,IAB14 Society,0.58,pseudo labeled,
credit suisses guilty plea tax evasion means,IAB14 Society,0.58,pseudo labeled,
sony set unveil new vr headset,IAB14 Society,0.58,pseudo labeled,
roster sony using sinister six,IAB14 Society,0.58,pseudo labeled,
shire rejects abbvies 46 billion takeover bid,IAB14 Society,0.58,pseudo labeled,
sony offered help make titanfall vita,IAB14 Society,0.57,pseudo labeled,
Politics is a necessary part of society.,IAB14 Society,0.57,synthetic,
shire rejects 27bn takeover abbvie bid,IAB14 Society,0.57,pseudo labeled,
another week another settlement,IAB14 Society,0.57,pseudo labeled,
sony discontinue psp japan next month,IAB14 Society,0.57,pseudo labeled,
shire wins key patent ruling adhd drug vyvanse,IAB14 Society,0.57,pseudo labeled,
The military has a significant impact on American society.,IAB14 Society,0.57,synthetic,
sia promotes 1000 forms fear without facing cameras,IAB14 Society,0.57,pseudo labeled,
sa backs nigerias economic step,IAB14 Society,0.57,pseudo labeled,
bigger threat humanity,IAB14 Society,0.57,pseudo labeled,
shire plans double product sales 10 billion 2020,IAB14 Society,0.57,pseudo labeled,
house language slammed nutrition advocates,IAB14 Society,0.57,pseudo labeled,
sonys ps4 continues sell continues move games,IAB14 Society,0.57,pseudo labeled,
sony xperia z1 compact vs htc one m7 review specs prices,IAB14 Society,0.57,pseudo labeled,
sony xperia z1 compact vs samsung galaxy s4 mini specifications,IAB14 Society,0.56,pseudo labeled,
104 mcso mug shots week,IAB14 Society,0.56,pseudo labeled,
death knell sounded sony psp,IAB14 Society,0.56,pseudo labeled,
cable show powell nets conduit better society,IAB14 Society,0.56,pseudo labeled,
sa takes stringent measures ebola,IAB14 Society,0.56,pseudo labeled,
sony xperia z2 vs google nexus 5,IAB14 Society,0.56,pseudo labeled,
worlds largest scientific society combat climate change,IAB14 Society,0.56,pseudo labeled,
shire plc rejects 46b takeover offer abbvie inc abbv,IAB14 Society,0.56,pseudo labeled,
welcome tower destinys mission social hub,IAB14 Society,0.56,pseudo labeled,
sony releases 1st official trailer fury starring brad pitt,IAB14 Society,0.56,pseudo labeled,
sony xperia c3 debuts worlds best selfie smartphone boasts 5megapixel,IAB14 Society,0.56,pseudo labeled,
"Notable events in the history of veganism include the publication of Watson's book ""Vegan News"" in 1944 and the founding of the Vegan Society in 1944.",IAB14 Society,0.56,synthetic,
sony enter chinas gaming console market,IAB14 Society,0.56,pseudo labeled,
sony xperia c3 selfie phone confirmed 5mp front camera august,IAB14 Society,0.56,pseudo labeled,
sony debuts google play standalone background defocus app,IAB14 Society,0.56,pseudo labeled,
sony aims increase market share xperia z2 us market summer,IAB14 Society,0.56,pseudo labeled,
sony unveils virtual reality headset playstation 4,IAB14 Society,0.55,pseudo labeled,
sony launches dual sim xperia c3 priced dhs1199 uae,IAB14 Society,0.55,pseudo labeled,
sony sells 7m playstation 4 consoles,IAB14 Society,0.55,pseudo labeled,
sonys virtual reality ambitions playstation 4,IAB14 Society,0.55,pseudo labeled,
"Divorce support has a significant influence on society, providing emotional, practical, and legal assistance to individuals and families navigating the challenges of divorce.",IAB14 Society,0.55,synthetic,
shire rejects takeover bid us drug maker abbvie,IAB14 Society,0.55,pseudo labeled,
smith social securitys problems solved,IAB14 Society,0.55,pseudo labeled,
shire shares leap 27bn takeover rejection,IAB14 Society,0.55,pseudo labeled,
scotus tells aereo tv phone free,IAB14 Society,0.55,pseudo labeled,
"No matter what form they take, weddings continue to be an important part of human society, and they are likely to continue to be celebrated for many years to come.",IAB14 Society,0.55,synthetic,
shire shares rise potential bid botox maker allergan,IAB14 Society,0.55,pseudo labeled,
sony unveils vr headset ps4 expect,IAB14 Society,0.55,pseudo labeled,
samsung galaxy note 4 powered exynos 5433 soc trumps snapdragon 805,IAB14 Society,0.55,pseudo labeled,
social security remains strong overall separate budget,IAB14 Society,0.54,pseudo labeled,
sonys vr headset worthy competitor oculus rift,IAB14 Society,0.54,pseudo labeled,
shire targets product sales 10bn 2020,IAB14 Society,0.54,pseudo labeled,
sony takes facebooks oculus virtual reality race,IAB14 Society,0.54,pseudo labeled,
sony xperia c3 claims worlds best selfie smartphone thanks 5,IAB14 Society,0.54,pseudo labeled,
prestigious college offers course sociology miley cyrus,IAB14 Society,0.54,pseudo labeled,
ps4 vs xbox one sony beats microsoft console sales,IAB14 Society,0.54,pseudo labeled,
sonys launching selfie phone tomorrow probably xperia c3,IAB14 Society,0.54,pseudo labeled,
shire finally accepts abbvies takeover offer,IAB14 Society,0.54,pseudo labeled,
sonys playstation 4 continues destroy microsofts xbox one,IAB14 Society,0.54,pseudo labeled,
sony xperia z2 smartphone review,IAB14 Society,0.54,pseudo labeled,
shire plc shpg sees product sales doubling 10b 2020,IAB14 Society,0.54,pseudo labeled,
sony issues statement mlb 14 show,IAB14 Society,0.53,pseudo labeled,
shire agrees 55b abbvie takeover offer,IAB14 Society,0.53,pseudo labeled,
sias 1000 forms fear debuts 1 us album charts,IAB14 Society,0.53,pseudo labeled,
snowden nsa set fire future internet,IAB14 Society,0.53,pseudo labeled,
scotus preview lawyers behind abc v aereo,IAB14 Society,0.53,pseudo labeled,
sony executives lose bonuses third straight year,IAB14 Society,0.53,pseudo labeled,
Notable events in vegetarian history include the founding of the Vegetarian Society in 1847 and the first World Vegetarian Congress in 1880.,IAB14 Society,0.53,synthetic,
amazon twitter meet social ordering,IAB14 Society,0.53,pseudo labeled,
social security halts effort collect old debts,IAB14 Society,0.53,pseudo labeled,
sonys ps4 vr measure oculus rift,IAB14 Society,0.53,pseudo labeled,
shire lays defence anticipated fourth takeover bid,IAB14 Society,0.53,pseudo labeled,
sony considering possibility last us remastered discount,IAB14 Society,0.53,pseudo labeled,
sony announced xperia z2 mwc alongside xperia z2 tablet,IAB14 Society,0.53,pseudo labeled,
sony issues laptop recall,IAB14 Society,0.53,pseudo labeled,
"Politics is not always easy, but it is essential for a healthy society.",IAB14 Society,0.53,synthetic,
sony follows microsoft china playstation console,IAB14 Society,0.53,pseudo labeled,
sonys upcoming selfie phone appears new leak packs frontfacing led flash,IAB14 Society,0.53,pseudo labeled,
shire agrees 32bn abbvie takeover deal,IAB14 Society,0.53,pseudo labeled,
"Dating has been a part of human society for centuries, and it has evolved over time to reflect the changing values and norms of society.",IAB14 Society,0.53,synthetic,
oculus rift draws near sony attacks,IAB14 Society,0.52,pseudo labeled,
sony says android wear use smartwatch platform,IAB14 Society,0.52,pseudo labeled,
sony plans use android wear smartwatches,IAB14 Society,0.52,pseudo labeled,
sony unveils virtual reality headset ps4,IAB14 Society,0.52,pseudo labeled,
sony launch playstation china taking microsoft,IAB14 Society,0.52,pseudo labeled,
sony beats microsoft console sales 4th straight month,IAB14 Society,0.52,pseudo labeled,
shire shares trend higher suntrusts note possible allergan bid,IAB14 Society,0.52,pseudo labeled,
shire abbvie set new financial targets,IAB14 Society,0.52,pseudo labeled,
sony xperia z3 release date price specs new xperia smartphone imminent,IAB14 Society,0.52,pseudo labeled,
sonys playstation network back online following ddos service attack,IAB14 Society,0.52,pseudo labeled,
sony xperia z2 compact potentially revealed xperia a2,IAB14 Society,0.52,pseudo labeled,
usa facing cancer care crisis asco,IAB14 Society,0.52,pseudo labeled,
"Cell phones have had a profound impact on society, enabling us to stay connected with friends and family, access information and entertainment, and conduct business on the go.",IAB14 Society,0.52,synthetic,
shire aims double sales 2020,IAB14 Society,0.52,pseudo labeled,
sony expects playstation 4 bring profits ps2,IAB14 Society,0.52,pseudo labeled,
sony xperia z2 successor xperia z3 gets benchmarked release date,IAB14 Society,0.52,pseudo labeled,
sony sells seven million ps4s microsoft,IAB14 Society,0.52,pseudo labeled,
sony unveils prototype virtual reality headset playstation 4,IAB14 Society,0.52,pseudo labeled,
stars line barbara walters farewell usa,IAB14 Society,0.52,pseudo labeled,
sonys project morpheus vr device shape future games claims,IAB14 Society,0.52,pseudo labeled,
house oks cannabis minors seizures,IAB14 Society,0.51,pseudo labeled,
sony considers vaio laptop recall overheating battery 2,IAB14 Society,0.51,pseudo labeled,
sony said would make headset available game developers soon,IAB14 Society,0.51,pseudo labeled,
sony playstation4 sells 7 million units microsoft xbox one sells 5 million units,IAB14 Society,0.51,pseudo labeled,
sony enters virtual reality gaming,IAB14 Society,0.51,pseudo labeled,
america sitting duck cyberattacks,IAB14 Society,0.51,pseudo labeled,
psn name change considered sony get important,IAB14 Society,0.51,pseudo labeled,
shire rejects 27bn takeover approach abbvie,IAB14 Society,0.51,pseudo labeled,
There are also many genealogical societies and organizations that can provide you with support and guidance.,IAB14 Society,0.51,synthetic,
lawmakers urged act soon shore social security,IAB14 Society,0.51,pseudo labeled,
sony teases selfiefocused xperia smartphone tuesday launch,IAB14 Society,0.51,pseudo labeled,
sony needs amazing spiderman 2 huge win,IAB14 Society,0.51,pseudo labeled,
miley cyrus sociology course skidmore college focus wrecking ball,IAB14 Society,0.51,pseudo labeled,
social security stops taking refunds collect old debts,IAB14 Society,0.51,pseudo labeled,
sony xperia c3 announced first professional selfie smartphone,IAB14 Society,0.5,pseudo labeled,
"Chemistry has also had a significant impact on society, leading to the development of new technologies and the improvement of our quality of life.",IAB14 Society,0.5,synthetic,
"The influence of gay life on society has been profound, leading to changes in attitudes, laws, and social norms.",IAB14 Society,0.5,synthetic,
weir approaches metso merger,IAB14 Society,0.5,pseudo labeled,
"Contemporary constitutional issues include the expansion of executive power, the protection of minority rights, and the role of the judiciary in a changing society.",IAB14 Society,0.5,synthetic,
"Key figures in the history of distance learning include Sir Isaac Pitman, who developed the Pitman shorthand system, and Anna Ticknor, who founded the Society to Encourage Studies at Home.",IAB14 Society,0.5,synthetic,
sonys ps 4 sales top 7 mln,IAB14 Society,0.5,pseudo labeled,
sony sells 7m ps4 consoles,IAB14 Society,0.5,pseudo labeled,
"The history of gay life within the broader context of society is a complex and multifaceted one, marked by both progress and setbacks.",IAB14 Society,0.5,synthetic,
symnatec fires second ceo two years,IAB14 Society,0.5,pseudo labeled,
"ASHA is a non-profit organization dedicated to the study and conservation of reptiles and amphibians, and it has played a major role in promoting the responsible keeping of reptiles as pets.",IAB14 Society,0.5,synthetic,
sony corp adr partners shanghai firm offer playstation china,IAB14 Society,0.5,pseudo labeled,
shire rises analyst predicts allergan takeover,IAB14 Society,0.5,pseudo labeled,
1 billion agreement suntrust address mortgage loan origination,IAB14 Society,0.5,pseudo labeled,
sony ps4 outsold microsoft xbox one february,IAB14 Society,0.5,pseudo labeled,
shire outlines plans double sales 2020,IAB14 Society,0.5,pseudo labeled,
lebron james joins universals trainwreck cast,IAB14 Society,0.5,pseudo labeled,
