text,iab_label,confidence,source,labels
Adoption,IAB6 Family & Parenting,0.95,subcategories,
Parenting - K-6 Kids,IAB6 Family & Parenting,0.95,subcategories,
Babies & Toddlers,IAB6 Family & Parenting,0.95,subcategories,
Daycare/Pre School,IAB6 Family & Parenting,0.95,subcategories,
Family Internet,IAB6 Family & Parenting,0.95,subcategories,
Eldercare,IAB6 Family & Parenting,0.95,subcategories,
Parenting teens,IAB6 Family & Parenting,0.95,subcategories,
Pregnancy,IAB6 Family & Parenting,0.95,subcategories,
Special Needs Kids,IAB6 Family & Parenting,0.95,subcategories,
parenting nature versus nurture,IAB6 Family & Parenting,0.85,scraped,
parenting applied behavior analysis,IAB6 Family & Parenting,0.85,scraped,
parenting behaviorism,IAB6 Family & Parenting,0.85,scraped,
parenting child development,IAB6 Family & Parenting,0.85,scraped,
parenting cognitive development,IAB6 Family & Parenting,0.85,scraped,
parenting human development,IAB6 Family & Parenting,0.85,scraped,
parenting identity formation,IAB6 Family & Parenting,0.85,scraped,
parenting child care,IAB6 Family & Parenting,0.85,scraped,
parenting introjection,IAB6 Family & Parenting,0.85,scraped,
parenting maternal bond,IAB6 Family & Parenting,0.85,scraped,
parenting social emotional development,IAB6 Family & Parenting,0.85,scraped,
parenting parental investmentcare workcost of raising a childpaternal careunpaid work,IAB6 Family & Parenting,0.85,scraped,
parenting paternal bond,IAB6 Family & Parenting,0.85,scraped,
parenting pediatrics,IAB6 Family & Parenting,0.85,scraped,
parenting in loco parentis,IAB6 Family & Parenting,0.85,scraped,
parenting socialization,IAB6 Family & Parenting,0.85,scraped,
parenting social psychology,IAB6 Family & Parenting,0.85,scraped,
parenting care work,IAB6 Family & Parenting,0.85,scraped,
parenting love,IAB6 Family & Parenting,0.85,scraped,
parenting hyperemesis gravidarum,IAB6 Family & Parenting,0.85,scraped,
parenting ectopic pregnancy,IAB6 Family & Parenting,0.85,scraped,
parenting miscarriage,IAB6 Family & Parenting,0.85,scraped,
parenting attachment theory,IAB6 Family & Parenting,0.85,scraped,
parenting achievement ideology,IAB6 Family & Parenting,0.85,scraped,
parenting surrogacy,IAB6 Family & Parenting,0.85,scraped,
parenting slow parenting,IAB6 Family & Parenting,0.85,scraped,
parenting attachment parenting,IAB6 Family & Parenting,0.85,scraped,
parenting baby talk,IAB6 Family & Parenting,0.85,scraped,
parenting buddha-like parenting,IAB6 Family & Parenting,0.85,scraped,
parenting concerted cultivation,IAB6 Family & Parenting,0.85,scraped,
parenting enmeshment,IAB6 Family & Parenting,0.85,scraped,
parenting free-range parenting,IAB6 Family & Parenting,0.85,scraped,
parenting gatekeeper parent,IAB6 Family & Parenting,0.85,scraped,
parenting helicopter parent,IAB6 Family & Parenting,0.85,scraped,
parenting nurturant parenting,IAB6 Family & Parenting,0.85,scraped,
parenting reflective parenting,IAB6 Family & Parenting,0.85,scraped,
parenting soccer mom,IAB6 Family & Parenting,0.85,scraped,
parenting cost of raising a child,IAB6 Family & Parenting,0.85,scraped,
parenting strict father model,IAB6 Family & Parenting,0.85,scraped,
parenting taking children seriously,IAB6 Family & Parenting,0.85,scraped,
parenting theybie,IAB6 Family & Parenting,0.85,scraped,
parenting tiger parenting,IAB6 Family & Parenting,0.85,scraped,
parenting work at home parent,IAB6 Family & Parenting,0.85,scraped,
parenting after-school activity,IAB6 Family & Parenting,0.85,scraped,
parenting allowance,IAB6 Family & Parenting,0.85,scraped,
parenting atlas personality,IAB6 Family & Parenting,0.85,scraped,
parenting nurses' health study,IAB6 Family & Parenting,0.85,scraped,
parenting unpaid work,IAB6 Family & Parenting,0.85,scraped,
parenting international center for research on women,IAB6 Family & Parenting,0.85,scraped,
parenting category,IAB6 Family & Parenting,0.85,scraped,
parenting black women's health study,IAB6 Family & Parenting,0.85,scraped,
parenting the convention on the elimination of all forms of discrimination against women,IAB6 Family & Parenting,0.85,scraped,
parenting osteoporosiship fracture,IAB6 Family & Parenting,0.85,scraped,
parenting hip fracture,IAB6 Family & Parenting,0.85,scraped,
parenting mental healthanxietydepressionmajor depressive disorder,IAB6 Family & Parenting,0.85,scraped,
parenting urinary tracturethraurinary tract infectionurinary incontinence,IAB6 Family & Parenting,0.85,scraped,
parenting anxiety,IAB6 Family & Parenting,0.85,scraped,
parenting depressionmajor depressive disorder,IAB6 Family & Parenting,0.85,scraped,
parenting major depressive disorder,IAB6 Family & Parenting,0.85,scraped,
parenting urethra,IAB6 Family & Parenting,0.85,scraped,
parenting urinary tract infection,IAB6 Family & Parenting,0.85,scraped,
parenting urinary incontinence,IAB6 Family & Parenting,0.85,scraped,
parenting declaration on the elimination of violence against women,IAB6 Family & Parenting,0.85,scraped,
parenting cartwright inquiry,IAB6 Family & Parenting,0.85,scraped,
parenting international day of the girl child,IAB6 Family & Parenting,0.85,scraped,
parenting un women,IAB6 Family & Parenting,0.85,scraped,
parenting hormonal contraception,IAB6 Family & Parenting,0.85,scraped,
parenting male contraception,IAB6 Family & Parenting,0.85,scraped,
parenting condom,IAB6 Family & Parenting,0.85,scraped,
parenting transgender,IAB6 Family & Parenting,0.85,scraped,
parenting genital modification,IAB6 Family & Parenting,0.85,scraped,
parenting andrology,IAB6 Family & Parenting,0.85,scraped,
parenting genitourinary medicine,IAB6 Family & Parenting,0.85,scraped,
parenting gynaecology,IAB6 Family & Parenting,0.85,scraped,
parenting alzheimer's disease,IAB6 Family & Parenting,0.85,scraped,
parenting anaemia,IAB6 Family & Parenting,0.85,scraped,
parenting bone healthosteoporosiship fracture,IAB6 Family & Parenting,0.85,scraped,
parenting dementiaalzheimer's disease,IAB6 Family & Parenting,0.85,scraped,
parenting society for women's health research,IAB6 Family & Parenting,0.85,scraped,
parenting family planning,IAB6 Family & Parenting,0.85,scraped,
parenting single parent,IAB6 Family & Parenting,0.85,scraped,
parenting commons,IAB6 Family & Parenting,0.85,scraped,
parenting wikiproject,IAB6 Family & Parenting,0.85,scraped,
parenting reproductive justice,IAB6 Family & Parenting,0.85,scraped,
parenting abortion-rights movements,IAB6 Family & Parenting,0.85,scraped,
parenting genital integritycircumcision controversyintersex human rights,IAB6 Family & Parenting,0.85,scraped,
parenting circumcision controversy,IAB6 Family & Parenting,0.85,scraped,
parenting intersex human rights,IAB6 Family & Parenting,0.85,scraped,
parenting genetic counseling,IAB6 Family & Parenting,0.85,scraped,
parenting pre-conception counseling,IAB6 Family & Parenting,0.85,scraped,
parenting childfreeness/childlessness,IAB6 Family & Parenting,0.85,scraped,
parenting birth spacing,IAB6 Family & Parenting,0.85,scraped,
parenting parentingadoptionfoster care,IAB6 Family & Parenting,0.85,scraped,
parenting women's health initiative,IAB6 Family & Parenting,0.85,scraped,
parenting sperm theft,IAB6 Family & Parenting,0.85,scraped,
parenting office of research on women's health,IAB6 Family & Parenting,0.85,scraped,
parenting commission on the status of women,IAB6 Family & Parenting,0.85,scraped,
parenting papanicolaou test,IAB6 Family & Parenting,0.85,scraped,
parenting cardiovascular disease,IAB6 Family & Parenting,0.85,scraped,
parenting blended family,IAB6 Family & Parenting,0.85,scraped,
parenting parenting plan,IAB6 Family & Parenting,0.85,scraped,
parenting same-sex,IAB6 Family & Parenting,0.85,scraped,
parenting diana baumrind,IAB6 Family & Parenting,0.85,scraped,
parenting obstetrics,IAB6 Family & Parenting,0.85,scraped,
parenting antenatal care,IAB6 Family & Parenting,0.85,scraped,
parenting adolescent pregnancy,IAB6 Family & Parenting,0.85,scraped,
parenting national fatherhood initiative,IAB6 Family & Parenting,0.85,scraped,
parenting national childbirth trust,IAB6 Family & Parenting,0.85,scraped,
parenting mothers' union,IAB6 Family & Parenting,0.85,scraped,
parenting mothers apart from their children,IAB6 Family & Parenting,0.85,scraped,
parenting parents' rights,IAB6 Family & Parenting,0.85,scraped,
parenting paternity,IAB6 Family & Parenting,0.85,scraped,
parenting mary ainsworth,IAB6 Family & Parenting,0.85,scraped,
parenting john bowlby,IAB6 Family & Parenting,0.85,scraped,
parenting william sears,IAB6 Family & Parenting,0.85,scraped,
parenting t. berry brazelton,IAB6 Family & Parenting,0.85,scraped,
parenting rudolf dreikurs,IAB6 Family & Parenting,0.85,scraped,
parenting david elkind,IAB6 Family & Parenting,0.85,scraped,
parenting jo frost,IAB6 Family & Parenting,0.85,scraped,
parenting dishabituation,IAB6 Family & Parenting,0.85,scraped,
parenting haim ginott,IAB6 Family & Parenting,0.85,scraped,
parenting alan e. kazdin,IAB6 Family & Parenting,0.85,scraped,
parenting truby king,IAB6 Family & Parenting,0.85,scraped,
parenting annette lareau,IAB6 Family & Parenting,0.85,scraped,
parenting penelope leach,IAB6 Family & Parenting,0.85,scraped,
parenting gravidity and parity,IAB6 Family & Parenting,0.85,scraped,
parenting unintended pregnancy,IAB6 Family & Parenting,0.85,scraped,
parenting clitoral hood,IAB6 Family & Parenting,0.85,scraped,
parenting labia majora,IAB6 Family & Parenting,0.85,scraped,
parenting the talk (sex education),IAB6 Family & Parenting,0.85,scraped,
parenting toy(educational),IAB6 Family & Parenting,0.85,scraped,
parenting positive parenting program,IAB6 Family & Parenting,0.85,scraped,
parenting blanket training,IAB6 Family & Parenting,0.85,scraped,
parenting corporal punishment in the home,IAB6 Family & Parenting,0.85,scraped,
parenting grounding,IAB6 Family & Parenting,0.85,scraped,
parenting marriage,IAB6 Family & Parenting,0.85,scraped,
parenting parental leave,IAB6 Family & Parenting,0.85,scraped,
parenting parental responsibility,IAB6 Family & Parenting,0.85,scraped,
parenting national parents organization,IAB6 Family & Parenting,0.85,scraped,
parenting parent–teacher association,IAB6 Family & Parenting,0.85,scraped,
parenting parents against child exploitation,IAB6 Family & Parenting,0.85,scraped,
parenting external female genitalia (vulva)clitorisclitoral hoodlabia minoralabia majora,IAB6 Family & Parenting,0.85,scraped,
parenting vagina,IAB6 Family & Parenting,0.85,scraped,
parenting cervix,IAB6 Family & Parenting,0.85,scraped,
parenting uterus,IAB6 Family & Parenting,0.85,scraped,
parenting fallopian tube,IAB6 Family & Parenting,0.85,scraped,
parenting ovary,IAB6 Family & Parenting,0.85,scraped,
parenting reproductive system disease,IAB6 Family & Parenting,0.85,scraped,
parenting clitorisclitoral hood,IAB6 Family & Parenting,0.85,scraped,
parenting labia minora,IAB6 Family & Parenting,0.85,scraped,
parenting matthew sanders,IAB6 Family & Parenting,0.85,scraped,
parenting b. f. skinner,IAB6 Family & Parenting,0.85,scraped,
parenting paternal age effect,IAB6 Family & Parenting,0.85,scraped,
parenting child custody,IAB6 Family & Parenting,0.85,scraped,
parenting orphaned,IAB6 Family & Parenting,0.85,scraped,
parenting paternal care,IAB6 Family & Parenting,0.85,scraped,
parenting parenting coordinator,IAB6 Family & Parenting,0.85,scraped,
"parenting parent-child relationship skills: quality time spent, positive communications, and delighted show of affection.",IAB6 Family & Parenting,0.85,scraped,
"parenting encouraging desirable behavior: praise and encouragement, nonverbal attention, facilitating engaging activities.",IAB6 Family & Parenting,0.85,scraped,
"parenting teaching skills and behaviors: being a good example,incidental teaching, human communication of the skill with role-playing and other methods, communicating logical incentives and consequences.",IAB6 Family & Parenting,0.85,scraped,
"parenting managing misbehavior: establishing firm ground rules and limits, directing discussion, providing clear and calm instructions, communicating and enforcing appropriate consequences, using restrictive tactics like quiet time and time out with an authoritative stance rather than an authoritarian one.",IAB6 Family & Parenting,0.85,scraped,
"parenting anticipating and planning: advanced planning and preparation for readying the child for challenges, finding out engaging and age-appropriate developmental activities, preparing the token economy for self-management practice with guidance, holding follow-up discussions, identifying possible negative developmental trajectories.",IAB6 Family & Parenting,0.85,scraped,
"parenting mood and coping skills: reframing and discouraging unhelpful thoughts (diversions, goal orientation, andmindfulness), stress and tension management (ownandchildren's), developing personal coping statements and plans for high-risk situations, building mutual respect and consideration between members of the family through collaborative activities and rituals.",IAB6 Family & Parenting,0.85,scraped,
"parenting partner support skills: improving personal communication, giving and receiving constructive feedback and support, avoidingnegativefamily interaction styles, supporting and findinghopein problems for adaptation, leading collaborative problem solving, promoting relationship happiness and cordiality.",IAB6 Family & Parenting,0.85,scraped,
parenting childlessness,IAB6 Family & Parenting,0.85,scraped,
parenting benjamin spock,IAB6 Family & Parenting,0.85,scraped,
parenting developmental psychology,IAB6 Family & Parenting,0.85,scraped,
parenting empty nest syndrome,IAB6 Family & Parenting,0.85,scraped,
parenting family law,IAB6 Family & Parenting,0.85,scraped,
parenting lgbt parenting,IAB6 Family & Parenting,0.85,scraped,
parenting motherhood constellation,IAB6 Family & Parenting,0.85,scraped,
parenting outline of children,IAB6 Family & Parenting,0.85,scraped,
parenting parent rescue(documentary series),IAB6 Family & Parenting,0.85,scraped,
parenting parental alienation,IAB6 Family & Parenting,0.85,scraped,
parenting reproductive endocrinology and infertility,IAB6 Family & Parenting,0.85,scraped,
parenting parental supervision,IAB6 Family & Parenting,0.85,scraped,
parenting pedagogy,IAB6 Family & Parenting,0.85,scraped,
parenting nuclear family,IAB6 Family & Parenting,0.85,scraped,
parenting noncustodial,IAB6 Family & Parenting,0.85,scraped,
parenting foster care,IAB6 Family & Parenting,0.85,scraped,
parenting families need fathers,IAB6 Family & Parenting,0.85,scraped,
parenting thomas gordon,IAB6 Family & Parenting,0.85,scraped,
parenting complications of pregnancyhyperemesis gravidarumectopic pregnancymiscarriageobstetrical bleedinggestational diabeteshypertensionpreeclampsiaeclampsia,IAB6 Family & Parenting,0.85,scraped,
parenting co-sleeping,IAB6 Family & Parenting,0.85,scraped,
parenting bedtime,IAB6 Family & Parenting,0.85,scraped,
parenting shared parenting,IAB6 Family & Parenting,0.85,scraped,
parenting sharenting,IAB6 Family & Parenting,0.85,scraped,
"parenting chase-lansdale, p.l.; cherlin, a.j.; kiernan, k.e. (1995). ""the long-term effects of parental divorce on the mental health of young adults: a developmental perspective"".child development.66(6):1614–1634.doi:10.1111/j.1467-8624.1995.tb00955.x.pmid8556889.",IAB6 Family & Parenting,0.85,scraped,
"parenting zill, n., morrison, d. r., & coiro, m. j. (1993). long-term effects of parental divorce on parent-child relationships, adjustment, and achievement in young adulthood. journal of family psychology, 7(1), 91–103.doi:10.1037/0893-3200.7.1.91",IAB6 Family & Parenting,0.85,scraped,
"parenting bumpass, l., sweet, j., & martin, t. c. (1990). changing patterns of remarriage. journal of marriage and family, 52(3), 747–756.doi:10.2307/352939jstor352939",IAB6 Family & Parenting,0.85,scraped,
"parenting hetherington, e. m., bridges, m., & insabella, g. m. (1998). what matters? what does not? five perspectives on the association between marital transitions and children's adjustment. american psychologist, 53(2), 167–184.doi:10.1037/0003-066x.53.2.167",IAB6 Family & Parenting,0.85,scraped,
"parenting robert levine; sarah levine (2017).do parents matter?: why japanese babies sleep soundly, mexican siblings don't fight & parents should just relax. souvenir press.isbn978-0285643703.",IAB6 Family & Parenting,0.85,scraped,
parenting quotations related toparentingat wikiquote,IAB6 Family & Parenting,0.85,scraped,
parenting the dictionary definition ofparentingat wiktionary,IAB6 Family & Parenting,0.85,scraped,
parenting parent,IAB6 Family & Parenting,0.85,scraped,
parenting mother,IAB6 Family & Parenting,0.85,scraped,
parenting father,IAB6 Family & Parenting,0.85,scraped,
parenting adoptive,IAB6 Family & Parenting,0.85,scraped,
parenting alloparenting,IAB6 Family & Parenting,0.85,scraped,
parenting coparenting,IAB6 Family & Parenting,0.85,scraped,
parenting extended family,IAB6 Family & Parenting,0.85,scraped,
parenting obstetrics and gynaecology,IAB6 Family & Parenting,0.85,scraped,
parenting sexual dysfunction,IAB6 Family & Parenting,0.85,scraped,
parenting sexual medicine,IAB6 Family & Parenting,0.85,scraped,
childcare buddha-like parenting,IAB6 Family & Parenting,0.85,scraped,
parenting human papilloma virushpv vaccine,IAB6 Family & Parenting,0.85,scraped,
psychologist eleanor j. gibson,IAB6 Family & Parenting,0.85,scraped,
"psychologist bruce hood, developmental cognitive neuroscience",IAB6 Family & Parenting,0.85,scraped,
"psychologist gerd gigerenzer,bounded rationality",IAB6 Family & Parenting,0.85,scraped,
childcare paternal care,IAB6 Family & Parenting,0.85,scraped,
childcare unpaid work,IAB6 Family & Parenting,0.85,scraped,
childcare achievement ideology,IAB6 Family & Parenting,0.85,scraped,
childcare atlas personality,IAB6 Family & Parenting,0.85,scraped,
childcare attachment parenting,IAB6 Family & Parenting,0.85,scraped,
childcare baby talk,IAB6 Family & Parenting,0.85,scraped,
childcare concerted cultivation,IAB6 Family & Parenting,0.85,scraped,
childcare tiger parenting,IAB6 Family & Parenting,0.85,scraped,
childcare enmeshment,IAB6 Family & Parenting,0.85,scraped,
childcare free-range parenting,IAB6 Family & Parenting,0.85,scraped,
childcare gatekeeper parent,IAB6 Family & Parenting,0.85,scraped,
childcare helicopter parent,IAB6 Family & Parenting,0.85,scraped,
childcare nurturant parenting,IAB6 Family & Parenting,0.85,scraped,
childcare reflective parenting,IAB6 Family & Parenting,0.85,scraped,
childcare slow parenting,IAB6 Family & Parenting,0.85,scraped,
childcare soccer mom,IAB6 Family & Parenting,0.85,scraped,
childcare strict father model,IAB6 Family & Parenting,0.85,scraped,
childcare taking children seriously,IAB6 Family & Parenting,0.85,scraped,
parenting forced marriage,IAB6 Family & Parenting,0.85,scraped,
parenting dyspareunia,IAB6 Family & Parenting,0.85,scraped,
"psychologist hans-werner gessmann, humanistic psychodrama",IAB6 Family & Parenting,0.85,scraped,
parenting breast ironing,IAB6 Family & Parenting,0.85,scraped,
parenting breast cancer,IAB6 Family & Parenting,0.85,scraped,
parenting sexual intercourse,IAB6 Family & Parenting,0.85,scraped,
parenting polygamy,IAB6 Family & Parenting,0.85,scraped,
parenting leblouh,IAB6 Family & Parenting,0.85,scraped,
parenting gynaecological disordersvaginitis,IAB6 Family & Parenting,0.85,scraped,
parenting menorrhagia,IAB6 Family & Parenting,0.85,scraped,
parenting amenorrhoea,IAB6 Family & Parenting,0.85,scraped,
parenting menopausehormone replacement therapy,IAB6 Family & Parenting,0.85,scraped,
parenting cloth menstrual pad,IAB6 Family & Parenting,0.85,scraped,
parenting menstrual cup,IAB6 Family & Parenting,0.85,scraped,
parenting tampon,IAB6 Family & Parenting,0.85,scraped,
parenting sanitary pad,IAB6 Family & Parenting,0.85,scraped,
parenting hormone replacement therapy,IAB6 Family & Parenting,0.85,scraped,
parenting safe sex,IAB6 Family & Parenting,0.85,scraped,
parenting menstrual aidscloth menstrual padmenstrual cuptamponsanitary pad,IAB6 Family & Parenting,0.85,scraped,
parenting hiv,IAB6 Family & Parenting,0.85,scraped,
parenting pelvic inflammatory disease,IAB6 Family & Parenting,0.85,scraped,
parenting hpv vaccine,IAB6 Family & Parenting,0.85,scraped,
parenting female genital mutilationclitoridectomyinfibulation,IAB6 Family & Parenting,0.85,scraped,
parenting breast binding,IAB6 Family & Parenting,0.85,scraped,
parenting breast health,IAB6 Family & Parenting,0.85,scraped,
childcare theybie,IAB6 Family & Parenting,0.85,scraped,
childcare work at home parent,IAB6 Family & Parenting,0.85,scraped,
parenting rape,IAB6 Family & Parenting,0.85,scraped,
childcare incest,IAB6 Family & Parenting,0.85,scraped,
childcare nature versus nurture,IAB6 Family & Parenting,0.85,scraped,
childcare parental investmentcare workcost of raising a childpaternal careunpaid work,IAB6 Family & Parenting,0.85,scraped,
childcare paternal bond,IAB6 Family & Parenting,0.85,scraped,
childcare pediatrics,IAB6 Family & Parenting,0.85,scraped,
childcare behaviorism,IAB6 Family & Parenting,0.85,scraped,
childcare dishabituation,IAB6 Family & Parenting,0.85,scraped,
childcare education,IAB6 Family & Parenting,0.85,scraped,
childcare habituation,IAB6 Family & Parenting,0.85,scraped,
childcare dysfunctional family,IAB6 Family & Parenting,0.85,scraped,
childcare effects of domestic violence,IAB6 Family & Parenting,0.85,scraped,
childcare management of domestic violence,IAB6 Family & Parenting,0.85,scraped,
childcare allowance,IAB6 Family & Parenting,0.85,scraped,
childcare narcissistic parent,IAB6 Family & Parenting,0.85,scraped,
childcare parental abuse by children,IAB6 Family & Parenting,0.85,scraped,
childcare parental alienation,IAB6 Family & Parenting,0.85,scraped,
childcare stress in early childhood,IAB6 Family & Parenting,0.85,scraped,
childcare child custody,IAB6 Family & Parenting,0.85,scraped,
childcare child support,IAB6 Family & Parenting,0.85,scraped,
childcare disownment,IAB6 Family & Parenting,0.85,scraped,
childcare deadbeat parent,IAB6 Family & Parenting,0.85,scraped,
childcare family disruption,IAB6 Family & Parenting,0.85,scraped,
childcare marriage,IAB6 Family & Parenting,0.85,scraped,
childcare maternal bond,IAB6 Family & Parenting,0.85,scraped,
childcare love,IAB6 Family & Parenting,0.85,scraped,
childcare introjection,IAB6 Family & Parenting,0.85,scraped,
childcare identity formation,IAB6 Family & Parenting,0.85,scraped,
childcare bedtime,IAB6 Family & Parenting,0.85,scraped,
childcare care work,IAB6 Family & Parenting,0.85,scraped,
childcare social psychology,IAB6 Family & Parenting,0.85,scraped,
childcare socialization,IAB6 Family & Parenting,0.85,scraped,
childcare social emotional development,IAB6 Family & Parenting,0.85,scraped,
childcare coparenting,IAB6 Family & Parenting,0.85,scraped,
childcare foster care,IAB6 Family & Parenting,0.85,scraped,
childcare noncustodial,IAB6 Family & Parenting,0.85,scraped,
childcare nuclear family,IAB6 Family & Parenting,0.85,scraped,
childcare orphaned,IAB6 Family & Parenting,0.85,scraped,
childcare same-sex,IAB6 Family & Parenting,0.85,scraped,
childcare shared parenting,IAB6 Family & Parenting,0.85,scraped,
childcare single parent,IAB6 Family & Parenting,0.85,scraped,
childcare blended family,IAB6 Family & Parenting,0.85,scraped,
childcare surrogacy,IAB6 Family & Parenting,0.85,scraped,
childcare attachment theory,IAB6 Family & Parenting,0.85,scraped,
childcare co-sleeping,IAB6 Family & Parenting,0.85,scraped,
childcare applied behavior analysis,IAB6 Family & Parenting,0.85,scraped,
childcare cognitive development,IAB6 Family & Parenting,0.85,scraped,
childcare developmental psychology,IAB6 Family & Parenting,0.85,scraped,
childcare human development,IAB6 Family & Parenting,0.85,scraped,
parenting lung cancer,IAB6 Family & Parenting,0.85,scraped,
parenting pregnancy,IAB6 Family & Parenting,0.85,scraped,
parenting transgender health care,IAB6 Family & Parenting,0.85,scraped,
parenting ovarian cancer,IAB6 Family & Parenting,0.85,scraped,
parenting vulvovaginal,IAB6 Family & Parenting,0.85,scraped,
parenting maternal health,IAB6 Family & Parenting,0.85,scraped,
parenting childbirth,IAB6 Family & Parenting,0.85,scraped,
parenting options counseling,IAB6 Family & Parenting,0.85,scraped,
parenting pregnancy from rape,IAB6 Family & Parenting,0.85,scraped,
parenting pregnant patients' rights,IAB6 Family & Parenting,0.85,scraped,
parenting prenatal care,IAB6 Family & Parenting,0.85,scraped,
parenting teenage pregnancy,IAB6 Family & Parenting,0.85,scraped,
parenting researchself-report sexual risk behaviors,IAB6 Family & Parenting,0.85,scraped,
parenting endometrial cancer,IAB6 Family & Parenting,0.85,scraped,
parenting uterine cancerendometrial cancercervical cancerpapanicolaou test,IAB6 Family & Parenting,0.85,scraped,
parenting condoms,IAB6 Family & Parenting,0.85,scraped,
parenting sterilizationcompulsory sterilization,IAB6 Family & Parenting,0.85,scraped,
parenting breastfeeding and mental health,IAB6 Family & Parenting,0.85,scraped,
parenting compulsory sterilization,IAB6 Family & Parenting,0.85,scraped,
parenting infertilitychildlessnessassisted reproductive technologyin vitro fertilization,IAB6 Family & Parenting,0.85,scraped,
parenting parentingadoptionfostering,IAB6 Family & Parenting,0.85,scraped,
parenting assisted reproductive technology,IAB6 Family & Parenting,0.85,scraped,
parenting in vitro fertilization,IAB6 Family & Parenting,0.85,scraped,
parenting adoption,IAB6 Family & Parenting,0.85,scraped,
parenting fostering,IAB6 Family & Parenting,0.85,scraped,
parenting intrauterine devices,IAB6 Family & Parenting,0.85,scraped,
parenting women'svulvovaginal,IAB6 Family & Parenting,0.85,scraped,
parenting cervical cancerpapanicolaou test,IAB6 Family & Parenting,0.85,scraped,
parenting men's,IAB6 Family & Parenting,0.85,scraped,
parenting sperm,IAB6 Family & Parenting,0.85,scraped,
parenting disorders of sex development,IAB6 Family & Parenting,0.85,scraped,
parenting infertility,IAB6 Family & Parenting,0.85,scraped,
parenting television,IAB6 Family & Parenting,0.85,scraped,
parenting sexually transmitted infectionsclinic,IAB6 Family & Parenting,0.85,scraped,
parenting gender dysphoria,IAB6 Family & Parenting,0.85,scraped,
parenting clinic,IAB6 Family & Parenting,0.85,scraped,
parenting china,IAB6 Family & Parenting,0.85,scraped,
parenting india,IAB6 Family & Parenting,0.85,scraped,
parenting iran,IAB6 Family & Parenting,0.85,scraped,
parenting ireland,IAB6 Family & Parenting,0.85,scraped,
parenting intersex,IAB6 Family & Parenting,0.85,scraped,
parenting sexual orientation,IAB6 Family & Parenting,0.85,scraped,
parenting gender identity,IAB6 Family & Parenting,0.85,scraped,
parenting precocious puberty and pregnancy,IAB6 Family & Parenting,0.85,scraped,
parenting intrauterine device,IAB6 Family & Parenting,0.85,scraped,
parenting sterilization,IAB6 Family & Parenting,0.85,scraped,
parenting icsi,IAB6 Family & Parenting,0.85,scraped,
parenting gamete cryopreservationeggsperm,IAB6 Family & Parenting,0.85,scraped,
parenting sperm bank,IAB6 Family & Parenting,0.85,scraped,
parenting fertility fraud,IAB6 Family & Parenting,0.85,scraped,
parenting egg,IAB6 Family & Parenting,0.85,scraped,
parenting oral contraceptives,IAB6 Family & Parenting,0.85,scraped,
parenting male contraceptive,IAB6 Family & Parenting,0.85,scraped,
parenting gender discrimination,IAB6 Family & Parenting,0.85,scraped,
parenting sex differences,IAB6 Family & Parenting,0.85,scraped,
parenting vesicovaginal fistula,IAB6 Family & Parenting,0.85,scraped,
parenting rectovaginal fistula,IAB6 Family & Parenting,0.85,scraped,
parenting husband stitch,IAB6 Family & Parenting,0.85,scraped,
parenting maternal deaths,IAB6 Family & Parenting,0.85,scraped,
parenting cesarian section,IAB6 Family & Parenting,0.85,scraped,
parenting philippines,IAB6 Family & Parenting,0.85,scraped,
parenting menstrual cycle,IAB6 Family & Parenting,0.85,scraped,
parenting dysmenorrhea,IAB6 Family & Parenting,0.85,scraped,
parenting orgasm,IAB6 Family & Parenting,0.85,scraped,
parenting puberty,IAB6 Family & Parenting,0.85,scraped,
parenting sex education,IAB6 Family & Parenting,0.85,scraped,
parenting contraceptive prevalence,IAB6 Family & Parenting,0.85,scraped,
parenting clitoridectomy,IAB6 Family & Parenting,0.85,scraped,
parenting infibulation,IAB6 Family & Parenting,0.85,scraped,
parenting vaginitis,IAB6 Family & Parenting,0.85,scraped,
parenting abuse during childbirth,IAB6 Family & Parenting,0.85,scraped,
parenting domestic violencepregnancy,IAB6 Family & Parenting,0.85,scraped,
parenting intimate partner violence,IAB6 Family & Parenting,0.85,scraped,
parenting misogyny,IAB6 Family & Parenting,0.85,scraped,
parenting sexual harassment,IAB6 Family & Parenting,0.85,scraped,
parenting sexual assaultrape,IAB6 Family & Parenting,0.85,scraped,
parenting femicide,IAB6 Family & Parenting,0.85,scraped,
parenting postpartum confinement,IAB6 Family & Parenting,0.85,scraped,
parenting postpartum care,IAB6 Family & Parenting,0.85,scraped,
parenting episiotomyhusband stitch,IAB6 Family & Parenting,0.85,scraped,
parenting obstetrical fistulaevesicovaginal fistularectovaginal fistula,IAB6 Family & Parenting,0.85,scraped,
parenting contraceptive security,IAB6 Family & Parenting,0.85,scraped,
parenting planned parenthood,IAB6 Family & Parenting,0.85,scraped,
parenting fertility awareness,IAB6 Family & Parenting,0.85,scraped,
parenting culture and menstruation,IAB6 Family & Parenting,0.85,scraped,
parenting feminine hygiene,IAB6 Family & Parenting,0.85,scraped,
parenting mother-to-child transmission,IAB6 Family & Parenting,0.85,scraped,
parenting abortion,IAB6 Family & Parenting,0.85,scraped,
parenting stillbirths,IAB6 Family & Parenting,0.85,scraped,
parenting perinatal mortality,IAB6 Family & Parenting,0.85,scraped,
parenting obstetrical bleeding,IAB6 Family & Parenting,0.85,scraped,
parenting gestational diabetes,IAB6 Family & Parenting,0.85,scraped,
parenting hypertensionpreeclampsiaeclampsia,IAB6 Family & Parenting,0.85,scraped,
parenting preeclampsia,IAB6 Family & Parenting,0.85,scraped,
parenting eclampsia,IAB6 Family & Parenting,0.85,scraped,
parenting midwifery,IAB6 Family & Parenting,0.85,scraped,
parenting preterm birth,IAB6 Family & Parenting,0.85,scraped,
parenting multiple births,IAB6 Family & Parenting,0.85,scraped,
parenting oxytocin,IAB6 Family & Parenting,0.85,scraped,
parenting menarche,IAB6 Family & Parenting,0.85,scraped,
parenting obstructed labor,IAB6 Family & Parenting,0.85,scraped,
parenting retained placenta,IAB6 Family & Parenting,0.85,scraped,
parenting the talk (race),IAB6 Family & Parenting,0.85,scraped,
parenting parent management training,IAB6 Family & Parenting,0.85,scraped,
parenting social integration,IAB6 Family & Parenting,0.85,scraped,
parenting babbling,IAB6 Family & Parenting,0.85,scraped,
parenting financialbaby bonusbachelor taxchild benefittax on childlessness,IAB6 Family & Parenting,0.85,scraped,
parenting abortion law,IAB6 Family & Parenting,0.85,scraped,
parenting baby bonus,IAB6 Family & Parenting,0.85,scraped,
parenting bachelor tax,IAB6 Family & Parenting,0.85,scraped,
parenting child benefit,IAB6 Family & Parenting,0.85,scraped,
parenting tax on childlessness,IAB6 Family & Parenting,0.85,scraped,
parenting baby food,IAB6 Family & Parenting,0.85,scraped,
parenting breast pump,IAB6 Family & Parenting,0.85,scraped,
parenting pedialyte,IAB6 Family & Parenting,0.85,scraped,
parenting baby-led weaning,IAB6 Family & Parenting,0.85,scraped,
parenting nanny,IAB6 Family & Parenting,0.85,scraped,
parenting baby transport,IAB6 Family & Parenting,0.85,scraped,
parenting wet nurse,IAB6 Family & Parenting,0.85,scraped,
parenting un child rights,IAB6 Family & Parenting,0.85,scraped,
parenting baby bouncer,IAB6 Family & Parenting,0.85,scraped,
parenting baby gate,IAB6 Family & Parenting,0.85,scraped,
parenting baby monitor/hidden camera,IAB6 Family & Parenting,0.85,scraped,
parenting baby powder,IAB6 Family & Parenting,0.85,scraped,
parenting baby shampoo,IAB6 Family & Parenting,0.85,scraped,
parenting baby toy,IAB6 Family & Parenting,0.85,scraped,
parenting baby walker,IAB6 Family & Parenting,0.85,scraped,
parenting bib,IAB6 Family & Parenting,0.85,scraped,
parenting three-child policy,IAB6 Family & Parenting,0.85,scraped,
parenting two-child policy,IAB6 Family & Parenting,0.85,scraped,
parenting one-child policy,IAB6 Family & Parenting,0.85,scraped,
parenting timeline of reproductive rights legislation,IAB6 Family & Parenting,0.85,scraped,
parenting infant formula,IAB6 Family & Parenting,0.85,scraped,
parenting infant massage,IAB6 Family & Parenting,0.85,scraped,
parenting infant respiratory distress syndrome,IAB6 Family & Parenting,0.85,scraped,
parenting infant sleep training,IAB6 Family & Parenting,0.85,scraped,
parenting neonatal intensive care unit,IAB6 Family & Parenting,0.85,scraped,
parenting newborn care and safety,IAB6 Family & Parenting,0.85,scraped,
parenting oral rehydration therapypedialyte,IAB6 Family & Parenting,0.85,scraped,
parenting shaken baby syndrome,IAB6 Family & Parenting,0.85,scraped,
parenting soy formula,IAB6 Family & Parenting,0.85,scraped,
parenting breastfeeding and medications,IAB6 Family & Parenting,0.85,scraped,
parenting sids,IAB6 Family & Parenting,0.85,scraped,
parenting breastfeeding,IAB6 Family & Parenting,0.85,scraped,
parenting birth weight,IAB6 Family & Parenting,0.85,scraped,
psychologist pastoral,IAB6 Family & Parenting,0.85,scraped,
parenting united statesteen pregnancybirth control,IAB6 Family & Parenting,0.85,scraped,
parenting teen,IAB6 Family & Parenting,0.85,scraped,
parenting teen pregnancy,IAB6 Family & Parenting,0.85,scraped,
parenting birth control,IAB6 Family & Parenting,0.85,scraped,
parenting birth control movement in the united states,IAB6 Family & Parenting,0.85,scraped,
parenting history of condoms,IAB6 Family & Parenting,0.85,scraped,
parenting social hygiene movement,IAB6 Family & Parenting,0.85,scraped,
parenting baby swing,IAB6 Family & Parenting,0.85,scraped,
parenting bassinet,IAB6 Family & Parenting,0.85,scraped,
parenting infant feeding,IAB6 Family & Parenting,0.85,scraped,
psychologist robert cialdini,IAB6 Family & Parenting,0.85,scraped,
parenting attachment,IAB6 Family & Parenting,0.85,scraped,
parenting babysitting,IAB6 Family & Parenting,0.85,scraped,
parenting children's rightsun child rights,IAB6 Family & Parenting,0.85,scraped,
parenting parenting,IAB6 Family & Parenting,0.85,scraped,
psychologist peace and war,IAB6 Family & Parenting,0.85,scraped,
"psychologist noam chomsky,linguistics,cognitive science",IAB6 Family & Parenting,0.85,scraped,
psychologist positive,IAB6 Family & Parenting,0.85,scraped,
psychologist jean-martin charcot,IAB6 Family & Parenting,0.85,scraped,
psychologist nancy chodorow,IAB6 Family & Parenting,0.85,scraped,
parenting united kingdomteen,IAB6 Family & Parenting,0.85,scraped,
psychologist kenneth b. clark,IAB6 Family & Parenting,0.85,scraped,
parenting car seat safetychild vehicular heat stroke deaths,IAB6 Family & Parenting,0.85,scraped,
psychologist mamie phipps clark,IAB6 Family & Parenting,0.85,scraped,
psychologist lee anna clark,IAB6 Family & Parenting,0.85,scraped,
psychologist asher cohen,IAB6 Family & Parenting,0.85,scraped,
psychologist clyde coombs,IAB6 Family & Parenting,0.85,scraped,
psychologist cary cooper,IAB6 Family & Parenting,0.85,scraped,
psychologist suzanne corkin,IAB6 Family & Parenting,0.85,scraped,
psychologist leda cosmides,IAB6 Family & Parenting,0.85,scraped,
psychologist lee chambers (psychologist),IAB6 Family & Parenting,0.85,scraped,
psychologist martin a. conway,IAB6 Family & Parenting,0.85,scraped,
"psychologist catharine cox, intelligence, genius",IAB6 Family & Parenting,0.85,scraped,
parenting weaning,IAB6 Family & Parenting,0.85,scraped,
parenting walking,IAB6 Family & Parenting,0.85,scraped,
parenting teething,IAB6 Family & Parenting,0.85,scraped,
parenting prenatal development table,IAB6 Family & Parenting,0.85,scraped,
parenting cloth diaper,IAB6 Family & Parenting,0.85,scraped,
parenting cradle board,IAB6 Family & Parenting,0.85,scraped,
parenting diaper,IAB6 Family & Parenting,0.85,scraped,
parenting diaper bag,IAB6 Family & Parenting,0.85,scraped,
parenting milk bank,IAB6 Family & Parenting,0.85,scraped,
parenting infant swimming,IAB6 Family & Parenting,0.85,scraped,
parenting grandparent visitation,IAB6 Family & Parenting,0.85,scraped,
parenting circumcision,IAB6 Family & Parenting,0.85,scraped,
parenting birth defect,IAB6 Family & Parenting,0.85,scraped,
parenting crawling,IAB6 Family & Parenting,0.85,scraped,
parenting gestational age,IAB6 Family & Parenting,0.85,scraped,
parenting infant visual development,IAB6 Family & Parenting,0.85,scraped,
parenting irritant diaper dermatitis,IAB6 Family & Parenting,0.85,scraped,
parenting infant cognitive development,IAB6 Family & Parenting,0.85,scraped,
parenting infant crying,IAB6 Family & Parenting,0.85,scraped,
parenting kangaroo care,IAB6 Family & Parenting,0.85,scraped,
parenting nursery rhyme,IAB6 Family & Parenting,0.85,scraped,
parenting haberman feeder,IAB6 Family & Parenting,0.85,scraped,
parenting object permanence,IAB6 Family & Parenting,0.85,scraped,
parenting play,IAB6 Family & Parenting,0.85,scraped,
parenting prenatal development,IAB6 Family & Parenting,0.85,scraped,
parenting infant food safety,IAB6 Family & Parenting,0.85,scraped,
parenting infant bathing,IAB6 Family & Parenting,0.85,scraped,
"psychologist mihaly csikszentmihalyi,positive psychology,happiness&creativity",IAB6 Family & Parenting,0.85,scraped,
parenting cry room,IAB6 Family & Parenting,0.85,scraped,
parenting playpen,IAB6 Family & Parenting,0.85,scraped,
parenting supplemental nursing system,IAB6 Family & Parenting,0.85,scraped,
parenting swaddling,IAB6 Family & Parenting,0.85,scraped,
parenting swim diaper,IAB6 Family & Parenting,0.85,scraped,
parenting teether,IAB6 Family & Parenting,0.85,scraped,
parenting paternitypaternity fraud,IAB6 Family & Parenting,0.85,scraped,
parenting travel cot,IAB6 Family & Parenting,0.85,scraped,
parenting baby shower,IAB6 Family & Parenting,0.85,scraped,
parenting babywearing,IAB6 Family & Parenting,0.85,scraped,
parenting closed adoption,IAB6 Family & Parenting,0.85,scraped,
parenting fetal alcohol spectrum disorder,IAB6 Family & Parenting,0.85,scraped,
psychologist critical,IAB6 Family & Parenting,0.85,scraped,
parenting infant ear piercing,IAB6 Family & Parenting,0.85,scraped,
parenting open adoption,IAB6 Family & Parenting,0.85,scraped,
parenting prenatal cocaine exposure,IAB6 Family & Parenting,0.85,scraped,
parenting neonatal withdrawal syndrome,IAB6 Family & Parenting,0.85,scraped,
parenting child vehicular heat stroke deaths,IAB6 Family & Parenting,0.85,scraped,
psychologist cultural,IAB6 Family & Parenting,0.85,scraped,
psychologist fashion,IAB6 Family & Parenting,0.85,scraped,
psychologist differential,IAB6 Family & Parenting,0.85,scraped,
psychologist community,IAB6 Family & Parenting,0.85,scraped,
psychologist consumer,IAB6 Family & Parenting,0.85,scraped,
parenting pacifier,IAB6 Family & Parenting,0.85,scraped,
parenting infant clothing,IAB6 Family & Parenting,0.85,scraped,
psychologist cross-cultural,IAB6 Family & Parenting,0.85,scraped,
parenting infant carrier,IAB6 Family & Parenting,0.85,scraped,
parenting united states2,IAB6 Family & Parenting,0.85,scraped,
psychologist history,IAB6 Family & Parenting,0.85,scraped,
parenting czech republic2,IAB6 Family & Parenting,0.85,scraped,
parenting latvia,IAB6 Family & Parenting,0.85,scraped,
parenting israel,IAB6 Family & Parenting,0.85,scraped,
parenting encyclopedia of modern ukraine,IAB6 Family & Parenting,0.85,scraped,
psychologist outline,IAB6 Family & Parenting,0.85,scraped,
psychologist cognitive/cognitivism,IAB6 Family & Parenting,0.85,scraped,
psychologist abnormal,IAB6 Family & Parenting,0.85,scraped,
psychologist affective neuroscience,IAB6 Family & Parenting,0.85,scraped,
psychologist affective science,IAB6 Family & Parenting,0.85,scraped,
psychologist behavioral genetics,IAB6 Family & Parenting,0.85,scraped,
psychologist behavioral neuroscience,IAB6 Family & Parenting,0.85,scraped,
psychologist behaviorism,IAB6 Family & Parenting,0.85,scraped,
psychologist cognitive neurosciencesocial,IAB6 Family & Parenting,0.85,scraped,
parenting germany,IAB6 Family & Parenting,0.85,scraped,
psychologist comparative,IAB6 Family & Parenting,0.85,scraped,
psychologist subfields,IAB6 Family & Parenting,0.85,scraped,
parenting paternity fraud,IAB6 Family & Parenting,0.85,scraped,
parenting stroller,IAB6 Family & Parenting,0.85,scraped,
parenting parental child abduction,IAB6 Family & Parenting,0.85,scraped,
psychologist counseling,IAB6 Family & Parenting,0.85,scraped,
psychologist educational,IAB6 Family & Parenting,0.85,scraped,
parenting infant and toddler safety,IAB6 Family & Parenting,0.85,scraped,
psychologist assessment,IAB6 Family & Parenting,0.85,scraped,
psychologist perception,IAB6 Family & Parenting,0.85,scraped,
psychologist developmental,IAB6 Family & Parenting,0.85,scraped,
psychologist personality,IAB6 Family & Parenting,0.85,scraped,
psychologist psychophysiology,IAB6 Family & Parenting,0.85,scraped,
psychologist quantitative,IAB6 Family & Parenting,0.85,scraped,
psychologist social,IAB6 Family & Parenting,0.85,scraped,
psychologist theoretical,IAB6 Family & Parenting,0.85,scraped,
psychologist anomalistic,IAB6 Family & Parenting,0.85,scraped,
psychologist applied behavior analysis,IAB6 Family & Parenting,0.85,scraped,
psychologist art,IAB6 Family & Parenting,0.85,scraped,
psychologist aviation,IAB6 Family & Parenting,0.85,scraped,
psychologist ergonomics,IAB6 Family & Parenting,0.85,scraped,
psychologist psycholinguistics,IAB6 Family & Parenting,0.85,scraped,
parenting high chair,IAB6 Family & Parenting,0.85,scraped,
parenting peekaboo,IAB6 Family & Parenting,0.85,scraped,
parenting baby wipes,IAB6 Family & Parenting,0.85,scraped,
parenting bottle feeding,IAB6 Family & Parenting,0.85,scraped,
parenting colic,IAB6 Family & Parenting,0.85,scraped,
parenting cradle cap,IAB6 Family & Parenting,0.85,scraped,
parenting esotropia,IAB6 Family & Parenting,0.85,scraped,
parenting failure to thrive,IAB6 Family & Parenting,0.85,scraped,
parenting immunization,IAB6 Family & Parenting,0.85,scraped,
psychologist neuropsychology,IAB6 Family & Parenting,0.85,scraped,
psychologist moral,IAB6 Family & Parenting,0.85,scraped,
psychologist mathematical,IAB6 Family & Parenting,0.85,scraped,
psychologist intelligence,IAB6 Family & Parenting,0.85,scraped,
"parenting infant bed(american 'crib' and 'cradle', british 'cot')",IAB6 Family & Parenting,0.85,scraped,
psychologist feminist,IAB6 Family & Parenting,0.85,scraped,
psychologist food,IAB6 Family & Parenting,0.85,scraped,
psychologist forensic,IAB6 Family & Parenting,0.85,scraped,
psychologist health,IAB6 Family & Parenting,0.85,scraped,
psychologist humanistic,IAB6 Family & Parenting,0.85,scraped,
psychologist industrial and organizational,IAB6 Family & Parenting,0.85,scraped,
psychologist legal,IAB6 Family & Parenting,0.85,scraped,
psychologist media,IAB6 Family & Parenting,0.85,scraped,
psychologist medical,IAB6 Family & Parenting,0.85,scraped,
psychologist military,IAB6 Family & Parenting,0.85,scraped,
psychologist music,IAB6 Family & Parenting,0.85,scraped,
psychologist occupational health,IAB6 Family & Parenting,0.85,scraped,
psychologist color,IAB6 Family & Parenting,0.85,scraped,
psychologist coaching,IAB6 Family & Parenting,0.85,scraped,
psychologist clinical,IAB6 Family & Parenting,0.85,scraped,
psychologist biography of famous people,IAB6 Family & Parenting,0.85,scraped,
psychologist ecological,IAB6 Family & Parenting,0.85,scraped,
psychologist evolutionary,IAB6 Family & Parenting,0.85,scraped,
psychologist experimental,IAB6 Family & Parenting,0.85,scraped,
psychologist gestalt,IAB6 Family & Parenting,0.85,scraped,
"psychologist lee cronbach, testing and measurement",IAB6 Family & Parenting,0.85,scraped,
psychologist martin daly,IAB6 Family & Parenting,0.85,scraped,
parenting role model,IAB6 Family & Parenting,0.85,scraped,
psychologist robert a. bjork,IAB6 Family & Parenting,0.85,scraped,
psychologist diana baumrind,IAB6 Family & Parenting,0.85,scraped,
psychologist nancy bayley,IAB6 Family & Parenting,0.85,scraped,
"psychologist geoffrey beattie,body language, psychology in sustainable consumption",IAB6 Family & Parenting,0.85,scraped,
psychologist sandra bem,IAB6 Family & Parenting,0.85,scraped,
psychologist erich benjamin,IAB6 Family & Parenting,0.85,scraped,
psychologist gershon ben-shakhar,IAB6 Family & Parenting,0.85,scraped,
psychologist hubert benoit,IAB6 Family & Parenting,0.85,scraped,
psychologist richard bentall,IAB6 Family & Parenting,0.85,scraped,
"psychologist larry e. beutler, systematic treatment selection",IAB6 Family & Parenting,0.85,scraped,
"psychologist alfred binet(intelligence testing, first practicaliq test, the binet–simon test)",IAB6 Family & Parenting,0.85,scraped,
"psychologist randolph blake, binocular rivalry",IAB6 Family & Parenting,0.85,scraped,
"psychologist michael argyle, social psychology,discourse analysis",IAB6 Family & Parenting,0.85,scraped,
psychologist jerome barkow,IAB6 Family & Parenting,0.85,scraped,
psychologist russell barkley,IAB6 Family & Parenting,0.85,scraped,
psychologist aron k. barbey,IAB6 Family & Parenting,0.85,scraped,
"psychologist albert bandura,social learning theory",IAB6 Family & Parenting,0.85,scraped,
psychologist marie anaut,IAB6 Family & Parenting,0.85,scraped,
psychologist harlene anderson,IAB6 Family & Parenting,0.85,scraped,
psychologist john r. anderson,IAB6 Family & Parenting,0.85,scraped,
psychologist ernst angel,IAB6 Family & Parenting,0.85,scraped,
psychologist heinz ansbacher,IAB6 Family & Parenting,0.85,scraped,
psychologist edgar anstey,IAB6 Family & Parenting,0.85,scraped,
psychologist daniel batson,IAB6 Family & Parenting,0.85,scraped,
"psychologist frederic bartlett,memoryschema",IAB6 Family & Parenting,0.85,scraped,
psychologist lawrence w. barsalou,IAB6 Family & Parenting,0.85,scraped,
psychologist lisa feldman barrett,IAB6 Family & Parenting,0.85,scraped,
psychologist sex differences,IAB6 Family & Parenting,0.85,scraped,
psychologist sport and exercise,IAB6 Family & Parenting,0.85,scraped,
psychologist suicidology,IAB6 Family & Parenting,0.85,scraped,
psychologist systems,IAB6 Family & Parenting,0.85,scraped,
psychologist trading,IAB6 Family & Parenting,0.85,scraped,
psychologist traffic,IAB6 Family & Parenting,0.85,scraped,
psychologist behavior,IAB6 Family & Parenting,0.85,scraped,
psychologist behavioral engineering,IAB6 Family & Parenting,0.85,scraped,
psychologist cognition,IAB6 Family & Parenting,0.85,scraped,
psychologist competence,IAB6 Family & Parenting,0.85,scraped,
psychologist consciousness,IAB6 Family & Parenting,0.85,scraped,
psychologist consumer behavior,IAB6 Family & Parenting,0.85,scraped,
psychologist emotions,IAB6 Family & Parenting,0.85,scraped,
psychologist feelings,IAB6 Family & Parenting,0.85,scraped,
psychologist maslow's hierarchy of needs,IAB6 Family & Parenting,0.85,scraped,
psychologist lauren alloy,IAB6 Family & Parenting,0.85,scraped,
"psychologist gordon allport,personality psychology",IAB6 Family & Parenting,0.85,scraped,
"psychologist adelbert ames, jr.",IAB6 Family & Parenting,0.85,scraped,
psychologist dermot barnes-holmes,IAB6 Family & Parenting,0.85,scraped,
psychologist simon baron-cohen,IAB6 Family & Parenting,0.85,scraped,
"psychologist deirdre barrett, dreams and hypnosis",IAB6 Family & Parenting,0.85,scraped,
"psychologist michael apter,reversal theory",IAB6 Family & Parenting,0.85,scraped,
"psychologist robert arkin, social psychology",IAB6 Family & Parenting,0.85,scraped,
psychologist religion,IAB6 Family & Parenting,0.85,scraped,
parenting positive discipline,IAB6 Family & Parenting,0.85,scraped,
parenting incest,IAB6 Family & Parenting,0.85,scraped,
parenting management of domestic violence,IAB6 Family & Parenting,0.85,scraped,
parenting narcissistic parent,IAB6 Family & Parenting,0.85,scraped,
parenting parental abuse by children,IAB6 Family & Parenting,0.85,scraped,
parenting stress in early childhood,IAB6 Family & Parenting,0.85,scraped,
parenting child support,IAB6 Family & Parenting,0.85,scraped,
parenting disownment,IAB6 Family & Parenting,0.85,scraped,
parenting family disruption,IAB6 Family & Parenting,0.85,scraped,
parenting tactical ignoring,IAB6 Family & Parenting,0.85,scraped,
parenting right to family life,IAB6 Family & Parenting,0.85,scraped,
parenting curfew,IAB6 Family & Parenting,0.85,scraped,
"psychologist theodore h. blau, first practisingclinicianelected president of theapa",IAB6 Family & Parenting,0.85,scraped,
parenting education,IAB6 Family & Parenting,0.85,scraped,
parenting habituation,IAB6 Family & Parenting,0.85,scraped,
parenting homeschooling,IAB6 Family & Parenting,0.85,scraped,
parenting identification (psychology),IAB6 Family & Parenting,0.85,scraped,
parenting kommune 1,IAB6 Family & Parenting,0.85,scraped,
parenting latchkey kid,IAB6 Family & Parenting,0.85,scraped,
parenting moral development,IAB6 Family & Parenting,0.85,scraped,
parenting normative social influence,IAB6 Family & Parenting,0.85,scraped,
childcare parents' rights,IAB6 Family & Parenting,0.85,scraped,
parenting play(date),IAB6 Family & Parenting,0.85,scraped,
parenting effects of domestic violence,IAB6 Family & Parenting,0.85,scraped,
parenting dysfunctional family,IAB6 Family & Parenting,0.85,scraped,
parenting deadbeat parent,IAB6 Family & Parenting,0.85,scraped,
parenting codependency,IAB6 Family & Parenting,0.85,scraped,
psychologist magda b. arnold,IAB6 Family & Parenting,0.85,scraped,
psychologist roberto assagioli,IAB6 Family & Parenting,0.85,scraped,
"psychologist john william atkinson, human motivation, achievement and behavior",IAB6 Family & Parenting,0.85,scraped,
psychologist aušra augustinavičiūtė,IAB6 Family & Parenting,0.85,scraped,
psychologist averroes(ibn rushd),IAB6 Family & Parenting,0.85,scraped,
"psychologist virginia axline,play therapy",IAB6 Family & Parenting,0.85,scraped,
"psychologist arthur j. bachrach, underwater and extreme environments",IAB6 Family & Parenting,0.85,scraped,
"psychologist alan baddeley, three-component model ofworking memory",IAB6 Family & Parenting,0.85,scraped,
psychologist renee baillargeon,IAB6 Family & Parenting,0.85,scraped,
psychologist ahmed ibn sahl al-balkhi,IAB6 Family & Parenting,0.85,scraped,
"psychologist solomon asch(asch conformity experiments,social influence,peer pressure)",IAB6 Family & Parenting,0.85,scraped,
parenting singapore,IAB6 Family & Parenting,0.85,scraped,
parenting child marriage,IAB6 Family & Parenting,0.85,scraped,
parenting pakistan,IAB6 Family & Parenting,0.85,scraped,
parenting time-out,IAB6 Family & Parenting,0.85,scraped,
parenting adverse childhood experiences,IAB6 Family & Parenting,0.85,scraped,
parenting child abandonment,IAB6 Family & Parenting,0.85,scraped,
parenting child abuse,IAB6 Family & Parenting,0.85,scraped,
parenting child labour,IAB6 Family & Parenting,0.85,scraped,
parenting child neglect,IAB6 Family & Parenting,0.85,scraped,
parenting cinderella effect,IAB6 Family & Parenting,0.85,scraped,
psychologist school,IAB6 Family & Parenting,0.85,scraped,
psychologist psychotherapy,IAB6 Family & Parenting,0.85,scraped,
psychologist martin dannecker,IAB6 Family & Parenting,0.85,scraped,
psychologist adrian furnham,IAB6 Family & Parenting,0.85,scraped,
psychologist laura dean,IAB6 Family & Parenting,0.85,scraped,
"psychologist raymond dean,neuropsychology",IAB6 Family & Parenting,0.85,scraped,
psychologist donata francescato,IAB6 Family & Parenting,0.85,scraped,
"psychologist viktor frankl, founder oflogotherapy",IAB6 Family & Parenting,0.85,scraped,
psychologist marie-louise von franz,IAB6 Family & Parenting,0.85,scraped,
psychologist barbara fredrickson,IAB6 Family & Parenting,0.85,scraped,
psychologist armindo freitas-magalhães,IAB6 Family & Parenting,0.85,scraped,
psychologist anna freud,IAB6 Family & Parenting,0.85,scraped,
"psychologist sigmund freud, (founder ofpsychoanalysis)",IAB6 Family & Parenting,0.85,scraped,
"psychologist erich fromm, (psychoanalyst)",IAB6 Family & Parenting,0.85,scraped,
psychologist john gabrieli,IAB6 Family & Parenting,0.85,scraped,
psychologist cordelia fine,IAB6 Family & Parenting,0.85,scraped,
"psychologist gordon g. gallup, jr.,mirror self-recognition (msr) test",IAB6 Family & Parenting,0.85,scraped,
"psychologist francis galton, (his bookhereditary geniuswasthefirst social scientific attempt to studygeniusandgreatness)",IAB6 Family & Parenting,0.85,scraped,
psychologist laszlo garai,IAB6 Family & Parenting,0.85,scraped,
psychologist riley gardner,IAB6 Family & Parenting,0.85,scraped,
psychologist elmer r. gates,IAB6 Family & Parenting,0.85,scraped,
psychologist susan gathercole,IAB6 Family & Parenting,0.85,scraped,
"psychologist isabel gauthier, perceptual expertise, object and face recognition",IAB6 Family & Parenting,0.85,scraped,
psychologist bertram gawronski,IAB6 Family & Parenting,0.85,scraped,
"psychologist kenneth gergen,social constructionism",IAB6 Family & Parenting,0.85,scraped,
psychologist edna b. foa,IAB6 Family & Parenting,0.85,scraped,
psychologist daniel o david,IAB6 Family & Parenting,0.85,scraped,
"psychologist james cattell, helped establish psychology as a legitimate science",IAB6 Family & Parenting,0.85,scraped,
psychologist donald t. campbell,IAB6 Family & Parenting,0.85,scraped,
psychologist mary whiton calkins,IAB6 Family & Parenting,0.85,scraped,
"psychologist stephen j. ceci, intelligence and memory",IAB6 Family & Parenting,0.85,scraped,
psychologist john darley,IAB6 Family & Parenting,0.85,scraped,
"psychologist raymond cattell,factor analysis,16pf questionnaireand thebig five,fluid versus crystallized intelligence",IAB6 Family & Parenting,0.85,scraped,
psychologist susan carey,IAB6 Family & Parenting,0.85,scraped,
psychologist paul bloom,IAB6 Family & Parenting,0.85,scraped,
psychologist barbara bonner,IAB6 Family & Parenting,0.85,scraped,
psychologist edmund bourne,IAB6 Family & Parenting,0.85,scraped,
psychologist gordon h. bower,IAB6 Family & Parenting,0.85,scraped,
"psychologist john bowlby,attachment theory",IAB6 Family & Parenting,0.85,scraped,
"psychologist nathaniel branden, self-esteem, objectivism",IAB6 Family & Parenting,0.85,scraped,
psychologist franz brentano,IAB6 Family & Parenting,0.85,scraped,
psychologist shlomo breznitz,IAB6 Family & Parenting,0.85,scraped,
psychologist carl brigham,IAB6 Family & Parenting,0.85,scraped,
"psychologist donald broadbent,cognitive psychology",IAB6 Family & Parenting,0.85,scraped,
"psychologist urie bronfenbrenner,ecological systems theory",IAB6 Family & Parenting,0.85,scraped,
psychologist kelly brownell,IAB6 Family & Parenting,0.85,scraped,
"psychologist jerome bruner, child development",IAB6 Family & Parenting,0.85,scraped,
psychologist emily bushnell,IAB6 Family & Parenting,0.85,scraped,
psychologist david buss,IAB6 Family & Parenting,0.85,scraped,
psychologist brian butterworth,IAB6 Family & Parenting,0.85,scraped,
psychologist ruth m. j. byrne,IAB6 Family & Parenting,0.85,scraped,
psychologist susan fiske,IAB6 Family & Parenting,0.85,scraped,
"psychologist leon festinger,cognitive dissonance",IAB6 Family & Parenting,0.85,scraped,
psychologist psychometrics,IAB6 Family & Parenting,0.85,scraped,
psychologist top,IAB6 Family & Parenting,0.85,scraped,
psychologist counseling topics,IAB6 Family & Parenting,0.85,scraped,
psychologist disciplines,IAB6 Family & Parenting,0.85,scraped,
psychologist organizations,IAB6 Family & Parenting,0.85,scraped,
psychologist psychologists,IAB6 Family & Parenting,0.85,scraped,
psychologist psychotherapies,IAB6 Family & Parenting,0.85,scraped,
psychologist research methods,IAB6 Family & Parenting,0.85,scraped,
psychologist schools of thought,IAB6 Family & Parenting,0.85,scraped,
psychologist timeline,IAB6 Family & Parenting,0.85,scraped,
psychologist topics,IAB6 Family & Parenting,0.85,scraped,
psychologist psychology portal,IAB6 Family & Parenting,0.85,scraped,
psychologist 0–9,IAB6 Family & Parenting,0.85,scraped,
psychologist randy dellosa,IAB6 Family & Parenting,0.85,scraped,
psychologist alfred adler(founder of the school ofindividual psychology),IAB6 Family & Parenting,0.85,scraped,
psychologist mary ainsworth,IAB6 Family & Parenting,0.85,scraped,
psychologist estefania aldaba-lim,IAB6 Family & Parenting,0.85,scraped,
psychologist george albee,IAB6 Family & Parenting,0.85,scraped,
psychologist joseph p. allen,IAB6 Family & Parenting,0.85,scraped,
psychologist mind,IAB6 Family & Parenting,0.85,scraped,
psychologist jüri allik,IAB6 Family & Parenting,0.85,scraped,
psychologist mental state,IAB6 Family & Parenting,0.85,scraped,
psychologist human factors and ergonomics,IAB6 Family & Parenting,0.85,scraped,
psychologist photography,IAB6 Family & Parenting,0.85,scraped,
psychologist terror management theory,IAB6 Family & Parenting,0.85,scraped,
psychologist psychology of religion,IAB6 Family & Parenting,0.85,scraped,
"psychologist ray blanchard, sexology",IAB6 Family & Parenting,0.85,scraped,
psychologist stephen f. blinkhorn,IAB6 Family & Parenting,0.85,scraped,
psychologist florence denmark,IAB6 Family & Parenting,0.85,scraped,
psychologist helene deutsch,IAB6 Family & Parenting,0.85,scraped,
"psychologist john dewey, (functional psychology)",IAB6 Family & Parenting,0.85,scraped,
"psychologist ed diener, (happiness)",IAB6 Family & Parenting,0.85,scraped,
psychologist dietrich doerner,IAB6 Family & Parenting,0.85,scraped,
psychologist robin dunbar,IAB6 Family & Parenting,0.85,scraped,
psychologist david f. duncan,IAB6 Family & Parenting,0.85,scraped,
"psychologist hermann ebbinghaus, experimental study ofmemory",IAB6 Family & Parenting,0.85,scraped,
psychologist pavel blonsky,IAB6 Family & Parenting,0.85,scraped,
"psychologist jennifer eberhardt, racial bias in criminal justice",IAB6 Family & Parenting,0.85,scraped,
"psychologist albert ellis, (founder ofrational emotive behavior therapy, founder ofcognitive-behavioral therapies)",IAB6 Family & Parenting,0.85,scraped,
psychologist hadyn ellis,IAB6 Family & Parenting,0.85,scraped,
"psychologist virgilio enriquez, founder offilipino psychology",IAB6 Family & Parenting,0.85,scraped,
"psychologist erik h. erikson, (erikson's stages of psychosocial development)",IAB6 Family & Parenting,0.85,scraped,
psychologist milton h. erickson,IAB6 Family & Parenting,0.85,scraped,
"psychologist john e. exner, developed the comprehensive system for administering, coding, and interpreting therorschach test",IAB6 Family & Parenting,0.85,scraped,
psychologist hans eysenck,IAB6 Family & Parenting,0.85,scraped,
psychologist norman farberow,IAB6 Family & Parenting,0.85,scraped,
"psychologist gustav fechner, founder ofpsychophysics",IAB6 Family & Parenting,0.85,scraped,
"psychologist paul ekman, (emotionsandfacial expressions)",IAB6 Family & Parenting,0.85,scraped,
psychologist political,IAB6 Family & Parenting,0.85,scraped,
childcare parental responsibility,IAB6 Family & Parenting,0.85,scraped,
parenting self-report sexual risk behaviors,IAB6 Family & Parenting,0.85,scraped,
childcare paternity,IAB6 Family & Parenting,0.85,scraped,
psychologist stanislav kozlovsky,IAB6 Family & Parenting,0.85,scraped,
"psychologist arthur jensen, (heritability of iq,race and intelligence,gfactor)",IAB6 Family & Parenting,0.85,scraped,
psychologist michael d. knoxantiwar activism,IAB6 Family & Parenting,0.85,scraped,
psychologist brian knutson,IAB6 Family & Parenting,0.85,scraped,
"psychologist kurt koffka, (co-founder ofgestalt psychology)",IAB6 Family & Parenting,0.85,scraped,
"psychologist wolfgang köhler, (co-founder of gestalt psychology)",IAB6 Family & Parenting,0.85,scraped,
"psychologist lawrence kohlberg,moral psychology",IAB6 Family & Parenting,0.85,scraped,
psychologist heinz kohut,IAB6 Family & Parenting,0.85,scraped,
"psychologist arthur kornhauser, industrial psychologist",IAB6 Family & Parenting,0.85,scraped,
psychologist konstantin kornilov,IAB6 Family & Parenting,0.85,scraped,
psychologist stephen kosslyn,IAB6 Family & Parenting,0.85,scraped,
psychologist elizabeth kübler-ross,IAB6 Family & Parenting,0.85,scraped,
psychologist joseph jastrow,IAB6 Family & Parenting,0.85,scraped,
psychologist melanie klein,IAB6 Family & Parenting,0.85,scraped,
"psychologist fritz künkel, we-psychology",IAB6 Family & Parenting,0.85,scraped,
psychologist george trumbull ladd,IAB6 Family & Parenting,0.85,scraped,
psychologist christine ladd-franklin,IAB6 Family & Parenting,0.85,scraped,
psychologist ellen langer,IAB6 Family & Parenting,0.85,scraped,
psychologist jan van der lans,IAB6 Family & Parenting,0.85,scraped,
psychologist karl lashley,IAB6 Family & Parenting,0.85,scraped,
psychologist bibb latane,IAB6 Family & Parenting,0.85,scraped,
psychologist richard lazarus,IAB6 Family & Parenting,0.85,scraped,
psychologist john francis leader,IAB6 Family & Parenting,0.85,scraped,
psychologist julian jaynes,IAB6 Family & Parenting,0.85,scraped,
"psychologist james greeno, experimental psychology and learning science",IAB6 Family & Parenting,0.85,scraped,
"psychologist ernest ""mark"" mahone",IAB6 Family & Parenting,0.85,scraped,
"psychologist kay redfield jamison, clinical psychology,bipolar disorder",IAB6 Family & Parenting,0.85,scraped,
psychologist gustave gilbert,IAB6 Family & Parenting,0.85,scraped,
psychologist carol gilligan,IAB6 Family & Parenting,0.85,scraped,
"psychologist fernand gobet, cognitive psychology",IAB6 Family & Parenting,0.85,scraped,
psychologist stan gooch,IAB6 Family & Parenting,0.85,scraped,
"psychologist christian gostečnik, clinical psychology and marriage-and-family therapist",IAB6 Family & Parenting,0.85,scraped,
"psychologist irving i. gottesman, behavioral genetics",IAB6 Family & Parenting,0.85,scraped,
"psychologist clare w. graves, (emergent cyclical levels of existence theory)",IAB6 Family & Parenting,0.85,scraped,
"psychologist richard green, sexology",IAB6 Family & Parenting,0.85,scraped,
psychologist florence goodenough,IAB6 Family & Parenting,0.85,scraped,
"psychologist john gottman, marital stability and relationships",IAB6 Family & Parenting,0.85,scraped,
psychologist elizabeth gould,IAB6 Family & Parenting,0.85,scraped,
psychologist robert d. hare,IAB6 Family & Parenting,0.85,scraped,
psychologist james gross,IAB6 Family & Parenting,0.85,scraped,
psychologist robert grosseteste,IAB6 Family & Parenting,0.85,scraped,
"psychologist félix guattari, founder ofschizoanalysis",IAB6 Family & Parenting,0.85,scraped,
psychologist germaine guex,IAB6 Family & Parenting,0.85,scraped,
psychologist j. p. guilford,IAB6 Family & Parenting,0.85,scraped,
psychologist edwin ray guthrie,IAB6 Family & Parenting,0.85,scraped,
"psychologist jonathan haidt, (psychology of morality)",IAB6 Family & Parenting,0.85,scraped,
psychologist jay haley,IAB6 Family & Parenting,0.85,scraped,
psychologist g. stanley hall,IAB6 Family & Parenting,0.85,scraped,
psychologist tsuruko haraguchi,IAB6 Family & Parenting,0.85,scraped,
psychologist timothy leary,IAB6 Family & Parenting,0.85,scraped,
psychologist averil leimon,IAB6 Family & Parenting,0.85,scraped,
psychologist patrick leman,IAB6 Family & Parenting,0.85,scraped,
psychologist wikibooks,IAB6 Family & Parenting,0.85,scraped,
psychologist otto f. kernberg,IAB6 Family & Parenting,0.85,scraped,
psychologist antoni kępiński,IAB6 Family & Parenting,0.85,scraped,
psychologist nancy kanwisher,IAB6 Family & Parenting,0.85,scraped,
psychologist david rumelhart,IAB6 Family & Parenting,0.85,scraped,
psychologist john rowan,IAB6 Family & Parenting,0.85,scraped,
"psychologist jeanne safer,psychotherapy",IAB6 Family & Parenting,0.85,scraped,
psychologist wikisource,IAB6 Family & Parenting,0.85,scraped,
psychologist wikimedia commons,IAB6 Family & Parenting,0.85,scraped,
psychologist wikiquote,IAB6 Family & Parenting,0.85,scraped,
psychologist wikinews,IAB6 Family & Parenting,0.85,scraped,
childcare parents,IAB6 Family & Parenting,0.85,scraped,
psychologist jacques lacan(psychoanalyst),IAB6 Family & Parenting,0.85,scraped,
childcare extended family,IAB6 Family & Parenting,0.85,scraped,
childcare au pair,IAB6 Family & Parenting,0.85,scraped,
childcare babysitter,IAB6 Family & Parenting,0.85,scraped,
childcare governess,IAB6 Family & Parenting,0.85,scraped,
childcare nanny,IAB6 Family & Parenting,0.85,scraped,
childcare daycare,IAB6 Family & Parenting,0.85,scraped,
childcare pre-school playgroup,IAB6 Family & Parenting,0.85,scraped,
childcare early childhood education,IAB6 Family & Parenting,0.85,scraped,
childcare homeschooling,IAB6 Family & Parenting,0.85,scraped,
childcare pre-kindergarten,IAB6 Family & Parenting,0.85,scraped,
childcare mary ainsworth,IAB6 Family & Parenting,0.85,scraped,
psychologist harold kelley,IAB6 Family & Parenting,0.85,scraped,
psychologist george kelly,IAB6 Family & Parenting,0.85,scraped,
psychologist david keirsey,IAB6 Family & Parenting,0.85,scraped,
"psychologist jerre levy,lateralization of brain function",IAB6 Family & Parenting,0.85,scraped,
"psychologist gary klein, (pioneer in the field ofnaturalistic decision making)",IAB6 Family & Parenting,0.85,scraped,
"psychologist doreen kimura, sex and cognition",IAB6 Family & Parenting,0.85,scraped,
psychologist jaqueline jesus,IAB6 Family & Parenting,0.85,scraped,
psychologist marcia k. johnson,IAB6 Family & Parenting,0.85,scraped,
psychologist mark h. johnson,IAB6 Family & Parenting,0.85,scraped,
"psychologist philip johnson-laird,cognition,psychology of reasoning",IAB6 Family & Parenting,0.85,scraped,
psychologist ernest jones,IAB6 Family & Parenting,0.85,scraped,
psychologist mary cover jones,IAB6 Family & Parenting,0.85,scraped,
"psychologist carl jung, (analytical psychology)",IAB6 Family & Parenting,0.85,scraped,
"psychologist j. p. das, (pass theory)",IAB6 Family & Parenting,0.85,scraped,
psychologist jerome kagan,IAB6 Family & Parenting,0.85,scraped,
"psychologist daniel kahneman, (nobel prize in economics, behavioral finance and hedonic psychology)",IAB6 Family & Parenting,0.85,scraped,
psychologist mieko kamiya,IAB6 Family & Parenting,0.85,scraped,
psychologist akiyoshi kitaoka,IAB6 Family & Parenting,0.85,scraped,
"psychologist jacob robert kantor, organized scientific values into a coherent system of psychology",IAB6 Family & Parenting,0.85,scraped,
"psychologist rachel and stephen kaplan, (environmental psychology)",IAB6 Family & Parenting,0.85,scraped,
psychologist leonard katz,IAB6 Family & Parenting,0.85,scraped,
psychologist alan s. kaufman,IAB6 Family & Parenting,0.85,scraped,
psychologist nadeen l. kaufman,IAB6 Family & Parenting,0.85,scraped,
psychologist alan kazdin,IAB6 Family & Parenting,0.85,scraped,
"psychologist daniel gilbert, (social psychology,affective forecasting)",IAB6 Family & Parenting,0.85,scraped,
psychologist harry harlow,IAB6 Family & Parenting,0.85,scraped,
psychologist chris hatcher,IAB6 Family & Parenting,0.85,scraped,
psychologist eleanor rosch,IAB6 Family & Parenting,0.85,scraped,
psychologist dennis reina,IAB6 Family & Parenting,0.85,scraped,
psychologist ulf-dietrich reips,IAB6 Family & Parenting,0.85,scraped,
psychologist daniel reisberg,IAB6 Family & Parenting,0.85,scraped,
psychologist robert remez,IAB6 Family & Parenting,0.85,scraped,
psychologist james w. prescott,IAB6 Family & Parenting,0.85,scraped,
psychologist samuel renshaw,IAB6 Family & Parenting,0.85,scraped,
psychologist judith rich harris,IAB6 Family & Parenting,0.85,scraped,
psychologist sylvia rimm,IAB6 Family & Parenting,0.85,scraped,
psychologist michele ritterman,IAB6 Family & Parenting,0.85,scraped,
"psychologist carl rogers, (person-centered therapy)",IAB6 Family & Parenting,0.85,scraped,
psychologist paul rosenfels,IAB6 Family & Parenting,0.85,scraped,
psychologist ulric neisser,IAB6 Family & Parenting,0.85,scraped,
psychologist robert rosenthal,IAB6 Family & Parenting,0.85,scraped,
"psychologist barbara rothbaum,virtual reality therapy",IAB6 Family & Parenting,0.85,scraped,
childcare ovarian,IAB6 Family & Parenting,0.85,scraped,
psychologist philip rubin,IAB6 Family & Parenting,0.85,scraped,
psychologist sergei rubinstein,IAB6 Family & Parenting,0.85,scraped,
psychologist cecil r. reynolds,IAB6 Family & Parenting,0.85,scraped,
psychologist david lewis,IAB6 Family & Parenting,0.85,scraped,
psychologist jonathan potter,IAB6 Family & Parenting,0.85,scraped,
psychologist robert plomin,IAB6 Family & Parenting,0.85,scraped,
psychologist charles samuel myers,IAB6 Family & Parenting,0.85,scraped,
psychologist reimut reiche,IAB6 Family & Parenting,0.85,scraped,
psychologist rosalie rayner,IAB6 Family & Parenting,0.85,scraped,
"psychologist otto rank, (psychoanalyst)",IAB6 Family & Parenting,0.85,scraped,
"psychologist zenon pylyshyn, cognitive psychology",IAB6 Family & Parenting,0.85,scraped,
psychologist jean matter mandler,IAB6 Family & Parenting,0.85,scraped,
psychologist orval hobart mowrer,IAB6 Family & Parenting,0.85,scraped,
"psychologist james g. march, cognitive organizational psychology",IAB6 Family & Parenting,0.85,scraped,
"psychologist william masters and virginia johnson, (pioneered research into the nature ofhuman sexual response, diagnosis, treatment)",IAB6 Family & Parenting,0.85,scraped,
psychologist rollo may,IAB6 Family & Parenting,0.85,scraped,
psychologist rufus may,IAB6 Family & Parenting,0.85,scraped,
psychologist dan p. mcadams,IAB6 Family & Parenting,0.85,scraped,
psychologist francis t. mcandrew,IAB6 Family & Parenting,0.85,scraped,
psychologist david mcclelland,IAB6 Family & Parenting,0.85,scraped,
psychologist james mcclelland,IAB6 Family & Parenting,0.85,scraped,
psychologist sally-anne mccormack,IAB6 Family & Parenting,0.85,scraped,
psychologist william mcdougall,IAB6 Family & Parenting,0.85,scraped,
psychologist patrick j mcgrath,IAB6 Family & Parenting,0.85,scraped,
psychologist phil mcgraw,IAB6 Family & Parenting,0.85,scraped,
"psychologist abraham maslow, (maslow's hierarchy of needs)",IAB6 Family & Parenting,0.85,scraped,
psychologist georg elias müller,IAB6 Family & Parenting,0.85,scraped,
psychologist henry murray,IAB6 Family & Parenting,0.85,scraped,
psychologist hugo münsterberg,IAB6 Family & Parenting,0.85,scraped,
psychologist leshawndra price,IAB6 Family & Parenting,0.85,scraped,
psychologist inez beverly prosser,IAB6 Family & Parenting,0.85,scraped,
psychologist lorine livingston pruette,IAB6 Family & Parenting,0.85,scraped,
psychologist albert nalchajyan,IAB6 Family & Parenting,0.85,scraped,
psychologist erich neumann,IAB6 Family & Parenting,0.85,scraped,
psychologist steven c. hayes,IAB6 Family & Parenting,0.85,scraped,
psychologist edwin holt,IAB6 Family & Parenting,0.85,scraped,
psychologist hermann von helmholtz,IAB6 Family & Parenting,0.85,scraped,
psychologist hubert hermans,IAB6 Family & Parenting,0.85,scraped,
psychologist richard herrnstein,IAB6 Family & Parenting,0.85,scraped,
psychologist gerard heymans,IAB6 Family & Parenting,0.85,scraped,
psychologist felicitas heyne,IAB6 Family & Parenting,0.85,scraped,
psychologist william edmund hick,IAB6 Family & Parenting,0.85,scraped,
psychologist james hillman,IAB6 Family & Parenting,0.85,scraped,
psychologist leta stetter hollingworth,IAB6 Family & Parenting,0.85,scraped,
psychologist james hollis,IAB6 Family & Parenting,0.85,scraped,
psychologist margie holmes,IAB6 Family & Parenting,0.85,scraped,
psychologist keith holyoak,IAB6 Family & Parenting,0.85,scraped,
psychologist richard nisbett,IAB6 Family & Parenting,0.85,scraped,
psychologist karen horney(ten neurotic needs),IAB6 Family & Parenting,0.85,scraped,
psychologist ruth winifred howard,IAB6 Family & Parenting,0.85,scraped,
psychologist ethel dench puffer howes,IAB6 Family & Parenting,0.85,scraped,
psychologist clark l. hull,IAB6 Family & Parenting,0.85,scraped,
psychologist nicholas humphrey,IAB6 Family & Parenting,0.85,scraped,
psychologist edwin hutchins,IAB6 Family & Parenting,0.85,scraped,
psychologist bärbel inhelder,IAB6 Family & Parenting,0.85,scraped,
"psychologist william james, (james–lange theoryof emotion,psychology of religion)",IAB6 Family & Parenting,0.85,scraped,
psychologist marie jahoda,IAB6 Family & Parenting,0.85,scraped,
psychologist donald o. hebb,IAB6 Family & Parenting,0.85,scraped,
psychologist asgeir helgason,IAB6 Family & Parenting,0.85,scraped,
psychologist fritz heider,IAB6 Family & Parenting,0.85,scraped,
psychologist mark lepper,IAB6 Family & Parenting,0.85,scraped,
"psychologist kurt lewin,social psychology",IAB6 Family & Parenting,0.85,scraped,
psychologist donald norman,IAB6 Family & Parenting,0.85,scraped,
psychologist kent norman,IAB6 Family & Parenting,0.85,scraped,
psychologist charles e. osgood,IAB6 Family & Parenting,0.85,scraped,
psychologist joy osofsky,IAB6 Family & Parenting,0.85,scraped,
psychologist j. buzz von ornsteiner,IAB6 Family & Parenting,0.85,scraped,
psychologist lise østergaard,IAB6 Family & Parenting,0.85,scraped,
psychologist michael posner,IAB6 Family & Parenting,0.85,scraped,
psychologist allan paivio,IAB6 Family & Parenting,0.85,scraped,
psychologist ivan pavlov,IAB6 Family & Parenting,0.85,scraped,
psychologist carolyn r. payton,IAB6 Family & Parenting,0.85,scraped,
psychologist fritz perls,IAB6 Family & Parenting,0.85,scraped,
psychologist cheves perky(perky effect),IAB6 Family & Parenting,0.85,scraped,
psychologist christopher peterson,IAB6 Family & Parenting,0.85,scraped,
psychologist anne c. petersen,IAB6 Family & Parenting,0.85,scraped,
psychologist eva bendix petersen,IAB6 Family & Parenting,0.85,scraped,
psychologist jordan peterson,IAB6 Family & Parenting,0.85,scraped,
"psychologist jean piaget, (piagetian psychologyandgenetic epistemology,piaget's theory of cognitive development)",IAB6 Family & Parenting,0.85,scraped,
psychologist robert o. pihl,IAB6 Family & Parenting,0.85,scraped,
"psychologist steven pinker, (experimental psychology, cognitive science)",IAB6 Family & Parenting,0.85,scraped,
psychologist linda papadopoulos,IAB6 Family & Parenting,0.85,scraped,
psychologist susanna rubinstein,IAB6 Family & Parenting,0.85,scraped,
childcare preschool,IAB6 Family & Parenting,0.85,scraped,
childcare kindergarten,IAB6 Family & Parenting,0.85,scraped,
childcare primary school,IAB6 Family & Parenting,0.85,scraped,
psychologist sara shettleworth,IAB6 Family & Parenting,0.85,scraped,
psychologist edgar schein,IAB6 Family & Parenting,0.85,scraped,
psychologist gunter schmidt,IAB6 Family & Parenting,0.85,scraped,
"psychologist lewis terman, (iq, genius, talent)",IAB6 Family & Parenting,0.85,scraped,
"psychologist kirk schneider, existential-integrative therapy",IAB6 Family & Parenting,0.85,scraped,
psychologist walter dill scott,IAB6 Family & Parenting,0.85,scraped,
psychologist ivan sechenov,IAB6 Family & Parenting,0.85,scraped,
"psychologist martin seligman, (founder ofpositive psychology,happiness,learned helplessness)",IAB6 Family & Parenting,0.85,scraped,
psychologist deborah serani,IAB6 Family & Parenting,0.85,scraped,
"psychologist francine shapiro, (founder ofemdr)",IAB6 Family & Parenting,0.85,scraped,
psychologist tamara sher,IAB6 Family & Parenting,0.85,scraped,
psychologist hunter b. shirley,IAB6 Family & Parenting,0.85,scraped,
psychologist robert weimar,IAB6 Family & Parenting,0.85,scraped,
psychologist morita shoma,IAB6 Family & Parenting,0.85,scraped,
psychologist volkmar sigusch,IAB6 Family & Parenting,0.85,scraped,
"psychologist herbert a. simon,nobel prize in economics",IAB6 Family & Parenting,0.85,scraped,
psychologist erich schröger,IAB6 Family & Parenting,0.85,scraped,
"psychologist philip e. tetlock(the good judgment project,forecasting,decision making)",IAB6 Family & Parenting,0.85,scraped,
"psychologist henri tajfel,prejudice,social identity",IAB6 Family & Parenting,0.85,scraped,
"psychologist edward thorndike, puzzle boxes,connectionism",IAB6 Family & Parenting,0.85,scraped,
psychologist ernst heinrich weber,IAB6 Family & Parenting,0.85,scraped,
psychologist david wechsler,IAB6 Family & Parenting,0.85,scraped,
psychologist sharon thompson-schill,IAB6 Family & Parenting,0.85,scraped,
psychologist k. warner schaie,IAB6 Family & Parenting,0.85,scraped,
psychologist roy schafer,IAB6 Family & Parenting,0.85,scraped,
"psychologist stanley schachter, affiliation studies,two factor theory of emotion",IAB6 Family & Parenting,0.85,scraped,
psychologist daniel schacter,IAB6 Family & Parenting,0.85,scraped,
psychologist paul stevenson,IAB6 Family & Parenting,0.85,scraped,
psychologist fritz strack,IAB6 Family & Parenting,0.85,scraped,
"psychologist george m. stratton, founder ofuc berkeley's department of psychology",IAB6 Family & Parenting,0.85,scraped,
psychologist harry stack sullivan,IAB6 Family & Parenting,0.85,scraped,
psychologist carl stumpf,IAB6 Family & Parenting,0.85,scraped,
psychologist william swann,IAB6 Family & Parenting,0.85,scraped,
psychologist norbert schwarz,IAB6 Family & Parenting,0.85,scraped,
psychologist josé szapocznik,IAB6 Family & Parenting,0.85,scraped,
psychologist ali ibn sahl rabban al-tabari,IAB6 Family & Parenting,0.85,scraped,
"psychologist bluma zeigarnik, (zeigarnik effect)",IAB6 Family & Parenting,0.85,scraped,
psychologist jeffrey s. tanaka,IAB6 Family & Parenting,0.85,scraped,
psychologist shelley e. taylor,IAB6 Family & Parenting,0.85,scraped,
psychologist victor skumin,IAB6 Family & Parenting,0.85,scraped,
"psychologist b. f. skinner, (founder ofradical behaviorism)",IAB6 Family & Parenting,0.85,scraped,
psychologist amy singer,IAB6 Family & Parenting,0.85,scraped,
"psychologist théodore simon, french psychologist who developed thebinet-simon scale",IAB6 Family & Parenting,0.85,scraped,
psychologist eleanor saffran,IAB6 Family & Parenting,0.85,scraped,
psychologist tamaki saitō,IAB6 Family & Parenting,0.85,scraped,
psychologist tora sandström,IAB6 Family & Parenting,0.85,scraped,
psychologist virginia satir,IAB6 Family & Parenting,0.85,scraped,
"psychologist shlomo sawilowsky,psychometrics, construct validity for themultitrait-multimethod matrix",IAB6 Family & Parenting,0.85,scraped,
"psychologist karl e. weick, cognitive organizational psychology",IAB6 Family & Parenting,0.85,scraped,
"psychologist max wertheimer, co-founder of gestalt psychology",IAB6 Family & Parenting,0.85,scraped,
psychologist robert sternberg,IAB6 Family & Parenting,0.85,scraped,
"psychologist henri wallon, french psychology",IAB6 Family & Parenting,0.85,scraped,
psychologist ellis paul torrance,IAB6 Family & Parenting,0.85,scraped,
"psychologist anne treisman,feature integration theory,attenuation theory, object perception, memory",IAB6 Family & Parenting,0.85,scraped,
psychologist reiko true,IAB6 Family & Parenting,0.85,scraped,
"psychologist margaret floy washburn, first female psychology phd",IAB6 Family & Parenting,0.85,scraped,
psychologist kate tsui,IAB6 Family & Parenting,0.85,scraped,
psychologist endel tulving,IAB6 Family & Parenting,0.85,scraped,
"psychologist elliot turiel, founder of domain theory (primary challenge tokohlberg's stages of moral development)",IAB6 Family & Parenting,0.85,scraped,
"psychologist john turner, collaborated with tajfel onsocial identity theoryand later developedself-categorization theory",IAB6 Family & Parenting,0.85,scraped,
psychologist jeanne tsai,IAB6 Family & Parenting,0.85,scraped,
psychologist david tzuriel,IAB6 Family & Parenting,0.85,scraped,
psychologist amos tversky,IAB6 Family & Parenting,0.85,scraped,
psychologist drew westen,IAB6 Family & Parenting,0.85,scraped,
"psychologist joan scott wallace, outside of government service, a psychologist and educator",IAB6 Family & Parenting,0.85,scraped,
psychologist stuart vyse,IAB6 Family & Parenting,0.85,scraped,
"psychologist lev vygotsky, (cultural-historical psychology)",IAB6 Family & Parenting,0.85,scraped,
childcare national childbirth trust,IAB6 Family & Parenting,0.85,scraped,
psychologist vaira vīķe-freiberga,IAB6 Family & Parenting,0.85,scraped,
psychologist magdalen dorothea vernon,IAB6 Family & Parenting,0.85,scraped,
psychologist alfons vansteenwegen,IAB6 Family & Parenting,0.85,scraped,
psychologist douglas vakoch,IAB6 Family & Parenting,0.85,scraped,
psychologist dimitri uznadze,IAB6 Family & Parenting,0.85,scraped,
psychologist hedwig von restorff,IAB6 Family & Parenting,0.85,scraped,
psychologist john tooby,IAB6 Family & Parenting,0.85,scraped,
psychologist edward c. tolman,IAB6 Family & Parenting,0.85,scraped,
psychologist edward titchener,IAB6 Family & Parenting,0.85,scraped,
"psychologist l. l. thurstone, pioneer inpsychometricsandpsychophysics",IAB6 Family & Parenting,0.85,scraped,
"psychologist michael white, (founder ofnarrative therapy)",IAB6 Family & Parenting,0.85,scraped,
"psychologist ken wilber, transpersonal psychology, then integral psychology",IAB6 Family & Parenting,0.85,scraped,
"psychologist glenn d. wilson, personality and sexual behaviour",IAB6 Family & Parenting,0.85,scraped,
psychologist richard wiseman,IAB6 Family & Parenting,0.85,scraped,
psychologist paul watzlawick,IAB6 Family & Parenting,0.85,scraped,
"psychologist władysław witwicki, one of the fathers of psychology inpoland, the creator of the theory of cratism",IAB6 Family & Parenting,0.85,scraped,
psychologist donald woods winnicott,IAB6 Family & Parenting,0.85,scraped,
psychologist robert s. woodworth,IAB6 Family & Parenting,0.85,scraped,
psychologist helen thompson woolley,IAB6 Family & Parenting,0.85,scraped,
"psychologist wilhelm wundt, (one of the founders of modernpsychologyas a discipline, father ofexperimental psychology)",IAB6 Family & Parenting,0.85,scraped,
psychologist karen wynn,IAB6 Family & Parenting,0.85,scraped,
"psychologist fei xu, developmental psychology and cognitive science",IAB6 Family & Parenting,0.85,scraped,
"psychologist rivka yahav, psychotherapist",IAB6 Family & Parenting,0.85,scraped,
"psychologist irvin d. yalom, (existential psychiatrist)",IAB6 Family & Parenting,0.85,scraped,
psychologist robert yerkes,IAB6 Family & Parenting,0.85,scraped,
psychologist robert j. zajonc,IAB6 Family & Parenting,0.85,scraped,
psychologist oliver zangwill,IAB6 Family & Parenting,0.85,scraped,
psychologist gustav adolf wohlgemuth,IAB6 Family & Parenting,0.85,scraped,
"psychologist john b. watson, watsonianbehaviorism",IAB6 Family & Parenting,0.85,scraped,
"psychologist nicole weekes, psychologist and neuroscientist",IAB6 Family & Parenting,0.85,scraped,
"psychologist hans-jürgen walter, (founder ofgestalt theoretical psychotherapy)",IAB6 Family & Parenting,0.85,scraped,
psychologist saul sternberg,IAB6 Family & Parenting,0.85,scraped,
psychologist clara stern,IAB6 Family & Parenting,0.85,scraped,
childcare child protection,IAB6 Family & Parenting,0.85,scraped,
childcare reproductive labor,IAB6 Family & Parenting,0.85,scraped,
psychologist neuroimaging,IAB6 Family & Parenting,0.85,scraped,
psychologist observation,IAB6 Family & Parenting,0.85,scraped,
psychologist psychophysics,IAB6 Family & Parenting,0.85,scraped,
psychologist qualitative research,IAB6 Family & Parenting,0.85,scraped,
psychologist quantitative research,IAB6 Family & Parenting,0.85,scraped,
psychologist self-report inventory,IAB6 Family & Parenting,0.85,scraped,
psychologist behavior epigenetics,IAB6 Family & Parenting,0.85,scraped,
childcare child online protection,IAB6 Family & Parenting,0.85,scraped,
childcare family law,IAB6 Family & Parenting,0.85,scraped,
childcare men in early childhood education,IAB6 Family & Parenting,0.85,scraped,
childcare birth control,IAB6 Family & Parenting,0.85,scraped,
childcare 3d ultrasound,IAB6 Family & Parenting,0.85,scraped,
childcare natural family planning,IAB6 Family & Parenting,0.85,scraped,
childcare male contraceptive,IAB6 Family & Parenting,0.85,scraped,
childcare pre-conception counseling,IAB6 Family & Parenting,0.85,scraped,
childcare assisted reproductive technologyartificial inseminationfertility fraudfertility medicationin vitro fertilisationpartner-assisted reproduction,IAB6 Family & Parenting,0.85,scraped,
childcare fertility awareness,IAB6 Family & Parenting,0.85,scraped,
childcare unintended pregnancy,IAB6 Family & Parenting,0.85,scraped,
childcare artificial insemination,IAB6 Family & Parenting,0.85,scraped,
childcare fertility fraud,IAB6 Family & Parenting,0.85,scraped,
childcare fertility medication,IAB6 Family & Parenting,0.85,scraped,
childcare cost of raising a child,IAB6 Family & Parenting,0.85,scraped,
psychologist interviews,IAB6 Family & Parenting,0.85,scraped,
psychologist human subject research,IAB6 Family & Parenting,0.85,scraped,
psychologist experiments,IAB6 Family & Parenting,0.85,scraped,
psychologist content analysis,IAB6 Family & Parenting,0.85,scraped,
childcare in loco parentis,IAB6 Family & Parenting,0.85,scraped,
childcare minor,IAB6 Family & Parenting,0.85,scraped,
childcare child abuse,IAB6 Family & Parenting,0.85,scraped,
psychologist wiktionary category,IAB6 Family & Parenting,0.85,scraped,
psychologist wiktionary definition,IAB6 Family & Parenting,0.85,scraped,
psychologist category,IAB6 Family & Parenting,0.85,scraped,
psychologist statistical surveys,IAB6 Family & Parenting,0.85,scraped,
psychologist cognitive psychologists,IAB6 Family & Parenting,0.85,scraped,
psychologist cognitive scientists,IAB6 Family & Parenting,0.85,scraped,
psychologist michelle k. ryan,IAB6 Family & Parenting,0.85,scraped,
psychologist educational psychologists,IAB6 Family & Parenting,0.85,scraped,
psychologist psychiatrists,IAB6 Family & Parenting,0.85,scraped,
psychologist social psychologists,IAB6 Family & Parenting,0.85,scraped,
psychologist eminent psychologists of the 20th century,IAB6 Family & Parenting,0.85,scraped,
psychologist philosophy,IAB6 Family & Parenting,0.85,scraped,
psychologist portal,IAB6 Family & Parenting,0.85,scraped,
psychologist psychologist,IAB6 Family & Parenting,0.85,scraped,
psychologist animal testing,IAB6 Family & Parenting,0.85,scraped,
childcare child marriage,IAB6 Family & Parenting,0.85,scraped,
psychologist archival research,IAB6 Family & Parenting,0.85,scraped,
psychologist case study,IAB6 Family & Parenting,0.85,scraped,
childcare in vitro fertilisation,IAB6 Family & Parenting,0.85,scraped,
childcare obstetric ultrasonography,IAB6 Family & Parenting,0.85,scraped,
psychologist sabina spielrein,IAB6 Family & Parenting,0.85,scraped,
childcare child development,IAB6 Family & Parenting,0.85,scraped,
childcare day care sexual abuse hysteria,IAB6 Family & Parenting,0.85,scraped,
childcare ladies' deborah and child's protectory,IAB6 Family & Parenting,0.85,scraped,
childcare day care,IAB6 Family & Parenting,0.85,scraped,
childcare corporate child care,IAB6 Family & Parenting,0.85,scraped,
childcare babysitting,IAB6 Family & Parenting,0.85,scraped,
childcare parental leave,IAB6 Family & Parenting,0.85,scraped,
childcare magda gerber,IAB6 Family & Parenting,0.85,scraped,
childcare nursery school,IAB6 Family & Parenting,0.85,scraped,
childcare forest kindergarten,IAB6 Family & Parenting,0.85,scraped,
childcare playwork,IAB6 Family & Parenting,0.85,scraped,
childcare after-school activity,IAB6 Family & Parenting,0.85,scraped,
childcare pregnancy testhome testing,IAB6 Family & Parenting,0.85,scraped,
psychologist philip zimbardo,IAB6 Family & Parenting,0.85,scraped,
psychologist developmental psychologists,IAB6 Family & Parenting,0.85,scraped,
psychologist rené zazzo,IAB6 Family & Parenting,0.85,scraped,
psychologist paul slovic,IAB6 Family & Parenting,0.85,scraped,
psychologist stanley smith stevens,IAB6 Family & Parenting,0.85,scraped,
psychologist eugene sokolov,IAB6 Family & Parenting,0.85,scraped,
psychologist charles spearman,IAB6 Family & Parenting,0.85,scraped,
psychologist elizabeth spelke,IAB6 Family & Parenting,0.85,scraped,
psychologist janet taylor spence,IAB6 Family & Parenting,0.85,scraped,
psychologist herbert spencer,IAB6 Family & Parenting,0.85,scraped,
childcare adult daycare center,IAB6 Family & Parenting,0.85,scraped,
childcare work-family balance in the united states,IAB6 Family & Parenting,0.85,scraped,
childcare expressive arts and design,IAB6 Family & Parenting,0.85,scraped,
childcare understanding the world,IAB6 Family & Parenting,0.85,scraped,
childcare prenatal testing,IAB6 Family & Parenting,0.85,scraped,
childcare medical imaging,IAB6 Family & Parenting,0.85,scraped,
childcare home testing,IAB6 Family & Parenting,0.85,scraped,
childcare cervical,IAB6 Family & Parenting,0.85,scraped,
childcare cryptic,IAB6 Family & Parenting,0.85,scraped,
childcare ectopic,IAB6 Family & Parenting,0.85,scraped,
childcare abdominal,IAB6 Family & Parenting,0.85,scraped,
childcare heterotopic,IAB6 Family & Parenting,0.85,scraped,
childcare partner-assisted reproduction,IAB6 Family & Parenting,0.85,scraped,
psychologist clinical psychologists,IAB6 Family & Parenting,0.85,scraped,
childcare child care licensing in north carolina,IAB6 Family & Parenting,0.85,scraped,
childcare forgotten baby syndrome,IAB6 Family & Parenting,0.85,scraped,
childcare orphanage,IAB6 Family & Parenting,0.85,scraped,
childcare parenting,IAB6 Family & Parenting,0.85,scraped,
"childcare for children over the age of three and before school (i.e., kindergarten; this law became effective in 1996)",IAB6 Family & Parenting,0.85,scraped,
"childcare for children under the age of three and before kindergarten (i.e., kinderkrippe; this law becomes effective 1 august 2013)",IAB6 Family & Parenting,0.85,scraped,
childcare communication and language,IAB6 Family & Parenting,0.85,scraped,
childcare physical development,IAB6 Family & Parenting,0.85,scraped,
"childcare personal, social and emotional development",IAB6 Family & Parenting,0.85,scraped,
childcare literacy,IAB6 Family & Parenting,0.85,scraped,
childcare mathematics,IAB6 Family & Parenting,0.85,scraped,
psychologist george mandler,IAB6 Family & Parenting,0.85,scraped,
psychologist isabelle kendig,IAB6 Family & Parenting,0.85,scraped,
"psychologist margaret mahler,hungarian, central figure inpsychoanalysis",IAB6 Family & Parenting,0.85,scraped,
childcare acute fatty liver,IAB6 Family & Parenting,0.85,scraped,
childcare liver diseasesacute fatty liverintrahepatic cholestasis,IAB6 Family & Parenting,0.85,scraped,
childcare infectionshivcovid-19hepatitis cmalaria,IAB6 Family & Parenting,0.85,scraped,
childcare skin diseaseslupuspruritic folliculitisdermatoses,IAB6 Family & Parenting,0.85,scraped,
childcare othersdrugsvaginal florableedingmotor vehicle emissionspre-existing diseasesleep,IAB6 Family & Parenting,0.85,scraped,
childcare smoking,IAB6 Family & Parenting,0.85,scraped,
childcare drugs,IAB6 Family & Parenting,0.85,scraped,
childcare alcohol,IAB6 Family & Parenting,0.85,scraped,
childcare opioids,IAB6 Family & Parenting,0.85,scraped,
childcare diabetes,IAB6 Family & Parenting,0.85,scraped,
childcare thyroid disease,IAB6 Family & Parenting,0.85,scraped,
childcare intrahepatic cholestasis,IAB6 Family & Parenting,0.85,scraped,
"parenting styles ""tunnel vision"" diagnosis of children's problems (for example, a parent may think their child is either lazy or haslearning disabilitiesafter he falls behind in school despite recent absence due to illness)",IAB6 Family & Parenting,0.85,scraped,
childcare hiv,IAB6 Family & Parenting,0.85,scraped,
childcare covid-19,IAB6 Family & Parenting,0.85,scraped,
childcare hepatitis c,IAB6 Family & Parenting,0.85,scraped,
childcare malaria,IAB6 Family & Parenting,0.85,scraped,
childcare lupus,IAB6 Family & Parenting,0.85,scraped,
childcare pruritic folliculitis,IAB6 Family & Parenting,0.85,scraped,
childcare cannabis,IAB6 Family & Parenting,0.85,scraped,
childcare unintended,IAB6 Family & Parenting,0.85,scraped,
childcare thomas gordon,IAB6 Family & Parenting,0.85,scraped,
childcare truby king,IAB6 Family & Parenting,0.85,scraped,
childcare endocrine diseasesdiabetesthyroid disease,IAB6 Family & Parenting,0.85,scraped,
childcare substance usesmokingalcoholcannabisopioids,IAB6 Family & Parenting,0.85,scraped,
childcare hypercoagulability,IAB6 Family & Parenting,0.85,scraped,
childcare hypertension,IAB6 Family & Parenting,0.85,scraped,
childcare postpartum care,IAB6 Family & Parenting,0.85,scraped,
childcare postpartum depression,IAB6 Family & Parenting,0.85,scraped,
childcare bleeding,IAB6 Family & Parenting,0.85,scraped,
childcare postpartum confinement,IAB6 Family & Parenting,0.85,scraped,
childcare psychiatric disorders of childbirth,IAB6 Family & Parenting,0.85,scraped,
childcare health visitor,IAB6 Family & Parenting,0.85,scraped,
childcare lactation consultant,IAB6 Family & Parenting,0.85,scraped,
childcare monthly nurse,IAB6 Family & Parenting,0.85,scraped,
childcare confinement nanny,IAB6 Family & Parenting,0.85,scraped,
childcare adaptation to extrauterine life,IAB6 Family & Parenting,0.85,scraped,
childcare apgar score,IAB6 Family & Parenting,0.85,scraped,
childcare child care,IAB6 Family & Parenting,0.85,scraped,
childcare congenital disorders,IAB6 Family & Parenting,0.85,scraped,
childcare gravidity and parity,IAB6 Family & Parenting,0.85,scraped,
childcare parental brain,IAB6 Family & Parenting,0.85,scraped,
childcare sex after pregnancy,IAB6 Family & Parenting,0.85,scraped,
childcare father,IAB6 Family & Parenting,0.85,scraped,
childcare vaginal flora,IAB6 Family & Parenting,0.85,scraped,
childcare dermatoses,IAB6 Family & Parenting,0.85,scraped,
childcare prenatal,IAB6 Family & Parenting,0.85,scraped,
childcare anemia,IAB6 Family & Parenting,0.85,scraped,
parenting styles scapegoating(knowingly or recklesslyblamingone child for the misdeeds of another),IAB6 Family & Parenting,0.85,scraped,
parenting styles oldersiblingsgiven either no or excessiveauthorityover younger siblings with respect to their age difference and level ofmaturity,IAB6 Family & Parenting,0.85,scraped,
childcare abortion,IAB6 Family & Parenting,0.85,scraped,
parenting styles being under- orover-protective,IAB6 Family & Parenting,0.85,scraped,
childcare latvia,IAB6 Family & Parenting,0.85,scraped,
childcare nara,IAB6 Family & Parenting,0.85,scraped,
"parenting styles children who experience anger and resentment coupled with the downsides of both inhibitedself-efficacyand highself-blameoften retreat intoescapist behaviors, including but not limited tosubstance abuse, and are at heightened risk forsuicide.",IAB6 Family & Parenting,0.85,scraped,
parenting styles self-importance,IAB6 Family & Parenting,0.85,scraped,
parenting styles no respect for boundaries,IAB6 Family & Parenting,0.85,scraped,
parenting styles communication as warfare,IAB6 Family & Parenting,0.85,scraped,
parenting styles gaslighting,IAB6 Family & Parenting,0.85,scraped,
parenting styles playing the victim,IAB6 Family & Parenting,0.85,scraped,
parenting styles unrealistic expectations,IAB6 Family & Parenting,0.85,scraped,
"parenting styles ""not your business"" (children continuously told that a particular brother or sister who is often causing problems is none of their concern)",IAB6 Family & Parenting,0.85,scraped,
"parenting styles belittling (""you can't do anything right!"")",IAB6 Family & Parenting,0.85,scraped,
"parenting styles frequent withholding of consent (""blessing"") for culturally common, lawful, and age-appropriate activities a child wants to take part in",IAB6 Family & Parenting,0.85,scraped,
"parenting styles shame(""shame on you!"")",IAB6 Family & Parenting,0.85,scraped,
"parenting styles bitterness (regardless of what is said, using a bittertone of voice)",IAB6 Family & Parenting,0.85,scraped,
"parenting styles hypocrisy(""do as i say, not as i do"")",IAB6 Family & Parenting,0.85,scraped,
parenting styles lack offorgivenessfor minor misdeeds or accidents,IAB6 Family & Parenting,0.85,scraped,
"parenting styles judgmental statements ordemonization(""you are a liar!"")",IAB6 Family & Parenting,0.85,scraped,
"parenting styles double standards or giving ""mixed messages"" by having a dual system ofvalues(i.e. one set for the outside world, another when in private, or teaching divergent values to each child)",IAB6 Family & Parenting,0.85,scraped,
"parenting styles the absentee parent (seldom available for their child due towork overload, alcohol/drug abuse,gambling, or other addictions)",IAB6 Family & Parenting,0.85,scraped,
"parenting styles unfulfilled projects, activities, and promises affecting children (""we'll do it later"")",IAB6 Family & Parenting,0.85,scraped,
parenting styles giving to one child what rightly belongs to another,IAB6 Family & Parenting,0.85,scraped,
parenting styles genderprejudice(treats one gender of children fairly; the other unfairly),IAB6 Family & Parenting,0.85,scraped,
childcare czech republic2,IAB6 Family & Parenting,0.85,scraped,
childcare japan,IAB6 Family & Parenting,0.85,scraped,
"parenting styles discussion and exposure to sexuality: either too much, too soon or too little, too late",IAB6 Family & Parenting,0.85,scraped,
"parenting styles faultydisciplinebased more onemotionsor familypoliticsthan on established rules (e.g.,punishmentby ""surprise"")",IAB6 Family & Parenting,0.85,scraped,
"parenting styles the ""know-it-all"" (has no need to obtain child's side of the story when accusing, or listen to child's opinions on matters which greatly impact them)",IAB6 Family & Parenting,0.85,scraped,
"parenting styles regularly forcing children to attend activities for which they are extremely over- or under-qualified (e.g. using a preschool to babysit a typical nine-year-old boy, taking a young child to poker games, etc.)",IAB6 Family & Parenting,0.85,scraped,
"parenting styles either being amiser(""scrooge"") in totality or selectively allowing children's needs to go unmet (e.g. a father will not buy a bicycle for his son because he wants to save money forretirementor ""something important"")",IAB6 Family & Parenting,0.85,scraped,
"parenting styles disagreements aboutnature and nurture(parents, often non-biological, blame common problems on child'sheredity, when faulty parenting may be the actual cause)",IAB6 Family & Parenting,0.85,scraped,
"parenting styles ""using"" (destructivelynarcissistic parentswho rule by fear and conditional love)",IAB6 Family & Parenting,0.85,scraped,
"parenting styles abusing(parents who use physical violence, oremotionally, orsexuallyabuse their children)",IAB6 Family & Parenting,0.85,scraped,
"parenting styles perfectionist(fixating on order, prestige, power, or perfect appearances, while preventing their child from failing at anything)",IAB6 Family & Parenting,0.85,scraped,
"parenting styles dogmaticorcult-like (harsh and inflexiblediscipline, with children not allowed, within reason, to dissent, questionauthority, or develop their ownvalue system)",IAB6 Family & Parenting,0.85,scraped,
parenting styles inequitable parenting (going to extremes for one child while continually ignoring the needs of another),IAB6 Family & Parenting,0.85,scraped,
"parenting styles deprivation(control orneglectby withholding love,support, necessities,sympathy,praise,attention, encouragement,supervision, or otherwise putting their children's well-being at risk)",IAB6 Family & Parenting,0.85,scraped,
parenting styles abuse amongsiblings(parents fail to intervene when a sibling physically or sexually abuses another sibling),IAB6 Family & Parenting,0.85,scraped,
"parenting styles abandonment(a parent who willfully separates from their children, not wishing any further contact, and in some cases without locating alternative, long-term parenting arrangements, leaving them asorphans)",IAB6 Family & Parenting,0.85,scraped,
"parenting styles appeasement(parents who reward bad behavior—even by their own standards—and inevitably punish another child's good behavior in order to maintain the peace and avoidtemper tantrums.""peace at any price"")",IAB6 Family & Parenting,0.85,scraped,
"parenting styles loyalty manipulation (giving unearned rewards and lavish attention trying to ensure a favored yet rebellious child will be the one most loyal and well-behaved, while subtly ignoring the wants and needs of their most loyal child currently)",IAB6 Family & Parenting,0.85,scraped,
"parenting styles ""the deceivers"" (well-regarded parents in the community, likely to be involved in some charitable/non-profit works, who abuse or mistreat one or more of their children)",IAB6 Family & Parenting,0.85,scraped,
"parenting styles ""public image manager"" (sometimes related to above, children warned to not disclose what fights, abuse, or damage happens at home, or face severe punishment.""don't tell anyone what goes on in this family"")",IAB6 Family & Parenting,0.85,scraped,
"parenting styles ""theparanoidparent"" (a parent having persistent and irrationalfearaccompanied byangerandfalse accusationsthat their child is up to no good or others are plotting harm)",IAB6 Family & Parenting,0.85,scraped,
"parenting styles ""no friends allowed"" (parents discourage, prohibit, or interfere with their child from making friends of the same age and gender)",IAB6 Family & Parenting,0.85,scraped,
parenting styles role reversal (parents who expect their minor children to take care of them instead),IAB6 Family & Parenting,0.85,scraped,
"parenting styles parents always (or never) take their children's side when others report acts of misbehavior, or teachers report problems at school",IAB6 Family & Parenting,0.85,scraped,
"parenting styles having an unpredictable emotional state due tosubstance abuse,personality disorder(s), orstress",IAB6 Family & Parenting,0.85,scraped,
childcare lochia,IAB6 Family & Parenting,0.85,scraped,
childcare nonstress test,IAB6 Family & Parenting,0.85,scraped,
"parenting styles ultra-egalitarianism(either a much younger child is permitted to do whatever an older child may, or an older child must wait years until a younger child is mature enough)",IAB6 Family & Parenting,0.85,scraped,
childcare haim ginott,IAB6 Family & Parenting,0.85,scraped,
childcare corporal punishment in the home,IAB6 Family & Parenting,0.85,scraped,
childcare curfew,IAB6 Family & Parenting,0.85,scraped,
childcare grounding,IAB6 Family & Parenting,0.85,scraped,
childcare positive discipline,IAB6 Family & Parenting,0.85,scraped,
childcare tactical ignoring,IAB6 Family & Parenting,0.85,scraped,
childcare time-out,IAB6 Family & Parenting,0.85,scraped,
childcare adverse childhood experiences,IAB6 Family & Parenting,0.85,scraped,
childcare child abandonment,IAB6 Family & Parenting,0.85,scraped,
childcare child labour,IAB6 Family & Parenting,0.85,scraped,
childcare toy(educational),IAB6 Family & Parenting,0.85,scraped,
childcare adoptive,IAB6 Family & Parenting,0.85,scraped,
childcare amniotic fluid,IAB6 Family & Parenting,0.85,scraped,
childcare parent,IAB6 Family & Parenting,0.85,scraped,
childcare silent birth,IAB6 Family & Parenting,0.85,scraped,
childcare unassisted childbirth,IAB6 Family & Parenting,0.85,scraped,
childcare water birth,IAB6 Family & Parenting,0.85,scraped,
childcare placental expulsion,IAB6 Family & Parenting,0.85,scraped,
childcare cervical dilation,IAB6 Family & Parenting,0.85,scraped,
childcare cervical effacement,IAB6 Family & Parenting,0.85,scraped,
childcare position,IAB6 Family & Parenting,0.85,scraped,
childcare breech,IAB6 Family & Parenting,0.85,scraped,
childcare cephalic,IAB6 Family & Parenting,0.85,scraped,
childcare blanket training,IAB6 Family & Parenting,0.85,scraped,
childcare positive parenting program,IAB6 Family & Parenting,0.85,scraped,
psychologist eleanor maccoby,IAB6 Family & Parenting,0.85,scraped,
childcare cinderella effect,IAB6 Family & Parenting,0.85,scraped,
childcare diana baumrind,IAB6 Family & Parenting,0.85,scraped,
childcare john bowlby,IAB6 Family & Parenting,0.85,scraped,
childcare t. berry brazelton,IAB6 Family & Parenting,0.85,scraped,
childcare rudolf dreikurs,IAB6 Family & Parenting,0.85,scraped,
childcare david elkind,IAB6 Family & Parenting,0.85,scraped,
childcare jo frost,IAB6 Family & Parenting,0.85,scraped,
childcare right to family life,IAB6 Family & Parenting,0.85,scraped,
childcare alloparenting,IAB6 Family & Parenting,0.85,scraped,
childcare codependency,IAB6 Family & Parenting,0.85,scraped,
childcare child neglect,IAB6 Family & Parenting,0.85,scraped,
childcare identification (psychology),IAB6 Family & Parenting,0.85,scraped,
childcare kommune 1,IAB6 Family & Parenting,0.85,scraped,
childcare latchkey kid,IAB6 Family & Parenting,0.85,scraped,
childcare moral development,IAB6 Family & Parenting,0.85,scraped,
childcare normative social influence,IAB6 Family & Parenting,0.85,scraped,
childcare parent management training,IAB6 Family & Parenting,0.85,scraped,
childcare play(date),IAB6 Family & Parenting,0.85,scraped,
childcare role model,IAB6 Family & Parenting,0.85,scraped,
childcare social integration,IAB6 Family & Parenting,0.85,scraped,
childcare television,IAB6 Family & Parenting,0.85,scraped,
childcare the talk (race),IAB6 Family & Parenting,0.85,scraped,
childcare shoulder,IAB6 Family & Parenting,0.85,scraped,
childcare amniotic sac,IAB6 Family & Parenting,0.85,scraped,
childcare chorionic villus sampling,IAB6 Family & Parenting,0.85,scraped,
childcare rupture of membranes,IAB6 Family & Parenting,0.85,scraped,
childcare immunization,IAB6 Family & Parenting,0.85,scraped,
childcare obstetrician,IAB6 Family & Parenting,0.85,scraped,
childcare traditional birth attendant,IAB6 Family & Parenting,0.85,scraped,
childcare preterm birth,IAB6 Family & Parenting,0.85,scraped,
childcare auxiliary nurse midwife,IAB6 Family & Parenting,0.85,scraped,
childcare pelvimetry/bishop scorecervical dilationcervical effacementposition,IAB6 Family & Parenting,0.85,scraped,
childcare bloody show,IAB6 Family & Parenting,0.85,scraped,
childcare uterine contraction,IAB6 Family & Parenting,0.85,scraped,
childcare vaginal delivery,IAB6 Family & Parenting,0.85,scraped,
childcare presentationbreechcephalicshoulder,IAB6 Family & Parenting,0.85,scraped,
childcare caesarean,IAB6 Family & Parenting,0.85,scraped,
childcare endometrium,IAB6 Family & Parenting,0.85,scraped,
childcare childbirth positions,IAB6 Family & Parenting,0.85,scraped,
childcare perinatal nurse,IAB6 Family & Parenting,0.85,scraped,
childcare concomitant conditionsanemiahypertensionhypercoagulabilitysubstance usesmokingalcoholcannabisopioidsendocrine diseasesdiabetesthyroid diseaseliver diseasesacute fatty liverintrahepatic cholestasisinfectionshivcovid-19hepatitis cmalariaskin diseaseslupuspruritic folliculitisdermatosesothersdrugsvaginal florableedingmotor vehicle emissionspre-existing diseasesleep,IAB6 Family & Parenting,0.85,scraped,
childcare environmental toxicants,IAB6 Family & Parenting,0.85,scraped,
childcare in pregnancy,IAB6 Family & Parenting,0.85,scraped,
childcare motor vehicle emissions,IAB6 Family & Parenting,0.85,scraped,
childcare pre-existing disease,IAB6 Family & Parenting,0.85,scraped,
childcare sleep,IAB6 Family & Parenting,0.85,scraped,
childcare amniocentesis,IAB6 Family & Parenting,0.85,scraped,
childcare cardiotocography,IAB6 Family & Parenting,0.85,scraped,
childcare midwifeauxiliary nurse midwife,IAB6 Family & Parenting,0.85,scraped,
childcare men's roles,IAB6 Family & Parenting,0.85,scraped,
childcare birth attendant,IAB6 Family & Parenting,0.85,scraped,
childcare doula,IAB6 Family & Parenting,0.85,scraped,
childcare placenta,IAB6 Family & Parenting,0.85,scraped,
childcare embryo,IAB6 Family & Parenting,0.85,scraped,
childcare fetus,IAB6 Family & Parenting,0.85,scraped,
childcare fundal height,IAB6 Family & Parenting,0.85,scraped,
childcare gestational age,IAB6 Family & Parenting,0.85,scraped,
childcare maternal physiological changes,IAB6 Family & Parenting,0.85,scraped,
childcare postpartum physiological changes,IAB6 Family & Parenting,0.85,scraped,
childcare brain health and pollution,IAB6 Family & Parenting,0.85,scraped,
childcare nutritionenvironmental toxicantsin pregnancyprenatal,IAB6 Family & Parenting,0.85,scraped,
childcare prenatal depression,IAB6 Family & Parenting,0.85,scraped,
childcare natural childbirth,IAB6 Family & Parenting,0.85,scraped,
childcare multiple birth,IAB6 Family & Parenting,0.85,scraped,
childcare labor induction,IAB6 Family & Parenting,0.85,scraped,
childcare home birth,IAB6 Family & Parenting,0.85,scraped,
childcare interstitial,IAB6 Family & Parenting,0.85,scraped,
childcare rudimentary horn,IAB6 Family & Parenting,0.85,scraped,
psychologist j. j. gibson,IAB6 Family & Parenting,0.85,scraped,
childcare lamaze,IAB6 Family & Parenting,0.85,scraped,
childcare mother,IAB6 Family & Parenting,0.85,scraped,
childcare newbornpreterm birth,IAB6 Family & Parenting,0.85,scraped,
childcare postterm pregnancy,IAB6 Family & Parenting,0.85,scraped,
"parenting styles apathy(""i don't care!"")",IAB6 Family & Parenting,0.85,scraped,
childcare the talk (sex education),IAB6 Family & Parenting,0.85,scraped,
"parenting styles ""the guard dog"" (a parent who blindly attacks family members perceived as causing the slightest upset to their esteemed spouse, partner, or child)",IAB6 Family & Parenting,0.85,scraped,
childcare cradle board,IAB6 Family & Parenting,0.85,scraped,
childcare closed adoption,IAB6 Family & Parenting,0.85,scraped,
childcare cry room,IAB6 Family & Parenting,0.85,scraped,
childcare fetal alcohol spectrum disorder,IAB6 Family & Parenting,0.85,scraped,
childcare infant ear piercing,IAB6 Family & Parenting,0.85,scraped,
childcare open adoption,IAB6 Family & Parenting,0.85,scraped,
childcare prenatal cocaine exposure,IAB6 Family & Parenting,0.85,scraped,
childcare neonatal withdrawal syndrome,IAB6 Family & Parenting,0.85,scraped,
childcare parental child abduction,IAB6 Family & Parenting,0.85,scraped,
childcare travel cot,IAB6 Family & Parenting,0.85,scraped,
childcare paternitypaternity fraud,IAB6 Family & Parenting,0.85,scraped,
childcare teething,IAB6 Family & Parenting,0.85,scraped,
childcare baby bouncer,IAB6 Family & Parenting,0.85,scraped,
childcare walking,IAB6 Family & Parenting,0.85,scraped,
childcare weaning,IAB6 Family & Parenting,0.85,scraped,
childcare attachment,IAB6 Family & Parenting,0.85,scraped,
childcare children's rightsun child rights,IAB6 Family & Parenting,0.85,scraped,
childcare circumcision,IAB6 Family & Parenting,0.85,scraped,
childcare grandparent visitation,IAB6 Family & Parenting,0.85,scraped,
childcare infant swimming,IAB6 Family & Parenting,0.85,scraped,
childcare milk bank,IAB6 Family & Parenting,0.85,scraped,
childcare wet nurse,IAB6 Family & Parenting,0.85,scraped,
childcare un child rights,IAB6 Family & Parenting,0.85,scraped,
childcare babywearing,IAB6 Family & Parenting,0.85,scraped,
childcare baby shower,IAB6 Family & Parenting,0.85,scraped,
childcare child vehicular heat stroke deaths,IAB6 Family & Parenting,0.85,scraped,
childcare teether,IAB6 Family & Parenting,0.85,scraped,
childcare bottle feeding,IAB6 Family & Parenting,0.85,scraped,
childcare colic,IAB6 Family & Parenting,0.85,scraped,
childcare cradle cap,IAB6 Family & Parenting,0.85,scraped,
childcare esotropia,IAB6 Family & Parenting,0.85,scraped,
childcare failure to thrive,IAB6 Family & Parenting,0.85,scraped,
childcare parents against child exploitation,IAB6 Family & Parenting,0.85,scraped,
childcare play,IAB6 Family & Parenting,0.85,scraped,
childcare prenatal development,IAB6 Family & Parenting,0.85,scraped,
childcare prenatal development table,IAB6 Family & Parenting,0.85,scraped,
childcare haberman feeder,IAB6 Family & Parenting,0.85,scraped,
childcare high chair,IAB6 Family & Parenting,0.85,scraped,
"childcare infant bed(american 'crib' and 'cradle', british 'cot')",IAB6 Family & Parenting,0.85,scraped,
childcare infant carrier,IAB6 Family & Parenting,0.85,scraped,
childcare infant clothing,IAB6 Family & Parenting,0.85,scraped,
childcare pacifier,IAB6 Family & Parenting,0.85,scraped,
childcare playpen,IAB6 Family & Parenting,0.85,scraped,
childcare stroller,IAB6 Family & Parenting,0.85,scraped,
childcare supplemental nursing system,IAB6 Family & Parenting,0.85,scraped,
childcare swaddling,IAB6 Family & Parenting,0.85,scraped,
childcare swim diaper,IAB6 Family & Parenting,0.85,scraped,
childcare baby wipes,IAB6 Family & Parenting,0.85,scraped,
childcare diaper,IAB6 Family & Parenting,0.85,scraped,
childcare baby monitor/hidden camera,IAB6 Family & Parenting,0.85,scraped,
childcare breastfeeding and medications,IAB6 Family & Parenting,0.85,scraped,
psychologist yūjirō motora,IAB6 Family & Parenting,0.85,scraped,
"psychologist theodore millon,personality disorders",IAB6 Family & Parenting,0.85,scraped,
psychologist brenda milner,IAB6 Family & Parenting,0.85,scraped,
"psychologist arnold mindell,process oriented psychology",IAB6 Family & Parenting,0.85,scraped,
"psychologist walter mischel, (marshmallow experiment)",IAB6 Family & Parenting,0.85,scraped,
psychologist munesuke mita,IAB6 Family & Parenting,0.85,scraped,
psychologist john money,IAB6 Family & Parenting,0.85,scraped,
psychologist maria montessori,IAB6 Family & Parenting,0.85,scraped,
"psychologist jacob l. moreno,psychodrama",IAB6 Family & Parenting,0.85,scraped,
"psychologist c. lloyd morgan,canon",IAB6 Family & Parenting,0.85,scraped,
psychologist john morton,IAB6 Family & Parenting,0.85,scraped,
psychologist paul meehl,IAB6 Family & Parenting,0.85,scraped,
childcare baby powder,IAB6 Family & Parenting,0.85,scraped,
psychologist george herbert mead,IAB6 Family & Parenting,0.85,scraped,
psychologist david mcneill,IAB6 Family & Parenting,0.85,scraped,
psychologist peter mcguffin,IAB6 Family & Parenting,0.85,scraped,
psychologist marc lewis,IAB6 Family & Parenting,0.85,scraped,
"psychologist rensis likert,likert scale",IAB6 Family & Parenting,0.85,scraped,
psychologist marsha m. linehan,IAB6 Family & Parenting,0.85,scraped,
"psychologist elizabeth loftus,memory",IAB6 Family & Parenting,0.85,scraped,
psychologist konrad lorenz,IAB6 Family & Parenting,0.85,scraped,
psychologist alexander luria,IAB6 Family & Parenting,0.85,scraped,
"parenting styles ""my baby forever"" (a parent who will not allow one or more of their young children to grow up and begin taking care of themselves)",IAB6 Family & Parenting,0.85,scraped,
"psychologist william r. miller, (motivational interviewing (mi))",IAB6 Family & Parenting,0.85,scraped,
"psychologist neal e. miller,biofeedback",IAB6 Family & Parenting,0.85,scraped,
psychologist jacques-alain miller,IAB6 Family & Parenting,0.85,scraped,
psychologist george a. miller,IAB6 Family & Parenting,0.85,scraped,
childcare baby shampoo,IAB6 Family & Parenting,0.85,scraped,
childcare baby toy,IAB6 Family & Parenting,0.85,scraped,
childcare baby walker,IAB6 Family & Parenting,0.85,scraped,
childcare bib,IAB6 Family & Parenting,0.85,scraped,
childcare baby swing,IAB6 Family & Parenting,0.85,scraped,
childcare baby transport,IAB6 Family & Parenting,0.85,scraped,
childcare bassinet,IAB6 Family & Parenting,0.85,scraped,
childcare car seat safetychild vehicular heat stroke deaths,IAB6 Family & Parenting,0.85,scraped,
childcare cloth diaper,IAB6 Family & Parenting,0.85,scraped,
childcare baby gate,IAB6 Family & Parenting,0.85,scraped,
childcare postterm,IAB6 Family & Parenting,0.85,scraped,
childcare bradley method,IAB6 Family & Parenting,0.85,scraped,
childcare molar,IAB6 Family & Parenting,0.85,scraped,
psychologist jacques mehler,IAB6 Family & Parenting,0.85,scraped,
psychologist rivka bertisch meir,IAB6 Family & Parenting,0.85,scraped,
psychologist andrew meltzoff,IAB6 Family & Parenting,0.85,scraped,
psychologist ronald melzack,IAB6 Family & Parenting,0.85,scraped,
psychologist wolfgang metzger,IAB6 Family & Parenting,0.85,scraped,
psychologist david e. meyer,IAB6 Family & Parenting,0.85,scraped,
"psychologist stanley milgram, (milgram experiment)",IAB6 Family & Parenting,0.85,scraped,
psychologist alice miller,IAB6 Family & Parenting,0.85,scraped,
childcare breastfeeding and mental health,IAB6 Family & Parenting,0.85,scraped,
childcare diaper bag,IAB6 Family & Parenting,0.85,scraped,
childcare breastfeeding,IAB6 Family & Parenting,0.85,scraped,
parenting styles resources for infant education(rie),IAB6 Family & Parenting,0.85,scraped,
"parenting styles harris. judith r. ""the nurture assumption: why children turn out the way they do,"" new york times 1998.",IAB6 Family & Parenting,0.85,scraped,
"parenting styles robert feldman, phd at the university of massachusetts amherst. child development third edition",IAB6 Family & Parenting,0.85,scraped,
"parenting styles ""the cheerleader"" (one parent ""cheers on"" the other parent who is simultaneously abusing their child)",IAB6 Family & Parenting,0.85,scraped,
"parenting styles ""along for the ride"" (a reluctantde facto,step,foster, oradoptiveparent who does not truly care about their non-biological child, but must co-exist in the same home for the sake of their spouse or partner) (see also:cinderella effect)",IAB6 Family & Parenting,0.85,scraped,
"parenting styles ""the politician"" (a parent who repeatedly makes or agrees to children's promises while having little to no intention of keeping them)",IAB6 Family & Parenting,0.85,scraped,
"parenting styles ""it's taboo"" (parents rebuff any questions children may have about sexuality,pregnancy, romance,puberty, certain areas of human anatomy, nudity, etc.)",IAB6 Family & Parenting,0.85,scraped,
"parenting styles identified patient(one child, usually selected by the mother, who is forced into going to therapy while the family's overall dysfunction is kept hidden)",IAB6 Family & Parenting,0.85,scraped,
"parenting styles münchausen syndrome by proxy(a much more extreme situation than above, where the child is intentionally made ill by a parentseeking attentionfrom physicians and other professionals)",IAB6 Family & Parenting,0.85,scraped,
parenting styles dysfunctional family,IAB6 Family & Parenting,0.85,scraped,
parenting styles neglect,IAB6 Family & Parenting,0.85,scraped,
parenting styles hong kong children,IAB6 Family & Parenting,0.85,scraped,
parenting styles adoptive,IAB6 Family & Parenting,0.85,scraped,
parenting styles battle hymn of the tiger mother,IAB6 Family & Parenting,0.85,scraped,
"parenting styles morris, a. s., cui, l., &steinberg, l.(2013). parenting research and themes: what we have learned and where to go next. in r. e. larzelere, a. s. morris, & a. w. harrist (eds.), authoritative parenting: synthesizing nurturance and discipline for optimal child development (pp. 35–58). washington, dc: american psychological association.",IAB6 Family & Parenting,0.85,scraped,
parenting styles reflective parenting,IAB6 Family & Parenting,0.85,scraped,
"parenting styles hong, j.s. (2021). ""parenting style and bullying and victimization: comparing foreign-born asian, us-born asian, and white american adolescents"".journal of family violence.36(7):799–811.doi:10.1007/s10896-020-00176-y.s2cid220294556.",IAB6 Family & Parenting,0.85,scraped,
"parenting styles fatima, s. (2022). ""parenting styles, moral identity and prosocial behaviors in adolescents"".current psychology.41(2):902–910.doi:10.1007/s12144-020-00609-3.s2cid212920276.",IAB6 Family & Parenting,0.85,scraped,
"parenting styles younesian, s. (2021). ""maternal interactive beliefs and style as predictors of language development in preterm and full-term children"".journal of child language.48(2):215–243.doi:10.1017/s0305000920000148.pmid32618520.s2cid220328655.",IAB6 Family & Parenting,0.85,scraped,
"parenting styles sanvictores t, mendez md. (2023). ""types of parenting styles and effects on children"".statpearls. statpearls.pmid33760502.",IAB6 Family & Parenting,0.85,scraped,
"parenting styles zhang, x. (2021). ""resting heart rate mediates the relationship between parenting style and callous-unemotional traits in chinese children"".research on child and adolescent psychopathology.49(11):1419–1430.doi:10.1007/s10802-021-00834-9.pmid34128174.s2cid235438369.",IAB6 Family & Parenting,0.85,scraped,
"parenting styles ong, m.y. (2018).""the influence of perceived parenting styles on socio-emotional development from pre-puberty into puberty"".european child & adolescent psychiatry.27(1):37–46.doi:10.1007/s00787-017-1016-9.pmc5799331.pmid28631023.",IAB6 Family & Parenting,0.85,scraped,
"parenting styles edenroth-cato, f. (2020). ""motherhood and highly sensitive children in an online discussion forum"".health: an interdisciplinary journal for the social study of health, illness and medicine.24(4):442–458.doi:10.1177/1363459318812003.pmid30458638.s2cid53943559.barnhart, c.; raval, v.; jansari, a.; raval, p. (2013). ""perception of parenting style among college students in india and the united states"".journal of child family stud.22(5):684–693.doi:10.1007/s10826-012-9621-1.s2cid145393764.",IAB6 Family & Parenting,0.85,scraped,
childcare germany,IAB6 Family & Parenting,0.85,scraped,
parenting styles blended family,IAB6 Family & Parenting,0.85,scraped,
"parenting styles pomeranz, e.; wang, q. (2009). ""the role of parental control in children's development in western and east asia countries"".current directions in psychological science.18(5):285–289.doi:10.1111/j.1467-8721.2009.01653.x.s2cid145272128.",IAB6 Family & Parenting,0.85,scraped,
parenting styles mother,IAB6 Family & Parenting,0.85,scraped,
"parenting styles chua, amy.why chinese mothers are superiorthe wall street journal",IAB6 Family & Parenting,0.85,scraped,
"parenting styles estep, hanna m.; olson, james n. (december 2011). ""parenting style, academic dishonesty, and infidelity in college students"".college student journal.45(4):830–839.galea278276704.",IAB6 Family & Parenting,0.85,scraped,
"parenting styles grobman, k.h. (2003).  diana baumrind's (1966) prototypical descriptions of 3 parenting styles. retrieved fromdiana baumrind & parenting styles",IAB6 Family & Parenting,0.85,scraped,
"parenting styles rinaldi, christina m.; howe, nina (april 2012).""mothers' and fathers' parenting styles and associations with toddlers' externalizing, internalizing, and adaptive behaviors""(pdf).early childhood research quarterly.27(2):266–273.doi:10.1016/j.ecresq.2011.08.001.",IAB6 Family & Parenting,0.85,scraped,
"parenting styles rivers, j.; mullis, a. k.; fortner, l. a.; mullis, r. l. (2012). ""relationships between parenting styles and the academic performance of adolescents"".journal of family social work.15(3):202–216.doi:10.1080/10522158.2012.666644.s2cid144485738.",IAB6 Family & Parenting,0.85,scraped,
"parenting styles schary, d. p.; cardinal, b. j.; loprinzi, p. d. (2012). ""parenting style associated with sedentary behaviour in preschool children"".early child development & care.182(8):1015–1026.doi:10.1080/03004430.2012.678596.s2cid144427759.",IAB6 Family & Parenting,0.85,scraped,
"parenting styles williams, k.; ciarrochi, j.; heaven, p. (2012). ""inflexible parents, inflexible kids: a 6-year longitudinal study of parenting style and the development of psychological flexibility in adolescents"".journal of youth and adolescence.41(8):1053–1066.doi:10.1007/s10964-012-9744-0.pmid22311519.s2cid207207009.",IAB6 Family & Parenting,0.85,scraped,
"parenting styles spera, c (2005). ""a review of the relationship among parenting practices, parenting styles, and adolescent school achievement"".educational psychology review.17(2):125–146.citeseerx10.1.1.596.237.doi:10.1007/s10648-005-3950-1.s2cid11050947.",IAB6 Family & Parenting,0.85,scraped,
"parenting styles ""attachment parenting: q&a with lysa parker, co-chairman of attachment parenting international.""bundoo.com. retrieved fromattachment parenting: q&a with lysa parker",IAB6 Family & Parenting,0.85,scraped,
parenting styles parent,IAB6 Family & Parenting,0.85,scraped,
"parenting styles warash, bobbie. ""are middle-class parents authoritative with a touch of permissiveness?.""delta kappa gammabulletin 74. 22007 28-31.",IAB6 Family & Parenting,0.85,scraped,
parenting styles single parent,IAB6 Family & Parenting,0.85,scraped,
childcare breast pump,IAB6 Family & Parenting,0.85,scraped,
parenting styles alloparenting,IAB6 Family & Parenting,0.85,scraped,
parenting styles coparenting,IAB6 Family & Parenting,0.85,scraped,
parenting styles extended family,IAB6 Family & Parenting,0.85,scraped,
parenting styles foster care,IAB6 Family & Parenting,0.85,scraped,
parenting styles noncustodial,IAB6 Family & Parenting,0.85,scraped,
parenting styles nuclear family,IAB6 Family & Parenting,0.85,scraped,
parenting styles orphaned,IAB6 Family & Parenting,0.85,scraped,
parenting styles same-sex,IAB6 Family & Parenting,0.85,scraped,
parenting styles shared parenting,IAB6 Family & Parenting,0.85,scraped,
"parenting styles bornstein, m.; putnick, d. (2012).""cognitive and socioemotional caregiving in developing countries"".child development.83(1):46–61.doi:10.1111/j.1467-8624.2011.01673.x.pmc3270892.pmid22277006.",IAB6 Family & Parenting,0.85,scraped,
parenting styles father,IAB6 Family & Parenting,0.85,scraped,
"parenting styles ""ch. 1 introduction - psychology | openstax"".openstax.org. 8 december 2014. retrieved2022-01-22.",IAB6 Family & Parenting,0.85,scraped,
childcare irritant diaper dermatitis,IAB6 Family & Parenting,0.85,scraped,
childcare infant crying,IAB6 Family & Parenting,0.85,scraped,
childcare kangaroo care,IAB6 Family & Parenting,0.85,scraped,
childcare nursery rhyme,IAB6 Family & Parenting,0.85,scraped,
childcare object permanence,IAB6 Family & Parenting,0.85,scraped,
childcare infant feeding,IAB6 Family & Parenting,0.85,scraped,
childcare infant bathing,IAB6 Family & Parenting,0.85,scraped,
childcare infant and toddler safety,IAB6 Family & Parenting,0.85,scraped,
childcare annette lareau,IAB6 Family & Parenting,0.85,scraped,
childcare penelope leach,IAB6 Family & Parenting,0.85,scraped,
childcare matthew sanders,IAB6 Family & Parenting,0.85,scraped,
childcare william sears,IAB6 Family & Parenting,0.85,scraped,
childcare b. f. skinner,IAB6 Family & Parenting,0.85,scraped,
childcare benjamin spock,IAB6 Family & Parenting,0.85,scraped,
childcare families need fathers,IAB6 Family & Parenting,0.85,scraped,
childcare mothers apart from their children,IAB6 Family & Parenting,0.85,scraped,
childcare mothers' union,IAB6 Family & Parenting,0.85,scraped,
childcare national fatherhood initiative,IAB6 Family & Parenting,0.85,scraped,
childcare national parents organization,IAB6 Family & Parenting,0.85,scraped,
childcare peekaboo,IAB6 Family & Parenting,0.85,scraped,
childcare parent–teacher association,IAB6 Family & Parenting,0.85,scraped,
childcare baby food,IAB6 Family & Parenting,0.85,scraped,
childcare infant cognitive development,IAB6 Family & Parenting,0.85,scraped,
childcare infant food safety,IAB6 Family & Parenting,0.85,scraped,
childcare infant visual development,IAB6 Family & Parenting,0.85,scraped,
childcare oral rehydration therapypedialyte,IAB6 Family & Parenting,0.85,scraped,
parenting styles tough love § parenting and cultures,IAB6 Family & Parenting,0.85,scraped,
childcare alan e. kazdin,IAB6 Family & Parenting,0.85,scraped,
childcare paternity fraud,IAB6 Family & Parenting,0.85,scraped,
childcare parenting plan,IAB6 Family & Parenting,0.85,scraped,
childcare crawling,IAB6 Family & Parenting,0.85,scraped,
childcare infant massage,IAB6 Family & Parenting,0.85,scraped,
childcare infant respiratory distress syndrome,IAB6 Family & Parenting,0.85,scraped,
childcare infant sleep training,IAB6 Family & Parenting,0.85,scraped,
childcare neonatal intensive care unit,IAB6 Family & Parenting,0.85,scraped,
childcare newborn care and safety,IAB6 Family & Parenting,0.85,scraped,
childcare infant formula,IAB6 Family & Parenting,0.85,scraped,
childcare birth weight,IAB6 Family & Parenting,0.85,scraped,
childcare babbling,IAB6 Family & Parenting,0.85,scraped,
childcare shaken baby syndrome,IAB6 Family & Parenting,0.85,scraped,
childcare childbirth,IAB6 Family & Parenting,0.85,scraped,
childcare birth defect,IAB6 Family & Parenting,0.85,scraped,
"parenting styles bower, bruce (september 2011). ""humans: recession alters parenting style: mothers with gene variant became more aggressive"".science news.180(7): 9.doi:10.1002/scin.5591800706.",IAB6 Family & Parenting,0.85,scraped,
childcare pedialyte,IAB6 Family & Parenting,0.85,scraped,
childcare sids,IAB6 Family & Parenting,0.85,scraped,
childcare soy formula,IAB6 Family & Parenting,0.85,scraped,
childcare baby-led weaning,IAB6 Family & Parenting,0.85,scraped,
"Role of Parents: Nurturing, Guiding, Disciplining, Advocating",IAB6 Family & Parenting,0.78,synthetic,
kanye west kanye west celebrates fathers day daughters first birthday,IAB6 Family & Parenting,0.77,pseudo labeled,
kim kardashian kanye west trying second baby,IAB6 Family & Parenting,0.73,pseudo labeled,
mila kunis expecting first child,IAB6 Family & Parenting,0.73,pseudo labeled,
"Role of Fathers in Parenting: Involvement, Nurturing, Discipline",IAB6 Family & Parenting,0.72,synthetic,
ashton kutcher mila kunis expecting first child together,IAB6 Family & Parenting,0.72,pseudo labeled,
ashton kutcher mila kunis expecting first child,IAB6 Family & Parenting,0.71,pseudo labeled,
The influence of babies and toddlers on family and parenting is profound.,IAB6 Family & Parenting,0.7,synthetic,
"Strategies for Effective Parenting: Positive Discipline, Open Communication",IAB6 Family & Parenting,0.7,synthetic,
kourtney kardashian pregnant baby number 3,IAB6 Family & Parenting,0.7,pseudo labeled,
kanye west celebrates fathers day daughters first birthday,IAB6 Family & Parenting,0.7,pseudo labeled,
kourtney kardashian scott disick expecting third child,IAB6 Family & Parenting,0.7,pseudo labeled,
chelsea clinton expecting first child,IAB6 Family & Parenting,0.69,pseudo labeled,
lucky gene pool mila kunis ashton kutcher expecting first child,IAB6 Family & Parenting,0.69,pseudo labeled,
"Challenges of Parenting K-6 Kids: Balancing Work and Family, Managing Behavior",IAB6 Family & Parenting,0.69,synthetic,
katie holmes relishes motherhood,IAB6 Family & Parenting,0.68,pseudo labeled,
drugs mila kunis reveals shes planning natural childbirth,IAB6 Family & Parenting,0.68,pseudo labeled,
marc anthony marc anthony must pay child support,IAB6 Family & Parenting,0.68,pseudo labeled,
kourtney kardashian pregnant third child,IAB6 Family & Parenting,0.67,pseudo labeled,
father helps son diabetes develops bionic pancreas,IAB6 Family & Parenting,0.67,pseudo labeled,
kunis expecting first child fiance kutcher,IAB6 Family & Parenting,0.67,pseudo labeled,
juan pablo lives parents mom dad bachelor one roof,IAB6 Family & Parenting,0.67,pseudo labeled,
celebrate mothers day,IAB6 Family & Parenting,0.66,pseudo labeled,
christina ricci expecting first child,IAB6 Family & Parenting,0.66,pseudo labeled,
dina lohan plead guilty dwi speeding like daughter like momma,IAB6 Family & Parenting,0.66,pseudo labeled,
kanye west celebrates fathers day kim kardashian north west,IAB6 Family & Parenting,0.66,pseudo labeled,
olivia wilde jason sudeikis welcome first child,IAB6 Family & Parenting,0.66,pseudo labeled,
angelina jolie women position shouldnt complain parenthood,IAB6 Family & Parenting,0.66,pseudo labeled,
home jessica simpson jessica simpsons parents arguing wedding,IAB6 Family & Parenting,0.66,pseudo labeled,
tywin tyrion complicated fathers day,IAB6 Family & Parenting,0.66,pseudo labeled,
mila kunis gets unbelievably candid childbirth,IAB6 Family & Parenting,0.66,pseudo labeled,
drew barrymore welcomes second child,IAB6 Family & Parenting,0.66,pseudo labeled,
theyre happy mila kunis ashton kutcher expecting first child,IAB6 Family & Parenting,0.66,pseudo labeled,
finland norway sweden best countries enjoy motherhood,IAB6 Family & Parenting,0.65,pseudo labeled,
planes fire rescue review ok kids hot parents,IAB6 Family & Parenting,0.65,pseudo labeled,
idris elba makeup artist girlfriend naiyana garth welcome first child,IAB6 Family & Parenting,0.65,pseudo labeled,
"Key Figures: Parents, Teachers, Extended Family, Community Members",IAB6 Family & Parenting,0.65,synthetic,
kim kardashian makes mommy memories pal ciaras baby shower,IAB6 Family & Parenting,0.65,pseudo labeled,
kourtney kardashian pregnant kourtney k scott disick expecting baby 3,IAB6 Family & Parenting,0.65,pseudo labeled,
alicia keys expecting second child,IAB6 Family & Parenting,0.64,pseudo labeled,
kelly clarkson welcomes first child,IAB6 Family & Parenting,0.64,pseudo labeled,
prince william kate middleton royal couple expecting second child,IAB6 Family & Parenting,0.64,pseudo labeled,
mila kunis expecting first child fiance ashton kutcher,IAB6 Family & Parenting,0.64,pseudo labeled,
johnny depp desires 100 children,IAB6 Family & Parenting,0.64,pseudo labeled,
video father helps son diabetes develops bionic pancreas,IAB6 Family & Parenting,0.64,pseudo labeled,
michael jaces wife stood saying great dad,IAB6 Family & Parenting,0.64,pseudo labeled,
kim kardashian kanye west celebrate norths first birthday fathers day,IAB6 Family & Parenting,0.64,pseudo labeled,
"Future Directions in Parenting: Personalized Support, Technology-Enabled Interventions",IAB6 Family & Parenting,0.64,synthetic,
"The influence of special needs kids on family and parenting is profound, affecting every aspect of family life.",IAB6 Family & Parenting,0.64,synthetic,
katie holmes motherhood greatest gift,IAB6 Family & Parenting,0.63,pseudo labeled,
hilary duff talks music marriage motherhood,IAB6 Family & Parenting,0.63,pseudo labeled,
kim kardashian goes ridiculous lengths prove shes good mom video,IAB6 Family & Parenting,0.63,pseudo labeled,
mila kunis expecting first child ashton kutcher,IAB6 Family & Parenting,0.63,pseudo labeled,
kim kardashians cute message norths birthday fathers day,IAB6 Family & Parenting,0.63,pseudo labeled,
women staying home raise children,IAB6 Family & Parenting,0.63,pseudo labeled,
prince george photos baby cambridge birth first steps,IAB6 Family & Parenting,0.63,pseudo labeled,
justina pelletier home long custody battle,IAB6 Family & Parenting,0.63,pseudo labeled,
chris hemsworths wife hospital preparing birth,IAB6 Family & Parenting,0.63,pseudo labeled,
"Role of Grandparents in Parenting: Providing Support, Cultural Connections",IAB6 Family & Parenting,0.63,synthetic,
hayden panettiere expecting first child,IAB6 Family & Parenting,0.63,pseudo labeled,
mother mom mama mommy,IAB6 Family & Parenting,0.63,pseudo labeled,
carson daly expecting third child,IAB6 Family & Parenting,0.62,pseudo labeled,
drew barrymore welcomes second baby,IAB6 Family & Parenting,0.62,pseudo labeled,
pregnant mila kunis plans natural childbirth,IAB6 Family & Parenting,0.62,pseudo labeled,
aint cute kourtney kardashian expecting third child,IAB6 Family & Parenting,0.62,pseudo labeled,
kourtney kardashian pregnant another girl boy,IAB6 Family & Parenting,0.62,pseudo labeled,
mila kunis ashton kutcher expecting first child,IAB6 Family & Parenting,0.62,pseudo labeled,
katie holmes goes topless glamour talks mother,IAB6 Family & Parenting,0.62,pseudo labeled,
kanye west proves hes like every dad sweet photo north west,IAB6 Family & Parenting,0.62,pseudo labeled,
foster weds girlfriend,IAB6 Family & Parenting,0.62,pseudo labeled,
mila kunis wants natural birth,IAB6 Family & Parenting,0.62,pseudo labeled,
alicia keys swizz beatz expecting second child,IAB6 Family & Parenting,0.62,pseudo labeled,
forget mums young dads face depression,IAB6 Family & Parenting,0.62,pseudo labeled,
eva mendes ryan gosling expecting first child together,IAB6 Family & Parenting,0.61,pseudo labeled,
recently engaged mila kunis ashton kutcher expecting first child,IAB6 Family & Parenting,0.61,pseudo labeled,
christina ricci expecting first child summer,IAB6 Family & Parenting,0.61,pseudo labeled,
"Historical Context: Changing Family Structures, Increased Parental Involvement",IAB6 Family & Parenting,0.61,synthetic,
sherri shepherd fights full custody unborn child filing divorce,IAB6 Family & Parenting,0.61,pseudo labeled,
pregnant mila kunis expecting first child ashton kutcher,IAB6 Family & Parenting,0.61,pseudo labeled,
selena gomez rehab parents want singer seek treatment,IAB6 Family & Parenting,0.61,pseudo labeled,
jagger meets hall fathers day,IAB6 Family & Parenting,0.6,pseudo labeled,
game thrones season 4 finale tyrion killing father fathers day,IAB6 Family & Parenting,0.6,pseudo labeled,
kim kardashians plans baby 2 could make lose kanye west,IAB6 Family & Parenting,0.6,pseudo labeled,
baby way mila kunis ashton kutcher expecting first child together,IAB6 Family & Parenting,0.6,pseudo labeled,
appreciating mothers love,IAB6 Family & Parenting,0.6,pseudo labeled,
alicia keys pregnant baby number two,IAB6 Family & Parenting,0.6,pseudo labeled,
kate middletons mom dad standin baby george milestone,IAB6 Family & Parenting,0.6,pseudo labeled,
robert downey jr expecting second child wife susan girl,IAB6 Family & Parenting,0.6,pseudo labeled,
robert downey jr expecting third child,IAB6 Family & Parenting,0.6,pseudo labeled,
valerie schultz exactly makes perfect mothers day,IAB6 Family & Parenting,0.6,pseudo labeled,
matt bomer fatherhood profound gift,IAB6 Family & Parenting,0.6,pseudo labeled,
hayden panettiere expecting first child fiancé congrats,IAB6 Family & Parenting,0.6,pseudo labeled,
like amal excited family george clooneys parents react,IAB6 Family & Parenting,0.6,pseudo labeled,
ambulance takes patient away covered sheets planned parenthood,IAB6 Family & Parenting,0.6,pseudo labeled,
celeb love kourtney kardashian pregnant baby 3,IAB6 Family & Parenting,0.59,pseudo labeled,
mazel tov kourtney kardashian pregnant third child photos,IAB6 Family & Parenting,0.59,pseudo labeled,
alicia keys expecting second baby,IAB6 Family & Parenting,0.59,pseudo labeled,
christina ricci james heerdegen expecting first child,IAB6 Family & Parenting,0.59,pseudo labeled,
woman pays young moms diaper bill shows us kindness,IAB6 Family & Parenting,0.59,pseudo labeled,
hollywood couple olivia wilde jason sudeikis welcome baby otis,IAB6 Family & Parenting,0.59,pseudo labeled,
alicia keys swizz beatz expecting second child together,IAB6 Family & Parenting,0.59,pseudo labeled,
kim kardashian plans get pregnant getting married,IAB6 Family & Parenting,0.59,pseudo labeled,
mila kunis ashton kutcher expecting child,IAB6 Family & Parenting,0.59,pseudo labeled,
eva mendes expecting first child ryan gosling,IAB6 Family & Parenting,0.59,pseudo labeled,
mila kunis ashton kutcher expecting baby together,IAB6 Family & Parenting,0.58,pseudo labeled,
shes ether moms mothers day,IAB6 Family & Parenting,0.58,pseudo labeled,
mom uses speed bump save daughters lives,IAB6 Family & Parenting,0.58,pseudo labeled,
marc anthony shell child support,IAB6 Family & Parenting,0.58,pseudo labeled,
future ciara welcome baby named future,IAB6 Family & Parenting,0.58,pseudo labeled,
marc anthony shell 26800 month child support,IAB6 Family & Parenting,0.58,pseudo labeled,
fathers day prince william kate middleton baby george,IAB6 Family & Parenting,0.58,pseudo labeled,
beyonce vmas sexuality feminism motherhood mix,IAB6 Family & Parenting,0.58,pseudo labeled,
alicia keys expecting second baby swizz beatz,IAB6 Family & Parenting,0.58,pseudo labeled,
beyond ready parents ashton kutcher mila kunis planned baby,IAB6 Family & Parenting,0.58,pseudo labeled,
isaac hanson welcomes third child,IAB6 Family & Parenting,0.58,pseudo labeled,
home kim kardashian kim kardashian try another baby 2014,IAB6 Family & Parenting,0.58,pseudo labeled,
kim kardashian shares sweet fathers day photo kanye north west,IAB6 Family & Parenting,0.58,pseudo labeled,
prince william celebrates first fathers day see new portrait son,IAB6 Family & Parenting,0.57,pseudo labeled,
prince george toddles along help mother,IAB6 Family & Parenting,0.57,pseudo labeled,
downey jr wife expecting second child,IAB6 Family & Parenting,0.57,pseudo labeled,
angelina jolie gushes beautifully crazy life kids,IAB6 Family & Parenting,0.57,pseudo labeled,
mick jagger spends fathers day kids exwife,IAB6 Family & Parenting,0.57,pseudo labeled,
robert downey jrs son indio downey arrested drug charges,IAB6 Family & Parenting,0.57,pseudo labeled,
momtobe mila kunis opens choosing natural childbirth ellen,IAB6 Family & Parenting,0.57,pseudo labeled,
mila kunis pregnant expecting first child ashton kutcher,IAB6 Family & Parenting,0.57,pseudo labeled,
kim kardashians psychic predicts khloes future motherhood,IAB6 Family & Parenting,0.57,pseudo labeled,
mila kunis eyeing natural childbirth,IAB6 Family & Parenting,0.57,pseudo labeled,
mila kunis pregnant fiance ashton kutchers baby,IAB6 Family & Parenting,0.57,pseudo labeled,
nick lachey vanessa minnillo expecting second child,IAB6 Family & Parenting,0.57,pseudo labeled,
Teens need to trust their parents to be there for them no matter what.,IAB6 Family & Parenting,0.57,synthetic,
drew barrymore pops baby girl,IAB6 Family & Parenting,0.57,pseudo labeled,
ciara gives birth,IAB6 Family & Parenting,0.57,pseudo labeled,
ashton mila expecting baby,IAB6 Family & Parenting,0.56,pseudo labeled,
hayden panettiere pregnant first child engagament wladimir,IAB6 Family & Parenting,0.56,pseudo labeled,
kim kardashian shares fathers day photo see photo,IAB6 Family & Parenting,0.56,pseudo labeled,
mila kunis ashton kutcher may expecting baby theyll get,IAB6 Family & Parenting,0.56,pseudo labeled,
mila kunis confirms expecting first child ashton kutcher,IAB6 Family & Parenting,0.56,pseudo labeled,
kim kardashian wants get pregnant year,IAB6 Family & Parenting,0.56,pseudo labeled,
thank ewe mom mothers day,IAB6 Family & Parenting,0.56,pseudo labeled,
mila kunis pregnant ashton kutcher 1st child,IAB6 Family & Parenting,0.56,pseudo labeled,
"Parents need to be patient, understanding, and supportive during this time.",IAB6 Family & Parenting,0.56,synthetic,
scarlett johansson wants baby comes,IAB6 Family & Parenting,0.56,pseudo labeled,
selena gomez fires mom dad im beyond control,IAB6 Family & Parenting,0.56,pseudo labeled,
mila kunis pregnant ashton kutchers first child,IAB6 Family & Parenting,0.56,pseudo labeled,
moms night stars talk thrills spills parenthood,IAB6 Family & Parenting,0.56,pseudo labeled,
drew barrymore welcomes daughter number two,IAB6 Family & Parenting,0.56,pseudo labeled,
samsung galaxy s5 features baby monitor,IAB6 Family & Parenting,0.56,pseudo labeled,
mila kunis pregnant expecting first child fiance ashton kutcher,IAB6 Family & Parenting,0.56,pseudo labeled,
ciara fiancé future welcome first child future zahir photo,IAB6 Family & Parenting,0.56,pseudo labeled,
scarlett johansson opens motherhood career,IAB6 Family & Parenting,0.56,pseudo labeled,
kim kardashian kanye west put second baby amid constant,IAB6 Family & Parenting,0.56,pseudo labeled,
johnny depps teen daughter doesnt think hes cool dad,IAB6 Family & Parenting,0.55,pseudo labeled,
kim kardashian eager second baby wedding,IAB6 Family & Parenting,0.55,pseudo labeled,
kissing mother goodbye,IAB6 Family & Parenting,0.55,pseudo labeled,
dont think healthy angelina jolie doesnt want children becoming,IAB6 Family & Parenting,0.55,pseudo labeled,
mjs ex wants control kids,IAB6 Family & Parenting,0.55,pseudo labeled,
bruce willis wife shows new baby,IAB6 Family & Parenting,0.55,pseudo labeled,
pregnant kunis kutcher talking kids year,IAB6 Family & Parenting,0.55,pseudo labeled,
kristen bell expecting baby 2,IAB6 Family & Parenting,0.55,pseudo labeled,
happy 100th mothers day,IAB6 Family & Parenting,0.55,pseudo labeled,
"Controversies: Screen Time, Homework, Discipline",IAB6 Family & Parenting,0.55,synthetic,
olivia wilde tweets birth announcement picture baby,IAB6 Family & Parenting,0.55,pseudo labeled,
mila kunis pregnant ashton kutcher going dad,IAB6 Family & Parenting,0.55,pseudo labeled,
robert downey jr wife susan expecting another baby,IAB6 Family & Parenting,0.55,pseudo labeled,
christina ricci pregnant first child,IAB6 Family & Parenting,0.55,pseudo labeled,
bill murray terrible babysitting melissa mccarthys kid st vincent,IAB6 Family & Parenting,0.55,pseudo labeled,
home robert downey jr robert downey jr wife expecting second,IAB6 Family & Parenting,0.55,pseudo labeled,
kristen bell expecting second child dax shepard,IAB6 Family & Parenting,0.55,pseudo labeled,
kourtney kardashian pregnant third time two years,IAB6 Family & Parenting,0.55,pseudo labeled,
moms ones suffer new parent depression,IAB6 Family & Parenting,0.55,pseudo labeled,
mila kunis seems pretty accepting downsides giving birth,IAB6 Family & Parenting,0.55,pseudo labeled,
dads plea memorialize baby girl leaves lasting impression,IAB6 Family & Parenting,0.55,pseudo labeled,
would let partner see giving birth mila kunis says,IAB6 Family & Parenting,0.55,pseudo labeled,
kimye celebrate fathers day noris 1st birthday home,IAB6 Family & Parenting,0.54,pseudo labeled,
boy ciara gives birth first child,IAB6 Family & Parenting,0.54,pseudo labeled,
20 celebrities got pregnant got married,IAB6 Family & Parenting,0.54,pseudo labeled,
robert downey jr wife susan pregnant expecting second child together,IAB6 Family & Parenting,0.54,pseudo labeled,
kristen bell dax shepard expecting second child,IAB6 Family & Parenting,0.54,pseudo labeled,
robert downey jr susan downey expecting second child together part,IAB6 Family & Parenting,0.54,pseudo labeled,
debbie rowe wants custody jackson kids,IAB6 Family & Parenting,0.54,pseudo labeled,
popular dj kasem 82 dies fathers day,IAB6 Family & Parenting,0.54,pseudo labeled,
snl bad guys shut planned parenthood clinics,IAB6 Family & Parenting,0.54,pseudo labeled,
grab tissues reddit helped grieving father deal childs,IAB6 Family & Parenting,0.54,pseudo labeled,
70s baby ashton kutcher mila kunis expecting first child,IAB6 Family & Parenting,0.54,pseudo labeled,
vanessa nick lachey expecting second baby girl,IAB6 Family & Parenting,0.54,pseudo labeled,
kelly clarkson cloud 9 giving birth,IAB6 Family & Parenting,0.54,pseudo labeled,
oh mom gives birth twins holding hands mothers day,IAB6 Family & Parenting,0.54,pseudo labeled,
alicia keys cradles baby bump confirm shes pregnant second tot,IAB6 Family & Parenting,0.54,pseudo labeled,
casey kasem dead 82 radio legend passes fathers day,IAB6 Family & Parenting,0.54,pseudo labeled,
opinion true meaning mothering sunday,IAB6 Family & Parenting,0.54,pseudo labeled,
kim kardashian kanye west celebrate fathers day norths birthday see,IAB6 Family & Parenting,0.54,pseudo labeled,
wahlberg dreading teenage kids,IAB6 Family & Parenting,0.54,pseudo labeled,
actress kirsten bell pregnant second child,IAB6 Family & Parenting,0.54,pseudo labeled,
mothers teach babies fear based smell,IAB6 Family & Parenting,0.54,pseudo labeled,
michael jace used intimidation style discipline son,IAB6 Family & Parenting,0.54,pseudo labeled,
parenting links movie star moms rock star kids much advice,IAB6 Family & Parenting,0.54,pseudo labeled,
robert downey jr wife susan expecting second child togetherand,IAB6 Family & Parenting,0.54,pseudo labeled,
marc anthonys monthly child support doubles 26k,IAB6 Family & Parenting,0.54,pseudo labeled,
mila kunis expecting ashton kutchers baby,IAB6 Family & Parenting,0.54,pseudo labeled,
mila kunis ashton kutcher wedding guest list includes new baby,IAB6 Family & Parenting,0.54,pseudo labeled,
shes pregnant christina ricci expecting first child james heerdegen,IAB6 Family & Parenting,0.54,pseudo labeled,
texas couple readies life new quintuplets,IAB6 Family & Parenting,0.54,pseudo labeled,
strangers photoshop babys photo heartbroken father,IAB6 Family & Parenting,0.54,pseudo labeled,
scarlett johansson motherhood want able,IAB6 Family & Parenting,0.54,pseudo labeled,
alicia keys husband swizz beatz expecting second child,IAB6 Family & Parenting,0.54,pseudo labeled,
mark wahlberg worries kids futures,IAB6 Family & Parenting,0.54,pseudo labeled,
kristen bell pregnant second child,IAB6 Family & Parenting,0.54,pseudo labeled,
kim kardashian shares shot north wests first birthdayfathers day,IAB6 Family & Parenting,0.54,pseudo labeled,
mila kunis mila kunis ashton kutcher wanted kids nearly year,IAB6 Family & Parenting,0.53,pseudo labeled,
kate middleton pregnancy rumors persist duchess cambridge new photos,IAB6 Family & Parenting,0.53,pseudo labeled,
ryan gosling expecting first baby eva mendes,IAB6 Family & Parenting,0.53,pseudo labeled,
kelly clarkson gives birth,IAB6 Family & Parenting,0.53,pseudo labeled,
patrick dempseys mother loses battle cancer,IAB6 Family & Parenting,0.53,pseudo labeled,
kim kardashian try another baby 2014,IAB6 Family & Parenting,0.53,pseudo labeled,
angelina jolie aware fame helping parenthood im single mom,IAB6 Family & Parenting,0.53,pseudo labeled,
redditors photoshop baby griefstricken dad,IAB6 Family & Parenting,0.53,pseudo labeled,
kim kardashian try another baby,IAB6 Family & Parenting,0.53,pseudo labeled,
halle berry juggled motherhood back breaking job extant,IAB6 Family & Parenting,0.53,pseudo labeled,
robert downey jr wife susan expecting baby 2,IAB6 Family & Parenting,0.53,pseudo labeled,
alicia keys pregnant second child see baby bump,IAB6 Family & Parenting,0.53,pseudo labeled,
yesallwomen includes mothers children mental illness,IAB6 Family & Parenting,0.53,pseudo labeled,
ryan gosling eva mendes expecting baby,IAB6 Family & Parenting,0.53,pseudo labeled,
plan offered solve custody dispute sick teen,IAB6 Family & Parenting,0.53,pseudo labeled,
Parenting teens is a challenging but rewarding experience.,IAB6 Family & Parenting,0.53,synthetic,
sherri shepherds ex says shes bad mom fights custody 9,IAB6 Family & Parenting,0.53,pseudo labeled,
mila kunis ashton kutcher expecting baby,IAB6 Family & Parenting,0.53,pseudo labeled,
downey jr wife expecting second child together,IAB6 Family & Parenting,0.53,pseudo labeled,
sherri shepherds first husbands seeks full custody son,IAB6 Family & Parenting,0.53,pseudo labeled,
eva mendes ryan gosling becoming parents,IAB6 Family & Parenting,0.53,pseudo labeled,
views sherri shepherd entrenched two messy custody battles,IAB6 Family & Parenting,0.53,pseudo labeled,
mick jagger exwife jerry hall spend fathers day children vienna,IAB6 Family & Parenting,0.53,pseudo labeled,
editorial ode mother,IAB6 Family & Parenting,0.53,pseudo labeled,
christina aguilera fiance matt rutler expecting baby girl,IAB6 Family & Parenting,0.53,pseudo labeled,
drew barrymore welcomes 2nd daughter,IAB6 Family & Parenting,0.53,pseudo labeled,
hayden panettiere pregnant wladimir klitschkos first child,IAB6 Family & Parenting,0.53,pseudo labeled,
robert downey jr son indios drug arrest likely inherited addiction gene,IAB6 Family & Parenting,0.53,pseudo labeled,
robert downey jr expecting baby girl wife susan,IAB6 Family & Parenting,0.53,pseudo labeled,
drew barrymore welcomes baby 2,IAB6 Family & Parenting,0.53,pseudo labeled,
mila kunis ashton kutcher expecting first child source says,IAB6 Family & Parenting,0.53,pseudo labeled,
nick lachey wife vanessa minnillo expecting second child,IAB6 Family & Parenting,0.53,pseudo labeled,
mila kunis brutally honest shredded vagina becoming mum,IAB6 Family & Parenting,0.53,pseudo labeled,
dads plea baby dies gets heartwarming response social media,IAB6 Family & Parenting,0.53,pseudo labeled,
celebrity couple olivia wilde jason sudeikis welcome baby boy named otis,IAB6 Family & Parenting,0.53,pseudo labeled,
robert downey jr wife susan expecting second child together,IAB6 Family & Parenting,0.53,pseudo labeled,
kim kardashian kanye wests baby north turns 1 first year family,IAB6 Family & Parenting,0.53,pseudo labeled,
former first daughter chelsea clinton expecting first child,IAB6 Family & Parenting,0.53,pseudo labeled,
reddit users help grieving dad fix photo remember dead daughter,IAB6 Family & Parenting,0.53,pseudo labeled,
lea michele confirms expecting first child,IAB6 Family & Parenting,0.53,pseudo labeled,
patrick dempseys mother dies battle cancer,IAB6 Family & Parenting,0.53,pseudo labeled,
women stressed home work,IAB6 Family & Parenting,0.52,pseudo labeled,
robert downey jr helping son addiction indio downeys drug problem,IAB6 Family & Parenting,0.52,pseudo labeled,
sherri shepherds husband wants custody unborn child divorce,IAB6 Family & Parenting,0.52,pseudo labeled,
life wild child proud mother two boys,IAB6 Family & Parenting,0.52,pseudo labeled,
game thrones happy fathers day,IAB6 Family & Parenting,0.52,pseudo labeled,
insurance campaign targets moms,IAB6 Family & Parenting,0.52,pseudo labeled,
hayden panettiere fiancé wladimir klitschko expecting first child,IAB6 Family & Parenting,0.52,pseudo labeled,
french montana gives khloe kardashian 4yearold sons 50k child support,IAB6 Family & Parenting,0.52,pseudo labeled,
luther actor idris elba become dad,IAB6 Family & Parenting,0.52,pseudo labeled,
olivia wilde jason sudeikis welcome baby,IAB6 Family & Parenting,0.52,pseudo labeled,
robert downey jrs son indio downey arrested cocaine possession,IAB6 Family & Parenting,0.52,pseudo labeled,
"Parenting teens can be a lot of work, but it is also a lot of fun.",IAB6 Family & Parenting,0.52,synthetic,
eva mendes pregnant ryan goslings child,IAB6 Family & Parenting,0.52,pseudo labeled,
ariana grande discusses falling touch dad,IAB6 Family & Parenting,0.52,pseudo labeled,
ricky martin wants baby girl,IAB6 Family & Parenting,0.52,pseudo labeled,
drew barrymore welcomes second baby girl,IAB6 Family & Parenting,0.52,pseudo labeled,
childbirth also make men blue years,IAB6 Family & Parenting,0.52,pseudo labeled,
angelina jolie never thought shed find love children,IAB6 Family & Parenting,0.52,pseudo labeled,
LGBTQ+ families navigate unique experiences and challenges during pregnancy and parenting.,IAB6 Family & Parenting,0.52,synthetic,
chris christie jimmy fallon celebrate fathers day dad dance,IAB6 Family & Parenting,0.52,pseudo labeled,
ciara fiance future welcome baby boy,IAB6 Family & Parenting,0.52,pseudo labeled,
kim kardashian planning another baby 935am,IAB6 Family & Parenting,0.52,pseudo labeled,
oh baby ciara celebrates baby shower kim kardashian lala,IAB6 Family & Parenting,0.52,pseudo labeled,
game thrones fans wish tywin lannister happy fathers day,IAB6 Family & Parenting,0.52,pseudo labeled,
angelina jolie never expected love children,IAB6 Family & Parenting,0.52,pseudo labeled,
drew barrymore gives birth second child girl,IAB6 Family & Parenting,0.52,pseudo labeled,
vanessa minnillo pregnant expecting second child nick lachey,IAB6 Family & Parenting,0.52,pseudo labeled,
drew barrymore welcomes second baby girl frankie,IAB6 Family & Parenting,0.52,pseudo labeled,
ciara fiance future first child,IAB6 Family & Parenting,0.52,pseudo labeled,
kelly clarkson gives birth first child,IAB6 Family & Parenting,0.52,pseudo labeled,
lindsay lohans mother dina lohan pleads guilty drunk driving speeding,IAB6 Family & Parenting,0.52,pseudo labeled,
met dad could fill void left met mother,IAB6 Family & Parenting,0.52,pseudo labeled,
hemsworth wife welcome twins,IAB6 Family & Parenting,0.51,pseudo labeled,
ciara cute celebfilled baby shower,IAB6 Family & Parenting,0.51,pseudo labeled,
robert downey jrs wife susan pregnant baby girl couples second child,IAB6 Family & Parenting,0.51,pseudo labeled,
robert downey jr wife expecting second child together,IAB6 Family & Parenting,0.51,pseudo labeled,
pregnant ciaras baby shower see photos la la anthony kim,IAB6 Family & Parenting,0.51,pseudo labeled,
celebration kim k lala attend ciaras baby shower beverly,IAB6 Family & Parenting,0.51,pseudo labeled,
nick lachey wife vanessa expecting baby 2,IAB6 Family & Parenting,0.51,pseudo labeled,
giving mothers day reason,IAB6 Family & Parenting,0.51,pseudo labeled,
parents arms full bundles joy,IAB6 Family & Parenting,0.51,pseudo labeled,
Be patient with yourself and your children.,IAB6 Family & Parenting,0.51,synthetic,
ciara gives birth welcomes baby future zahir wilburn,IAB6 Family & Parenting,0.51,pseudo labeled,
mom puts cape saves daughters using speed bump,IAB6 Family & Parenting,0.51,pseudo labeled,
drew barrymore welcomes second daughter whats name video,IAB6 Family & Parenting,0.51,pseudo labeled,
paul walker begged mom become daughter meadows full time parent,IAB6 Family & Parenting,0.51,pseudo labeled,
kan parents irked first lady visit high school graduation,IAB6 Family & Parenting,0.51,pseudo labeled,
double trouble chris hemsworth wife elsa pataky welcome twin boys,IAB6 Family & Parenting,0.51,pseudo labeled,
mila kunis finally shares pregnancy,IAB6 Family & Parenting,0.51,pseudo labeled,
kanye west nori fathers day snooze,IAB6 Family & Parenting,0.51,pseudo labeled,
sounds like angelina jolie planning baby 7,IAB6 Family & Parenting,0.51,pseudo labeled,
hilary duff mike comrie back together want lucas parents,IAB6 Family & Parenting,0.51,pseudo labeled,
edible portrait marks prince williams first fathers day baby george,IAB6 Family & Parenting,0.51,pseudo labeled,
ask father paul,IAB6 Family & Parenting,0.51,pseudo labeled,
kourtney kardashian posts pic baby bump plus maternity outfits,IAB6 Family & Parenting,0.51,pseudo labeled,
Be there for your teen no matter what.,IAB6 Family & Parenting,0.51,synthetic,
johnny depp wants 100 babies fiance,IAB6 Family & Parenting,0.51,pseudo labeled,
justina pelletiers father make sure never happens another child,IAB6 Family & Parenting,0.51,pseudo labeled,
sherri shepherds husband files separation demands full custody,IAB6 Family & Parenting,0.51,pseudo labeled,
kim kardashian talks kourtneys surprise baby shower plan,IAB6 Family & Parenting,0.51,pseudo labeled,
midnight rider sarah jones parents back indictment filmmakers,IAB6 Family & Parenting,0.51,pseudo labeled,
eva mendes ryan gosling expecting baby,IAB6 Family & Parenting,0.51,pseudo labeled,
drew barrymore drew barrymore welcomes baby girl,IAB6 Family & Parenting,0.51,pseudo labeled,
idris elba idris elba girlfriend welcome baby boy,IAB6 Family & Parenting,0.51,pseudo labeled,
drew barrymore welcomes 2nd baby girl,IAB6 Family & Parenting,0.51,pseudo labeled,
show bits making mom dad,IAB6 Family & Parenting,0.51,pseudo labeled,
got finale parents children,IAB6 Family & Parenting,0.51,pseudo labeled,
sherri shepherds husband wants custody unborn child,IAB6 Family & Parenting,0.51,pseudo labeled,
debbie rowe launch legal battle custody michael jackson children,IAB6 Family & Parenting,0.51,pseudo labeled,
hayden panettiere pregnant first baby fiance,IAB6 Family & Parenting,0.51,pseudo labeled,
mila kunis pregnant baby kutcher,IAB6 Family & Parenting,0.51,pseudo labeled,
saying goodbye met mother,IAB6 Family & Parenting,0.51,pseudo labeled,
kelly clarkson husband brandon blackstock welcomed first child,IAB6 Family & Parenting,0.51,pseudo labeled,
selena gomez parents reuniting justin bieber,IAB6 Family & Parenting,0.51,pseudo labeled,
human barbie valeria lukyanova talks motherhood might little racist,IAB6 Family & Parenting,0.5,pseudo labeled,
"Future Directions in Parenting Research: Personalized Interventions, Technology-Based Support",IAB6 Family & Parenting,0.5,synthetic,
alicia keys announces 2nd pregnancy instagram,IAB6 Family & Parenting,0.5,pseudo labeled,
paul walkers mom fights custody granddaughter claims ex unfit,IAB6 Family & Parenting,0.5,pseudo labeled,
mom daughter fighting breast cancer together,IAB6 Family & Parenting,0.5,pseudo labeled,
bachelorette season 10 finale spoilers nick josh meet andis parents,IAB6 Family & Parenting,0.5,pseudo labeled,
khloe kardashian pregnant khloe french montanas baby,IAB6 Family & Parenting,0.5,pseudo labeled,
chris hemsworth dad wife elsa pataky gives birth twins,IAB6 Family & Parenting,0.5,pseudo labeled,
hollywood actress mila kunis pregnant ashton kutchers child,IAB6 Family & Parenting,0.5,pseudo labeled,
drew barrymore given birth second child,IAB6 Family & Parenting,0.5,pseudo labeled,
mila kunis expecting baby ashton kutcher,IAB6 Family & Parenting,0.5,pseudo labeled,
idris elba girlfriend welcome son,IAB6 Family & Parenting,0.5,pseudo labeled,
kim kardashian want six kids quiet baby north even though kanye west,IAB6 Family & Parenting,0.5,pseudo labeled,
michael jacksons ex wants custody children,IAB6 Family & Parenting,0.5,pseudo labeled,
dish call daddy,IAB6 Family & Parenting,0.5,pseudo labeled,
drew barrymore welcomes second daughter frankie world,IAB6 Family & Parenting,0.5,pseudo labeled,
ciaras starstudded baby shower,IAB6 Family & Parenting,0.5,pseudo labeled,
"Mothers, partners, and healthcare providers play pivotal roles in supporting and guiding women through the pregnancy journey.",IAB6 Family & Parenting,0.5,synthetic,
tila tequila pregnant first child,IAB6 Family & Parenting,0.5,pseudo labeled,
eminems spike leedirected headlights video perfect mothers day,IAB6 Family & Parenting,0.5,pseudo labeled,
prince george stars newly released photo parents prince william,IAB6 Family & Parenting,0.5,pseudo labeled,
actress christina ricci pregnant first child,IAB6 Family & Parenting,0.5,pseudo labeled,
north west celebrates first birthday dad kanye wests arms,IAB6 Family & Parenting,0.5,pseudo labeled,
lindsay lohans mom dina lohan accepts plea deal drunken driving arrest,IAB6 Family & Parenting,0.5,pseudo labeled,
get mom mothers day 2014,IAB6 Family & Parenting,0.5,pseudo labeled,
carson daly fiancée expecting third child,IAB6 Family & Parenting,0.5,pseudo labeled,
lindsay lohan defends mother,IAB6 Family & Parenting,0.5,pseudo labeled,
christina aguilera expecting baby girl fiance matthew rutler,IAB6 Family & Parenting,0.5,pseudo labeled,
moms night time mothers day,IAB6 Family & Parenting,0.5,pseudo labeled,
mila kunis pregnant ashton kutchers child see baby bump far,IAB6 Family & Parenting,0.5,pseudo labeled,
olivia wilde welcomes baby boy incredible look pure love photo,IAB6 Family & Parenting,0.5,pseudo labeled,
ciara fiance future welcome baby son,IAB6 Family & Parenting,0.5,pseudo labeled,
paul walkers mother pursuing guardianship teenage daughter,IAB6 Family & Parenting,0.5,pseudo labeled,
bruce jenner scott disick celebrate fathers dayreasons theyre,IAB6 Family & Parenting,0.5,pseudo labeled,
bruce williss wife shares breastfeeding pic instagram,IAB6 Family & Parenting,0.5,pseudo labeled,
alicia keys pregnant second child see baby bump photo,IAB6 Family & Parenting,0.5,pseudo labeled,
kourtney kardashian scott disick reportedly expecting third child,IAB6 Family & Parenting,0.5,pseudo labeled,
singer alicia keys pregnant 2nd child,IAB6 Family & Parenting,0.5,pseudo labeled,
