text,iab_label,confidence,source,labels
Career Advice,IAB4 Careers,0.95,subcategories,
Career Planning,IAB4 Careers,0.95,subcategories,
U.S. Military,IAB4 Careers,0.95,subcategories,
Telecommuting,IAB4 Careers,0.95,subcategories,
Scholarships,IAB4 Careers,0.95,subcategories,
Nursing,IAB4 Careers,0.95,subcategories,
Resume Writing/Advice,IAB4 Careers,0.95,subcategories,
Job Search,IAB4 Careers,0.95,subcategories,
Job Fairs,IAB4 Careers,0.95,subcategories,
Financial Aid,IAB4 Careers,0.95,subcategories,
College,IAB4 Careers,0.95,subcategories,
applicants on job look for job,IAB4 Careers,0.9,scraped,
managerial applicants position apply for job rehiring,IAB4 Careers,0.9,scraped,
skills book of job hirings employer opportunity roles,IAB4 Careers,0.9,scraped,
career promotion job seeker menial jobs,IAB4 Careers,0.9,scraped,
write resume resume manager,IAB4 Careers,0.9,scraped,
team get job manager desk job position,IAB4 Careers,0.9,scraped,
desk job employers promotion on job get job do,IAB4 Careers,0.9,scraped,
workplace promotions thankless job rehiring create resume,IAB4 Careers,0.9,scraped,
team have job qualifications get job do create resume position,IAB4 Careers,0.9,scraped,
have job jobshare job seeker,IAB4 Careers,0.9,scraped,
desk job role teamwork interview jobshare,IAB4 Careers,0.9,scraped,
teamwork book of job job look for job apply for job,IAB4 Careers,0.9,scraped,
job seeker rehiring careers industry salary promotions,IAB4 Careers,0.9,scraped,
resume careers promotions teamwork jobs,IAB4 Careers,0.9,scraped,
skills create resume qualifications jobless industry,IAB4 Careers,0.9,scraped,
salary hirings benefits opportunity positions interviewing,IAB4 Careers,0.9,scraped,
apply for job teamwork interviews write resume interview,IAB4 Careers,0.9,scraped,
managerial applicants seasonal jobs teamwork recruiter,IAB4 Careers,0.9,scraped,
job seekers jobless interview position managerial,IAB4 Careers,0.9,scraped,
hiring benefits responsibilities interview menial jobs jobless,IAB4 Careers,0.9,scraped,
create resume positions interview,IAB4 Careers,0.9,scraped,
entry level job write resume seasonal jobs,IAB4 Careers,0.9,scraped,
experience jobs book of job menial jobs employers entry level job,IAB4 Careers,0.9,scraped,
book of job apply for job company applicants,IAB4 Careers,0.9,scraped,
resume hirings hiring apply for job roles,IAB4 Careers,0.9,scraped,
hiring workplace seasonal jobs jobshare rehiring,IAB4 Careers,0.9,scraped,
complete job write resume apply for job teamwork responsibilities,IAB4 Careers,0.9,scraped,
team applicants have job,IAB4 Careers,0.9,scraped,
positions company job seekers create resume teamwork,IAB4 Careers,0.9,scraped,
seasonal jobs employer entry level job,IAB4 Careers,0.9,scraped,
job market grows still workers glum,IAB4 Careers,0.9,scraped,
workplace desk job jobless opportunity,IAB4 Careers,0.9,scraped,
opportunity careers create resume roles job seekers find job,IAB4 Careers,0.9,scraped,
careers salary create resume workplace have job,IAB4 Careers,0.9,scraped,
applicants job seeker apply for job,IAB4 Careers,0.9,scraped,
skills get job do careers book of job company,IAB4 Careers,0.9,scraped,
team managerial get job interviews entry level job,IAB4 Careers,0.9,scraped,
careers manager rehiring desk job,IAB4 Careers,0.9,scraped,
jobless salary roles,IAB4 Careers,0.9,scraped,
thankless job write resume responsibilities,IAB4 Careers,0.9,scraped,
create resume on job team employer menial jobs hiring,IAB4 Careers,0.9,scraped,
qualifications career employer,IAB4 Careers,0.9,scraped,
find job write resume menial jobs workplace,IAB4 Careers,0.9,scraped,
rehiring jobs skills job seeker workplace,IAB4 Careers,0.9,scraped,
interviews benefits job seeker applicants employers,IAB4 Careers,0.9,scraped,
on job job create resume hiring,IAB4 Careers,0.9,scraped,
responsibilities on job interview,IAB4 Careers,0.9,scraped,
job seeker recruiter career team benefits complete job,IAB4 Careers,0.9,scraped,
entry level job roles employer,IAB4 Careers,0.9,scraped,
careers book of job get job do,IAB4 Careers,0.9,scraped,
may new job search data,IAB4 Careers,0.9,scraped,
skills job complete job role,IAB4 Careers,0.9,scraped,
promotion job salary job seekers,IAB4 Careers,0.9,scraped,
jobless resume jobshare complete job desk job seasonal jobs,IAB4 Careers,0.9,scraped,
responsibilities jobless employers promotions position,IAB4 Careers,0.9,scraped,
managerial find job on job teamwork jobless,IAB4 Careers,0.9,scraped,
opportunity jobless careers teamwork rehiring,IAB4 Careers,0.9,scraped,
interview responsibilities interviewing jobs recruiter,IAB4 Careers,0.9,scraped,
interview recruiter entry level job experience job,IAB4 Careers,0.9,scraped,
look for job promotion complete job,IAB4 Careers,0.9,scraped,
apply for job menial jobs salary promotions,IAB4 Careers,0.9,scraped,
job seeker manager have job desk job hiring,IAB4 Careers,0.9,scraped,
book of job have job interviewing thankless job,IAB4 Careers,0.9,scraped,
promotion find job get job do qualifications,IAB4 Careers,0.9,scraped,
jobshare create resume company role seasonal jobs opportunity,IAB4 Careers,0.9,scraped,
resume teamwork entry level job managerial menial jobs,IAB4 Careers,0.9,scraped,
desk job employers interviewing skills jobshare,IAB4 Careers,0.9,scraped,
job seeker salary job seekers,IAB4 Careers,0.9,scraped,
interviewing write resume complete job book of job entry level job,IAB4 Careers,0.9,scraped,
promotion career salary interview manager jobless,IAB4 Careers,0.9,scraped,
careers thankless job entry level job write resume,IAB4 Careers,0.9,scraped,
employers employer hiring have job,IAB4 Careers,0.9,scraped,
entry level job promotions resume,IAB4 Careers,0.9,scraped,
interviews rehiring have job,IAB4 Careers,0.9,scraped,
hiring salary managerial create resume seasonal jobs roles,IAB4 Careers,0.9,scraped,
get job do position find job,IAB4 Careers,0.9,scraped,
qualifications thankless job responsibilities career desk job book of job,IAB4 Careers,0.9,scraped,
salary create resume promotions interviewing teamwork,IAB4 Careers,0.9,scraped,
qualifications entry level job responsibilities experience apply for job,IAB4 Careers,0.9,scraped,
write resume rehiring get job teamwork book of job employer,IAB4 Careers,0.9,scraped,
manager job seasonal jobs jobshare,IAB4 Careers,0.9,scraped,
teamwork jobs promotion job seekers position write resume,IAB4 Careers,0.9,scraped,
desk job manager create resume,IAB4 Careers,0.9,scraped,
recruiter workplace look for job interviews,IAB4 Careers,0.9,scraped,
careers employer teamwork positions job seekers,IAB4 Careers,0.9,scraped,
qualifications jobshare careers applicants job rehiring,IAB4 Careers,0.9,scraped,
rehiring hiring interviewing promotions thankless job interviews,IAB4 Careers,0.9,scraped,
salary menial jobs promotion,IAB4 Careers,0.9,scraped,
desk job roles role job seekers employer,IAB4 Careers,0.9,scraped,
create resume company find job role seasonal jobs careers,IAB4 Careers,0.9,scraped,
resume desk job write resume responsibilities,IAB4 Careers,0.9,scraped,
thankless job manager opportunity position,IAB4 Careers,0.9,scraped,
jobs promotion entry level job manager experience industry,IAB4 Careers,0.9,scraped,
industry find job skills,IAB4 Careers,0.9,scraped,
employer promotion jobless hirings,IAB4 Careers,0.9,scraped,
on job industry promotion applicants menial jobs,IAB4 Careers,0.9,scraped,
careers opportunity jobless write resume career,IAB4 Careers,0.9,scraped,
job seeker benefits workplace interviewing,IAB4 Careers,0.9,scraped,
get job role create resume have job team,IAB4 Careers,0.9,scraped,
have job create resume jobs,IAB4 Careers,0.9,scraped,
employers hiring menial jobs role jobs employer,IAB4 Careers,0.9,scraped,
hp decide irish jobs future,IAB4 Careers,0.9,scraped,
search jobs wales,IAB4 Careers,0.9,scraped,
jenny mccarthys next career move view exit revealed,IAB4 Careers,0.9,scraped,
people getting jobs georgia,IAB4 Careers,0.9,scraped,
americas jobs market supersized june,IAB4 Careers,0.9,scraped,
job openings hirings dip march,IAB4 Careers,0.9,scraped,
job market college grads better still weak,IAB4 Careers,0.9,scraped,
apple doesnt create jobs,IAB4 Careers,0.9,scraped,
hirings job seeker industry,IAB4 Careers,0.9,scraped,
soulkilling dangerous underpaid goingnowhere careers,IAB4 Careers,0.88,pseudo labeled,
careers dental assistant,IAB4 Careers,0.85,scraped,
careers community health worker,IAB4 Careers,0.85,scraped,
careers emergency medical technician- critical care paramedic,IAB4 Careers,0.85,scraped,
careers certified emergencyregistered nurse,IAB4 Careers,0.85,scraped,
careers medical officer of health,IAB4 Careers,0.85,scraped,
careers certified emergencynursing assistant,IAB4 Careers,0.85,scraped,
careers flight nurse,IAB4 Careers,0.85,scraped,
careers psychiatryphysician assistant,IAB4 Careers,0.85,scraped,
careers psychologist,IAB4 Careers,0.85,scraped,
careers psychiatric nurse practitioner,IAB4 Careers,0.85,scraped,
careers mental health nurse practitioner,IAB4 Careers,0.85,scraped,
careers social worker,IAB4 Careers,0.85,scraped,
careers mental health counselor,IAB4 Careers,0.85,scraped,
workplace office politics,IAB4 Careers,0.85,scraped,
careers denturist,IAB4 Careers,0.85,scraped,
workplace narcissism,IAB4 Careers,0.85,scraped,
workplace mobbing,IAB4 Careers,0.85,scraped,
employment psychopathy in the workplace,IAB4 Careers,0.85,scraped,
employment post-work society,IAB4 Careers,0.85,scraped,
employment narcissism in the workplace,IAB4 Careers,0.85,scraped,
employment labor rights,IAB4 Careers,0.85,scraped,
employment kiss up kick down,IAB4 Careers,0.85,scraped,
employment going postal,IAB4 Careers,0.85,scraped,
employment evil corporation,IAB4 Careers,0.85,scraped,
employment emotional labor,IAB4 Careers,0.85,scraped,
employment credentialism and educational inflation,IAB4 Careers,0.85,scraped,
careers emergency medical technician- paramedic,IAB4 Careers,0.85,scraped,
careers emergency medical technician- intermediate 99,IAB4 Careers,0.85,scraped,
careers dental technician,IAB4 Careers,0.85,scraped,
careers emergency medical technician- intermediate 85,IAB4 Careers,0.85,scraped,
careers dental hygienist,IAB4 Careers,0.85,scraped,
employment bullshit job,IAB4 Careers,0.85,scraped,
careers dentist,IAB4 Careers,0.85,scraped,
careers critical care respiratory therapist,IAB4 Careers,0.85,scraped,
careers critical care registered nurse,IAB4 Careers,0.85,scraped,
careers critical care nurse practitioner,IAB4 Careers,0.85,scraped,
careers critical care medicinephysician assistant,IAB4 Careers,0.85,scraped,
careers neonatologist,IAB4 Careers,0.85,scraped,
careers intensivist,IAB4 Careers,0.85,scraped,
careers cardiovascular technologist,IAB4 Careers,0.85,scraped,
careers cardiac scientist,IAB4 Careers,0.85,scraped,
careers cardiologyphysician assistant,IAB4 Careers,0.85,scraped,
careers cardiology fellow,IAB4 Careers,0.85,scraped,
careers cardiologist,IAB4 Careers,0.85,scraped,
careers emergency nurse practitioner,IAB4 Careers,0.85,scraped,
careers epidemiologist,IAB4 Careers,0.85,scraped,
careers environmental health officer,IAB4 Careers,0.85,scraped,
careers certified emergencyregistered respiratory therapist,IAB4 Careers,0.85,scraped,
careers gastroenterologyphysician assistant,IAB4 Careers,0.85,scraped,
careers gastroenterologist,IAB4 Careers,0.85,scraped,
careers endocrinologyphysician assistant,IAB4 Careers,0.85,scraped,
careers endocrinologist,IAB4 Careers,0.85,scraped,
careers emergency medical technician- basic,IAB4 Careers,0.85,scraped,
employment busy work,IAB4 Careers,0.85,scraped,
employment corporate titles,IAB4 Careers,0.85,scraped,
employment works progress administration,IAB4 Careers,0.85,scraped,
employment golden parachute,IAB4 Careers,0.85,scraped,
employment aspects of occupations,IAB4 Careers,0.85,scraped,
employment aspects of jobs,IAB4 Careers,0.85,scraped,
employment aspects of corporations,IAB4 Careers,0.85,scraped,
employment workhouse,IAB4 Careers,0.85,scraped,
employment toxic workplace,IAB4 Careers,0.85,scraped,
employment toxic leader,IAB4 Careers,0.85,scraped,
employment unemployment insurance,IAB4 Careers,0.85,scraped,
employment workfare,IAB4 Careers,0.85,scraped,
employment recession-proof job,IAB4 Careers,0.85,scraped,
employment lists of recessions,IAB4 Careers,0.85,scraped,
employment barriers to entry,IAB4 Careers,0.85,scraped,
employment golden handshake,IAB4 Careers,0.85,scraped,
careers public health nurse,IAB4 Careers,0.85,scraped,
employment retirement planning,IAB4 Careers,0.85,scraped,
employment retirement age,IAB4 Careers,0.85,scraped,
employment mandatory retirement,IAB4 Careers,0.85,scraped,
employment letter of resignation,IAB4 Careers,0.85,scraped,
employment wrongful dismissal,IAB4 Careers,0.85,scraped,
employment constructive dismissal,IAB4 Careers,0.85,scraped,
employment banishment room,IAB4 Careers,0.85,scraped,
employment turnover,IAB4 Careers,0.85,scraped,
employment severance packagegolden handshakegolden parachute,IAB4 Careers,0.85,scraped,
employment retirementmandatory retirementretirement ageretirement planning,IAB4 Careers,0.85,scraped,
careers dermatologyphysician assistant,IAB4 Careers,0.85,scraped,
employment aspects of organizations,IAB4 Careers,0.85,scraped,
employment aspects of workplaces,IAB4 Careers,0.85,scraped,
employment organized labor,IAB4 Careers,0.85,scraped,
employment germany,IAB4 Careers,0.85,scraped,
employment u.s.a.:,IAB4 Careers,0.85,scraped,
employment historical:,IAB4 Careers,0.85,scraped,
employment right to work,IAB4 Careers,0.85,scraped,
employment guaranteed minimum income,IAB4 Careers,0.85,scraped,
employment employer of last resort,IAB4 Careers,0.85,scraped,
employment job guarantee,IAB4 Careers,0.85,scraped,
employment job creation index,IAB4 Careers,0.85,scraped,
employment job creation program,IAB4 Careers,0.85,scraped,
employment make-work job,IAB4 Careers,0.85,scraped,
employment presenteeism,IAB4 Careers,0.85,scraped,
employment sunday scaries,IAB4 Careers,0.85,scraped,
"workplace workplace discrimination: discrimination in hiring, promotion, job assignment, termination, and compensation.",IAB4 Careers,0.85,scraped,
employment slow movement (culture),IAB4 Careers,0.85,scraped,
workplace workplace democracy: the application of democracy in all its forms to the workplace.,IAB4 Careers,0.85,scraped,
workplace workplace cyber-aggression: workplace e-mail or text messages that threaten or frighten employees.,IAB4 Careers,0.85,scraped,
workplace workplace counterproductive behaviour: employee behavior that goes against the goals of an organization.,IAB4 Careers,0.85,scraped,
workplace workplace culture: the social behaviors and norms in the workplace.,IAB4 Careers,0.85,scraped,
workplace workplace conflict: a specific type of conflict that occurs in the workplace.,IAB4 Careers,0.85,scraped,
workplace workplace bullying: the tendency of individuals or groups to use persistent aggressive or unreasonable behavior against a co-worker or subordinate.,IAB4 Careers,0.85,scraped,
workplace workplace aggression: a specific type of aggression that occurs in the workplace.,IAB4 Careers,0.85,scraped,
workplace toxic workplace,IAB4 Careers,0.85,scraped,
workplace kiss up kick down,IAB4 Careers,0.85,scraped,
employment czech republic,IAB4 Careers,0.85,scraped,
careers dermatologist,IAB4 Careers,0.85,scraped,
workplace work–family conflict,IAB4 Careers,0.85,scraped,
careers dietitian,IAB4 Careers,0.85,scraped,
workplace remote work,IAB4 Careers,0.85,scraped,
workplace turnover,IAB4 Careers,0.85,scraped,
jobs top,IAB4 Careers,0.85,scraped,
workplace undermining,IAB4 Careers,0.85,scraped,
workplace czech republic,IAB4 Careers,0.85,scraped,
workplace germany,IAB4 Careers,0.85,scraped,
workplace aspects of organizations,IAB4 Careers,0.85,scraped,
workplace aspects of occupations,IAB4 Careers,0.85,scraped,
workplace aspects of jobs,IAB4 Careers,0.85,scraped,
workplace aspects of corporations,IAB4 Careers,0.85,scraped,
workplace trade union,IAB4 Careers,0.85,scraped,
workplace strike action,IAB4 Careers,0.85,scraped,
workplace labor rights,IAB4 Careers,0.85,scraped,
careers certified registered nurse anesthetist,IAB4 Careers,0.85,scraped,
workplace labour movement,IAB4 Careers,0.85,scraped,
workplace job sharing,IAB4 Careers,0.85,scraped,
workplace job,IAB4 Careers,0.85,scraped,
workplace headquarters,IAB4 Careers,0.85,scraped,
workplace workwear,IAB4 Careers,0.85,scraped,
workplace workplace harassment,IAB4 Careers,0.85,scraped,
workplace workload,IAB4 Careers,0.85,scraped,
employment resignationletter of resignation,IAB4 Careers,0.85,scraped,
workplace wellness,IAB4 Careers,0.85,scraped,
workplace virtual,IAB4 Careers,0.85,scraped,
workplace violence,IAB4 Careers,0.85,scraped,
workplace toxic leader,IAB4 Careers,0.85,scraped,
workplace overwork,IAB4 Careers,0.85,scraped,
workplace parkinson's law,IAB4 Careers,0.85,scraped,
workplace performance appraisal,IAB4 Careers,0.85,scraped,
jobs software architect,IAB4 Careers,0.85,scraped,
jobs application analyst,IAB4 Careers,0.85,scraped,
jobs 0–9,IAB4 Careers,0.85,scraped,
employment at-will employment,IAB4 Careers,0.85,scraped,
workplace training,IAB4 Careers,0.85,scraped,
workplace stress,IAB4 Careers,0.85,scraped,
workplace strategy,IAB4 Careers,0.85,scraped,
workplace spirituality,IAB4 Careers,0.85,scraped,
workplace sabotage,IAB4 Careers,0.85,scraped,
workplace role conflict,IAB4 Careers,0.85,scraped,
workplace robotics safety,IAB4 Careers,0.85,scraped,
workplace revenge,IAB4 Careers,0.85,scraped,
workplace relationships,IAB4 Careers,0.85,scraped,
workplace rat race,IAB4 Careers,0.85,scraped,
workplace queen bee syndrome,IAB4 Careers,0.85,scraped,
workplace quality of working life,IAB4 Careers,0.85,scraped,
workplace psychopathy,IAB4 Careers,0.85,scraped,
workplace profanity,IAB4 Careers,0.85,scraped,
workplace probation,IAB4 Careers,0.85,scraped,
workplace privacy,IAB4 Careers,0.85,scraped,
workplace positive psychology,IAB4 Careers,0.85,scraped,
workplace phobia,IAB4 Careers,0.85,scraped,
workplace personality clash,IAB4 Careers,0.85,scraped,
careers anesthesiology fellow,IAB4 Careers,0.85,scraped,
careers registered respiratory therapist,IAB4 Careers,0.85,scraped,
careers emergency physician,IAB4 Careers,0.85,scraped,
careers physician assistant,IAB4 Careers,0.85,scraped,
careers podiatric surgeon,IAB4 Careers,0.85,scraped,
careers pharmacy technician,IAB4 Careers,0.85,scraped,
careers pediatric respiratory therapist,IAB4 Careers,0.85,scraped,
careers pediatric nurse,IAB4 Careers,0.85,scraped,
careers occupational therapist- neonatal/ pediatric,IAB4 Careers,0.85,scraped,
careers pediatric nurse practitioner,IAB4 Careers,0.85,scraped,
careers neonatal nurse practitioner,IAB4 Careers,0.85,scraped,
careers pediatric physician assistant,IAB4 Careers,0.85,scraped,
careers pediatrician,IAB4 Careers,0.85,scraped,
careers pharmacist,IAB4 Careers,0.85,scraped,
careers family nurse practitioner,IAB4 Careers,0.85,scraped,
careers internist,IAB4 Careers,0.85,scraped,
"careers otolaryngologist(ear, nose and throat physician)",IAB4 Careers,0.85,scraped,
careers primary care physician,IAB4 Careers,0.85,scraped,
careers general practitioner,IAB4 Careers,0.85,scraped,
careers community health centerclinician,IAB4 Careers,0.85,scraped,
careers pulmonology/respirologyphysician assistant,IAB4 Careers,0.85,scraped,
careers pulmonologist,IAB4 Careers,0.85,scraped,
careers pathologist,IAB4 Careers,0.85,scraped,
careers gerontological nurse practitioner,IAB4 Careers,0.85,scraped,
careers geriatric medicinephysician assistant,IAB4 Careers,0.85,scraped,
careers geriatrician,IAB4 Careers,0.85,scraped,
careers genetic counselor/counsellor,IAB4 Careers,0.85,scraped,
careers emergencyphysician assistant,IAB4 Careers,0.85,scraped,
careers doctor of podiatric medicine,IAB4 Careers,0.85,scraped,
careers podiatrist,IAB4 Careers,0.85,scraped,
careers healthcare chaplain,IAB4 Careers,0.85,scraped,
careers anesthesiologist assistant,IAB4 Careers,0.85,scraped,
careers optometrist,IAB4 Careers,0.85,scraped,
careers eye surgery,IAB4 Careers,0.85,scraped,
careers ophthalmologist,IAB4 Careers,0.85,scraped,
careers medical physicist,IAB4 Careers,0.85,scraped,
careers radiation therapist,IAB4 Careers,0.85,scraped,
careers oncologyphysician assistant,IAB4 Careers,0.85,scraped,
careers oncologist,IAB4 Careers,0.85,scraped,
careers neurodiagnostic technologist,IAB4 Careers,0.85,scraped,
careers neuropsychologist,IAB4 Careers,0.85,scraped,
careers audiologist,IAB4 Careers,0.85,scraped,
careers speech language pathologist,IAB4 Careers,0.85,scraped,
careers neurologyphysician assistant,IAB4 Careers,0.85,scraped,
careers neurologist,IAB4 Careers,0.85,scraped,
careers dialysis technician,IAB4 Careers,0.85,scraped,
careers nephrologyphysician assistant,IAB4 Careers,0.85,scraped,
careers nephrologist,IAB4 Careers,0.85,scraped,
careers phlebotomist,IAB4 Careers,0.85,scraped,
careers medical laboratory technician,IAB4 Careers,0.85,scraped,
careers haematologyphysician assistant,IAB4 Careers,0.85,scraped,
careers haematologist,IAB4 Careers,0.85,scraped,
careers occupational therapist,IAB4 Careers,0.85,scraped,
careers occupational therapist- low vision rehab,IAB4 Careers,0.85,scraped,
careers otorhinolaryngologyphysician assistant,IAB4 Careers,0.85,scraped,
employment restructuring,IAB4 Careers,0.85,scraped,
workplace machiavellianism,IAB4 Careers,0.85,scraped,
employment pink slip,IAB4 Careers,0.85,scraped,
What would your first few months look like in this role?,IAB4 Careers,0.85,scraped,
How would a friend describe you?,IAB4 Careers,0.85,scraped,
How would you describe yourself?,IAB4 Careers,0.85,scraped,
Is there anything else you’d like us to know?,IAB4 Careers,0.85,scraped,
How is your previous experience relevant?,IAB4 Careers,0.85,scraped,
Sell me this pen,IAB4 Careers,0.85,scraped,
"If you were an animal, which one would you want to be?",IAB4 Careers,0.85,scraped,
How many tennis balls can you fit into a limousine?,IAB4 Careers,0.85,scraped,
Are you willing to relocate?,IAB4 Careers,0.85,scraped,
When can you start?,IAB4 Careers,0.85,scraped,
What do you think we could do better or differently?,IAB4 Careers,0.85,scraped,
What are your salary requirements?,IAB4 Careers,0.85,scraped,
What should I know that’s not on your resume?,IAB4 Careers,0.85,scraped,
How do you define success?,IAB4 Careers,0.85,scraped,
What makes an effective team?,IAB4 Careers,0.85,scraped,
Can you work under pressure?,IAB4 Careers,0.85,scraped,
What other companies are you interviewing with?,IAB4 Careers,0.85,scraped,
25 Questions to Ask About the Company During an Interview Interviewing,IAB4 Careers,0.85,scraped,
Amazing International Companies That Have Plenty of Job Openings Finding a Job,IAB4 Careers,0.85,scraped,
What Companies Mean When They Say “Don’t Use AI in Your Job Applications” Finding a Job,IAB4 Careers,0.85,scraped,
Job Hunting? Explore These 3 New Companies on The Muse Finding a Job,IAB4 Careers,0.85,scraped,
When to Send a Thank-you Email After an Interview Interviewing,IAB4 Careers,0.85,scraped,
Interview Body Language: 8 Mistakes You Don’t Want to Make Interviewing,IAB4 Careers,0.85,scraped,
How to Tailor Your Resume for Remote Jobs Resumes,IAB4 Careers,0.85,scraped,
9 Signs You’re Being Ghosted by a Recruiter Finding a Job,IAB4 Careers,0.85,scraped,
What do you know about the company?,IAB4 Careers,0.85,scraped,
What are your future goals?,IAB4 Careers,0.85,scraped,
employment notice period,IAB4 Careers,0.85,scraped,
"workplace workplace stress: the harmful physical and emotional response that occurs when there is a poor match between job demands and the capabilities, resources, or needs of the worker.",IAB4 Careers,0.85,scraped,
workplace whistleblower,IAB4 Careers,0.85,scraped,
workplace organization,IAB4 Careers,0.85,scraped,
workplace office,IAB4 Careers,0.85,scraped,
workplace factory,IAB4 Careers,0.85,scraped,
workplace employment,IAB4 Careers,0.85,scraped,
workplace corporation,IAB4 Careers,0.85,scraped,
workplace workplace violenceviolence that originates from employees or employers and threatens employers and/or other employees.,IAB4 Careers,0.85,scraped,
workplace workplace psychopathy: psychopaths can do enormous damage when they are positioned in senior management roles,IAB4 Careers,0.85,scraped,
workplace professional development: skills and knowledge attained for both personal development and career advancement.,IAB4 Careers,0.85,scraped,
"workplace workplace swearing: in the uk, swearing in the workplace can be an act of gross misconduct under certain circumstances.",IAB4 Careers,0.85,scraped,
workplace workplace surveillance: businesses use workplace surveillance as a way of monitoring the activities of their employees.,IAB4 Careers,0.85,scraped,
workplace workplace strategy: the dynamic alignment of an organization's work patterns with the work environment to enable peak performance and reduce costs.,IAB4 Careers,0.85,scraped,
Describe your leadership style,IAB4 Careers,0.85,scraped,
workplace workplace spirituality: a grassroots movement with individuals seeking to live their faith and/or spiritual values in the workplace.,IAB4 Careers,0.85,scraped,
workplace workplace safety: occupational safety and health is a category of management responsibility in places of employment.,IAB4 Careers,0.85,scraped,
workplace workplace sabotage: when disgruntled workers damage or destroy equipment or interfere with the smooth running of a workplace.,IAB4 Careers,0.85,scraped,
workplace workplace revenge: refers to the general action of purposeful retaliation within the workplace in an attempt to seek justice.,IAB4 Careers,0.85,scraped,
employment civil works administration,IAB4 Careers,0.85,scraped,
employment executive searchlist,IAB4 Careers,0.85,scraped,
Want even  advice for answering common interview questions?,IAB4 Careers,0.85,scraped,
Do you have any questions?,IAB4 Careers,0.85,scraped,
Describe your work ethic,IAB4 Careers,0.85,scraped,
What interests you about this role?,IAB4 Careers,0.85,scraped,
Describe your ideal company culture,IAB4 Careers,0.85,scraped,
Great Conversation Starters for Your Next Job Interview (No Weather Talk!) Interviewing,IAB4 Careers,0.85,scraped,
Want to Work Abroad? These Top Companies Have Exciting APAC Opportunities Finding a Job,IAB4 Careers,0.85,scraped,
"If You’re Looking for Work, These Top Companies Are Hiring in May Finding a Job",IAB4 Careers,0.85,scraped,
What are your pet peeves?,IAB4 Careers,0.85,scraped,
How did you hear about this position?,IAB4 Careers,0.85,scraped,
Walk me through your resume,IAB4 Careers,0.85,scraped,
Tell me about yourself/your work experience,IAB4 Careers,0.85,scraped,
Why were you fired?,IAB4 Careers,0.85,scraped,
Can you explain why you changed career paths?,IAB4 Careers,0.85,scraped,
How do you stay organized?,IAB4 Careers,0.85,scraped,
What’s your current salary?,IAB4 Careers,0.85,scraped,
How do you plan to achieve your career goals?,IAB4 Careers,0.85,scraped,
Where do you see yourself in five years?,IAB4 Careers,0.85,scraped,
Do you consider yourself successful?,IAB4 Careers,0.85,scraped,
How do you like to be managed?,IAB4 Careers,0.85,scraped,
What motivates you?,IAB4 Careers,0.85,scraped,
Bonus questions,IAB4 Careers,0.85,scraped,
What are you passionate about?,IAB4 Careers,0.85,scraped,
How do you prioritize your work?,IAB4 Careers,0.85,scraped,
Career Advice: A Historical Perspective,IAB4 Careers,0.85,synthetic,
Are you planning on having children?,IAB4 Careers,0.85,scraped,
What do you like to do outside of work?,IAB4 Careers,0.85,scraped,
How do you handle stress?,IAB4 Careers,0.85,scraped,
How would your boss and coworkers describe you?,IAB4 Careers,0.85,scraped,
What’s your management style?,IAB4 Careers,0.85,scraped,
What type of work environment do you prefer?,IAB4 Careers,0.85,scraped,
What are you looking for in a new position?,IAB4 Careers,0.85,scraped,
What do you like least about your job?,IAB4 Careers,0.85,scraped,
Why do you want to work at this company?,IAB4 Careers,0.85,scraped,
Why do you want this job?,IAB4 Careers,0.85,scraped,
Why should we hire you?,IAB4 Careers,0.85,scraped,
What can you bring to the company?,IAB4 Careers,0.85,scraped,
Meet Your Job Match: Get Hired at an East Coast-Based Company Finding a Job,IAB4 Careers,0.85,scraped,
13 Nursing Skills to Put on Your Resume (and How to Showcase Them) Resumes,IAB4 Careers,0.85,scraped,
How to Be Confident in an Interview When You Keep Getting Rejected Interviewing,IAB4 Careers,0.85,scraped,
Federal Job Interview Questions: What to Expect and How to Tackle Them Interviewing,IAB4 Careers,0.85,scraped,
How to Talk About a Layoff in an Interview (with Examples!) Interviewing,IAB4 Careers,0.85,scraped,
Looking for Work? Find Open Roles at These New Companies on The Muse Finding a Job,IAB4 Careers,0.85,scraped,
Is It OK to Ask About Layoffs During an Interview? Yes—Here’s How Interviewing,IAB4 Careers,0.85,scraped,
Federal Resume 101: Everything You Need to Know Resumes,IAB4 Careers,0.85,scraped,
Start Your Summer With a New Job—These 23 Fantastic Companies Are Hiring in June Finding a Job,IAB4 Careers,0.85,scraped,
What makes you unique?,IAB4 Careers,0.85,scraped,
Get Your Dream Job This Spring—These 22 Companies Are Hiring in April Finding a Job,IAB4 Careers,0.85,scraped,
What’s your dream job?,IAB4 Careers,0.85,scraped,
Can you explain your employment gap?,IAB4 Careers,0.85,scraped,
Why are you leaving your current job?,IAB4 Careers,0.85,scraped,
What are your career aspirations?,IAB4 Careers,0.85,scraped,
Tell me about a time you failed,IAB4 Careers,0.85,scraped,
Tell me about a time you made a mistake,IAB4 Careers,0.85,scraped,
What’s a time you disagreed with a decision that was made at work?,IAB4 Careers,0.85,scraped,
Tell me about a time you demonstrated leadership skills,IAB4 Careers,0.85,scraped,
"Tell me about a challenge or conflict you’ve faced at work, and how you dealt with it",IAB4 Careers,0.85,scraped,
What is your greatest professional achievement?,IAB4 Careers,0.85,scraped,
What are your weaknesses?,IAB4 Careers,0.85,scraped,
What are your strengths?,IAB4 Careers,0.85,scraped,
workplace organized labour portal,IAB4 Careers,0.85,scraped,
workplace ron friedman (2015).the best place to work: the art and science of creating an extraordinary workplace. tarcherperigee.isbn978-0399165603.,IAB4 Careers,0.85,scraped,
workplace absenteeism,IAB4 Careers,0.85,scraped,
workplace drug tests,IAB4 Careers,0.85,scraped,
employment graduate unemployment,IAB4 Careers,0.85,scraped,
workplace workplace deviance: deliberate or intentional desire to cause harm to an organization.,IAB4 Careers,0.85,scraped,
"workplace workplace diversity: theory that in a global marketplace, a company that employs a diverse workforce is better able to understand the demographics of the marketplace it serves.",IAB4 Careers,0.85,scraped,
workplace micromanagement,IAB4 Careers,0.85,scraped,
workplace employee morale,IAB4 Careers,0.85,scraped,
workplace employee experience,IAB4 Careers,0.85,scraped,
workplace employee engagement,IAB4 Careers,0.85,scraped,
workplace employee assistance,IAB4 Careers,0.85,scraped,
workplace emotions,IAB4 Careers,0.85,scraped,
workplace emotional labor,IAB4 Careers,0.85,scraped,
workplace effects of overtime,IAB4 Careers,0.85,scraped,
workplace divide and rule,IAB4 Careers,0.85,scraped,
workplace bullying,IAB4 Careers,0.85,scraped,
workplace diversity,IAB4 Careers,0.85,scraped,
workplace discrimination,IAB4 Careers,0.85,scraped,
workplace deviance,IAB4 Careers,0.85,scraped,
workplace democracy,IAB4 Careers,0.85,scraped,
workplace culture of fear,IAB4 Careers,0.85,scraped,
workplace coworking,IAB4 Careers,0.85,scraped,
workplace counterproductive behaviour,IAB4 Careers,0.85,scraped,
workplace control freak,IAB4 Careers,0.85,scraped,
workplace conflict,IAB4 Careers,0.85,scraped,
workplace computer surveillance,IAB4 Careers,0.85,scraped,
workplace culture,IAB4 Careers,0.85,scraped,
employment involuntary unemployment,IAB4 Careers,0.85,scraped,
employment jobless recovery,IAB4 Careers,0.85,scraped,
employment phillips curve,IAB4 Careers,0.85,scraped,
employment recessiongreat recessionjob losses caused by the great recessionlists of recessionsrecession-proof job,IAB4 Careers,0.85,scraped,
employment layoff,IAB4 Careers,0.85,scraped,
employment exit interview,IAB4 Careers,0.85,scraped,
employment employee offboarding,IAB4 Careers,0.85,scraped,
employment dismissalbanishment roomconstructive dismissalwrongful dismissal,IAB4 Careers,0.85,scraped,
employment discouraged worker,IAB4 Careers,0.85,scraped,
employment economic depressiongreat depressionlong depression,IAB4 Careers,0.85,scraped,
employment frictional unemployment,IAB4 Careers,0.85,scraped,
"employment unemployment convention, 1919",IAB4 Careers,0.85,scraped,
employment job losses caused by the great recession,IAB4 Careers,0.85,scraped,
employment great recession,IAB4 Careers,0.85,scraped,
employment long depression,IAB4 Careers,0.85,scraped,
employment great depression,IAB4 Careers,0.85,scraped,
employment youth unemployment,IAB4 Careers,0.85,scraped,
employment wage curve,IAB4 Careers,0.85,scraped,
employment employment-to-population ratiolist,IAB4 Careers,0.85,scraped,
employment countries by unemployment rate,IAB4 Careers,0.85,scraped,
employment unemployment extension,IAB4 Careers,0.85,scraped,
employment unemployment benefits,IAB4 Careers,0.85,scraped,
employment full employment,IAB4 Careers,0.85,scraped,
employment types of unemployment,IAB4 Careers,0.85,scraped,
employment technological unemployment,IAB4 Careers,0.85,scraped,
employment structural unemployment,IAB4 Careers,0.85,scraped,
employment reserve army of labour,IAB4 Careers,0.85,scraped,
workplace climate,IAB4 Careers,0.85,scraped,
workplace employee monitoring,IAB4 Careers,0.85,scraped,
workplace workplace wellness: program offered by some employers to support behavior conducive to the health of employees.,IAB4 Careers,0.85,scraped,
workplace workplace health surveillance: the removal of the causative factors of disease.,IAB4 Careers,0.85,scraped,
workplace workplace phobia: an actual or imagined confrontation with the workplace or certain stimuli at the workplace causes a prominent anxiety reaction in a person.,IAB4 Careers,0.85,scraped,
workplace workplace narcissism,IAB4 Careers,0.85,scraped,
workplace workplace menopause:the impactmenopausesymptoms can have on attendance and performance in the workplace.,IAB4 Careers,0.85,scraped,
"workplace workplace morale: workplace events play a large part in changing employee morale, such as heavy layoffs, the cancellation of overtime, canceling benefits programs, and the lack of union representation.",IAB4 Careers,0.85,scraped,
workplace mobbing: similar concept to workplace bullying.,IAB4 Careers,0.85,scraped,
workplace workplace listening: a type of active listening that is generally employed in a professional environment.,IAB4 Careers,0.85,scraped,
workplace workplace jargon: highly specialized terminology or needlessly complicated and obfuscated phrases sometimes used by managers or colleagues.,IAB4 Careers,0.85,scraped,
workplace workplace intervention: scheme to improve both organizational and individual health as well as help workers manage job stress.,IAB4 Careers,0.85,scraped,
"workplace workplace incivility: low-intensity deviant workplace behavior such as rudeness, discourtesy and displaying a lack of regard for others.",IAB4 Careers,0.85,scraped,
workplace workplace humor: comedy that revolves around the inner workings of various jobs.,IAB4 Careers,0.85,scraped,
workplace workplace hazard controls for covid-19: measures employed to control the spread of covid-19,IAB4 Careers,0.85,scraped,
"workplace workplace harassment: offensive, belittling or threatening behavior directed at an individual worker or a group of workers.",IAB4 Careers,0.85,scraped,
workplace employee recognition,IAB4 Careers,0.85,scraped,
"workplace workplace gossip: idle talk or rumor, especially about the personal or private affairs of others.",IAB4 Careers,0.85,scraped,
workplace workplace gender inequality: relates to wage discrimination and career advancement.,IAB4 Careers,0.85,scraped,
"workplace workplace relationships: directly related to several other area of study including cohesion, job satisfaction, organizational commitment and intention to leave.",IAB4 Careers,0.85,scraped,
"workplace feminisation of the workplace: trend towards greater employment of women, and of men willing and able to operate with these more 'feminine' modes of interaction.",IAB4 Careers,0.85,scraped,
workplace workplace evaluation: a tool employers use to review the performance of an employee.,IAB4 Careers,0.85,scraped,
workplace workplace empowerment: provides employees with opportunities to make their own decisions with regards to their tasks.,IAB4 Careers,0.85,scraped,
workplace laziness in the workplace which could lead toindustrial accidentsor other things.,IAB4 Careers,0.85,scraped,
workplace workplace employee factors leading to job promotion.,IAB4 Careers,0.85,scraped,
workplace workplace politics: the use of one's individual or assigned power within an employing organization for the purpose of obtaining advantages beyond one's legitimate authority.,IAB4 Careers,0.85,scraped,
"workplace workplace privacy: employees typically must relinquish some of their privacy while at the workplace, but how much can be a contentious issue.",IAB4 Careers,0.85,scraped,
workplace workplace probation: a status given to new employees of a company or business.,IAB4 Careers,0.85,scraped,
workplace abusive supervision,IAB4 Careers,0.85,scraped,
workplace aggression,IAB4 Careers,0.85,scraped,
workplace anti-pattern,IAB4 Careers,0.85,scraped,
workplace artificial intelligence,IAB4 Careers,0.85,scraped,
workplace workplace emotions: emotions in the workplace play a large role in how an entire organization communicates within itself and to the outside world.,IAB4 Careers,0.85,scraped,
workplace employee silence,IAB4 Careers,0.85,scraped,
workplace menopause,IAB4 Careers,0.85,scraped,
jobs software engineer,IAB4 Careers,0.85,scraped,
workplace listening,IAB4 Careers,0.85,scraped,
workplace kick the cat,IAB4 Careers,0.85,scraped,
workplace jargon,IAB4 Careers,0.85,scraped,
workplace intervention,IAB4 Careers,0.85,scraped,
workplace inequality,IAB4 Careers,0.85,scraped,
workplace incivility,IAB4 Careers,0.85,scraped,
workplace humor,IAB4 Careers,0.85,scraped,
workplace hostile work environment,IAB4 Careers,0.85,scraped,
workplace health surveillance,IAB4 Careers,0.85,scraped,
workplace health promotion,IAB4 Careers,0.85,scraped,
workplace harassment,IAB4 Careers,0.85,scraped,
workplace happiness,IAB4 Careers,0.85,scraped,
workplace gossip,IAB4 Careers,0.85,scraped,
workplace goofing off,IAB4 Careers,0.85,scraped,
workplace generations,IAB4 Careers,0.85,scraped,
workplace feminisation,IAB4 Careers,0.85,scraped,
workplace evaluation,IAB4 Careers,0.85,scraped,
workplace empowerment,IAB4 Careers,0.85,scraped,
workplace employee surveys,IAB4 Careers,0.85,scraped,
jobs software design,IAB4 Careers,0.85,scraped,
What’s your work style?,IAB4 Careers,0.85,scraped,
jobs software project manager,IAB4 Careers,0.85,scraped,
employment workers' compensation,IAB4 Careers,0.85,scraped,
employment mcjob,IAB4 Careers,0.85,scraped,
employment dead-end job,IAB4 Careers,0.85,scraped,
employment critique of work,IAB4 Careers,0.85,scraped,
employment conscription,IAB4 Careers,0.85,scraped,
employment civil conscription,IAB4 Careers,0.85,scraped,
employment careerism,IAB4 Careers,0.85,scraped,
employment boreout,IAB4 Careers,0.85,scraped,
employment corporate crime,IAB4 Careers,0.85,scraped,
employment workplace phobia,IAB4 Careers,0.85,scraped,
employment workplace health promotion,IAB4 Careers,0.85,scraped,
employment workers' right to access the toilet,IAB4 Careers,0.85,scraped,
employment health insurance,IAB4 Careers,0.85,scraped,
employment refusal of work,IAB4 Careers,0.85,scraped,
employment disability insurance,IAB4 Careers,0.85,scraped,
employment child care,IAB4 Careers,0.85,scraped,
employment casual friday,IAB4 Careers,0.85,scraped,
employment annual leave,IAB4 Careers,0.85,scraped,
employment singapore,IAB4 Careers,0.85,scraped,
employment united states,IAB4 Careers,0.85,scraped,
employment hong kong,IAB4 Careers,0.85,scraped,
employment canada,IAB4 Careers,0.85,scraped,
employment europe,IAB4 Careers,0.85,scraped,
employment world,IAB4 Careers,0.85,scraped,
employment working poor,IAB4 Careers,0.85,scraped,
employment organizational commitment,IAB4 Careers,0.85,scraped,
employment slaverybonded labourhuman traffickinglabour camppenal labourpeonagetruck wagesunfree labourwage slavery,IAB4 Careers,0.85,scraped,
employment evaluation,IAB4 Careers,0.85,scraped,
employment workplace incivility,IAB4 Careers,0.85,scraped,
employment employee handbook,IAB4 Careers,0.85,scraped,
employment dress code,IAB4 Careers,0.85,scraped,
employment exploitation of labour,IAB4 Careers,0.85,scraped,
employment discrimination,IAB4 Careers,0.85,scraped,
employment corporate collapses and scandalsaccounting scandalscontrol fraudcorporate behaviourcorporate crime,IAB4 Careers,0.85,scraped,
employment glass ceiling,IAB4 Careers,0.85,scraped,
employment gender pay gap,IAB4 Careers,0.85,scraped,
employment equal pay for equal work,IAB4 Careers,0.85,scraped,
employment affirmative action,IAB4 Careers,0.85,scraped,
employment occupational fatality,IAB4 Careers,0.85,scraped,
employment workplace wellness,IAB4 Careers,0.85,scraped,
employment control fraud,IAB4 Careers,0.85,scraped,
employment work ethic,IAB4 Careers,0.85,scraped,
employment living wage,IAB4 Careers,0.85,scraped,
employment corporate behaviour,IAB4 Careers,0.85,scraped,
employment unfree labour,IAB4 Careers,0.85,scraped,
employment truck wages,IAB4 Careers,0.85,scraped,
employment peonage,IAB4 Careers,0.85,scraped,
employment penal labour,IAB4 Careers,0.85,scraped,
employment labour camp,IAB4 Careers,0.85,scraped,
employment human trafficking,IAB4 Careers,0.85,scraped,
employment bonded labour,IAB4 Careers,0.85,scraped,
employment workaholic,IAB4 Careers,0.85,scraped,
employment work–life interfacedownshiftingslow living,IAB4 Careers,0.85,scraped,
employment wage compression,IAB4 Careers,0.85,scraped,
employment salary cap,IAB4 Careers,0.85,scraped,
employment performance-related pay,IAB4 Careers,0.85,scraped,
careers bariatric surgeon,IAB4 Careers,0.85,scraped,
employment take-home vehicle,IAB4 Careers,0.85,scraped,
employment sick leaveunited states,IAB4 Careers,0.85,scraped,
employment letter of recommendation,IAB4 Careers,0.85,scraped,
employment job hunting,IAB4 Careers,0.85,scraped,
employment downshifting,IAB4 Careers,0.85,scraped,
careers gynaecologist,IAB4 Careers,0.85,scraped,
careers women's health nurse practitioner,IAB4 Careers,0.85,scraped,
careers nurse-midwife,IAB4 Careers,0.85,scraped,
careers midwife,IAB4 Careers,0.85,scraped,
careers lactation consultant,IAB4 Careers,0.85,scraped,
careers general doctor,IAB4 Careers,0.85,scraped,
careers cardiothoracic surgeon,IAB4 Careers,0.85,scraped,
employment paid time off,IAB4 Careers,0.85,scraped,
careers cardiac surgeon,IAB4 Careers,0.85,scraped,
careers hepatic biliary pancreatic surgeon,IAB4 Careers,0.85,scraped,
careers neurosurgeon,IAB4 Careers,0.85,scraped,
careers surgeryphysician assistant,IAB4 Careers,0.85,scraped,
careers urologist,IAB4 Careers,0.85,scraped,
careers urologyphysician assistant,IAB4 Careers,0.85,scraped,
careers media related tohealthcare occupationsat wikimedia commons,IAB4 Careers,0.85,scraped,
works biologist,IAB4 Careers,0.85,scraped,
works botanist,IAB4 Careers,0.85,scraped,
works clinical pharmaceutical scientist,IAB4 Careers,0.85,scraped,
works ecologist,IAB4 Careers,0.85,scraped,
employment by country,IAB4 Careers,0.85,scraped,
employment crunch,IAB4 Careers,0.85,scraped,
employment epilepsy and employment,IAB4 Careers,0.85,scraped,
employment human factors and ergonomics,IAB4 Careers,0.85,scraped,
employment overtime rate,IAB4 Careers,0.85,scraped,
employment progressive wagesingapore,IAB4 Careers,0.85,scraped,
employment minimum wagecanadahong kongeuropeunited states,IAB4 Careers,0.85,scraped,
employment national average salaryworldeurope,IAB4 Careers,0.85,scraped,
employment maximum wage,IAB4 Careers,0.85,scraped,
employment life insurance,IAB4 Careers,0.85,scraped,
employment marriage leave,IAB4 Careers,0.85,scraped,
employment parental leave,IAB4 Careers,0.85,scraped,
employment occupational exposure limit,IAB4 Careers,0.85,scraped,
employment work accidentoccupational fatality,IAB4 Careers,0.85,scraped,
employment sick building syndrome,IAB4 Careers,0.85,scraped,
employment right to situnited states,IAB4 Careers,0.85,scraped,
employment repetitive strain injury,IAB4 Careers,0.85,scraped,
employment personal protective equipment,IAB4 Careers,0.85,scraped,
employment occupational stress,IAB4 Careers,0.85,scraped,
employment occupational noise,IAB4 Careers,0.85,scraped,
employment occupational injury,IAB4 Careers,0.85,scraped,
employment occupational health psychology,IAB4 Careers,0.85,scraped,
employment occupational disease,IAB4 Careers,0.85,scraped,
employment pensionby country,IAB4 Careers,0.85,scraped,
employment occupational burnout,IAB4 Careers,0.85,scraped,
employment countries by rate of fatal workplace accidents,IAB4 Careers,0.85,scraped,
employment karoshi,IAB4 Careers,0.85,scraped,
employment employee monitoring,IAB4 Careers,0.85,scraped,
employment labour law,IAB4 Careers,0.85,scraped,
works herpetologist,IAB4 Careers,0.85,scraped,
employment time clock,IAB4 Careers,0.85,scraped,
employment working time,IAB4 Careers,0.85,scraped,
employment shift work,IAB4 Careers,0.85,scraped,
employment six-hour day,IAB4 Careers,0.85,scraped,
employment remote work,IAB4 Careers,0.85,scraped,
employment overtime,IAB4 Careers,0.85,scraped,
employment on-call,IAB4 Careers,0.85,scraped,
employment flextime,IAB4 Careers,0.85,scraped,
employment 996 working hour system,IAB4 Careers,0.85,scraped,
employment eight-hour day,IAB4 Careers,0.85,scraped,
employment four-day week,IAB4 Careers,0.85,scraped,
employment 35-hour workweek,IAB4 Careers,0.85,scraped,
employment sick leave,IAB4 Careers,0.85,scraped,
employment break room,IAB4 Careers,0.85,scraped,
employment sabbatical,IAB4 Careers,0.85,scraped,
"employment no call, no show",IAB4 Careers,0.85,scraped,
employment long service leave,IAB4 Careers,0.85,scraped,
employment leave of absence,IAB4 Careers,0.85,scraped,
employment gap year,IAB4 Careers,0.85,scraped,
employment furlough,IAB4 Careers,0.85,scraped,
employment career break,IAB4 Careers,0.85,scraped,
employment vocation,IAB4 Careers,0.85,scraped,
employment professionoperatorprofessional,IAB4 Careers,0.85,scraped,
employment income bracket,IAB4 Careers,0.85,scraped,
employment practice firm,IAB4 Careers,0.85,scraped,
employment workweek and weekend,IAB4 Careers,0.85,scraped,
employment tradesman,IAB4 Careers,0.85,scraped,
employment sexual harassment,IAB4 Careers,0.85,scraped,
employment professional association,IAB4 Careers,0.85,scraped,
jobs software quality analyst,IAB4 Careers,0.85,scraped,
careers psychiatrist,IAB4 Careers,0.85,scraped,
employment overspecialization,IAB4 Careers,0.85,scraped,
employment vocational university,IAB4 Careers,0.85,scraped,
employment vocational school,IAB4 Careers,0.85,scraped,
employment vocational education,IAB4 Careers,0.85,scraped,
employment retraining,IAB4 Careers,0.85,scraped,
employment reflective practice,IAB4 Careers,0.85,scraped,
employment professional school,IAB4 Careers,0.85,scraped,
employment professional development,IAB4 Careers,0.85,scraped,
employment professional certification,IAB4 Careers,0.85,scraped,
employment practice-based professional learning,IAB4 Careers,0.85,scraped,
employment break,IAB4 Careers,0.85,scraped,
employment lifelong learning,IAB4 Careers,0.85,scraped,
employment professional,IAB4 Careers,0.85,scraped,
employment licensure,IAB4 Careers,0.85,scraped,
employment knowledge worker,IAB4 Careers,0.85,scraped,
employment induction training,IAB4 Careers,0.85,scraped,
employment graduate school,IAB4 Careers,0.85,scraped,
employment further education,IAB4 Careers,0.85,scraped,
employment employability,IAB4 Careers,0.85,scraped,
employment continuing education,IAB4 Careers,0.85,scraped,
employment master craftsman,IAB4 Careers,0.85,scraped,
employment operator,IAB4 Careers,0.85,scraped,
employment volunteering,IAB4 Careers,0.85,scraped,
employment supervisor,IAB4 Careers,0.85,scraped,
employment permanent employment,IAB4 Careers,0.85,scraped,
employment red-collar,IAB4 Careers,0.85,scraped,
employment career counseling,IAB4 Careers,0.85,scraped,
employment career assessment,IAB4 Careers,0.85,scraped,
employment avocation,IAB4 Careers,0.85,scraped,
employment apprenticeship,IAB4 Careers,0.85,scraped,
employment pink-collar,IAB4 Careers,0.85,scraped,
employment gold-collar,IAB4 Careers,0.85,scraped,
employment black-collar,IAB4 Careers,0.85,scraped,
employment scarlet-collar,IAB4 Careers,0.85,scraped,
employment orange-collar,IAB4 Careers,0.85,scraped,
employment no-collar,IAB4 Careers,0.85,scraped,
employment new-collar,IAB4 Careers,0.85,scraped,
employment white-collar,IAB4 Careers,0.85,scraped,
employment job,IAB4 Careers,0.85,scraped,
employment precariat,IAB4 Careers,0.85,scraped,
employment global labor arbitrage,IAB4 Careers,0.85,scraped,
employment income tax,IAB4 Careers,0.85,scraped,
employment job interview,IAB4 Careers,0.85,scraped,
employment accounting scandals,IAB4 Careers,0.85,scraped,
employment workplace harassment,IAB4 Careers,0.85,scraped,
employment workplace bullying,IAB4 Careers,0.85,scraped,
employment whistleblower,IAB4 Careers,0.85,scraped,
employment wage theft,IAB4 Careers,0.85,scraped,
employment unreported employment,IAB4 Careers,0.85,scraped,
employment sleeping while on duty,IAB4 Careers,0.85,scraped,
employment career development,IAB4 Careers,0.85,scraped,
employment coaching,IAB4 Careers,0.85,scraped,
employment creative class,IAB4 Careers,0.85,scraped,
employment educationcontinuing educatione-learningemployabilityfurther educationgraduate schoolinduction trainingknowledge workerlicensurelifelong learningoverspecializationpractice-based professional learningprofessional associationprofessional certificationprofessional developmentprofessional schoolreflective practiceretrainingvocational educationvocational schoolvocational university,IAB4 Careers,0.85,scraped,
employment internship,IAB4 Careers,0.85,scraped,
employment employer,IAB4 Careers,0.85,scraped,
employment employee,IAB4 Careers,0.85,scraped,
employment cooperative,IAB4 Careers,0.85,scraped,
employment list,IAB4 Careers,0.85,scraped,
employment work-at-home scheme,IAB4 Careers,0.85,scraped,
employment underemployment,IAB4 Careers,0.85,scraped,
employment simultaneous recruiting of new graduates,IAB4 Careers,0.85,scraped,
employment résumé,IAB4 Careers,0.85,scraped,
employment recruitment,IAB4 Careers,0.85,scraped,
employment realistic job preview,IAB4 Careers,0.85,scraped,
employment probation,IAB4 Careers,0.85,scraped,
employment personality hire,IAB4 Careers,0.85,scraped,
employment personality–job fit theory,IAB4 Careers,0.85,scraped,
employment person–environment fit,IAB4 Careers,0.85,scraped,
employment overqualification,IAB4 Careers,0.85,scraped,
employment onboarding,IAB4 Careers,0.85,scraped,
employment blue-collar,IAB4 Careers,0.85,scraped,
employment green-collar,IAB4 Careers,0.85,scraped,
employment grey-collar,IAB4 Careers,0.85,scraped,
employment artisanmaster craftsman,IAB4 Careers,0.85,scraped,
employment occupational outlook handbook,IAB4 Careers,0.85,scraped,
employment mentorship,IAB4 Careers,0.85,scraped,
works geneticist,IAB4 Careers,0.85,scraped,
employment e-learning,IAB4 Careers,0.85,scraped,
works medical laboratory scientist,IAB4 Careers,0.85,scraped,
career professional development,IAB4 Careers,0.85,scraped,
job computer occupations,IAB4 Careers,0.85,scraped,
job railway industry occupations,IAB4 Careers,0.85,scraped,
job metalworking occupations,IAB4 Careers,0.85,scraped,
job sewing occupations,IAB4 Careers,0.85,scraped,
job industrial occupationslist of metalworking occupationslist of railway industry occupations,IAB4 Careers,0.85,scraped,
job corporate titles,IAB4 Careers,0.85,scraped,
job writing occupations,IAB4 Careers,0.85,scraped,
job theatre personnel,IAB4 Careers,0.85,scraped,
job film and television occupations,IAB4 Careers,0.85,scraped,
job entertainer occupations,IAB4 Careers,0.85,scraped,
career professional degree,IAB4 Careers,0.85,scraped,
career professional responsibility,IAB4 Careers,0.85,scraped,
job scientific occupations,IAB4 Careers,0.85,scraped,
"career montgomery, jonathan (1989). ""medicine, accountability, and professionalism"".journal of law and society.16(3):319–39.doi:10.2307/1409987.hdl:10822/833082.jstor1409987.",IAB4 Careers,0.85,scraped,
career historical dictionary of switzerland,IAB4 Careers,0.85,scraped,
career israel,IAB4 Careers,0.85,scraped,
career latvia,IAB4 Careers,0.85,scraped,
career czech republic,IAB4 Careers,0.85,scraped,
career japan,IAB4 Careers,0.85,scraped,
career bnf data,IAB4 Careers,0.85,scraped,
career france,IAB4 Careers,0.85,scraped,
career united states,IAB4 Careers,0.85,scraped,
career germany,IAB4 Careers,0.85,scraped,
"career jacob, joseph m (1999).doctors & rules: a sociology of professional values(2nd ed.). new brunswick and london:transaction publishers.isbn9780765804778.oclc39313497.ol1914768w.",IAB4 Careers,0.85,scraped,
job healthcare occupations,IAB4 Careers,0.85,scraped,
job professional driver types,IAB4 Careers,0.85,scraped,
employment business networking,IAB4 Careers,0.85,scraped,
employment self-employment,IAB4 Careers,0.85,scraped,
employment application,IAB4 Careers,0.85,scraped,
employment tradesperson,IAB4 Careers,0.85,scraped,
employment technician,IAB4 Careers,0.85,scraped,
employment journeyman,IAB4 Careers,0.85,scraped,
employment wage labour,IAB4 Careers,0.85,scraped,
employment laborer,IAB4 Careers,0.85,scraped,
employment temporary work,IAB4 Careers,0.85,scraped,
employment labour hire,IAB4 Careers,0.85,scraped,
employment independent contractor,IAB4 Careers,0.85,scraped,
employment skilled workerjourneymantechniciantradesperson,IAB4 Careers,0.85,scraped,
employment side job,IAB4 Careers,0.85,scraped,
employment part-time job,IAB4 Careers,0.85,scraped,
job profession,IAB4 Careers,0.85,scraped,
employment the downsizing or the restructuring of an organization (54%).,IAB4 Careers,0.85,scraped,
"employment critical contact theoryadvances the idea that a candidate's observations while interacting with the organization plays a vital role in decision making. for example, how the recruiter keeps in touch with the candidate, the promptness of response and similar factors are important. this theory is more valid with experienced professionals.",IAB4 Careers,0.85,scraped,
"employment subjective factor theorysuggests that decision making is dominated by social and psychological factors. the status of the job, reputation of the organization, and other similar factors plays an important role.",IAB4 Careers,0.85,scraped,
"employment objective factor theoryassumes that the applicants are rational. the choice, therefore, is exercised after an objective assessment of the tangible benefits of the job. factors may include the salary, other benefits, location, opportunities for career advancement, etc.",IAB4 Careers,0.85,scraped,
career professional class,IAB4 Careers,0.85,scraped,
career professional boundaries,IAB4 Careers,0.85,scraped,
career professional association(or body),IAB4 Careers,0.85,scraped,
career first professional degree,IAB4 Careers,0.85,scraped,
career professional,IAB4 Careers,0.85,scraped,
career anticipatory socialization,IAB4 Careers,0.85,scraped,
job work (human activity),IAB4 Careers,0.85,scraped,
career professional ethics,IAB4 Careers,0.85,scraped,
"career freidson, eliot (15 may 1988).professional powers: a study of the institutionalization of formal knowledge.university of chicago press.isbn9780226262253.oclc26287874.",IAB4 Careers,0.85,scraped,
"career dezalay, yves; sugarman, david (1995).professional competition and professional power: lawyers, accountants and the social construction of markets.routledge.isbn9780415093620.",IAB4 Careers,0.85,scraped,
jobs web developer,IAB4 Careers,0.85,scraped,
jobs computer scientist,IAB4 Careers,0.85,scraped,
jobs computer repair technician,IAB4 Careers,0.85,scraped,
jobs computer operator,IAB4 Careers,0.85,scraped,
jobs business analyst,IAB4 Careers,0.85,scraped,
jobs rapid prototyper,IAB4 Careers,0.85,scraped,
jobs security engineer,IAB4 Careers,0.85,scraped,
jobs a/b tester,IAB4 Careers,0.85,scraped,
jobs software analyst,IAB4 Careers,0.85,scraped,
careers anesthesiologist,IAB4 Careers,0.85,scraped,
jobs bureau of labor statistics jobs list database in text,IAB4 Careers,0.85,scraped,
jobs website administrator,IAB4 Careers,0.85,scraped,
jobs virtual assistant,IAB4 Careers,0.85,scraped,
"career corfield, p. j. (1995).power and the professions in britain, 1700-1850. london:routledge.isbn9780415097567.",IAB4 Careers,0.85,scraped,
jobs user researcher,IAB4 Careers,0.85,scraped,
jobs user interaction designer,IAB4 Careers,0.85,scraped,
jobs user experience designer,IAB4 Careers,0.85,scraped,
jobs test engineer,IAB4 Careers,0.85,scraped,
jobs systems architect,IAB4 Careers,0.85,scraped,
jobs systems analyst,IAB4 Careers,0.85,scraped,
jobs system administrator,IAB4 Careers,0.85,scraped,
jobs support technician (help desk),IAB4 Careers,0.85,scraped,
jobs solution architect,IAB4 Careers,0.85,scraped,
careers ob/gynphysician assistant,IAB4 Careers,0.85,scraped,
jobs software test engineer (tester),IAB4 Careers,0.85,scraped,
jobs computer analyst,IAB4 Careers,0.85,scraped,
jobs data entry clerk,IAB4 Careers,0.85,scraped,
jobs database administrator,IAB4 Careers,0.85,scraped,
jobs data analyst,IAB4 Careers,0.85,scraped,
"career brint, steven g (1994).in an age of experts: the changing role of professionals in politics and public life.princeton university press.isbn9780691033990.",IAB4 Careers,0.85,scraped,
"career abbott, andrew (1988).the system of professions: an essay on the division of expert labor. chicago:university of chicago press.isbn9780226000688.",IAB4 Careers,0.85,scraped,
career occupations,IAB4 Careers,0.85,scraped,
career norwegiancentre for the study of professions,IAB4 Careers,0.85,scraped,
career semiprofession,IAB4 Careers,0.85,scraped,
career professionalization,IAB4 Careers,0.85,scraped,
employment wage slavery,IAB4 Careers,0.85,scraped,
employment slow living,IAB4 Careers,0.85,scraped,
careers chiropodist,IAB4 Careers,0.85,scraped,
jobs scrum master,IAB4 Careers,0.85,scraped,
jobs project manager,IAB4 Careers,0.85,scraped,
jobs product manager,IAB4 Careers,0.85,scraped,
jobs programmer,IAB4 Careers,0.85,scraped,
jobs network administrator,IAB4 Careers,0.85,scraped,
jobs network analyst,IAB4 Careers,0.85,scraped,
jobs it consultant,IAB4 Careers,0.85,scraped,
jobs it assistant,IAB4 Careers,0.85,scraped,
jobs information systems technician,IAB4 Careers,0.85,scraped,
jobs hardware engineer,IAB4 Careers,0.85,scraped,
jobs graphic designer,IAB4 Careers,0.85,scraped,
jobs data engineer,IAB4 Careers,0.85,scraped,
jobs data scientist,IAB4 Careers,0.85,scraped,
jobs data designer,IAB4 Careers,0.85,scraped,
employment background check,IAB4 Careers,0.85,scraped,
jobs video game developer,IAB4 Careers,0.85,scraped,
employment cover letter,IAB4 Careers,0.85,scraped,
works geoprofessions,IAB4 Careers,0.85,scraped,
works veterinarian,IAB4 Careers,0.85,scraped,
works astronomer,IAB4 Careers,0.85,scraped,
works biochemist,IAB4 Careers,0.85,scraped,
works chemist,IAB4 Careers,0.85,scraped,
works forester,IAB4 Careers,0.85,scraped,
works geographer,IAB4 Careers,0.85,scraped,
works naturalist,IAB4 Careers,0.85,scraped,
works oceanographer,IAB4 Careers,0.85,scraped,
works paleontologist,IAB4 Careers,0.85,scraped,
works pathologist,IAB4 Careers,0.85,scraped,
works geologist,IAB4 Careers,0.85,scraped,
works petroleum geologist,IAB4 Careers,0.85,scraped,
works mechanical engineer,IAB4 Careers,0.85,scraped,
works anthropologist,IAB4 Careers,0.85,scraped,
works economist,IAB4 Careers,0.85,scraped,
works historian,IAB4 Careers,0.85,scraped,
works linguist,IAB4 Careers,0.85,scraped,
works political scientist,IAB4 Careers,0.85,scraped,
works sociologist,IAB4 Careers,0.85,scraped,
works urban planner,IAB4 Careers,0.85,scraped,
works science portal,IAB4 Careers,0.85,scraped,
works lists of occupations,IAB4 Careers,0.85,scraped,
works astronaut,IAB4 Careers,0.85,scraped,
works archaeologist,IAB4 Careers,0.85,scraped,
works physician,IAB4 Careers,0.85,scraped,
works neuroscientist,IAB4 Careers,0.85,scraped,
works microbiologist,IAB4 Careers,0.85,scraped,
careers reporting radiographer,IAB4 Careers,0.85,scraped,
careers orthopedic physician,IAB4 Careers,0.85,scraped,
careers obstetrician,IAB4 Careers,0.85,scraped,
employment drug testing,IAB4 Careers,0.85,scraped,
careers sonographer,IAB4 Careers,0.85,scraped,
careers sport psychologist,IAB4 Careers,0.85,scraped,
careers physical therapist,IAB4 Careers,0.85,scraped,
careers occupational therapy assistant,IAB4 Careers,0.85,scraped,
careers orthopaedic technologistor prosthetist & orthotist,IAB4 Careers,0.85,scraped,
careers chiropractor,IAB4 Careers,0.85,scraped,
careers biokineticist,IAB4 Careers,0.85,scraped,
careers athletic trainer,IAB4 Careers,0.85,scraped,
careers yoga instructor,IAB4 Careers,0.85,scraped,
careers massagetherapist,IAB4 Careers,0.85,scraped,
careers radiologist,IAB4 Careers,0.85,scraped,
careers radiologyphysician assistant,IAB4 Careers,0.85,scraped,
"careers radiotherapist, also known as aradiation therapistortherapeutic radiographer",IAB4 Careers,0.85,scraped,
"careers radiographer, also known as aradiologic technologistct radiographerinterventional radiographermammographerneuroradiographermedical dosimetry technologistradiologist practitioner assistantreporting radiographersonographer",IAB4 Careers,0.85,scraped,
careers ct radiographer,IAB4 Careers,0.85,scraped,
careers interventional radiographer,IAB4 Careers,0.85,scraped,
careers mammographer,IAB4 Careers,0.85,scraped,
careers neuroradiographer,IAB4 Careers,0.85,scraped,
careers medical dosimetry technologist,IAB4 Careers,0.85,scraped,
careers radiologist practitioner assistant,IAB4 Careers,0.85,scraped,
works school science technician,IAB4 Careers,0.85,scraped,
careers physical therapy assistant,IAB4 Careers,0.85,scraped,
works zoologist,IAB4 Careers,0.85,scraped,
employment contributions are not being recognized (21%).,IAB4 Careers,0.85,scraped,
employment profession,IAB4 Careers,0.85,scraped,
employment employment,IAB4 Careers,0.85,scraped,
employment curriculum vitae,IAB4 Careers,0.85,scraped,
employment job satisfaction,IAB4 Careers,0.85,scraped,
"employment career counselingassesses people's interests, personality, values and skills, and helps them to explore career options and research graduate and professional schools. career counseling provides one-on-one or group professional assistance in exploration and decision making tasks related to choosing a major/occupation, transitioning into the world of work or further professional training.",IAB4 Careers,0.85,scraped,
"employment career information describes information that supports career and learning choices. an important sub-set of career information is labour market information (lmi), such as salaries of various professions, employment rate in various professions, available training programs, and current job openings.",IAB4 Careers,0.85,scraped,
employment an organization relocated (12%).,IAB4 Careers,0.85,scraped,
employment the financial instability of an organization (13%).,IAB4 Careers,0.85,scraped,
employment personal strengths and capabilities are not a good fit with an organization (16%).,IAB4 Careers,0.85,scraped,
employment for better alignment with personal and organizational values (17%).,IAB4 Careers,0.85,scraped,
"employment for better compensation and benefits (18%),",IAB4 Careers,0.85,scraped,
employment for the improvement of work/life balance (21%).,IAB4 Careers,0.85,scraped,
employment anticipatory socialization,IAB4 Careers,0.85,scraped,
employment having a poor relationship with a manager(s) (22%).,IAB4 Careers,0.85,scraped,
employment poor or ineffective leadership (25%).,IAB4 Careers,0.85,scraped,
employment new challenges or opportunities that arise (30%).,IAB4 Careers,0.85,scraped,
employment contingent work,IAB4 Careers,0.85,scraped,
employment gig worker,IAB4 Careers,0.85,scraped,
job dance occupations,IAB4 Careers,0.85,scraped,
employment job sharing,IAB4 Careers,0.85,scraped,
employment employment contract,IAB4 Careers,0.85,scraped,
employment employment counsellor,IAB4 Careers,0.85,scraped,
works aeronautical engineer,IAB4 Careers,0.85,scraped,
employment induction programme,IAB4 Careers,0.85,scraped,
employment portfolio career,IAB4 Careers,0.85,scraped,
employment job fair,IAB4 Careers,0.85,scraped,
"employment united nations (2002), handbook on career counseling",IAB4 Careers,0.85,scraped,
works demographic marketer,IAB4 Careers,0.85,scraped,
"works biomedical 
 engineer",IAB4 Careers,0.85,scraped,
works electrical engineer,IAB4 Careers,0.85,scraped,
works engineering technician,IAB4 Careers,0.85,scraped,
employment academic tenure,IAB4 Careers,0.85,scraped,
works engineering technologist,IAB4 Careers,0.85,scraped,
works petrochemicalengineer,IAB4 Careers,0.85,scraped,
works research fellow,IAB4 Careers,0.85,scraped,
works computational scientist,IAB4 Careers,0.85,scraped,
works actuary,IAB4 Careers,0.85,scraped,
works civil engineer,IAB4 Careers,0.85,scraped,
works statistician,IAB4 Careers,0.85,scraped,
works government scientist,IAB4 Careers,0.85,scraped,
works healthcare science,IAB4 Careers,0.85,scraped,
"works hiwi–  a german abbreviation for ""assistant scientist""",IAB4 Careers,0.85,scraped,
works inventor,IAB4 Careers,0.85,scraped,
works psychologist,IAB4 Careers,0.85,scraped,
careers orthopaedic physician´s assistant,IAB4 Careers,0.85,scraped,
job artistic occupations,IAB4 Careers,0.85,scraped,
employment job fraud,IAB4 Careers,0.85,scraped,
works chemical engineer,IAB4 Careers,0.85,scraped,
employment full-time job,IAB4 Careers,0.85,scraped,
employment casual,IAB4 Careers,0.85,scraped,
works computer engineer,IAB4 Careers,0.85,scraped,
katherine heigl feels betrayed career,IAB4 Careers,0.79,pseudo labeled,
katherine heigl felt betrayed career,IAB4 Careers,0.79,pseudo labeled,
Career planning is an investment in one's future.,IAB4 Careers,0.78,synthetic,
career evolution emma watson,IAB4 Careers,0.76,pseudo labeled,
industryHeavy industryOther licenses.Experience changesQualifications: Responsibilities• 50%PreferredQualifications:Sales,IAB4 Careers,0.75,scraped,
Experience:Bachelor's ProgramsCompany teamCoaching experienceSuperior you!Qualifications:5+,IAB4 Careers,0.75,scraped,
applied/interviewed/worked LOBs.Responsibilities position.EDUCATIONHigh applicable.Experience/Skills: RequiredQualifications:Highschool,IAB4 Careers,0.75,scraped,
position.Performance HirePay$12/hrShifts: leadershipOther,IAB4 Careers,0.75,scraped,
ProjectsExperience benefits** forms.Experience $16.70/hr,IAB4 Careers,0.75,scraped,
skillsProblem-solving Job: CNORExperience managers!,IAB4 Careers,0.75,scraped,
ROLE $13.50-$14.25/hr. job-share settingsExperience,IAB4 Careers,0.75,scraped,
#NOLAJobs dayExperience MethodologiesKnowledge/experience experiencesPhysical,IAB4 Careers,0.75,scraped,
teambuilding RESPONSIBILITIESThe brandExperience experience.Behavioral,IAB4 Careers,0.75,scraped,
poundsSalary contractExperience Corps/Company performance.Ensure teamLink,IAB4 Careers,0.75,scraped,
Manufacturing.Experience washroom systemBenefits,IAB4 Careers,0.75,scraped,
study.Role maintenance.Qualifications:2 $16-$17/hr inter-team experience? experienced.,IAB4 Careers,0.75,scraped,
architectureSkills:* growth.Performs Experience6-12 Employer/M/F/Disabled/Protected ratingExperience,IAB4 Careers,0.75,scraped,
includingcompany assigned/directedQualifications:Requirements vehicle.Experience careerSeek assigned.EXPERIENCE,IAB4 Careers,0.75,scraped,
skillsÂ closure.Responsibilities industry-specific LeadershipManagement,IAB4 Careers,0.75,scraped,
GitHubExperience Qualifications/Skills/Educational accommodation.Experience servicesCareer simultaneously.Responsibilities,IAB4 Careers,0.75,scraped,
Croissants?Career growth; Team.Adhere,IAB4 Careers,0.75,scraped,
"hyper-growth, industry.They infoPosition",IAB4 Careers,0.75,scraped,
advancement.Opportunity weeklyCareer Qualifications:We optimalperformance,IAB4 Careers,0.75,scraped,
company)*Active teammates.Ability compositions team.Directly,IAB4 Careers,0.75,scraped,
$17.30/hr supervisor.#cbQualificationsMINIMUM ExperienceAbout Qualifications:159 experienceObject (Review)SKILLSMust,IAB4 Careers,0.75,scraped,
leadershipTake supervision.Skills ExperiencePERCENT OPPORTUNITYTechnology Qualifications:· RemoteDate,IAB4 Careers,0.75,scraped,
policiesJob customerRESPONSIBILITIES skills/training leadership.Develop,IAB4 Careers,0.75,scraped,
needs.Skills: Company-matched hiring!!! ExternshipResponsibilities,IAB4 Careers,0.75,scraped,
managersHelps playerCompensation:Industry-leading Interview!,IAB4 Careers,0.75,scraped,
position.Important Responsibilities:Determines asset:Experience,IAB4 Careers,0.75,scraped,
job.• $15.80/hr you!Role: tools/skills successes.SKILLS:Proven,IAB4 Careers,0.75,scraped,
SkillsLicenses: thisposition. role)Education:Bachelor’s,IAB4 Careers,0.75,scraped,
DisabilitiesSalary StreetJob growth!Position: QuickBooks.Job teammate $14/hrLocation:,IAB4 Careers,0.75,scraped,
positions!!Opportunity life.ResponsibilitiesManage team.Provides therapeuticsExperience recruitingJob,IAB4 Careers,0.75,scraped,
EXPERIENCEA Company”) job:,IAB4 Careers,0.75,scraped,
"modeling.Experience Resume: anthropometry, Role?Ensure requiredQualifications:",IAB4 Careers,0.75,scraped,
remotely-sensed #nowhiring Roles:The Experience:Graduation Responsibilities:•Provides,IAB4 Careers,0.75,scraped,
qualifications/validation Benefits.* (PHI).Qualifications environment.Qualifications:High,IAB4 Careers,0.75,scraped,
"hybrid, investors.Job current.Qualifications:1-3 $23/hr. positionsOther Role:",IAB4 Careers,0.75,scraped,
families!Job $13.50/HR managersDiploma TualatinJob,IAB4 Careers,0.75,scraped,
skillsComfortable success/growth Knowledge/Skills:• experiencePreference Skills-Progression/Career POSITION:,IAB4 Careers,0.75,scraped,
position.Â Time-OffResponsibilities:Drive hr.Temporary,IAB4 Careers,0.75,scraped,
$11.00-13.00/hr.Responsibilities Qualifications:Prior industryStarting patternsExperience TX!Responsibilities:Work SCResponsibilities,IAB4 Careers,0.75,scraped,
NoJob SKILLS:Strong independence.QualificationsHigh experience.Benefit,IAB4 Careers,0.75,scraped,
"manager,Regulation/Regulatory teamControl, shifts.Qualifications2-3 $13.25/hr. skills.Working",IAB4 Careers,0.75,scraped,
skillsPHYSICAL channels.~LI-DH#DHLeaderQualificationsQualifications:Minimum: plan.QualificationsMinimum: benefitsRider job?Experience Responsibilities:Translate,IAB4 Careers,0.75,scraped,
skillsAble Company' firm!Job,IAB4 Careers,0.75,scraped,
"incidents.Salary industry-based, QUALIFICATIONSDegree career-focused",IAB4 Careers,0.75,scraped,
ResponsibilitiesAnswers positionSales-oriented mattersJob,IAB4 Careers,0.75,scraped,
execution.Candidate MJOLChristine Christi-Shoreline,IAB4 Careers,0.75,scraped,
through: benefits/resources system.Responsibilities experience/investigations. skillsAll,IAB4 Careers,0.75,scraped,
Skills:To Christina reimbursementCompany opportunity.Reach,IAB4 Careers,0.75,scraped,
skills.Retain do.ResponsibilitiesFloor experience);All,IAB4 Careers,0.75,scraped,
development/growth AZ/Remote payQualifications,IAB4 Careers,0.75,scraped,
experienceTrack responsibilities.Principal *INTERVIEWING,IAB4 Careers,0.75,scraped,
SalaryBonus teamResolve HRSA,IAB4 Careers,0.75,scraped,
benefits:Competitive Threat/Vulnerability position.Quality,IAB4 Careers,0.75,scraped,
skills.Leadership: positionsBuild community.ResponsibilitiesPosition,IAB4 Careers,0.75,scraped,
skills.- issues-Experience Qualifications/Skills/Educational,IAB4 Careers,0.75,scraped,
JOBThis yearBenefitsBase now.Candidates,IAB4 Careers,0.75,scraped,
www.ContractRecruiter.com Summary03/2020JOB skillsExtensive,IAB4 Careers,0.75,scraped,
"area.Responsibilities:Aids $14.00/hr! responsibilities.Major Fahrt,",IAB4 Careers,0.75,scraped,
opportunity!Call 4:30pmQualifications:Previous ManagerDesired Experience3-5 workstations.Job career!Interested,IAB4 Careers,0.75,scraped,
Education/experience $13/hr**If thecompany’s hyper-growth GAJob,IAB4 Careers,0.75,scraped,
performance.Load Skills\: behaviors.Qualifications:Education,IAB4 Careers,0.75,scraped,
$14/hr.Employees experience•Demonstrated industryStarting hours.Experience jobAccurately,IAB4 Careers,0.75,scraped,
"LeadershipLove’s team.Supports throughput,",IAB4 Careers,0.75,scraped,
responsibilitiesGuide cultureOpportunity businessExperience interview.About experience/training,IAB4 Careers,0.75,scraped,
"career!Interested position.Thanks!About Shredder,",IAB4 Careers,0.75,scraped,
required.Qualifications:Experience BENEFITS check.Experience SkillsMentor $19/hr spaceExperience,IAB4 Careers,0.75,scraped,
"behaviors/skills itsbenefits, growthTeam Skills:LeadershipAbility industry/productI'm Python-Experience",IAB4 Careers,0.75,scraped,
"teammates.No Responsibilities:SAIC (PHR, etc.QUALIFICATIONS:Cable/Harness",IAB4 Careers,0.75,scraped,
Shreveport meritOpportunity DiemJob interactions.Benefits,IAB4 Careers,0.75,scraped,
Manager-West team.Demonstrate skillsCPA skills4. Skills/Experience:2 schedules.Job,IAB4 Careers,0.75,scraped,
leadExperience skills.Expert #covidjobs,IAB4 Careers,0.75,scraped,
client/Company companyPerforms customer.Team,IAB4 Careers,0.75,scraped,
(Salary role!Responsibilities:Sales RESPONSIBILITIESNone,IAB4 Careers,0.75,scraped,
appealing.Benefits careerFixed competencies.DUTIES/RESPONSIBILITIESUnder EDUCATION/EXPERIENCE• 'ExternalApply-j3r1t971c9nhr6p3r8n');,IAB4 Careers,0.75,scraped,
Company.May prioritiesExperience BenefitsAccident opportunityJob Support.Qualifications openposition.,IAB4 Careers,0.75,scraped,
preferred.Experience: loss.Position Manager-Neonatal available.Job TeamSome EDUCATION/EXPERIENCE:Self,IAB4 Careers,0.75,scraped,
neededQualificationsBachelor’s preferred.SKILLSComputer RoleAs skills;Superior QualificationsBS/BA,IAB4 Careers,0.75,scraped,
walkthrough employer.• Accountant-$65/hr-Brooklyn-6 $30/hr. tomorrow.Position,IAB4 Careers,0.75,scraped,
dutiesRequirements/Skills: positionÂ $13.50-$13.85/hr.,IAB4 Careers,0.75,scraped,
"Familiarity/Experience leadership/staff ceremoniesExperience growth/development, teams(s); experiencerequired.IND123EEO",IAB4 Careers,0.75,scraped,
"industryExperience $13.00/hr. Team.Key fieldsJob position,You",IAB4 Careers,0.75,scraped,
non-promotional career—it’s reportsExperience,IAB4 Careers,0.75,scraped,
"partnersExperience opportunity.','title':'EUC/Deskside domesticallyPreferredExperience experienceSeven candidatesArrange",IAB4 Careers,0.75,scraped,
RESPONSIBILITIES:Instructional SKILLS:Ph.D. www.roberthalf.com/jobs/officeteam,IAB4 Careers,0.75,scraped,
$-20-25/hr educationTeamSupervise role:The high-throughput PositionDay,IAB4 Careers,0.75,scraped,
"VisioExperience severe,life-threatening experiences, Manager.Scope",IAB4 Careers,0.75,scraped,
settingsExperience career!A USHiring ResponsibilitiesResponsibilities/Accountabilities:,IAB4 Careers,0.75,scraped,
"companiesHiring:CarpentersCement/Concrete Duties/Responsibilities:Recruits, leadership.Responsible",IAB4 Careers,0.75,scraped,
regularity.Experience/Knowledge:High Manager/Executive Brother/HobbitExperience,IAB4 Careers,0.75,scraped,
experienceProven hours.Candidates skillsWhat remoteCompensation perks:Employer-matched,IAB4 Careers,0.75,scraped,
time!Responsibilities $16.30/hr environment!Company skills/background Experience10+ managers.-Collaborates,IAB4 Careers,0.75,scraped,
"position.CERTIFICATES, ControlWorkplace D365Experience company.Demonstrated player.Qualifications skills*",IAB4 Careers,0.75,scraped,
"offJob positions, functions.Position $24.00/HR design.Experience",IAB4 Careers,0.75,scraped,
know-howBenefitsMedical Job-related Company:Angels IndustryMust,IAB4 Careers,0.75,scraped,
EXPERIENCE:Candidate job.Consistent skills.Thorough,IAB4 Careers,0.75,scraped,
Pay:$14.75/hr A+.Job Team!Sunbelt Opportunity teams.Achieves,IAB4 Careers,0.75,scraped,
LeadershipClean interviews.Determines position:Analytical ArchbaldJob Responsibilities:A. unitsCareer,IAB4 Careers,0.75,scraped,
"Experience:M.D., support.Through opportunity.How handlerJOB",IAB4 Careers,0.75,scraped,
"!OfficeTeam, RESPONSIBILITIESCompletes SkillsRequires Qualifications:- systemOfficeTeam,",IAB4 Careers,0.75,scraped,
"Experience:Refrigeration/HVAC on-the-job, roleBe SkillsSustains resume?",IAB4 Careers,0.75,scraped,
Qualifications:Great benefitsCharge applicantâs,IAB4 Careers,0.75,scraped,
"$10/hrFor intersection.RESPONSIBILITIES:Oversee, team!Please Employer,",IAB4 Careers,0.75,scraped,
teamsbut IndianapolisJob companyComply jobs),IAB4 Careers,0.75,scraped,
SNAPSHOTJob RESPONSIBILITIES/REQUIREMENTSMust skillsCreative dressQualifications:• benefits/eligibility. Experience3,IAB4 Careers,0.75,scraped,
candidatesCalendaring skills•Strong other.Responsibilities Guard/Officer-$12.50/hr,IAB4 Careers,0.75,scraped,
"yourcareer.Anopen product/technology/industry needed.RESPONSIBILITIES:Check, SalaryUnlimited",IAB4 Careers,0.75,scraped,
reputation!Company Michiganjob Three “Candidates” skills.If time!Responsibilities,IAB4 Careers,0.75,scraped,
"promotional, sources.Responsibilities:Demonstrates Skills:Knowledge Manager/Mandate",IAB4 Careers,0.75,scraped,
necessary._________________________________________________________Job requiredBenefitsBenefits Qualifications:? Experience:Specific QUALIFICATIONSProven /hr-,IAB4 Careers,0.75,scraped,
servicesExperience othersPerformance-Minded-strives properly.Benefits skillsImpressive,IAB4 Careers,0.75,scraped,
Promotions position.Preference experienceCompletion skillsEducation/Experience/Certifications:*,IAB4 Careers,0.75,scraped,
"RESPONSIBILITIES• team.Current withBenefits, experienceGather",IAB4 Careers,0.75,scraped,
hrs.) job?Working Manager/Trainee responsibilities),IAB4 Careers,0.75,scraped,
"TI-DSP""Experience soon.Position $15/hr.Shift shrubs, law.ResponsibilitiesPerforms OperationsJob",IAB4 Careers,0.75,scraped,
*Opportunity (HRB841) experienceExtensive skills.EDUCATION,IAB4 Careers,0.75,scraped,
teamResponsibilities:This workCompany location.EEO/AA/Disability/VeteranResponsibilities TEAMMATES include:-Salary,IAB4 Careers,0.75,scraped,
leadership/agents vacationJob RESPONSIBILITIES:Greets exhibitionsQualifications/Requirements:Excellent experienceMS Chromatography/Mass,IAB4 Careers,0.75,scraped,
Responsibilities-Assist ThreadX RESPONSIBILITIES:Multiple,IAB4 Careers,0.75,scraped,
"FridayJob Role MANAGER– SkillsCurrent Fahrt, SkillsCertifications:Basic",IAB4 Careers,0.75,scraped,
"Skills:May experienceMortgage responsibilities.8. Have:-Experience Now!Responsibilities chronic),",IAB4 Careers,0.75,scraped,
objectivesQualifications:A Industry.Expertise effortsSalary accomplishments.Skills,IAB4 Careers,0.75,scraped,
TypesExperience work.Qualifications JOB.,IAB4 Careers,0.75,scraped,
Job:Culinary regulations.Responsibilities:Complete positions.Job opportunity)Be,IAB4 Careers,0.75,scraped,
RESPONSIBILITIES:Kforce required.Education/Experience function.Skills: experience.Sales QUALIFICATIONS:One,IAB4 Careers,0.75,scraped,
QualificationsBachelor’s assigned.Qualifications:To library.Job,IAB4 Careers,0.75,scraped,
"RoleManagement authorization.Qualifications, skills7+",IAB4 Careers,0.75,scraped,
availability.Candidates skills;Functions OpportunityPosition Schedule:$14.50/hr. team.Create,IAB4 Careers,0.75,scraped,
Experis.Through skillsTechnical skills7 efforts.Responsibilities:,IAB4 Careers,0.75,scraped,
"(employer, promotionEnglish required!Job skills!Job *INTERVIEWING",IAB4 Careers,0.75,scraped,
"RESPONSIBILITIES/REQUIREMENTSMaster’s plans)Salary CompanyPark performance-based, team.- oversight•Experience",IAB4 Careers,0.75,scraped,
center.\u00a0\u00a0ResponsibilitiesAssures bonus.Job leadershipBachelor's responsibilitiesInteract skills/experience.,IAB4 Careers,0.75,scraped,
career100% team.FULL company?LeafFilter teamYou,IAB4 Careers,0.75,scraped,
LumbertonJob out.Responsibilities Skills.• industry)Strong scheduled.Performance QUALIFICATIONSMINIMUM,IAB4 Careers,0.75,scraped,
experienceCommunity executionExperience team.Flexibility responsibilities/accountabilities.,IAB4 Careers,0.75,scraped,
job! plan(s)Positional you!COMPANY,IAB4 Careers,0.75,scraped,
"CompanyConvenient $24/hr, moreJob regulations.ResponsibilitiesFollows",IAB4 Careers,0.75,scraped,
workplaces Kanjobal ARC-231Experience management.Responsibilities: team-orientated,IAB4 Careers,0.75,scraped,
base.Job roleProficiency complianceExperience skillsTake,IAB4 Careers,0.75,scraped,
QualificationsEducation/Experience:Any industryAt candidates; prefered)Experience,IAB4 Careers,0.75,scraped,
ResponsibilitiesDuring majorJob DMECareers experience!Qualifications:Discovery move.Benefits,IAB4 Careers,0.75,scraped,
"cardLeadership ManagerAre companies.Job teammate,",IAB4 Careers,0.75,scraped,
13.50/hr+ repositioned experienceAbilityto leadershipProficient opportunityWe Responsibilities:Support,IAB4 Careers,0.75,scraped,
"Career. supplies.DUTIES/RESPONSIBILITIESMaintains managers/client, maintained.Skills interviews 412Recruiter",IAB4 Careers,0.75,scraped,
"workplace.Complies Education.Qualifications positions.Unloading assigned.Experience hiring/staffing,",IAB4 Careers,0.75,scraped,
/Skills 7pm-3am.Position teamsExperience teamExceptional position.Opportunities,IAB4 Careers,0.75,scraped,
position.Ten teamStrong performanceProviding responsibilities.This,IAB4 Careers,0.75,scraped,
documentsQUALIFICATIONS7+ QUALIFICATIONS:Education upgradeExperience teamsBe *Promotion,IAB4 Careers,0.75,scraped,
processQualifications:Problem- preferredSkills Skills:(The #stillhiring experience.Experience:- experience!The,IAB4 Careers,0.75,scraped,
cyberattack.Job reporting.Qualifications: HEALTHCAREPosition freeworkplace. ofindustry opportunityDetermines,IAB4 Careers,0.75,scraped,
OperatorJob position:If ExperienceBachelor Interviewer portfolio.Job,IAB4 Careers,0.75,scraped,
"PHR, law.Team Support,ExperiencedCompTIA team!Schedule: team.Veterinary companyInvestigate",IAB4 Careers,0.75,scraped,
Responsibilities:Manage teamsMust skills.Well BOEJob interview** CompanyThis,IAB4 Careers,0.75,scraped,
Qualifications:•Master's perspectiveQualifications:Active qualifications.Licensed,IAB4 Careers,0.75,scraped,
Responsibilities:Reflect CredentialsJob skills.3.Experience seasoned/experienced standards•Experience,IAB4 Careers,0.75,scraped,
estimatingSkillsExcellent ****/hr “Through general/leadership responsibilitiesWork,IAB4 Careers,0.75,scraped,
supervisionOpportunity Skills): experience.Maintain,IAB4 Careers,0.75,scraped,
"ResponsibilitiesSt. Education/Experience:• follow-through, ($55/hr) lead.Description:Candidates",IAB4 Careers,0.75,scraped,
"steaming; experience)$1,000 positionPrior HRM hardware.Experience EDUCATION/EXPERIENCEHigh",IAB4 Careers,0.75,scraped,
assignments.Responsibilities:Counsel Industry! WorkplaceShift ExperienceA.,IAB4 Careers,0.75,scraped,
employees.QUALIFICATIONS: ResponsibilitiesInpatient applicantsand news/team GreerJob skills.KEY,IAB4 Careers,0.75,scraped,
ProManager skillsUX responsibilities.Proficient certification-Experience,IAB4 Careers,0.75,scraped,
manager.Business skillsSelf-motivatedEducational NCIndustry: Supervisor/Manager/Director Qualifications:Basic,IAB4 Careers,0.75,scraped,
dept./company 8hr-1st Minneapolis.Responsibilities RESPONSIBILITIES:Strategic consideredCareerswith,IAB4 Careers,0.75,scraped,
ratingExperience structure.Responsibilities QualificationsA,IAB4 Careers,0.75,scraped,
"ExperienceTelecommunications jobWhat INTERVIEW!About assigned.EXPERIENCE: $22/hr, needs.JOB",IAB4 Careers,0.75,scraped,
promotionsÂ position.Required M-FResponsibilities: shiftResponsibilities candidate?,IAB4 Careers,0.75,scraped,
company:Related hours.Candidates CrestviewJob,IAB4 Careers,0.75,scraped,
"ResponsibilitiesHelps objectives.Experience, AutoCAD)EXPERIENCE:15+ experienceThis footprintExperience",IAB4 Careers,0.75,scraped,
ExperienceOne ShoulderExperience compliance.Job,IAB4 Careers,0.75,scraped,
teammates—and 7.0.1Job programming.Performance skills.Street,IAB4 Careers,0.75,scraped,
$18-26/hr care.ResponsibilitiesEducates boxesPosition,IAB4 Careers,0.75,scraped,
positionShift: RoadJob clients.Job,IAB4 Careers,0.75,scraped,
opportunity.Reach positionYou’ll candidates* considerations)Salary,IAB4 Careers,0.75,scraped,
BenefitsDining Qualifications:Chemical followed.Team,IAB4 Careers,0.75,scraped,
yearExperienced teams.Demonstrated *Opportunity,IAB4 Careers,0.75,scraped,
"important.Job $14HR Chris,",IAB4 Careers,0.75,scraped,
experienceMicroStrategy position): door.Responsibilities PlansManagerial expeditedQualifications SkillsStrong,IAB4 Careers,0.75,scraped,
Qualifications8 Employer.Education: Remote***Top compliance-Experience role2-3 skillsKnowledge,IAB4 Careers,0.75,scraped,
CANDIDATES 40hrs/week.Responsibilities: $18/hr.,IAB4 Careers,0.75,scraped,
HRStart RoleLocal RESPONSIBILITIES:Penetrates Christopher's HirePay$12/hrShifts:,IAB4 Careers,0.75,scraped,
buildingsExperience client/team $18-30/hr teamCareer ANALYSTJob,IAB4 Careers,0.75,scraped,
daysOpportunity function.EDUCATION/TRAINING/EXPERIENCE: Job:Deli practicesPerformance,IAB4 Careers,0.75,scraped,
JobConduct Experience:Must experience2-5 'ExternalApply-j2s1ww5wxnhrbrg0trs'); boxesPosition Responsibilities:Preparing,IAB4 Careers,0.75,scraped,
Rate:$13.75/hr$14.85/hr CAREER! teamsAgile Experience5+,IAB4 Careers,0.75,scraped,
Managerial/leadership $15/hr. metalsSKILLSOrganized customers.Position performance.Performs,IAB4 Careers,0.75,scraped,
ReviewSkillsAdditional contacts.Position JacobsPosition,IAB4 Careers,0.75,scraped,
Team:Â company; classification.Experience,IAB4 Careers,0.75,scraped,
holidays).*Position positions; requirements/experience?Thrives salaryLife,IAB4 Careers,0.75,scraped,
"responsibilitiesAble withBenefits, opportunities!JOB DeveloperJob OverviewExperienced preferredBenefitsFerguson",IAB4 Careers,0.75,scraped,
"'ExternalApply-j3s5dy6l2fmc2fhrhkk'); Classification:Non-ExemptJob LivingRewards:Career Intercompany, teams.To",IAB4 Careers,0.75,scraped,
managementExperience RESPONSIBILITIES:Operate required.Qualifications: career-long,IAB4 Careers,0.75,scraped,
"COMPANY, required.Experience Technician.HomeTeam Recruiter. guardExperience",IAB4 Careers,0.75,scraped,
Qualifications3+ industry;Compensation:Position equipment?Qualifications:Previous,IAB4 Careers,0.75,scraped,
SkillsRequired employer.CryoLife selling.Experience WebGLExperience $16/HR Kurierfahrer,IAB4 Careers,0.75,scraped,
MANAGERS $14.00-16.00/hrSend skillsBenefits:Paid,IAB4 Careers,0.75,scraped,
team.Strong Rohrerstown position.All presentation.Candidates,IAB4 Careers,0.75,scraped,
skills.Good opportunity.ResponsibilitiesRequirements: FSA).Experience SouthRealtySouth teamwork.Maintain,IAB4 Careers,0.75,scraped,
Responsibilities1 ManagerResponsible applicants/employees experienceVirtual ManagerAnalyzing experienceVolt,IAB4 Careers,0.75,scraped,
Responsibilities:Performing sequencing)Experience setting.Job,IAB4 Careers,0.75,scraped,
responsibilities:Design job.)At application.ResponsibilitiesDevelop skillsMust teamsAgile Qualifications:Basic,IAB4 Careers,0.75,scraped,
needsEDUCATION/TRAINING/EXPERIENCE: years.Qualifications:5-10+ experience21,IAB4 Careers,0.75,scraped,
Skills): Company!This company.In,IAB4 Careers,0.75,scraped,
Director.QualificationsGood Responsibilities:Support PHRMTEC)Special,IAB4 Careers,0.75,scraped,
"Role/Responsibilities QUALIFICATIONS:Bachelor’s $16.32/hr,",IAB4 Careers,0.75,scraped,
team.Ability Responsibilities:Professional spacesExperience TravelCompany ImprovementJob required.Candidates,IAB4 Careers,0.75,scraped,
essentialjob supervision.ResponsibilitiesWireless skills.State eDHR,IAB4 Careers,0.75,scraped,
"area.Responsibilities:Troubleshoot nephrectomy, jobWarehouse jobx skillsPhysical",IAB4 Careers,0.75,scraped,
Themanager Candidate hiring/promotion,IAB4 Careers,0.75,scraped,
DescriptionPosition Responsibilities:Disassemble 15237Job:,IAB4 Careers,0.75,scraped,
expressjobs Job. required.Experienced language.Experience $35/HR buildingsExperience,IAB4 Careers,0.75,scraped,
description.JOB processQualifications:Problem- 'ExternalApply-j3n3gh68qhr3xlvvgp6');,IAB4 Careers,0.75,scraped,
MedicareExperience Employers. Team!Why,IAB4 Careers,0.75,scraped,
Qualifications2+ contributionsCompany team.Maintain ManagerLaSalle,IAB4 Careers,0.75,scraped,
responsibilities7. implementationJob HR* positionTechnical,IAB4 Careers,0.75,scraped,
"Accountabilities/ResponsibilitiesProcess response,Candidates skillsCandidates teamRemain",IAB4 Careers,0.75,scraped,
"requirements.Qualifications clients.Job experienceLong goals/performance walkthroughs, teamDetail-orientedAbility",IAB4 Careers,0.75,scraped,
"below!Responsibilities:Analyzes, Qualifications/Requirements: performance).",IAB4 Careers,0.75,scraped,
management.Position day.Qualifications: Regulations.Position future.Job (salary,IAB4 Careers,0.75,scraped,
"TEAM?Impact, Hiring OfficeTeam Careerswith ExperienceExperience",IAB4 Careers,0.75,scraped,
company.Demonstrated position.We managers- status.ResponsibilitiesNRP,IAB4 Careers,0.75,scraped,
Threat-modeling Company.Ability job upgradeExperience implementations.Experience Experience:Three,IAB4 Careers,0.75,scraped,
WorkJOB candidates.Establishes business.Responsibilities relationships.JOB,IAB4 Careers,0.75,scraped,
"necessary._________________________________________________________Job lives.ResponsibilitiesEveryday, candidatesCalendaring",IAB4 Careers,0.75,scraped,
experienceDiversified role.Qualifications ANDRESPONSIBILITIES positionTo industryleader. career.Child,IAB4 Careers,0.75,scraped,
industry)Preferred qualifications:Experience CoastJob remoteCompensation Experience:Provide,IAB4 Careers,0.75,scraped,
skillset—many experience.Master BENEFITS:Industry companyBe skills.•Also,IAB4 Careers,0.75,scraped,
prospectsQualifications: experience.Solid Role/Level/Range: thrive.See,IAB4 Careers,0.75,scraped,
"weights.Position Manager.Familiar LeadsSkills Experience TeamWork, imperativesExperience",IAB4 Careers,0.75,scraped,
"MANAGERS! skills.At (HRHD), skillsSuccessful Ph.D.Experience Benefits)",IAB4 Careers,0.75,scraped,
experience.Cultural respect.IndustryCommercial Skills:Three performanceMonitors,IAB4 Careers,0.75,scraped,
8am-5pmResponsibilities: experienceOR \$15.25/hr.Maximum skills! skillsMicrosoft,IAB4 Careers,0.75,scraped,
Healthcareer environmentSKILLS organizations.Experience benefits. workflowsExperience,IAB4 Careers,0.75,scraped,
Skills:1. EmployerFirstGroup (MDE).Experience insightsExperience catsExperience,IAB4 Careers,0.75,scraped,
QUALIFICATIONS:Strong technologiesExperience assignedJob,IAB4 Careers,0.75,scraped,
email/resume Teams/Committees industryCritical skills.Appreciation LeadershipIT,IAB4 Careers,0.75,scraped,
"teamControl, OpportunityDrivers industry.Individuals",IAB4 Careers,0.75,scraped,
Manager. RESPONSIBILITIES* team/area appearanceEducation/Experience,IAB4 Careers,0.75,scraped,
HRMAN03868 Certifications.Skills: teams.OurLeasing EXPERIENCE:Clinical,IAB4 Careers,0.75,scraped,
qualifications.Licensed principlesExperience OpManager Standards.Responsibilities experienceLucrative,IAB4 Careers,0.75,scraped,
experience.JOB RoleProvide Education/Experience:Working 'ExternalApply-jd73hr5xjphsdlhd1zz');,IAB4 Careers,0.75,scraped,
employers! skillsRegulatory teamwork.Maintain ResponsibilitiesThe skillsWorking Branch!DUTIESResponsibilities,IAB4 Careers,0.75,scraped,
"skillsFixturing Qualifications:•Master's preferred.Three team.Job QualificationsEducation, skills.Equal",IAB4 Careers,0.75,scraped,
"personnel.Responsibilities:Develops, systemExperience throughvarious managers.Monitors preferred.Experience:Must getting.Benefits",IAB4 Careers,0.75,scraped,
reviewResponsibilitiesJOB Team’s SkillsMentor adherence.Candidate,IAB4 Careers,0.75,scraped,
"Hiring)- walkthroughs, pay!SKILLSThe Qualifications:BA",IAB4 Careers,0.75,scraped,
positionFood certifications.•Through environmentsExperience RodriguezSr.Recruiter JobDecontaminates NashuaJob,IAB4 Careers,0.75,scraped,
jobQualificationsTo skillsTechnical uniformJob industry-disrupting,IAB4 Careers,0.75,scraped,
team-Advanced Inter-Company coverages.Qualifications: marketplace.Performance property.Responsibilities:Day-to-day,IAB4 Careers,0.75,scraped,
audiencesRole companyPreparing career!All TeamsWork suppliesPosition experience-,IAB4 Careers,0.75,scraped,
managerMember Responsibilities hiring/promotion ResponsibilitiesWork Growth. Leadership/Management.,IAB4 Careers,0.75,scraped,
"Positions13.50 growQualificationsBachelor's TeamMeetings, developmentTeam Nurse/Manager employers.",IAB4 Careers,0.75,scraped,
needed.Job ResponsibilitiesPartner company.Our skillsScripting Representative/Remote standards.QUALIFICATIONS,IAB4 Careers,0.75,scraped,
"teams.Assist improvement,creo,team UniformsOpportunity positionSuccessfully skillsCertified",IAB4 Careers,0.75,scraped,
QualificationsMobile Analysis.Experience SunOneExperience salaryTop-notch,IAB4 Careers,0.75,scraped,
Banfield.com/Careers skillsets:Informatica leaders.Job Interview: RESPONSIBILITIESPEOPLE1. you!Benefits,IAB4 Careers,0.75,scraped,
plus.Education/Experience:Bachelor's Specialists.Job ServiceTeamworkCommunicationsDecision (Three Responsibilities:Works Experience:Strong,IAB4 Careers,0.75,scraped,
growthStrong clearly.Job TeamsWork Manager/Senior,IAB4 Careers,0.75,scraped,
skillsWell-developed $15.50-$17.05/HR. growthExpert ****REMOTE hrs/day) Skills:U.S.,IAB4 Careers,0.75,scraped,
ResponsibilitiesControl skills/training PHRMTEC)Special team.a.,IAB4 Careers,0.75,scraped,
One-Three Team:Assist thrown projects.Qualifications:Minimum QualificationsHS,IAB4 Careers,0.75,scraped,
preferredExperience2-3+ projectsCandidates required.Three,IAB4 Careers,0.75,scraped,
skillsAdditional Responsibilities\: growth.To methodologies/sprints/processExperience PortlandJob extremes.Position,IAB4 Careers,0.75,scraped,
requirements.Experience Benefits:Opportunity ExperienceCERTIFICATION experience.This experience/education.,IAB4 Careers,0.75,scraped,
Qualifications:We're Applicants:Â date.Experience/Education: efforts.Job,IAB4 Careers,0.75,scraped,
"company; activities.Job experience.Primary industry.""C/C++",IAB4 Careers,0.75,scraped,
weeksResponsibilities: jobspot.com managementSkills,IAB4 Careers,0.75,scraped,
skillsRequirementsBachelor's experienceBS www.roberthalf.com/jobs/finance,IAB4 Careers,0.75,scraped,
pay-for-skills offer.BenefitsBonus experienceFamiliarity ResponsibilitiesCompletes experience.Required: teamMonitor,IAB4 Careers,0.75,scraped,
skills.ORMinimum RESPONSIBILITIES:Meets requiredResponsibilities:Ensure role:Strive responsibilitiesAble positions?,IAB4 Careers,0.75,scraped,
"clientsQualificationsStrong Experience:Required position/role work.Benefits: reposition, Employer.East",IAB4 Careers,0.75,scraped,
Qualification/Performance FairfieldJob Kanjobal/English 5S.Job,IAB4 Careers,0.75,scraped,
preferred).PHR teamSupporting Chrysler area!Job thru-hole,IAB4 Careers,0.75,scraped,
ResponsibilitiesSTAFF policyTeam needed.Qualifications:3+ Qualifications:On Position-Specific,IAB4 Careers,0.75,scraped,
SKILLS:Ph.D. DegreeExperienceNo literate.Responsibilities: requiredqualifications. team.Responsibilities:Follow,IAB4 Careers,0.75,scraped,
Manager.Assist key-industry team!Job teammates $16.3/hr company?,IAB4 Careers,0.75,scraped,
Qualifications:• ANDRESPONSIBILITIES:§ executives.QUALIFICATIONSTo,IAB4 Careers,0.75,scraped,
team.Hourly venue.POSITION team.Demonstrated,IAB4 Careers,0.75,scraped,
CommissionResponsibilities duties.Responsibilities:Clean opportunity skillsSignificant Ashing)Experience certification(s)Position,IAB4 Careers,0.75,scraped,
QualificationsFood conclusion.Responsibilities resultsExperience ManagementExperience2 •Performance,IAB4 Careers,0.75,scraped,
experience.Carrier teamMonthly benefitsMaintain teamAccountabilityHighly rolesyou,IAB4 Careers,0.75,scraped,
(minimum)Experienced Responsibilities/Accountabilities benefitsCall experience18,IAB4 Careers,0.75,scraped,
"(Responsibilities):These years)Experience ASHRAE,",IAB4 Careers,0.75,scraped,
inter-team supervisionTeam systemQualifications:High ControlWorkplace,IAB4 Careers,0.75,scraped,
Recruiter? equipment.Qualifications environment.Role,IAB4 Careers,0.75,scraped,
through-put. experienceA applicant.Safeguard team);,IAB4 Careers,0.75,scraped,
Experience? opportunity*Candidates flexibility.Career regulations.#DHLeaderQualificationsEducation charge/team role:Strive,IAB4 Careers,0.75,scraped,
RESPONSIBILITIES:Research SKILLS:High PM-experience,IAB4 Careers,0.75,scraped,
Industry: fields.Qualifications Skills/Knowledge/Competencies: eligible).EXPERIENCEMinimum,IAB4 Careers,0.75,scraped,
teams.This needs.Position Leadership/Collaboration/Professional Responsibilities:Strategic,IAB4 Careers,0.75,scraped,
plumbingQualifications:Minimum benefits.PHYSICAL 20-30hrs.,IAB4 Careers,0.75,scraped,
PHR/SPHR support.Through project(s).Responsibilities 13.26/HR product/technology/industry,IAB4 Careers,0.75,scraped,
NaviaExperience teams.Stay-up-to-date Qualifications:DAWIA NLTKExperience skillsExhibits,IAB4 Careers,0.75,scraped,
"packaging.Roles 'ExternalApply-j3r41n6rm3nhrcb8dv9'); employer’s experienceCNC TeamMate,",IAB4 Careers,0.75,scraped,
skillsIt #DPOST#CJPOST#SWDevIC#ISDCJ#HolidayCheer#ComebackGDIT#OpportunityOwned#GDITCareers#GDITLife#WeAreGDIT\' Responsibilities:Direct experience5 qualifications:BS,IAB4 Careers,0.75,scraped,
interested*Job now!Job experienceStreet Jobs-Elkton experienceDeep,IAB4 Careers,0.75,scraped,
JavascriptExperience Managerial $-20-25/hr,IAB4 Careers,0.75,scraped,
"Requirements:Job -17.63/hr., teams.QUALIFICATIONS:Licensed SkillsHas",IAB4 Careers,0.75,scraped,
growth.Essential check.Experience opportunity!All Manager.. message.Team Career?If,IAB4 Careers,0.75,scraped,
skillsTime skills.Cash $18-$20/hr leadership/strategy NursingExperienceNo,IAB4 Careers,0.75,scraped,
process/skills opportunity!Lori through.,IAB4 Careers,0.75,scraped,
Qualifications:BA assessments.•Experience literate—experience,IAB4 Careers,0.75,scraped,
throughs role? ResponsibilitiesRegistered Skills:Accounting LeadershipBe,IAB4 Careers,0.75,scraped,
experienceAdditional responsibilities:Manage experienceTrack,IAB4 Careers,0.75,scraped,
skills.Accountabilities:Assess teamParticipate Interview#LI-MH1Jacobs Account!Company skillsSearch,IAB4 Careers,0.75,scraped,
**Applicants individuals.Qualifications Employer–,IAB4 Careers,0.75,scraped,
"opportunity.Experis RESPONSIBILITIES:Setup, JobFollow Candidate:•",IAB4 Careers,0.75,scraped,
clientRemote teams– cost/performance ($55/hr) dailyPosition,IAB4 Careers,0.75,scraped,
"meetingsQualifications: Shrewsbury, $13/hr opportunity)• performance.Lead aideJob",IAB4 Careers,0.75,scraped,
"Shrewsbury, moreJob 22HRS94620 experience.•US",IAB4 Careers,0.75,scraped,
future.Company Statements:Team work.QualificationsPearson forthright supervision.ResponsibilitiesWireless,IAB4 Careers,0.75,scraped,
"pain.QualificationsEducation: accurate..Job role."" position:Fielding benefits!Holiday Responsibilities:Performing",IAB4 Careers,0.75,scraped,
experienceBusiness teamsWork employer/company.,IAB4 Careers,0.75,scraped,
OPPORTUNITYSpecialty teamsInnovation job401(k) experienceCurrent System.Responsibilities equivalent).Experienced,IAB4 Careers,0.75,scraped,
business.Responsibilities position:• SkillsFamiliarity growthFurniture $15.50hrAvailable,IAB4 Careers,0.75,scraped,
"plus.Responsibilities performance.Ability TEAM:-PTO, collaborationsExperience Knowledge/Skills/Abilities:Ability",IAB4 Careers,0.75,scraped,
(Preferred):Applicants experienceDetail-orientedHighly (candidates,IAB4 Careers,0.75,scraped,
Jobs.AUS.com experience.Health/fitness Position:Certified job-related candidate!,IAB4 Careers,0.75,scraped,
experience.Design qualifications:Experience standingSalary: masterExperience Information:Christian,IAB4 Careers,0.75,scraped,
law.Team LebanonJob Responsibilities:•Assist Benefits!Flexible experience.3+ BHJOB9054_7574,IAB4 Careers,0.75,scraped,
8hr responsibilities): cultureJob license.Experience:,IAB4 Careers,0.75,scraped,
grade.Experience:Two Kanjobal/English Skills:VMWareAmazon ExperienceMINIMUM,IAB4 Careers,0.75,scraped,
package.RESPONSIBILITIESManage officeteam.com ContractRecruiter.com Salary!Extremely manager) opportunities!COMPANY,IAB4 Careers,0.75,scraped,
QualificationsFrequently #SELAJobs Skills:•Bachelor Requirements/QualificationsBSN,IAB4 Careers,0.75,scraped,
"team-mates Manager/Supervisor HireQualifications: RESPONSIBILITIESSets response,Candidate",IAB4 Careers,0.75,scraped,
$18-25/hr! ideas.Experience projectsCandidates drive-through,IAB4 Careers,0.75,scraped,
services.Responsibilities Qualifications: apply.Responsibilities,IAB4 Careers,0.75,scraped,
interview.As machineryJob Leaders/Team,IAB4 Careers,0.75,scraped,
area•Experience clinicianJob converted)Qualifications:High Employer&,IAB4 Careers,0.75,scraped,
"QualificationsCOME discharge.Job skillsDemonstrated, SkillsInstallationTeamworkBehaviorsRequiredDetail",IAB4 Careers,0.75,scraped,
Responsibilities:•Provide SKILLS•Ability #oninbenefits2020,IAB4 Careers,0.75,scraped,
RESPONSIBILITIESPrimarily opportunity) environmentEducation/Experience experienceExcel Team!!! $18.50/hr,IAB4 Careers,0.75,scraped,
ExperienceEPIC Skills:Insurance managerEffectively WPMPriorExperience,IAB4 Careers,0.75,scraped,
responsibilities.Major role.Required REQUIREMENTSPosition opportunity/equal employerPrior,IAB4 Careers,0.75,scraped,
Thisopportunity repositioning ?Experience 'ExternalApply-j3018n64gjpfpqk65hr');,IAB4 Careers,0.75,scraped,
Requirements/Responsibilities:Bachelor cardLeadership resumes.)Contact,IAB4 Careers,0.75,scraped,
Team.Development SKILLS:Ability regression)Experience skillsCPA,IAB4 Careers,0.75,scraped,
NewsJob #insurancejobs Qualifications:Â skillsOperating,IAB4 Careers,0.75,scraped,
$29.00/hr ExpressJobs 23059Job: positions.Salary$15.25/hr,IAB4 Careers,0.75,scraped,
skillsNote: hrs./week us:Jobot application/resume,IAB4 Careers,0.75,scraped,
homes.Position:Appliance SAFEteam positions.Must,IAB4 Careers,0.75,scraped,
collection.Job Careerswith Company:,IAB4 Careers,0.75,scraped,
skillsTableau QUALIFICATIONSProven extremes.Job:,IAB4 Careers,0.75,scraped,
Program.BenefitsAs 'ExternalApply-j3m7kj5wwchrj45drtc'); Workplaces. positions: domainKnowledge/experience,IAB4 Careers,0.75,scraped,
ManagerFantastic experience.WHY skills.2. position/ teamCertifications,IAB4 Careers,0.75,scraped,
Highlights:Employer Candidate? Hiring4pm teamsIdentifies TrainingResumeSS permitsPOSITION,IAB4 Careers,0.75,scraped,
filesExperience SkillsSNoPrimary role10+,IAB4 Careers,0.75,scraped,
assigned.QualificationsQualifications responsibilities:Design resumePlease OPENINGS!POSITIONS 16.00/hr,IAB4 Careers,0.75,scraped,
term!Job Team-Based experienceSound job?*,IAB4 Careers,0.75,scraped,
teams/individuals. policies.QualificationsRequirements High-performance TotalviewJob,IAB4 Careers,0.75,scraped,
team.Notify skills.Capable OfficeAllegisContractorStaffingProgramJOB Remote- experience)About EmployerFor,IAB4 Careers,0.75,scraped,
position!! ChicagoQualifications position.What,IAB4 Careers,0.75,scraped,
needs.JOB performance.Coach role.Functions high-throughput specifications.Positions,IAB4 Careers,0.75,scraped,
Fargo.Responsibilities performance.Obtain GitHubExperience hrs/week nationals)Experience,IAB4 Careers,0.75,scraped,
skills***Exciting home.Job counsel.Experience tooling.RESPONSIBILITIES: transportationExperience ModelsExperience,IAB4 Careers,0.75,scraped,
benefits/eligibility. (GED).Experience: ManagerOTHER practicesPerformance,IAB4 Careers,0.75,scraped,
etc.Qualifications:(Required) (shrink system•Experience skills.ORMinimum THRU,IAB4 Careers,0.75,scraped,
duties.Responsibilities:Clean SKILLSSelected ($14/hr,IAB4 Careers,0.75,scraped,
HIRING!This EXPERIENCE:Bachelor’s Manager.Growth experienceStreet,IAB4 Careers,0.75,scraped,
learning/teamwork TXJob Experience:Bachelors responsibilitiesEducation/Experience HowellQualifications EngineerEMPLOYER,IAB4 Careers,0.75,scraped,
"(HRSA) Employers​ completionExperience equipmentDuties:Duties/Responsibilities:• (PHR,",IAB4 Careers,0.75,scraped,
ExperienceElectrical area.Qualifications job.#CB,IAB4 Careers,0.75,scraped,
needed.ResponsibilitiesFunctions Career? team.Perform skillsSthree positions.Salary Skills:Excellent,IAB4 Careers,0.75,scraped,
$16.50hr C#Experience manager.Participates,IAB4 Careers,0.75,scraped,
supports.Skills tQualificationsWhat team.All,IAB4 Careers,0.75,scraped,
"hr/ care.Responsibilities:Assists Shredders, PAJob skills.Experience",IAB4 Careers,0.75,scraped,
shiftopportunity skillsets requirementsQualifications: experienceLearning communications/follow-through supervisorQualifications:•,IAB4 Careers,0.75,scraped,
EDUCATION/EXPERIENCE• Team. $24/hr region.JOB BONUS!Benefits CompanyPrefer,IAB4 Careers,0.75,scraped,
"job?*Previous experienceLCSW, taping/re-taping/repositioning;",IAB4 Careers,0.75,scraped,
safety.Experience TXJob RequiredSKILLS:Ability,IAB4 Careers,0.75,scraped,
"service!Job records.Job href=""[ process.Job skillsets,",IAB4 Careers,0.75,scraped,
through-partner COMPANYOur outcomesExperience care-team,IAB4 Careers,0.75,scraped,
"uniqueindustry-based, Benefits’ Education/Experience:General more!OfficeTeam, charge/leadership",IAB4 Careers,0.75,scraped,
#JOBID: RoleSpecialist team.Maintains CertificateCareers QualificationsGood positionDemonstrated,IAB4 Careers,0.75,scraped,
"(Responsibilities) hours.Candidates non-promotional, GED.Experience:",IAB4 Careers,0.75,scraped,
7:00AM-9:00AMPOSITION teammates! service.Responsibilities:* time-offTeam experience.5+ skillsCompensation:Very,IAB4 Careers,0.75,scraped,
"team.POSITION immediatelyQualificationsCPO brand.Qualifications Shreveport,La",IAB4 Careers,0.75,scraped,
PreferencesExperience Skills300 (HRC) Responsibilities:*Prepare skillsHigh,IAB4 Careers,0.75,scraped,
ComparePosition DepositCompany experienceHolds ResponsibilitiesNone growth.Essential role/requirements:Must,IAB4 Careers,0.75,scraped,
recruiters. experience•Demonstrated toolsQUALIFICATIONS: interviewDemonstrated FridayCompany,IAB4 Careers,0.75,scraped,
"pay/benefits, EXPERIENCE:Experience Kurierfahrer Experience/Training: immediately!Responsibilities:Reviewing",IAB4 Careers,0.75,scraped,
"HRSA, Responsibilities:-Service responsibilities) experienceElectrical",IAB4 Careers,0.75,scraped,
Education/Experience:Previous tasks:Recruiter position.Responsibilities: experienceShould,IAB4 Careers,0.75,scraped,
"skillsOther:Must necessaryBenefitsAs Managers/Project Three, experiences. team.2.",IAB4 Careers,0.75,scraped,
requiredResponsibilitiesMeets LaurelJobSales managers/supervisors. company.Would responsibilities:Design,IAB4 Careers,0.75,scraped,
"Qualifications/Skills $13.00/hr, uno.SkillsExperience",IAB4 Careers,0.75,scraped,
"preferred.Skills/Aptitude:Presents team-mates industryPhysical SkillsBS,",IAB4 Careers,0.75,scraped,
Thisposition benefits.Submit HRIdentify team.o,IAB4 Careers,0.75,scraped,
Interviewing: Career stakeholdersQUALIFICATIONS:5+,IAB4 Careers,0.75,scraped,
Abilities/Skills clientsQualificationsStrong appliancesExperience,IAB4 Careers,0.75,scraped,
"skillsâ¢ allowanceJob $17.86/HRALL skills,Proficient industryBachelors skillsSelf-starter,",IAB4 Careers,0.75,scraped,
located.BenefitsAs skillsRequired hr/wk,IAB4 Careers,0.75,scraped,
teammates.Assists needsExperience JobsCall experience.Skills:,IAB4 Careers,0.75,scraped,
charge/leadership RESPONSIBILITIES:ESSENTIAL Responsibilities:Perform PAESalary 'ExternalApply-j3s5dy6l2fmc2fhrhkk');,IAB4 Careers,0.75,scraped,
interviewing.Ability job.A leadership/agents Salary/Bonus: purpose;Teamwork,IAB4 Careers,0.75,scraped,
detail.Experience RESPONSIBILITIESIn ManagerFacilitates Role/Responsibilities experience.It's experience.Volt,IAB4 Careers,0.75,scraped,
RequiredNoJob team.4. industryBenefitsAs positionShifts,IAB4 Careers,0.75,scraped,
"accountPOSITION role.OfficeTeam, QualificationsUnderstanding $29.00/HR",IAB4 Careers,0.75,scraped,
"DescriptionQualifications development.Experience (manager, qualifications position.)Maintains Qualifications:-2+",IAB4 Careers,0.75,scraped,
industry.Strong experienceSalary ExperienceOne INTERVIEWS!!!CALL,IAB4 Careers,0.75,scraped,
team-oriented preferredExperienceAt performance.Requirements: manager) Inc.JOB,IAB4 Careers,0.75,scraped,
values!Job HRIT assigned.Experience,IAB4 Careers,0.75,scraped,
snacksTeam MAJob ExperienceRequiredLess,IAB4 Careers,0.75,scraped,
EXPERIENCE): performance.Occasional experiencePneumatics glass.Job,IAB4 Careers,0.75,scraped,
JOBThis dishroom. promotionsUtilizing job?Will,IAB4 Careers,0.75,scraped,
"verballyExperience recovery.Education/Experience:CCNA, QUALIFICATIONSIndustry Three.2 team!Practice policy.Applicants",IAB4 Careers,0.75,scraped,
SkillsCurrent IndustryBoston yourself.Job supervisory/managerial,IAB4 Careers,0.75,scraped,
EmploymentOpportunity (HR)Time days.Experience: skillsStrong experience): ResponsibilitiesSt.,IAB4 Careers,0.75,scraped,
promotion.SPECIAL skills.Stays teamsResponsible Skills:Valgrind CHRISTUS' HardTeam,IAB4 Careers,0.75,scraped,
SKILLS/EXPERIENCE: Manager.EDUCATION: role/requirements:Must training$14.00/hr. teams.Experience,IAB4 Careers,0.75,scraped,
JobJob Magazine.Job Fahrenheit.May (REMOTE)Solugenix analyticsExperience,IAB4 Careers,0.75,scraped,
"career!!! experience.Knowledge/Skills/Abilities:Strong remotelyObtains skillsStrongorganizational, Company! ExperienceThree",IAB4 Careers,0.75,scraped,
skillsTravel: leadershipMentoring Have:-Experience,IAB4 Careers,0.75,scraped,
requiredQualificationsMust Facility/Job experience.Knowledge/Skills/Abilities:Strong processes.Experience EnglishPreferredExperience,IAB4 Careers,0.75,scraped,
"experienceTwo ResponsibilitiesProvides Manager.Requirements:Due databases.QualificationsEDUCATION,",IAB4 Careers,0.75,scraped,
principlesExperience America.Benefits OffersCareer,IAB4 Careers,0.75,scraped,
growth.The team.*Be purpose;Teamwork,IAB4 Careers,0.75,scraped,
"Physician.Job BENEFITS •Leadership, system.Responsibilities:*",IAB4 Careers,0.75,scraped,
Qualifications:US Fahrenheit.May industryUnderstanding,IAB4 Careers,0.75,scraped,
documentationQualifications:Excellent experience.Experience performance.Provide,IAB4 Careers,0.75,scraped,
"Interviewing CaseManager, certificationsQualifications:US experience.EOE",IAB4 Careers,0.75,scraped,
'team-player' Responsibilities:Attend $16.10/hr.,IAB4 Careers,0.75,scraped,
"supervisor.#CBQualificationsMINIMUM ExperienceEDUCATION: steam,",IAB4 Careers,0.75,scraped,
experience.Team CDC.JOB $11/hr) QualificationsBachelors’ essentialJob teamwork,IAB4 Careers,0.75,scraped,
company WIPosition growth.Provide,IAB4 Careers,0.75,scraped,
8HR independently.EDUCATION/EXPERIENCE/SKILL Responsibilities:Successfully Manager.•Demonstrates Missouri.ResponsibilitiesEducates machine.Thread,IAB4 Careers,0.75,scraped,
membersQualificationsHigh performanceWireless KenwoodJob experience/investigations. experienceStorage,IAB4 Careers,0.75,scraped,
"career.Earn interviewed. chromatography, drawings.Qualifications:Any $8.25/hr.",IAB4 Careers,0.75,scraped,
qualifications:Requirements RESPONSIBILITIESPatient GreerJob IIIPosition Pre-interview Monday-FridayResponsibilities:-,IAB4 Careers,0.75,scraped,
Responsibilities:The WebEx/TeamViewer helpful.EducationIndustry PerforceBenefits customer/job (remoteflexiblejobs.com),IAB4 Careers,0.75,scraped,
"skills5+ dispositions, experience•Demonstrated appropriate.Qualifications:F/S",IAB4 Careers,0.75,scraped,
#LI-Remote team2+ Qualifications1-2 advancementQualifications (Three,IAB4 Careers,0.75,scraped,
Responsibilities:Prepare productJob positionEqual,IAB4 Careers,0.75,scraped,
position.The SalemJob industry.They,IAB4 Careers,0.75,scraped,
Experience:Bachelor's ?Qualifications: skills.Off-hours ResponsibilitiesCustomer,IAB4 Careers,0.75,scraped,
SkillsDatabase Workplaces. deploymentsJob team.PRIMARY,IAB4 Careers,0.75,scraped,
"role:REQUIRED experienceJSON 6hr objectives.Experience, roleContact department.Requirements/Qualifications",IAB4 Careers,0.75,scraped,
responsibilitiesTeamDisplays solutions.Industry Manager.This Responsibilities:Takes,IAB4 Careers,0.75,scraped,
Responsibilities:Implements results.Job GlenJob SkillsDemonstrates complexityExperience hours.Job,IAB4 Careers,0.75,scraped,
Knowledge/Abilities/Skills opportunity!!Interested firewallsExperience,IAB4 Careers,0.75,scraped,
MarionJob projectsRole growth.Essential,IAB4 Careers,0.75,scraped,
EmployerIt show.QUALIFICATIONSQualifications hr.(Effective QUALIFICATIONS:Strong ExperienceMay position***,IAB4 Careers,0.75,scraped,
awardsIndustry experienceElectrical responsibilitiesPerform Bring/Job skills.Advanced understanding.Responsibilities:,IAB4 Careers,0.75,scraped,
experience) Team• “growth”. process.Qualifications:Entry therapeuticsExperience $90/hr,IAB4 Careers,0.75,scraped,
today!ResponsibilitiesAre world.Role interviewsAssisting Associate.ResponsibilitiesAs role.Excellent,IAB4 Careers,0.75,scraped,
benefitsMaintain team!Interested team-level $16.4/hr,IAB4 Careers,0.75,scraped,
QualificationsCOME Responsibilities:Attendance 401K*Opportunity hourlyOfficeteam agencies.QualificationsEducation,IAB4 Careers,0.75,scraped,
workplace.Schedule: leadershipMaintain Experience:Knowledge,IAB4 Careers,0.75,scraped,
EXPERIENCEAssociate's appropriate.Qualifications industryPREFERRED ProManager teams.May Details:Industry:,IAB4 Careers,0.75,scraped,
role-Knowledge Qualifications:Associate's 7:00pmJob application.ResponsibilitiesManage Co-Managers. teamPossesses,IAB4 Careers,0.75,scraped,
experience.Physical performanceBiohazard leadership.Strong,IAB4 Careers,0.75,scraped,
positions.. growthvery $12/hr),IAB4 Careers,0.75,scraped,
RESPONSIBILITIES:Accurately industry.Major CertificationExperience,IAB4 Careers,0.75,scraped,
Team’s teams;* career.What QUALIFICATIONS:Prior subsystems.Job,IAB4 Careers,0.75,scraped,
MANAGERWe w/benefits meetingsPosition,IAB4 Careers,0.75,scraped,
shrinkageBe EXPERIENCE:• GROWTHAssist,IAB4 Careers,0.75,scraped,
travel.Applicants OracleExperience RESPONSIBILITIESPatient,IAB4 Careers,0.75,scraped,
availability.Candidates Manager.. EmployerApex,IAB4 Careers,0.75,scraped,
DDC.Salary teamAdvocates $17.60/hr).,IAB4 Careers,0.75,scraped,
requirements.QualificationsRelated (Through AgileExperience,IAB4 Careers,0.75,scraped,
(through immediately!Qualifications:3+ Employers. healthy.Career,IAB4 Careers,0.75,scraped,
QUALIFICATIONSBasic Employer#INDCOL permanentBenefits,IAB4 Careers,0.75,scraped,
SkillsOrganizational EDUCATION/EXPERIENCE/SKILL skillso integrationExperience skillsTeam GitQualifications,IAB4 Careers,0.75,scraped,
ElasticsearchExperience analysis.Three Experience:5+,IAB4 Careers,0.75,scraped,
BitBucketExperience policies.QualificationsRequirements PosterApplicants experience)•Able,IAB4 Careers,0.75,scraped,
"role."" scheduledSalary Qualifications● allowanceCompany",IAB4 Careers,0.75,scraped,
trichrome Hiring** Team:Mission $48/hr. team!This,IAB4 Careers,0.75,scraped,
salary.Fathom proceduresExperience plus!Position Roles: instructions.Responsibilities:Use experience)Shift,IAB4 Careers,0.75,scraped,
Experience:Technical/Business HirePay$12/hrShifts: skillsSDLC,IAB4 Careers,0.75,scraped,
RESPONSIBILITIES:Identify through: goalTeam PhiladelphiaJob company.Basic,IAB4 Careers,0.75,scraped,
Experience:Doctoral MinimumQualifications: position:If,IAB4 Careers,0.75,scraped,
"plan(s)Positional skillsFirst Salary61,842.00",IAB4 Careers,0.75,scraped,
"insuranceBenefits $14.00/HR EnglishReview BankingPosition: plan,company",IAB4 Careers,0.75,scraped,
QualificationsLicensed growth401kInsurance POSITIONOur SkillStorm experience:The job.COMPENSATION,IAB4 Careers,0.75,scraped,
plantjobs successfullyQualifications:-Landscape DHRsPrepare firm.Responsibilities:Work manufacturing.Job ManagerFantastic,IAB4 Careers,0.75,scraped,
plusResponsibilities:Facilitate skills3+ LeadershipServant,IAB4 Careers,0.75,scraped,
Position) applicant(s) Professionals–throughout serving!Career required.Qualifications:-,IAB4 Careers,0.75,scraped,
Experience:EducationAdheres assignedJOB RESPONSIBILITIESAny $19.75/hr.,IAB4 Careers,0.75,scraped,
Responsibilities:*Prepare projects.Qualifications Responsibilities:1.) Employers.',IAB4 Careers,0.75,scraped,
Experience:EducationAdheres weeksResponsibilities: non-promotional,IAB4 Careers,0.75,scraped,
performance.QualificationsBA company)Experience required:Experienced,IAB4 Careers,0.75,scraped,
teamPrior Responsibilities:• etc.).Experience industry.Thorough,IAB4 Careers,0.75,scraped,
experience.Interested role)Who ACCOUNTING)Job,IAB4 Careers,0.75,scraped,
($15.50-$18.50/hr) skills;Strong experienceassembly,IAB4 Careers,0.75,scraped,
mattersJob position:In (candidate,IAB4 Careers,0.75,scraped,
mentoringSalary experienceminimum process/performance teamsEnsures skillsWill,IAB4 Careers,0.75,scraped,
positions.Is $11.00-12.00/hr industrythat's,IAB4 Careers,0.75,scraped,
skillsCoachable ManagerEnsure companyTrack,IAB4 Careers,0.75,scraped,
SkillsTends phoneExperience 3:00pm.JOB QualificationsTS/SCI,IAB4 Careers,0.75,scraped,
skillsProblem company.Responsibilities: walkthrough Employer/Disabled/Veteran,IAB4 Careers,0.75,scraped,
company.DescriptionSeeking resume!!Interested skillsConstruction skills/abilities: opportunityWhat investigations.JOB,IAB4 Careers,0.75,scraped,
plus.Job replicationExperience guidelines.Position experienceOther,IAB4 Careers,0.75,scraped,
NJ!Job applicationsJob Qualifications:BS Qualifications/Job,IAB4 Careers,0.75,scraped,
VehicleCompany standardsQUALIFICATIONS:Knowledge $12/hr) roleDuties,IAB4 Careers,0.75,scraped,
"threader, threat, salary/benefit remoteCompensation Qualifications:Bachelor's, teamDrive",IAB4 Careers,0.75,scraped,
templatesSalary understandingResponsibilities non-job-related $13.50-$14.25/hr. performances.We Office.Experience,IAB4 Careers,0.75,scraped,
$30/hr. creativityExperience terminated.QualificationsMINIMUM career100% skills;• leaveCompany-paid,IAB4 Careers,0.75,scraped,
Responsibilities/Duties communications.Job #OpportunityOwned 7:00AM-7:00PMPOSITION $73.69/hr client/team,IAB4 Careers,0.75,scraped,
ExcelJob experiencedeveloping experience!We (Preferred)Benefits:Health,IAB4 Careers,0.75,scraped,
Qualifications:Vocational Leadership. salary!Ability skillsGraduation,IAB4 Careers,0.75,scraped,
Qualifications:Professional CareerBuilderb. QualificationsAssociate's Restaurant.>h4/h4<>lilililililililililililiJob,IAB4 Careers,0.75,scraped,
ROLE:This experienceStrong companyComply conclusions.Experience,IAB4 Careers,0.75,scraped,
"Skills• skillsEnvironment:Firm TEAM!IF managers.Key position.CERTIFICATES,",IAB4 Careers,0.75,scraped,
applicableExperience roleIn company? Accepted:Experience (salary teamCoordinate,IAB4 Careers,0.75,scraped,
"SkillsOrganizational immediately!OfficeTeam, skillsHS periodSalary start!Interviews Description:Qualifications:Minimum",IAB4 Careers,0.75,scraped,
York.Responsibilities: Responsibilities:Focus ManagerIdentifying Positions:Physical $48/hr. team.Comfortable,IAB4 Careers,0.75,scraped,
"""team"" transurethral EHR-neutral, coverage!Job deliveriesQualificationsA",IAB4 Careers,0.75,scraped,
email/resume thecompany’s TopekaJob resumes/CVs,IAB4 Careers,0.75,scraped,
(on-the-job payCompany functionalityExperience Job? required***JOB,IAB4 Careers,0.75,scraped,
Role:* Thrust EmployerWHO,IAB4 Careers,0.75,scraped,
ResponsibilitiesYour Missourijob GitHubExperience,IAB4 Careers,0.75,scraped,
"Opportunity! repair.QUALIFICATIONS:Professional, area•Experience Representative!OfficeTeam skills:2 Manager/EstimatorA",IAB4 Careers,0.75,scraped,
"roleSelf-motivated, percentages.JOB customers.Qualifications CareerMy experience,requirements performance?",IAB4 Careers,0.75,scraped,
RESPONSIBILITIES. $29.00/HR RESPONSIBILITIESJob role.Candidates position.Â,IAB4 Careers,0.75,scraped,
job.Consistent on-the-job growthFurniture,IAB4 Careers,0.75,scraped,
"pre-interview, requiredPosition Chromatography/Mass experiences)",IAB4 Careers,0.75,scraped,
teams/sessions team.Maintains skills,IAB4 Careers,0.75,scraped,
Employer: $17.40/hr. resultsExperience Manager's remotely. Skills/MS,IAB4 Careers,0.75,scraped,
(SHRP) onJob WORKPLACE sales)Experience,IAB4 Careers,0.75,scraped,
IL.POSITION industry-leader teamBenefitsPaid company/industry experienceDemonstrated roles!,IAB4 Careers,0.75,scraped,
$65/hr resourcesStaff-through $13.92/HR QualificationsGraduate skills:•,IAB4 Careers,0.75,scraped,
GrowthJob industry.MissionResponsible manager.Welcomes,IAB4 Careers,0.75,scraped,
positionsWhat experience?We Growth!* positionA,IAB4 Careers,0.75,scraped,
"experienceJob type.Job Pay*Experienced Guard-$14/hr Chromatography,",IAB4 Careers,0.75,scraped,
Company;Stay improving.Workplace 20170.SummaryPosition:RM Act:Applicants *Qualifications,IAB4 Careers,0.75,scraped,
job.Communicates salaryIndustry BenefitsAnd industryWorking preferredCOMPANY,IAB4 Careers,0.75,scraped,
workQualifications:Cherry services.Job hourJob Compensation:$18-$25/hr team.FULL,IAB4 Careers,0.75,scraped,
skills! three-month capabilitiesExperience positionStarting teamplayer,IAB4 Careers,0.75,scraped,
10hr teamsWorks $13.26/hr Opportunity!,IAB4 Careers,0.75,scraped,
territory.Job Security)Experience salary.Equal ManagerSets #CJPOST#DPOST##ISDCJ#intellogsjobs#ADMIN#ParaLegal#Legislative#Legislation\' Pros/Managers,IAB4 Careers,0.75,scraped,
experiencePay-$12-$16/hr exposure/experience PHR/SPHR positionsNight week.Job Responsibilities:Ensure,IAB4 Careers,0.75,scraped,
experienceTeradata individuals.Qualifications litigationExperience CHRISTUS BenefitsLocally,IAB4 Careers,0.75,scraped,
OracleExperience Institute).Experience $16/HR supervisor/manager.,IAB4 Careers,0.75,scraped,
increase.QualificationsMINIMUM Qualifications:Familiar Candidates:Home chronological COMPANY: experience.Ensure,IAB4 Careers,0.75,scraped,
BenefitsLocal Skills/Knowledge1-3 NursingExperience5-10 positioned Series)Experience jobs-,IAB4 Careers,0.75,scraped,
"role.Compensation experience!** QUALIFICATIONS:Minimum PreferredRecruiter, experienceStartup",IAB4 Careers,0.75,scraped,
required.Experience• capabilitiesExperience masterExperience NoneQUALIFICATIONSEmployment,IAB4 Careers,0.75,scraped,
ManagerSecuritas skills-Strong ManagerCuriosity career!A Qualifications/Skills implementations.Experience,IAB4 Careers,0.75,scraped,
"Nurse/Manager BeatsExperience OverviewCandidate business.QualificationsEDUCATION, KEYRESPONSIBILITIES:Pulls Requirements/Responsibilities:Bachelor",IAB4 Careers,0.75,scraped,
QualificationsFrequently work.Qualifications company-specific,IAB4 Careers,0.75,scraped,
year.Job salary; preferred.Skills/Aptitude:Must (HRC) GrowthJob,IAB4 Careers,0.75,scraped,
CouncilCOMPANY hrs/wk managementQualifications: leadershipMentoring throughout skillsCareers,IAB4 Careers,0.75,scraped,
TotalviewJob position! role:- field).Design-BuiildExperience leadership.5+,IAB4 Careers,0.75,scraped,
scheduled.Position $13.50/HR position.PURPOSE/BELIEF,IAB4 Careers,0.75,scraped,
job-sites $16.4/hr position.Â supervisor.Job: teams.Will SKILLS/KNOWLEDGE:,IAB4 Careers,0.75,scraped,
period).Responsibilities: managerEach $17-$21/hr skillsDuties growth-oriented,IAB4 Careers,0.75,scraped,
opportunityEffective position:Training tasks.Leadership,IAB4 Careers,0.75,scraped,
role:Maximize ManagementTeam approach.Responsibilities:Ability Experience:Required: general/leadership,IAB4 Careers,0.75,scraped,
Estimator.Responsibilities:Research performance.Performance Bonus!!!JOB,IAB4 Careers,0.75,scraped,
"roleThis backgroundsOfficeTeam, Responsibilities:Mows Leadership.Excellent",IAB4 Careers,0.75,scraped,
LANCandidate SalaryFantastic mannerSynchronize industryHeavy client.Qualifications:1. $17/hrHours:,IAB4 Careers,0.75,scraped,
"opportunity, Skills:Experience LeadershipServe (PQIs):Experience team-mate Ph.D.Experience",IAB4 Careers,0.75,scraped,
leadership- BHJOB2400_152446 center.Responsibilities:,IAB4 Careers,0.75,scraped,
experienceVolt DegreeSalary: Certification.Skills:,IAB4 Careers,0.75,scraped,
responsibilitiesStack teamRemain FullChargeBookkeeper.RESPONSIBILITIES team.#HP1 ExperiencesNo experienceEPA,IAB4 Careers,0.75,scraped,
(CIA)*Position QualificationsHighly managers/developers,IAB4 Careers,0.75,scraped,
SkillsFamiliarity plus)•Candidates positions.Job $13.50/HR engagementsQualifications:A systemsJob,IAB4 Careers,0.75,scraped,
DO:Candidates scripting.Responsibilities:Overall employmentJob,IAB4 Careers,0.75,scraped,
"Responsibilities:To $24/hr, Employer/Protected globe.Job Teamwork. Opportunity?",IAB4 Careers,0.75,scraped,
companyProvide experience.AND- ResponsibilitiesAssist skills.Curiosity Opportunity!) OnlineExperience,IAB4 Careers,0.75,scraped,
Bonus/Benefits: QualificationsMicrosoft brush/rollerQualifications:1 experience.Lead skillsSDLC Responsibilities:SAIC,IAB4 Careers,0.75,scraped,
"teamsProactively managers.Collaborate job"" QualificationsRead",IAB4 Careers,0.75,scraped,
"PayRemote interview, questionsBilingualskills Experience18+",IAB4 Careers,0.75,scraped,
experience.You performance.Responsible Team:Hands-on basis.Qualifications-P.E.,IAB4 Careers,0.75,scraped,
calculationsExperienceprocessing Experience/Training: Benefits*Vacation JavaScriptExperience NetSuite.Responsibilities Experience:Two,IAB4 Careers,0.75,scraped,
Responsibilities:- experience.Preferred Manager/Advisor subcontractorsJob,IAB4 Careers,0.75,scraped,
teamSelf architect.Responsibilities assigned.EDUCATION/EXPERIENCE/SKILL qualifications:A Responsibilities:Sales suchQualificationsBachelor's,IAB4 Careers,0.75,scraped,
$17/hr... roleValid through.Flexibility needed.Benefits:Friendly Role?Work RESPONSIBILITIES/REQUIREMENTSMust,IAB4 Careers,0.75,scraped,
Christian Qualifications:At buildingJob Responsibilities:Performs company.Effective skillsInspect,IAB4 Careers,0.75,scraped,
experienceCompletion Manager must!Experience experiences.Southpointe Responsibilities:Performs,IAB4 Careers,0.75,scraped,
$65/hr managerUses HRTracks knives.Industry:,IAB4 Careers,0.75,scraped,
RogersJob hospital.Job Responsibilities:Some,IAB4 Careers,0.75,scraped,
"traffic-Experience experiences.Southpointe job?As Manager-ThinkGeek-Lafayette, $16/Hr",IAB4 Careers,0.75,scraped,
teams.Will CompanyResponsibilities:Industry reviewsExperience Managers/Assistant,IAB4 Careers,0.75,scraped,
Role:Part-time Jobs-Edwardsville ABILITIES:Candidates ​Benefits:,IAB4 Careers,0.75,scraped,
Position:Ability agreement.Skills skillsPlanning EducationCandidates,IAB4 Careers,0.75,scraped,
"GrowthJoining careerWhat growth/development, needs.Qualifications:A",IAB4 Careers,0.75,scraped,
direction.Skills Qualifiedcandidates growth.Major function.Candidate ResponsibilitiesLead,IAB4 Careers,0.75,scraped,
DUTIES/RESPONSIBILITIES:Presents Opportunity* extremes.Position,IAB4 Careers,0.75,scraped,
Teamwork• preferredEXPERIENCE:Three Experience:Associate Hire.SALARY Engineer/Manager-,IAB4 Careers,0.75,scraped,
performanceProviding experienceUiPath positionsAdhering diplomaExperience/Skills:Associates,IAB4 Careers,0.75,scraped,
job401(k) OnlineExperience close.Benefits:Comprehensive,IAB4 Careers,0.75,scraped,
threat)10+ Manager.EDUCATION: breakthroughs.Job POSITIONS!!!APPLY $37.94/hr,IAB4 Careers,0.75,scraped,
Family/team-oriented (Positions):Region SW/HW/performance performance.Occasional $14/HR team.Bachelor’s,IAB4 Careers,0.75,scraped,
award**Job aid.Qualifications:Previous HiringJob experience.0-2,IAB4 Careers,0.75,scraped,
"ManagerAble JobShop role.OfficeTeam, Skills/Exp:–",IAB4 Careers,0.75,scraped,
Three-Phase care-team Responsibilities:- synchronous OperationsSkills skills;Superior,IAB4 Careers,0.75,scraped,
performanceMonitors experienceOutstanding Experience?,IAB4 Careers,0.75,scraped,
"area.Position standardsExperience anthropometry, toolExperience",IAB4 Careers,0.75,scraped,
preferredBenefits: flight/thru managers. skillsBS/BA bathingAccompanying,IAB4 Careers,0.75,scraped,
neededQualifications:Office ZionsvilleJob SKILLS:Ph.D. companyTrack $16.00/hr.,IAB4 Careers,0.75,scraped,
"plusPerformance QualificationsExperience, BenefitsPaid recommendationsSalary JobID: skillsTeamworkManagement",IAB4 Careers,0.75,scraped,
"skills4+ job.Please ""Team"" PatienceLeadershipListeningDelegating",IAB4 Careers,0.75,scraped,
type.Job Inter-Company communicationsExperience,IAB4 Careers,0.75,scraped,
pc)Hiring threat-related REMOTE!!This ResponsibilitiesContributing Teammate!Things chromatography/mass,IAB4 Careers,0.75,scraped,
"experience.Language skills.OTHER QualificationsHighly Skills-verbal,",IAB4 Careers,0.75,scraped,
ComparePosition positionShifts skillsResponsibilities: Skills-Progression/Career,IAB4 Careers,0.75,scraped,
"positions** manager/director. Responsibilities:Interacts INTERVIEWS salary,incentives,",IAB4 Careers,0.75,scraped,
Experience:*None Responsibilities:A. Responsibilities:Unload Team's,IAB4 Careers,0.75,scraped,
"position.EDUCATIONHigh StructureBenefits backgroundsOfficeTeam, Word)Experience",IAB4 Careers,0.75,scraped,
companyLead Manager/Landscape 14/hr+ positions.Unloading Models.Experience maintenanceQualifications:•,IAB4 Careers,0.75,scraped,
options.Experience Processor.Job coatings.Experience,IAB4 Careers,0.75,scraped,
skills:Understands physicalThrough store/company experienceGood,IAB4 Careers,0.75,scraped,
Responsibilities:-Service threaten experience].Preferred: Team:Assist andexperience experienceVirtual,IAB4 Careers,0.75,scraped,
careersParticipates skillsBachelor's insuranceBenefits preferredExperience: services.QualificationsRequirements:A,IAB4 Careers,0.75,scraped,
through standardsSalary Responsibilities:Set,IAB4 Careers,0.75,scraped,
deadlinesQualifications:High $14.25hrÂ DetailsResponsibilities toolsExperience markets.Team,IAB4 Careers,0.75,scraped,
Completion.Experience SkillsRequirescritical company.Run RESPONSIBILITIESFrames,IAB4 Careers,0.75,scraped,
programs.Leadership skills.Thorough preferredSKILLS:,IAB4 Careers,0.75,scraped,
"SchoolExperience:1-4 skillsSelf-starter, Opportunity** Activities!Job",IAB4 Careers,0.75,scraped,
Skills/Knowledge: Duties/Responsibilities:• experienceDesign familiesQualificationsJob Team?,IAB4 Careers,0.75,scraped,
roleHas Teleperformance estimatesQualifications:Must PowerPointExperience,IAB4 Careers,0.75,scraped,
andexperience team.Now interviewing DoD-Experience QUALIFICATIONSWONDER,IAB4 Careers,0.75,scraped,
footprintExperience TX.RESPONSIBILITIES:Perform SeaTacJob,IAB4 Careers,0.75,scraped,
"Opportunity?As plusSalary managers.• QualificationsSuccess Christmas,",IAB4 Careers,0.75,scraped,
CheckSkills removal.Skills/Aptitude:Ability positional 3:00pm.JOB,IAB4 Careers,0.75,scraped,
Recruiter. up.Experience ManagerDesired,IAB4 Careers,0.75,scraped,
jobx jobsReview job?Working volt.jobs.com teams*,IAB4 Careers,0.75,scraped,
skillsCustomer dayHR/Timekeeping Opener/CloserOpportunity grow.Experience communityQualificationsMore leadership•,IAB4 Careers,0.75,scraped,
Position:Wilbur-Ellis DescriptionThroughout teamsSolving,IAB4 Careers,0.75,scraped,
Experience/Skills:Knowledge Facebook.ResponsibilitiesPosition FL.RESPONSIBILITIES:Here,IAB4 Careers,0.75,scraped,
holidays.Qualifications leadershipAccess Analysis.Experience Manager-West LevelMid-levelIndustryCommercial,IAB4 Careers,0.75,scraped,
skills.W2 Experience9) employers.Atop,IAB4 Careers,0.75,scraped,
"EmployerAt Hiring!If skillsThrive necessary)Experience:Warehouse, preferred)-Experience teamProviding",IAB4 Careers,0.75,scraped,
goals.•Teamwork: period).Responsibilities: role.Functions leadershipAccess,IAB4 Careers,0.75,scraped,
"experience].Any Employer""ResponsibilitiesPosition RESPONSIBILITIES:Will provideexperience opportunityEffective",IAB4 Careers,0.75,scraped,
PositionEducation: performance.Provide Responsibilities:Communicate experienceSome,IAB4 Careers,0.75,scraped,
"Duties/Responsibilities:Recruits, HRC proposition.Offers experience2.",IAB4 Careers,0.75,scraped,
routines.QUALIFICATIONS:This team.We experience)Contract: Maryland.Experience1,IAB4 Careers,0.75,scraped,
responsibilities:Design role.Candidates skillsBusiness-minded,IAB4 Careers,0.75,scraped,
salary? contract.Position teammates.No,IAB4 Careers,0.75,scraped,
uno.SkillsExperience RESPONSIBILITIESDevelops safety#missioncriticalQualificationsMinimum,IAB4 Careers,0.75,scraped,
money.Job www.roberthalf.com/jobs/creative-group equivalent.EXPERIENCE2 Promotions: conversation.Qualifications:Repair,IAB4 Careers,0.75,scraped,
RESPONSIBILITIESposition positions.In company.Customer QUALIFICATIONSSkills/Abilities,IAB4 Careers,0.75,scraped,
SkillsGood Center)ResponsibilitiesThe position/working CandidateAre experience!! holidays.Qualifications,IAB4 Careers,0.75,scraped,
"Responsibilities:Leading, subToteam. day.QualificationsWhat team.Opening company.Schedule:",IAB4 Careers,0.75,scraped,
assigned.QualificationsExperience: interview)Location: career!Job Experience:All complaints.Role,IAB4 Careers,0.75,scraped,
Manager.- teams• equivalent.Experience: less-experienced experienceShift,IAB4 Careers,0.75,scraped,
Plastics).Experience $25-$50hrRN environment.Qualifications:,IAB4 Careers,0.75,scraped,
Responsibilities:Technical company.Voted Responsibilities:Demonstrates Croissants?Career,IAB4 Careers,0.75,scraped,
QUALIFICATIONS/REQUIREMENTS:Be SKILLS/KNOWLEDGE: performance.Independently withHR preferredSKILLS/ABILITIES: employers),IAB4 Careers,0.75,scraped,
Role?Ensure position.EEO/AA/Disability/VeteranResponsibilities procedures.Experiencein petroleum BenefitsFerguson,IAB4 Careers,0.75,scraped,
"vendorsExperience skillsConsistently managerPersonal Nevadajob (HR), Room.Responsibilities:Prepare",IAB4 Careers,0.75,scraped,
materialsQualificationsDegree Principles.Experience EnglishExperience responsibilities.Proficient respectfulworkplace,IAB4 Careers,0.75,scraped,
QualificationsLocation: ExperienceSkilled EXPERIENCE: Team customersExperience:10+,IAB4 Careers,0.75,scraped,
"Opportunity?To *Remote* PHR, ResourcesExperience yourself.ResponsibilitiesHave",IAB4 Careers,0.75,scraped,
ResponsibilitiesRole Industry's distribution.QualificationsMinimum Experience:Must Qualifications:5-7 Polisher$13/hr,IAB4 Careers,0.75,scraped,
skills.Preferred: vacancy.Sthree teamsDriven Growth3. ExperienceAt,IAB4 Careers,0.75,scraped,
teamsCapable spendExperience deploymentsJob,IAB4 Careers,0.75,scraped,
Steamboat HSA.5.Interviews performance.Occasional team.PRIMARY,IAB4 Careers,0.75,scraped,
industryAt IntegrationsJob agencies.Skills:1.,IAB4 Careers,0.75,scraped,
"Team:Hands-on Exercised:N/AQualifications:Education:• remotely, clearly.Job Responsibilities:The Experience/Familiarity",IAB4 Careers,0.75,scraped,
Information:OverviewRole qualifications:Demonstrated teamEstablish self-startersExperience,IAB4 Careers,0.75,scraped,
learningExperience experienceLevy Fahrenheit. manner.QualificationsMINIMUM performance.Experience Knowledge/Skills:,IAB4 Careers,0.75,scraped,
"Experience:Five interviewing!Job Career?Heating, QualificationsLicense/Registration/Certification: company.Effective ANDRESPONSIBILITIES",IAB4 Careers,0.75,scraped,
qualifications.• MANAGERIf positions.EEO/M/F/Vets/DisabilitiesPPO role:- remote/work,IAB4 Careers,0.75,scraped,
skillsWilling skillsProactive interviews.Determines (SHRP) days)Interview Qualifications:Desired,IAB4 Careers,0.75,scraped,
team!Work transurethral homes.Position:Appliance company?Company performance/status,IAB4 Careers,0.75,scraped,
hireEXPERIENCE: teamWill Chris interview-to-offer,IAB4 Careers,0.75,scraped,
Centers)Qualifications position!Requirements:JD ResponsibilitiesDrive,IAB4 Careers,0.75,scraped,
"manufacturingExperienced overtimeResponsibilities:Need OnlineExperience you!COMPANY interviewed,",IAB4 Careers,0.75,scraped,
team.Notify experience.The career-building POSITIONResponsible Committee.#FBQualificationsMINIMUM,IAB4 Careers,0.75,scraped,
"immediately!OfficeTeam, POSITIONS growth?Â Industry.My",IAB4 Careers,0.75,scraped,
methods-Experience Responsibilities:Evaluate position:EDUCATION:Bachelor's Skills:QualificationsCurrent,IAB4 Careers,0.75,scraped,
experienceCivil availableBenefits: USACompany $95/hr,IAB4 Careers,0.75,scraped,
(steam managerAbout skillsSelf- 24hrs $17.60/hr) $15.40/hr.,IAB4 Careers,0.75,scraped,
experience:Recognize experience; experienceIf Position:• injury.QualificationsTo,IAB4 Careers,0.75,scraped,
RequiredExperienceHigh team.What’s plus.Experience OfferingJob leadership*,IAB4 Careers,0.75,scraped,
hrs./wk. etcSalary candidateMember PlanResponsibilitiesMeet,IAB4 Careers,0.75,scraped,
within!QualificationsTo schedule/job teams.Communicate FridayJob,IAB4 Careers,0.75,scraped,
"experienceEither skills.Minimum RESPONSIBILITIESMaintain teammates.Obtains,",IAB4 Careers,0.75,scraped,
Salary!Excellent industry•Knowledge experience.Leadership,IAB4 Careers,0.75,scraped,
"Salary* animalsExperience experience:Technologies growth.RESPONSIBILITY withBenefits,",IAB4 Careers,0.75,scraped,
salary/bonus/bene skills/training skillset/experience:,IAB4 Careers,0.75,scraped,
componentsSkills teams– skills.Ideally Benefits!Job verballyExperience,IAB4 Careers,0.75,scraped,
skillsWork MediaJob ExperienceAA,IAB4 Careers,0.75,scraped,
experience.Education industry.What capacityJob failures.Qualifications:• $73.10/hr.,IAB4 Careers,0.75,scraped,
"Category:ManagerJob scheduleQualificationsSKILLS SkillsCerti Hiring,",IAB4 Careers,0.75,scraped,
Responsibilities:Generate pitchesResponsibilities message.Team,IAB4 Careers,0.75,scraped,
"nephrology, SupervisorOpportunity Recruiter! industry.These skillsShift:",IAB4 Careers,0.75,scraped,
"HR,Human $14.00/hr! QUALIFICATIONSAt playerResponsibilities listening.Skills",IAB4 Careers,0.75,scraped,
Confluence.Experience ResponsibilitiesCPT JobwithAO,IAB4 Careers,0.75,scraped,
responsibilities.Prepares SkillsJOB assigned.POSITION industryAt skillsSearch,IAB4 Careers,0.75,scraped,
"Skills:Accounting ResponsibilitiesAccurately (Teamwork, clearly.Job Hiring.",IAB4 Careers,0.75,scraped,
On-the-job QualificationsBe SiteManager,IAB4 Careers,0.75,scraped,
ResponsibilitiesActivities ExpressJobs computer.License/QualificationsCertifications: issues.Qualifications:,IAB4 Careers,0.75,scraped,
skillsBusiness-minded Today!Job ​Experience: wade@ercjobs.com,IAB4 Careers,0.75,scraped,
teamResponsibilities: PositionSummaryTheHRIS project(s).Responsibilities Responsibilities:DeliveryEnsures,IAB4 Careers,0.75,scraped,
industry ManagerSpecialize Managers' Manager.Salary,IAB4 Careers,0.75,scraped,
lbs.Job experienceOperations $22.00/hr; measureQualifications: companyPossesses,IAB4 Careers,0.75,scraped,
SPECIFICATIONSMinimum:POSITION experience). interviews). position.Interested,IAB4 Careers,0.75,scraped,
TeamworkNational Maryland.Job #stillhiring,IAB4 Careers,0.75,scraped,
$18-25/hr! opportunity.Competitive inexperienced,IAB4 Careers,0.75,scraped,
skills/background/experience system.Qualifications: stores.Responsibilities following:Job,IAB4 Careers,0.75,scraped,
development.Qualifications: clients.JOB roles.Communicate,IAB4 Careers,0.75,scraped,
$13.92/HR changesQualifications: Inter-company,IAB4 Careers,0.75,scraped,
compliance.Position teamDisplays teams.Responsibilities: performance.Independently managers.-,IAB4 Careers,0.75,scraped,
role-Knowledge crewQualificationsMinimum dishroom. EmployerFast OfferingJob,IAB4 Careers,0.75,scraped,
projects.Qualifications:Minimum GoExperience environmentExperience,IAB4 Careers,0.75,scraped,
"skillsCritical CategorySkillSkill philanthropy, 1.Three weights.Position $13/hr.",IAB4 Careers,0.75,scraped,
andgrowth incidents.Salary teambuilding skills.Able Company/Property,IAB4 Careers,0.75,scraped,
"leadership.Oversee lives.ResponsibilitiesEveryday, Qualifications:Master's skillset! desirableExperienced",IAB4 Careers,0.75,scraped,
hourlyCandidates City!Job LicenseBLSExperience uno.SkillsExperience skills;Superior,IAB4 Careers,0.75,scraped,
"Manager). (manager, StructuralJob $16/hr,",IAB4 Careers,0.75,scraped,
"timeframes.Experience supervisoryexperience Benefits?There dispositions, Qualifications/Education/Experience/Skills Hrs",IAB4 Careers,0.75,scraped,
responsibilities/expectations.An experience! Promotions,IAB4 Careers,0.75,scraped,
pm.BenefitsHealth JOB.NOTE: team!Now,IAB4 Careers,0.75,scraped,
Director/Director/Manager.Duties staff.#RN-DHResponsibilitiesESSENTIAL QualificationsQualificationsExperience:,IAB4 Careers,0.75,scraped,
position.EVO situationsJob Responsibilities:Clearly patient-team developmentQualifications:Bachelor's moreResponsibilities:Take,IAB4 Careers,0.75,scraped,
performance.)Good leadershipRequired DUTIESThrough StatesExperience experienceThey,IAB4 Careers,0.75,scraped,
professionals!POSITION role.What OvertimeJob,IAB4 Careers,0.75,scraped,
QUALIFICATIONSBachelor's areaExperience Skills•Python/C++ teams.Directs industryAll,IAB4 Careers,0.75,scraped,
"Preferred:Experience methods.QUALIFICATIONS:Must responsibilities:Â company-match,",IAB4 Careers,0.75,scraped,
managers.Perform RESPONSIBILITIES:This teams.Experience laws.Job workJob know-howBenefitsMedical,IAB4 Careers,0.75,scraped,
teamsResponsible skillsCustomer Familiarity/Experience ManagerA skillsOther:,IAB4 Careers,0.75,scraped,
"teams.Accuracy-oriented responsibilitiesMonitor Manager!If companypersonnel. responsibilities: managers,",IAB4 Careers,0.75,scraped,
experience.Completed roleExcellent experience-Have,IAB4 Careers,0.75,scraped,
companyEmployee field#nowhiring position:Your team!Perform,IAB4 Careers,0.75,scraped,
suppliesJob methods-Experience teamPAE hrImmediate,IAB4 Careers,0.75,scraped,
skillset.Company industryMust themQualifications•U.S.,IAB4 Careers,0.75,scraped,
experienceFiber Roles/ResponsibilitiesMonitor leadership/management hematology/oncology.Responsibilities experience.Some role:Develop,IAB4 Careers,0.75,scraped,
teamEssential Qualifications/Requirements:Qualified https//jobs.altec.comThe adResumes Experience:Refrigeration/HVAC skills.Three,IAB4 Careers,0.75,scraped,
Benefits:- Qualifications:RxCLAIM Position:The RESPONSIBILITIES:The ExperienceBA/BS ResponsibilitiesCultivates,IAB4 Careers,0.75,scraped,
"servicingExperience QualificationsAccess careers, RESPONSIBILITIESSets HIRING!Technical Responsibilities.ITW",IAB4 Careers,0.75,scraped,
QualificationsPhysical Amazon.Benefits: neededQualificationsBachelor’s,IAB4 Careers,0.75,scraped,
"team.Come RESPONSIBILITIESAssures Salary!Excellent IndustryExperience skillSelf-driven, JOBThe",IAB4 Careers,0.75,scraped,
"potential.Job SKILLS/KNOWLEDGE/ABILITIES QualificationsMinimum:Completion Responsibilities:Draft,",IAB4 Careers,0.75,scraped,
periods.QualificationsEducation team.Foster assigned.QUALIFICATIONS:7,IAB4 Careers,0.75,scraped,
HomeJobStaffing team/area Team!Why,IAB4 Careers,0.75,scraped,
experienceHandle PlaceJob Positions) thrown policies.Job,IAB4 Careers,0.75,scraped,
non-job $18.31/hr NursingPreferred:Experience career100% MemberOpportunity,IAB4 Careers,0.75,scraped,
$17.60/hr) MDIA.Experience ResponsibilitiesRelated StructureBenefits,IAB4 Careers,0.75,scraped,
experienceShift: NYSalary: sectors.Job,IAB4 Careers,0.75,scraped,
offer.BenefitsBonus growth-oriented StandardsJob,IAB4 Careers,0.75,scraped,
team.1-2 Director/Manager/Generalist flow-through. team.Attend,IAB4 Careers,0.75,scraped,
experienceProgram skillsTrainee: cost/performance familyCompany-paid teams job•,IAB4 Careers,0.75,scraped,
skills.ExperienceAcute 'ExternalApply-j3r2bj606z2835jhrv3'); Manager.• leadershipNo team!!What,IAB4 Careers,0.75,scraped,
"2hr Manager's benefits—401k, roles",IAB4 Careers,0.75,scraped,
completionExperience Throughout candidate.Responsibilities:Perform,IAB4 Careers,0.75,scraped,
"playerBenefits ""Team"" dishroom.",IAB4 Careers,0.75,scraped,
"scratch.Opportunity orientedBENEFITSSalary Skills:Finance, Threading SKILLS,",IAB4 Careers,0.75,scraped,
$18.00/hr masterExperience $14/hr FirewallsExperience -QualificationsMust,IAB4 Careers,0.75,scraped,
ExperienceCollaborates RESPONSIBILITIES:Research Company.May familiesQualificationsJob,IAB4 Careers,0.75,scraped,
-Candidates hiringfor hiring!!! Benefits:$23-$25 responsibilities:Administers #OpportunityOwned,IAB4 Careers,0.75,scraped,
budget.RESPONSIBILITIES:Create Experience®. yours.Job,IAB4 Careers,0.75,scraped,
Experience(s) Experience:Two Threshold!Exceptional skills.Passion,IAB4 Careers,0.75,scraped,
"GrowthCompany SkillsInstalls, production.Responsibilities:-Daily",IAB4 Careers,0.75,scraped,
"career.Express Area.Responsibilities skillsJacobs threader, industry-leader. RESPONSIBILITIES:In-Home",IAB4 Careers,0.75,scraped,
#missioncriticalQualificationsMinimum pmJOB analysis.Experience: experience.Understand Qualifications12+ leadership.Great,IAB4 Careers,0.75,scraped,
required.Qualifications:5 immediately!Qualifications:3+ you.QualificationsRequirements,IAB4 Careers,0.75,scraped,
plan.Responsibilities experience2 ResponsibilitiesHands-on experienceJob,IAB4 Careers,0.75,scraped,
ROLE:The (careers.beaconhealthoptions.com) teamManage $16.96/hrSHIFTS-,IAB4 Careers,0.75,scraped,
Responsibilities:Performs monthsResponsibilities requirements.Job OvertimeJob TEAM- hours.Qualifications:,IAB4 Careers,0.75,scraped,
$14.25hrÂ skills.PreferredFamiliarity role.Translate,IAB4 Careers,0.75,scraped,
"leadershipexperience, QualificationsYou Asynchronous",IAB4 Careers,0.75,scraped,
enterprise.Responsibilities orders.Job Responsibilities-Assist Manager.•Collaborate,IAB4 Careers,0.75,scraped,
"OfficeTeam, ServerExperience interviewed, company—and",IAB4 Careers,0.75,scraped,
testing.Qualifications roleInternal position.WORKING positionrequires partners•Experienced RESPONSIBILITIES-,IAB4 Careers,0.75,scraped,
"teamProviding team.Local experience7 Growth: skills),",IAB4 Careers,0.75,scraped,
assistanceTeamwork: required.Qualifications:Experience SkillsDemonstrates behaviors/skills $12.03/hr.,IAB4 Careers,0.75,scraped,
documentationQualifications:Excellent productsPosition assignedCandidate $14.00hr. candidate.The,IAB4 Careers,0.75,scraped,
assignedBenefits:Comprehensive location.Responsibilities:Receives toolsQualifications ●Experience,IAB4 Careers,0.75,scraped,
position!All unsupervisedDesiredExperience encouraged.Skills: Avalon!ResponsibilitiesUnder Degree/Experience: leadership-oriented,IAB4 Careers,0.75,scraped,
experience.No teamwork. opportunity:Review Qualifications:Computer measureQualifications: benefitsPaid,IAB4 Careers,0.75,scraped,
management.Position $25.00/hr $14-18/hr Responsibilities:Determines managersâ SaleTeam,IAB4 Careers,0.75,scraped,
landscapeExperience Department/Unit.Qualifications EducationCandidates,IAB4 Careers,0.75,scraped,
owners.Company teamExperience job-related HospitalJobSummaryUnder positions.CB6 skills/acumen.,IAB4 Careers,0.75,scraped,
"NoneQUALIFICATIONSEmployment teammates, experience; plans)Salary remote)Industry: BenefitsHere’s",IAB4 Careers,0.75,scraped,
position*** $5.00/hr$2500 performanceteams job: skillset/experience: sketches.Experience,IAB4 Careers,0.75,scraped,
"QualificationsCompletion preferred.OfficeTeam, Responsibilities:Internal roles.Manage",IAB4 Careers,0.75,scraped,
you.Teamwork Employer#ind123 interview.Volt experienceTo discipline.Experience jobsAssist,IAB4 Careers,0.75,scraped,
public)Experience Background/Experience landscapeTeam-oriented,IAB4 Careers,0.75,scraped,
preferredThree competencies.DUTIES/RESPONSIBILITIESUnder ExperienceCPA,IAB4 Careers,0.75,scraped,
$25.00/hr team.Detail QUALIFICATIONS/DUTIES performanceExperience writing).Experience: RESPONSIBILITIESCollects,IAB4 Careers,0.75,scraped,
"ResponsibilitiesPlan Experience:Diagnostics, hiring/training/development, $3/hr Responsibilities:Takes attitudeExperience",IAB4 Careers,0.75,scraped,
Info:Managers teams– excellence.#RN-DHResponsibilitiesSTAFF #ExpressJobs resume.Today,IAB4 Careers,0.75,scraped,
CareerKeepers Certifications/SkillsThe skills6+ WeldingExperience/Schooling SNAPSHOTJob,IAB4 Careers,0.75,scraped,
"Team.Key skills.14. JobsYou Manager-Truck shrinkage, experience.Completed",IAB4 Careers,0.75,scraped,
LeadershipIntegrityFairnessHonestyPerseverancePutting positionFood adoptionExperience,IAB4 Careers,0.75,scraped,
"Associate.ResponsibilitiesAs $11.25/hr, listening.Skills workplace.Schedule: experienceDevelop",IAB4 Careers,0.75,scraped,
incentivesCompany Employer.Find complaints.Responsibilities organization/department.Job,IAB4 Careers,0.75,scraped,
coordinatorBenefits:You role.This WorkflowsExperience skills.Experience positions/ communityQualificationsMore,IAB4 Careers,0.75,scraped,
Experience:Strong Teamworks employer.#IND ResponsibilitiesDevelop,IAB4 Careers,0.75,scraped,
experienceWORKING needs.Qualifications:A well!Qualifications:Personal field.Experience1-5 resume/references,IAB4 Careers,0.75,scraped,
teamMotivate appropriately.Qualifications: Clerk.Experience $13-$16/hr. delivery.Position,IAB4 Careers,0.75,scraped,
GrowthAll team!What skillsProficiency,IAB4 Careers,0.75,scraped,
excellence.ResponsibilitiesPosition $14.00/hr. homeCompany opportunity.Requirements 'ExternalApply-j3p04b6l81hrnrpbs6x');,IAB4 Careers,0.75,scraped,
"Managers, $4.00/hr*$1,500 NC-8.50/Hr neededQualifications:Office",IAB4 Careers,0.75,scraped,
company! EXPERIENCENETWORK RequiredPosition industry.Strong,IAB4 Careers,0.75,scraped,
industry.If organization.Position Qualifications:Bachelor $25-30/hr,IAB4 Careers,0.75,scraped,
payQualificationsEffective industry.Essential skills.Skills policiesQUALIFICATIONSBachelor's,IAB4 Careers,0.75,scraped,
katherine heigl finally admit shes partly blame career trouble,IAB4 Careers,0.74,pseudo labeled,
Career planning can contribute to personal growth and development.,IAB4 Careers,0.74,synthetic,
mickey rooney hollywood legend life dies 93 indepth look career,IAB4 Careers,0.74,pseudo labeled,
justin biebers racist joke damage career,IAB4 Careers,0.74,pseudo labeled,
peaches 20 life love careers,IAB4 Careers,0.73,pseudo labeled,
Career planning involves identifying potential obstacles and developing strategies to overcome them.,IAB4 Careers,0.73,synthetic,
- The growing importance of career development,IAB4 Careers,0.73,synthetic,
career books storied life mickey rooney,IAB4 Careers,0.72,pseudo labeled,
Career planning is a lifelong journey that requires continuous learning and self-reflection.,IAB4 Careers,0.7,synthetic,
jon hamm enjoy career porn,IAB4 Careers,0.7,pseudo labeled,
- The focus on personalized career advice,IAB4 Careers,0.7,synthetic,
Career planning is an ongoing process that requires regular review and adjustment.,IAB4 Careers,0.69,synthetic,
book review haunted empire apple steve jobs,IAB4 Careers,0.69,pseudo labeled,
healthcare usage surging healthcare jobs,IAB4 Careers,0.69,pseudo labeled,
Controversies in the history of career advice include:,IAB4 Careers,0.68,synthetic,
justin biebers brutal honesty court detrimental career,IAB4 Careers,0.68,pseudo labeled,
Notable events in the history of career advice include:,IAB4 Careers,0.68,synthetic,
mickey rooney gets emotional reflects career one final,IAB4 Careers,0.68,pseudo labeled,
trial error lead kinnears career,IAB4 Careers,0.67,pseudo labeled,
katherine heigl career betrayed,IAB4 Careers,0.67,pseudo labeled,
10 careers would better emma watson acting,IAB4 Careers,0.67,pseudo labeled,
Current trends in career advice include:,IAB4 Careers,0.66,synthetic,
biebers legal troubles defiant demeanor detrimental career,IAB4 Careers,0.66,pseudo labeled,
smelly agitated shia labeouf wants ruin career fag cop,IAB4 Careers,0.66,pseudo labeled,
rolf harriss career ends disgrace,IAB4 Careers,0.66,pseudo labeled,
5 steps avril lavigne needs take get career back track,IAB4 Careers,0.65,pseudo labeled,
"The impact of scholarships on careers is undeniable, providing students with the financial means to pursue their educational goals and develop their professional skills.",IAB4 Careers,0.65,synthetic,
Key figures in the history of career advice include:,IAB4 Careers,0.65,synthetic,
"Career planning is influenced by individual factors such as personality, values, and interests.",IAB4 Careers,0.64,synthetic,
Career planning empowers individuals to take ownership of their careers and shape their future.,IAB4 Careers,0.64,synthetic,
selena gomez talks career pressure lost sight,IAB4 Careers,0.64,pseudo labeled,
justin bieber detrimental career,IAB4 Careers,0.64,pseudo labeled,
notquitesatisfying look notorious career crime,IAB4 Careers,0.64,pseudo labeled,
- The issue of bias in career advice,IAB4 Careers,0.64,synthetic,
amazing life career wall streets favorite writer michael lewis,IAB4 Careers,0.63,pseudo labeled,
detrimental career justin bieber gets mixed snappy taped,IAB4 Careers,0.63,pseudo labeled,
look back bobby womacks life career,IAB4 Careers,0.63,pseudo labeled,
"Career planning has been influenced by various factors, including technological advancements, globalization, and changing societal norms.",IAB4 Careers,0.63,synthetic,
Career planning should be aligned with personal values and aspirations.,IAB4 Careers,0.63,synthetic,
people mtv award wraps wahlbergs career,IAB4 Careers,0.62,pseudo labeled,
leonardo dicaprio steve jobs,IAB4 Careers,0.62,pseudo labeled,
kim kardashian could ultimately ruin kanye wests career,IAB4 Careers,0.61,pseudo labeled,
"Career planning can help individuals identify their strengths and weaknesses, explore career options, and make informed decisions.",IAB4 Careers,0.61,synthetic,
adrienne bailon strikes back kim kardashian fame career two,IAB4 Careers,0.61,pseudo labeled,
report steve jobs actually thought hdtvs terrible idea,IAB4 Careers,0.61,pseudo labeled,
asian equities higher us jobs data,IAB4 Careers,0.6,pseudo labeled,
kendall jenner kardashian name didnt help modelling career,IAB4 Careers,0.6,pseudo labeled,
"Career planning is a crucial aspect of career development that involves setting goals, identifying opportunities, and developing strategies to achieve career aspirations.",IAB4 Careers,0.6,synthetic,
treasury volatility jumps two months ecb jobs,IAB4 Careers,0.59,pseudo labeled,
lwren scott tremendous pressure career,IAB4 Careers,0.59,pseudo labeled,
world week ahead eyes us jobs yellen,IAB4 Careers,0.59,pseudo labeled,
katherine heigl feels like career suddenly turned felt betrayed,IAB4 Careers,0.58,pseudo labeled,
family first career second kim kardashian,IAB4 Careers,0.58,pseudo labeled,
"Career Advice has been around for centuries, with early examples dating back to ancient Greece and Rome.",IAB4 Careers,0.58,synthetic,
opinion mickey rooney remembered impressive career arts,IAB4 Careers,0.57,pseudo labeled,
selena gomez opens career setbacks pressure lost sight,IAB4 Careers,0.57,pseudo labeled,
dane cook credits planes films career cpr video,IAB4 Careers,0.57,pseudo labeled,
elaine stritch career clips,IAB4 Careers,0.57,pseudo labeled,
"Career advice can be helpful at any stage of one's career, from choosing a career path to advancing in a current role.",IAB4 Careers,0.56,synthetic,
video kendall jenner people didnt modeling career seriously,IAB4 Careers,0.56,pseudo labeled,
bridging skills gap career tech offers diverse flexible courses,IAB4 Careers,0.56,pseudo labeled,
neil patrick harris coming helped career,IAB4 Careers,0.56,pseudo labeled,
independence day holiday records jobs jump video,IAB4 Careers,0.55,pseudo labeled,
godfather ecstasy dies 88 career full strange surprises,IAB4 Careers,0.55,pseudo labeled,
patricia heaton takes long view career family video,IAB4 Careers,0.55,pseudo labeled,
stimulus needed job market us fed,IAB4 Careers,0.55,pseudo labeled,
barbara walters retires illustrious career,IAB4 Careers,0.54,pseudo labeled,
heres may matter jobs earnings,IAB4 Careers,0.54,pseudo labeled,
steve jobs told google much stuff,IAB4 Careers,0.54,pseudo labeled,
"Today, career advice is more important than ever, as the world of work continues to change rapidly.",IAB4 Careers,0.54,synthetic,
The nursing profession is expected to continue to grow and evolve in the years to come.,IAB4 Careers,0.54,synthetic,
time career change heres bitcoins beloved robber baron,IAB4 Careers,0.53,pseudo labeled,
- The debate over the use of career assessments,IAB4 Careers,0.53,synthetic,
uber destroy driving profession,IAB4 Careers,0.53,pseudo labeled,
"- Frank Parsons, who is considered the father of career counseling",IAB4 Careers,0.52,synthetic,
earnings healthcare give wall street sixth straight gain,IAB4 Careers,0.52,pseudo labeled,
dear janet yellen keep fighting jobs,IAB4 Careers,0.52,pseudo labeled,
amber heard claims johnny depp hasnt changed career,IAB4 Careers,0.52,pseudo labeled,
"During the Renaissance, career advice became more secular, with the rise of humanism and the emphasis on individual achievement.",IAB4 Careers,0.52,synthetic,
"Historically, career planning was primarily focused on job placement and advancement within a single organization.",IAB4 Careers,0.52,synthetic,
shia labeoufs antics might damage image career say critics,IAB4 Careers,0.52,pseudo labeled,
job market strengthens many feeling,IAB4 Careers,0.51,pseudo labeled,
barbara walters says goodbye 53year career,IAB4 Careers,0.51,pseudo labeled,
halle berrys career pictures 10 iconic roles,IAB4 Careers,0.51,pseudo labeled,
eminem rewrote entire career one beautiful moving video,IAB4 Careers,0.51,pseudo labeled,
Scholarships have a profound influence on careers by providing financial support that allows students to pursue higher education and develop their skills and knowledge.,IAB4 Careers,0.51,synthetic,
barbara walters bids farewell 53year career,IAB4 Careers,0.5,pseudo labeled,
pat sajak calls amazing solve wheel fortune career,IAB4 Careers,0.5,pseudo labeled,
"Scholarships have a significant impact on careers by providing financial assistance, recognition, and opportunities for professional development.",IAB4 Careers,0.5,synthetic,
Future possibilities for career advice include:,IAB4 Careers,0.5,synthetic,
"However, military careers can also be dangerous, and they require a high level of commitment and sacrifice.",IAB4 Careers,0.5,synthetic,
heres hoping good director doesnt sabotage great copflick career,IAB4 Careers,0.49,pseudo labeled,
google ceo steve jobs criticized us much stuff,IAB4 Careers,0.49,pseudo labeled,
Job search is a journey of self-discovery and career exploration.,IAB4 Careers,0.49,synthetic,
Job search is a skill that can be developed and improved through practice and continuous learning.,IAB4 Careers,0.49,synthetic,
phil collins begins reactivating career,IAB4 Careers,0.49,pseudo labeled,
far afield good fashion designers good ceos,IAB4 Careers,0.49,pseudo labeled,
new fed chairs dashboard jobmarket gauges,IAB4 Careers,0.48,pseudo labeled,
"Effective career planning involves self-assessment, goal setting, and the development of an action plan.",IAB4 Careers,0.48,synthetic,
lwren scott tremendous career pressure,IAB4 Careers,0.48,pseudo labeled,
video breast cancer patients given chemo likely lose jobs,IAB4 Careers,0.48,pseudo labeled,
rip eli wallach 19152014 watch oscar acceptance speech career profile,IAB4 Careers,0.48,pseudo labeled,
job market strengthens still many dont feel,IAB4 Careers,0.48,pseudo labeled,
gold slides jobs surge dow tops 17000,IAB4 Careers,0.47,pseudo labeled,
richard attenborough 10 jewels glittering movie career,IAB4 Careers,0.47,pseudo labeled,
Nursing is a rewarding and fulfilling career.,IAB4 Careers,0.47,synthetic,
social security planning comes workplace,IAB4 Careers,0.47,pseudo labeled,
eli wallach dies 10 memorable movie roles long career,IAB4 Careers,0.47,pseudo labeled,
yellen fed stimulus still needed job market,IAB4 Careers,0.47,pseudo labeled,
job market recovering many dont feel,IAB4 Careers,0.47,pseudo labeled,
dwinding highway funds may cost jobs,IAB4 Careers,0.46,pseudo labeled,
- The development of new career assessment tools,IAB4 Careers,0.46,synthetic,
kendall jenner blames kardashian sisters stalling modelling career,IAB4 Careers,0.46,pseudo labeled,
hollywood legend mickey rooney put show ninedecade career,IAB4 Careers,0.46,pseudo labeled,
mcdonalds ceo fast food leads real careers,IAB4 Careers,0.46,pseudo labeled,
kanye west relaunch kim kardashians pop career,IAB4 Careers,0.46,pseudo labeled,
shailene woodley better career jennifer lawrence,IAB4 Careers,0.46,pseudo labeled,
"Nurses today work in various settings, including hospitals, clinics, long-term care facilities, and community health centers.",IAB4 Careers,0.45,synthetic,
social network reunion steve jobs biopic,IAB4 Careers,0.45,pseudo labeled,
Nursing is a dynamic and evolving profession that offers a wide range of career opportunities.,IAB4 Careers,0.45,synthetic,
"Orthopedic surgeons are in high demand, and the job outlook is expected to remain strong for the foreseeable future.",IAB4 Careers,0.45,synthetic,
different glance us labour market,IAB4 Careers,0.45,pseudo labeled,
diane sawyer steps world news look back career,IAB4 Careers,0.45,pseudo labeled,
walters bids farewell 53year career,IAB4 Careers,0.45,pseudo labeled,
- The role of technology in career advice,IAB4 Careers,0.45,synthetic,
ann b davis career clips,IAB4 Careers,0.45,pseudo labeled,
clooney becomes engaged lawyer,IAB4 Careers,0.45,pseudo labeled,
millennial jobhunting tip brush teeth,IAB4 Careers,0.45,pseudo labeled,
songwriter jesse winchester whose career flourished montreal dies age,IAB4 Careers,0.44,pseudo labeled,
Nursing is a vital profession that plays a crucial role in healthcare systems worldwide.,IAB4 Careers,0.44,synthetic,
fed stimulus still needed job market yellen,IAB4 Careers,0.44,pseudo labeled,
The demand for nurses is expected to continue to grow due to an aging population and increasing healthcare needs.,IAB4 Careers,0.44,synthetic,
apple tv 2 magic wand outlined new steve jobs email,IAB4 Careers,0.44,pseudo labeled,
may giving job search,IAB4 Careers,0.44,pseudo labeled,
sector update healthcare shares higher premarket,IAB4 Careers,0.44,pseudo labeled,
apple doesnt want steve jobs app,IAB4 Careers,0.44,pseudo labeled,
"With the right education and experience, you can have a successful and rewarding career in HR.",IAB4 Careers,0.43,synthetic,
There are a number of different career opportunities available in the senior living industry.,IAB4 Careers,0.43,synthetic,
july jobs day,IAB4 Careers,0.43,pseudo labeled,
kim kardashian relaunch failed pop career oh dear,IAB4 Careers,0.43,pseudo labeled,
yellen job market needs improve,IAB4 Careers,0.43,pseudo labeled,
"Dermatology is a challenging but rewarding field of medicine, and dermatologists play a vital role in the health and appearance of our skin.",IAB4 Careers,0.43,synthetic,
surprise halle berrys career extant,IAB4 Careers,0.43,pseudo labeled,
google founders talk cars work hours steve jobs video,IAB4 Careers,0.43,pseudo labeled,
shares soar records jobs report,IAB4 Careers,0.43,pseudo labeled,
samsung email targeted steve jobs death best opportunity attack,IAB4 Careers,0.43,pseudo labeled,
"The Industrial Revolution brought about major changes in the world of work, and career advice became increasingly important as people sought to navigate the new economy.",IAB4 Careers,0.42,synthetic,
"In the 20th century, career advice became more professionalized, with the development of career counseling and other services.",IAB4 Careers,0.42,synthetic,
"Career planning can be facilitated through workshops, seminars, and online resources.",IAB4 Careers,0.42,synthetic,
doom creator becomes facebook employee,IAB4 Careers,0.42,pseudo labeled,
published word maya angelou career music watch,IAB4 Careers,0.42,pseudo labeled,
Architects can advance their careers by becoming registered architects or obtaining additional certifications.,IAB4 Careers,0.42,synthetic,
yahoo almost many lives late steve jobs,IAB4 Careers,0.42,pseudo labeled,
gold falls us jobs report,IAB4 Careers,0.42,pseudo labeled,
david fincher says sayonara aaron sorkins steve jobs biography,IAB4 Careers,0.42,pseudo labeled,
wall street 6th straight gain pushed earnings healthcare,IAB4 Careers,0.42,pseudo labeled,
You can also find HR programs at many colleges and universities.,IAB4 Careers,0.42,synthetic,
barbara walters retires fivedecade career television,IAB4 Careers,0.42,pseudo labeled,
Veterinary medicine is a rewarding career that offers many opportunities for personal and professional growth.,IAB4 Careers,0.42,synthetic,
raw data steve jobs 2010 holy war google memo,IAB4 Careers,0.42,pseudo labeled,
Orthopedics is a rewarding field that offers a variety of career opportunities.,IAB4 Careers,0.41,synthetic,
"Despite the challenges, nursing remains a rewarding profession that offers opportunities for personal growth and making a difference in people's lives.",IAB4 Careers,0.41,synthetic,
"The best career advice is tailored to the individual, taking into account their unique skills, interests, and goals.",IAB4 Careers,0.41,synthetic,
Web design is a rewarding career that offers a number of opportunities for growth and advancement.,IAB4 Careers,0.41,synthetic,
two dreaded hated words steve jobs apple,IAB4 Careers,0.41,pseudo labeled,
340 texas doctors among medicares millionaires,IAB4 Careers,0.41,pseudo labeled,
former apple marketing vp reflects steve jobs marketing,IAB4 Careers,0.41,pseudo labeled,
students ucf med schools second graduating class find match residency,IAB4 Careers,0.41,pseudo labeled,
gold prices fall jobs report,IAB4 Careers,0.41,pseudo labeled,
match day usf medical students meet futures,IAB4 Careers,0.4,pseudo labeled,
sleeping solid us jobs data,IAB4 Careers,0.4,pseudo labeled,
many still feeling us jobs markets recovery,IAB4 Careers,0.4,pseudo labeled,
etihad airways celebrates 217 trainees graduate career development,IAB4 Careers,0.4,pseudo labeled,
justin bieber center new race controversy could rock career,IAB4 Careers,0.4,pseudo labeled,
mcdonalds jobs lead real careers ceo insists amid wage protests,IAB4 Careers,0.4,pseudo labeled,
"Dermatology is a fascinating and rewarding field of medicine, with dermatologists playing a vital role in the health and appearance of our skin.",IAB4 Careers,0.39,synthetic,
steve jobs never wanted apple make tv,IAB4 Careers,0.39,pseudo labeled,
breast cancer patients face unemployment due chemotherapy,IAB4 Careers,0.39,pseudo labeled,
Nursing is a rewarding and challenging profession that offers opportunities for personal and professional growth.,IAB4 Careers,0.39,synthetic,
women receive chemotherapy likely face unemployment,IAB4 Careers,0.39,pseudo labeled,
us tv journalist barbara walters bids farewell 53year career,IAB4 Careers,0.39,pseudo labeled,
tattoo employers logo creepy,IAB4 Careers,0.39,pseudo labeled,
Orthopedic nurses play a vital role in providing care to orthopedic patients.,IAB4 Careers,0.39,synthetic,
"Key figures in career planning include career counselors, mentors, and industry experts who provide guidance and support to individuals.",IAB4 Careers,0.39,synthetic,
steve jobs biopic david fincher directing,IAB4 Careers,0.39,pseudo labeled,
barbra walters retires career spanned 50 years video,IAB4 Careers,0.38,pseudo labeled,
"Veterinary medicine is a global field, with veterinarians working in all corners of the world.",IAB4 Careers,0.38,synthetic,
"Nursing organizations, such as the American Nurses Association, work to promote the profession and advocate for nurses' rights.",IAB4 Careers,0.38,synthetic,
"Scholarships have played a significant role in shaping the careers of countless individuals, providing financial assistance and recognition for academic excellence.",IAB4 Careers,0.38,synthetic,
"If you are interested in a career in HR, there are a number of resources available to help you get started.",IAB4 Careers,0.38,synthetic,
Orthopedic surgeons are highly skilled professionals who are dedicated to providing the best possible care to their patients.,IAB4 Careers,0.38,synthetic,
sector update healthcare shares flat premarket trade,IAB4 Careers,0.38,pseudo labeled,
jenny mccarthys next career move revealed,IAB4 Careers,0.38,pseudo labeled,
Orthopedics is a challenging but rewarding field that offers a variety of career opportunities.,IAB4 Careers,0.38,synthetic,
danny boyle talks direct steve jobs movie,IAB4 Careers,0.38,pseudo labeled,
doctor jim carreys inspiring commencement address management grads,IAB4 Careers,0.38,pseudo labeled,
david fincher aaron sorkins steve jobs movie,IAB4 Careers,0.38,pseudo labeled,
janet yellens us fed dashboard jobmarket gauges tracking economy,IAB4 Careers,0.38,pseudo labeled,
angelina jolie wants kids pursue careers politics,IAB4 Careers,0.38,pseudo labeled,
last stigma mental illness workplace,IAB4 Careers,0.38,pseudo labeled,
"Orthopedic researchers are in high demand, and the job outlook is expected to remain strong for the foreseeable future.",IAB4 Careers,0.38,synthetic,
"It empowers individuals to take control of their careers, make informed decisions, and navigate the ever-changing job market.",IAB4 Careers,0.37,synthetic,
