text,confidence,iab_label
house type wealden hall house: a type of vernacular medievaltimber-framedyeoman'shall housetraditional in the south east of england,0.85,IAB21 Real Estate
house type roundhouse: a house built with a circular plan,0.85,IAB21 Real Estate
house type broch: a scottish roundhouse,0.85,IAB21 Real Estate
house type trullo: a traditional apulian stone dwelling with a conical roof,0.85,IAB21 Real Estate
house type igloo,0.85,IAB21 Real Estate
house type american craftsman bungalow,0.85,IAB21 Real Estate
house type california bungalow,0.85,IAB21 Real Estate
house type chalet bungalow in northern ireland,0.85,IAB21 Real Estate
house type chicago bungalow,0.85,IAB21 Real Estate
"house type cape cod-style houseor cape: a style of a double-pile one-story cottage; low, broad with a steep side-gable roof to whichdormersare often added to create a second story (in some locations, referred to as 1.5-story)",0.85,IAB21 Real Estate
house type dacha: cottage-type house in russia and former union republics of the soviet union,0.85,IAB21 Real Estate
house type izba: a traditional russian wooden country house,0.85,IAB21 Real Estate
"house type ontario cottage: a one- or one-and-a-half-story house with a symmetrical rectangular floor plan and a gable centred over the door, popular in small-town ontario during the 19th century",0.85,IAB21 Real Estate
"house type a-frame: so-called because the steep roofline, reaching to or near the ground, makes the gable ends resemble a capital letter a.",0.85,IAB21 Real Estate
house type chalet: a gablefront house built into a mountainside with a wide sloping roof,0.85,IAB21 Real Estate
"house type charleston single house: originating incharleston, south carolina, a narrow house with its shoulder to the street and front door on the side.",0.85,IAB21 Real Estate
"house type upright and wing: a style originating in new england (particularly upstate new york) and the great lakes states, usually of agreek revivalstyle.",0.85,IAB21 Real Estate
house type irish tower houseswere often surrounded by defensive walls calledbawns,0.85,IAB21 Real Estate
house type kulla: an albanian tower house,0.85,IAB21 Real Estate
house type peel toweror pele tower: fortified tower houses in england and scotland used askeepsor houses,0.85,IAB21 Real Estate
"house type vainakh tower: a tower house found inchechenyaandingushetiathat reached up to four stories tall and were used for residential or military purposes, or both",0.85,IAB21 Real Estate
house type welsh tower houses: built mostly in the 14th and 15th centuries,0.85,IAB21 Real Estate
house type geestharden house: one of the three basic house types inschleswig-holsteinregion of germanyuthland-frisian house:a sub type ofgeestharden houseof northwest germany and denmark,0.85,IAB21 Real Estate
house type longère: a long and narrow house in ruralnormandyandbrittany,0.85,IAB21 Real Estate
house type uthland-frisian house:a sub type ofgeestharden houseof northwest germany and denmark,0.85,IAB21 Real Estate
"house type barndominium: a type of house that includes living space attached to either a workshop or a barn, typically forhorses, or a large vehicle such as arecreational vehicleor a large recreationalboat",0.85,IAB21 Real Estate
house type byre-dwelling: farmhouse with people and livestock under one roof,0.85,IAB21 Real Estate
house type connected farm: type of farmhouse common in new england,0.85,IAB21 Real Estate
house type frutighaus: a type ofbarnhouseoriginating in the frutigland region of switzerland.,0.85,IAB21 Real Estate
"house type courtyard houseriad: a type ofcourtyard housefound in moroccosiheyuan,sanheyuan: a type ofcourtyard housefound in china",0.85,IAB21 Real Estate
house type slope house:  a house with soil or rock completely covering the bottom floor on one side and partly two of the walls on the bottom floor. the house has two entries depending on the ground level.,0.85,IAB21 Real Estate
house type snout house: a house with the garage door being the closest part of the dwelling to the street.,0.85,IAB21 Real Estate
"house type octagon house: a house of symmetrical octagonal floor plan, popularized briefly during the 19th century byorson squire fowler",0.85,IAB21 Real Estate
house type stilt house: is a house built on stilts above a body of water or the ground (usually in swampy areas prone to flooding).,0.85,IAB21 Real Estate
"house type villa: a large house which one might retreat to in the country. villa can also refer to a freestanding comfortable-sized house, on a large block, generally found in the suburbs, and in victorianterraced housing, a house larger than the averagebyelaw terraced house, often having double streetfrontage.",0.85,IAB21 Real Estate
"house type mansion: a very large, luxurious house, typically associated with exceptional wealth or aristocracy, usually of more than one story, on a very large block of land or estate.mansions usually will have many more rooms and bedrooms than a typical single-family home, including specialty rooms, such as a library, study,conservatory, theater,greenhouse, infinity pool,bowling alley, or server room.",0.85,IAB21 Real Estate
house type palace: the residence of a high rankinggovernmentofficial or the country'sruler.,0.85,IAB21 Real Estate
"house type castle: a heavily fortifiedmedievaldwelling or a house styled after medieval castles. usually withtowers,crenellations, and astoneexterior.",0.85,IAB21 Real Estate
house type riad: a type ofcourtyard housefound in morocco,0.85,IAB21 Real Estate
"house type siheyuan,sanheyuan: a type ofcourtyard housefound in china",0.85,IAB21 Real Estate
"house type airey house: a type of low-cost house that was developed in the united kingdom during the 1940s by siredwin airey, and then widely constructed between 1945 and 1960 to provide housing for soldiers, sailors, andairmenwho had returned home fromworld war ii. these are recognizable by theirprecast concretecolumns and by their walls made of precast ""ship-lap"" concrete panels.",0.85,IAB21 Real Estate
house type assam-type house: an earthquake-resistant house type commonly found in the northeastern states of india,0.85,IAB21 Real Estate
house type bastle house: a fortifiedfarmhousefound in england and scotland,0.85,IAB21 Real Estate
"house type castle: a high-status defensive structure/dwelling built during themiddle ages, with some mock castles built in the 18th century to today.",0.85,IAB21 Real Estate
house type converted barn: an old barn converted into a house or other use.,0.85,IAB21 Real Estate
"house type earth sheltered: houses usingdirt(""earth"") piled against it exterior walls for thermal mass, which reduces heat flow into or out of the house, maintaining a more steady indoortemperaturepit-house: a prehistoric house type used on many continents and of many styles, partially sunken into the ground.rammed earthsod houseearthbaghomesouterrain: an earthen dwelling typically deriving fromneolithic ageorbronze agetimes.underground home: a type of dwelling dug and constructed underground. ex. a rammed-earth style houseyaodong: adugoutused as anabodeor shelter in northern china, especially on theloess plateauwattle and daubadobe: a type ofmudbrickhouse made of dirt and straw with mud used as mortar. found throughout the world, in particular spain, north africa, the middle east and the americas.",0.85,IAB21 Real Estate
"house type igloo: aninuit,yup'ik, andaleutseasonal or emergency shelter that was made of knife-sliced blocks of packed snow and/or ice in thearcticregions ofalaska, canada, greenland, andsiberianrussia.",0.85,IAB21 Real Estate
"house type kit house: a type of pre-fabricated house made of pre-cut, numbered pieces of lumber.sears catalog home: an owner-built ""kit"" houses that were sold by thesears, roebuck and co.corporation via catalog orders from 1906 to 1940.",0.85,IAB21 Real Estate
house type laneway house: a type of canadian house that is constructed behind a normal single-family home that opens onto aback lane,0.85,IAB21 Real Estate
"house type log home,log cabin: a house built by american, canadian, and russianfrontiersmenand their families which was built of solid, unsquaredwooden logsand later as a well crafted style of dwelling",0.85,IAB21 Real Estate
house type plank house: a general term for houses built using planks in a variety of ways,0.85,IAB21 Real Estate
"house type pole house: a timber house in which a set of vertical poles carry the load of all of its suspended floors and roof, allowing all of its walls to be non-load-bearing.",0.85,IAB21 Real Estate
"house type prefabricated house: a house whose main structural sections were manufactured in afactory, and then transported to their final building site to be assembled upon aconcretefoundation, which had to be poured locally.manufactured house: aprefabricated housethat is assembled on the permanent site on which it will sit.modular home: aprefabricated housethat consists of repeated sections called modules.lustron house: a type ofprefabricated house",0.85,IAB21 Real Estate
house type stilt housesorpile dwellings: houses raised on stilts over the surface of the soil or a body of water.,0.85,IAB21 Real Estate
house type tree house: a house built among the branches or around the trunk of one or more mature trees and does not rest on the ground.,0.85,IAB21 Real Estate
house type upper lusatian houseorumgebinde: combined log and timber-frame construction in germany-czech republic-poland region,0.85,IAB21 Real Estate
"house type wimpey no-fines house: a low-cost semi-attached or terraced houses built in the united kingdom from the 1940s onwards usingconcretewithout fineaggregates(""no-fine"")",0.85,IAB21 Real Estate
"house type pit-house: a prehistoric house type used on many continents and of many styles, partially sunken into the ground.",0.85,IAB21 Real Estate
house type rammed earth,0.85,IAB21 Real Estate
house type sod house,0.85,IAB21 Real Estate
house type earthbaghome,0.85,IAB21 Real Estate
house type souterrain: an earthen dwelling typically deriving fromneolithic ageorbronze agetimes.,0.85,IAB21 Real Estate
house type underground home: a type of dwelling dug and constructed underground. ex. a rammed-earth style house,0.85,IAB21 Real Estate
"house type yaodong: adugoutused as anabodeor shelter in northern china, especially on theloess plateau",0.85,IAB21 Real Estate
house type wattle and daub,0.85,IAB21 Real Estate
"house type adobe: a type ofmudbrickhouse made of dirt and straw with mud used as mortar. found throughout the world, in particular spain, north africa, the middle east and the americas.",0.85,IAB21 Real Estate
"house type sears catalog home: an owner-built ""kit"" houses that were sold by thesears, roebuck and co.corporation via catalog orders from 1906 to 1940.",0.85,IAB21 Real Estate
house type manufactured house: aprefabricated housethat is assembled on the permanent site on which it will sit.,0.85,IAB21 Real Estate
house type modular home: aprefabricated housethat consists of repeated sections called modules.,0.85,IAB21 Real Estate
house type lustron house: a type ofprefabricated house,0.85,IAB21 Real Estate
"house type two-familyorduplex: two living units, either attached side by side and sharing a common wall (in some countries, calledsemi-detached) or stacked one atop the other (in some countries, called adouble-decker)",0.85,IAB21 Real Estate
"house type three-familyortriplex: three living units, either attached side by side and sharing common walls, or stacked (in some countries, called athree-deckerortriple-decker)",0.85,IAB21 Real Estate
"house type four-familyorquadplexorquad: four living units, typically with two units on the first floor and two on the second, or side-by-side",0.85,IAB21 Real Estate
"house type townhouse,terraced house, orrowhouse: common terms for single-family attached housing, whose precise meaning varies by location, often connecting a series of living units arranged side-by-side sharing common walls (not to be confused with the english term for an aristocratic mansion,townhouse (great britain))linked house: side-by-side attached houses that appear detached above-ground but are attached at the foundation below-groundlinked semi-detached: side-by-side attached houses with garages in between them, sharing basement and garage wallsmewsproperty: an urbanstable-block that has often been converted into residential properties. the houses may have been converted into ground floor garages with a small flat above which used to house theostleror just a garage with no living quarters.patio house: townhouses that share apatio",0.85,IAB21 Real Estate
house type weavers' cottage: townhouses with attached workshops forweavers,0.85,IAB21 Real Estate
house type linked house: side-by-side attached houses that appear detached above-ground but are attached at the foundation below-ground,0.85,IAB21 Real Estate
"house type linked semi-detached: side-by-side attached houses with garages in between them, sharing basement and garage walls",0.85,IAB21 Real Estate
house type mewsproperty: an urbanstable-block that has often been converted into residential properties. the houses may have been converted into ground floor garages with a small flat above which used to house theostleror just a garage with no living quarters.,0.85,IAB21 Real Estate
house type patio house: townhouses that share apatio,0.85,IAB21 Real Estate
house type chattel house: a small wooden house occupied byworking-classpeople on barbados. originally relocatable; personal chattel (property) rather than fixedreal property.,0.85,IAB21 Real Estate
"house type mobile home,park home, ortrailer home: a prefabricated house that is manufactured off-site and moved by trailer to its final location (but not intended to be towed regularly by a vehicle)",0.85,IAB21 Real Estate
"house type recreational vehicleorrv: a motor vehicle or trailer that can be used for habitationtravel trailer,camperorcaravan: a trailer designed to be used as a residence (usually temporarily), which must be towed regularly by a vehicle and cannot move under its own powertiny house: a dwelling, usually built on a trailer or barge, that is  500 square feet (46 m2) or smaller, built to look like a small house and suitable for long-term habitation",0.85,IAB21 Real Estate
house type houseboatincludesfloat houses: a boat designed to be primarily used as a residence,0.85,IAB21 Real Estate
"house type travel trailer,camperorcaravan: a trailer designed to be used as a residence (usually temporarily), which must be towed regularly by a vehicle and cannot move under its own power",0.85,IAB21 Real Estate
"house type tiny house: a dwelling, usually built on a trailer or barge, that is  500 square feet (46 m2) or smaller, built to look like a small house and suitable for long-term habitation",0.85,IAB21 Real Estate
house type yurt: a round tent with a conical roof originating in central asia,0.85,IAB21 Real Estate
house type housing portal,0.85,IAB21 Real Estate
house type architecture portal,0.85,IAB21 Real Estate
house type cohousing,0.85,IAB21 Real Estate
house type company town,0.85,IAB21 Real Estate
house type city block,0.85,IAB21 Real Estate
house type home,0.85,IAB21 Real Estate
house type house,0.85,IAB21 Real Estate
house type gated community,0.85,IAB21 Real Estate
house type intentional community,0.85,IAB21 Real Estate
house type house styles,0.85,IAB21 Real Estate
house type outbuilding,0.85,IAB21 Real Estate
house type planned unit development,0.85,IAB21 Real Estate
house type real estate,0.85,IAB21 Real Estate
"house type spite house, which may or may not be attached to other structures",0.85,IAB21 Real Estate
house type sustainable design,0.85,IAB21 Real Estate
"house type timeshare, form of vacation property",0.85,IAB21 Real Estate
house type total institution,0.85,IAB21 Real Estate
"house type cloues, richard (2005-03-26).""house types"".new georgia encyclopedia(2013-08-22 ed.). georgia humanities and the university of georgia press. retrieved2018-12-28.",0.85,IAB21 Real Estate
"house type harris, cyril m. (2006).dictionary of architectures & construction(4th ed.). ny: mcgraw-hill.isbn0-07-158901-5.",0.85,IAB21 Real Estate
"house type mcalester, virginia; mcalester, arcie lee (2013).a field guide to american houses: the definitive guide to identifying and understanding america's domestic architecture. alfred a. knopf.isbn9781400043590.",0.85,IAB21 Real Estate
"house type nostrand, richard l. (2018-01-19).the making of america's culture regions. rowman & littlefield.isbn9781538103975.",0.85,IAB21 Real Estate
"house type poore, patricia (2018-06-05).""the california ranch"".old house journal magazine.archivedfrom the original on 2019-01-01. retrieved2019-01-01.",0.85,IAB21 Real Estate
"house type salant, katherine(2006-12-30).""the ranch, an architectural archetype forged on the frontier"".the washington post.archivedfrom the original on 2019-01-01. retrieved2012-12-31.",0.85,IAB21 Real Estate
house type house images,0.85,IAB21 Real Estate
house type architectural housing stylesat old house web,0.85,IAB21 Real Estate
house type bilingual glossary of house types(in english and spanish),0.85,IAB21 Real Estate
house type a comprehensive summary of common residential architectural styles and themes,0.85,IAB21 Real Estate
house type airport,0.85,IAB21 Real Estate
house type business park,0.85,IAB21 Real Estate
house type bus station,0.85,IAB21 Real Estate
house type commercial area,0.85,IAB21 Real Estate
house type mixed-use development,0.85,IAB21 Real Estate
house type office building,0.85,IAB21 Real Estate
house type portinland,0.85,IAB21 Real Estate
house type power center,0.85,IAB21 Real Estate
house type retail park,0.85,IAB21 Real Estate
house type riverfront,0.85,IAB21 Real Estate
house type shopping center(shopping mall),0.85,IAB21 Real Estate
house type train station,0.85,IAB21 Real Estate
house type shopping streets and districts,0.85,IAB21 Real Estate
house type inland,0.85,IAB21 Real Estate
house type business cluster,0.85,IAB21 Real Estate
house type industrial district,0.85,IAB21 Real Estate
house type industrial park,0.85,IAB21 Real Estate
house type technology centers,0.85,IAB21 Real Estate
house type agrihood,0.85,IAB21 Real Estate
house type boarding house,0.85,IAB21 Real Estate
house type bungalow court,0.85,IAB21 Real Estate
house type closed community,0.85,IAB21 Real Estate
house type conservation community,0.85,IAB21 Real Estate
house type executive home,0.85,IAB21 Real Estate
house type golf course community,0.85,IAB21 Real Estate
house type housing estate,0.85,IAB21 Real Estate
house type luxury apartment,0.85,IAB21 Real Estate
house type mcmansion,0.85,IAB21 Real Estate
house type model dwellings for the poor,0.85,IAB21 Real Estate
house type multifamily residential,0.85,IAB21 Real Estate
house type penthouse apartment,0.85,IAB21 Real Estate
house type private community,0.85,IAB21 Real Estate
house type public housing,0.85,IAB21 Real Estate
house type residential airpark,0.85,IAB21 Real Estate
house type residential area,0.85,IAB21 Real Estate
house type retirement community,0.85,IAB21 Real Estate
house type revenue house,0.85,IAB21 Real Estate
house type rooming house,0.85,IAB21 Real Estate
house type single-room occupancy,0.85,IAB21 Real Estate
house type subdivision,0.85,IAB21 Real Estate
house type tract housing,0.85,IAB21 Real Estate
house type assisted living,0.85,IAB21 Real Estate
house type behavior modification facility,0.85,IAB21 Real Estate
house type residential treatment center,0.85,IAB21 Real Estate
house type therapeutic boarding school,0.85,IAB21 Real Estate
house type age-restricted community,0.85,IAB21 Real Estate
house type nursing home,0.85,IAB21 Real Estate
house type retirement home,0.85,IAB21 Real Estate
house type senior living,0.85,IAB21 Real Estate
house type akademgorodok,0.85,IAB21 Real Estate
house type atomgrad,0.85,IAB21 Real Estate
house type campus,0.85,IAB21 Real Estate
house type research park,0.85,IAB21 Real Estate
house type satellite campus,0.85,IAB21 Real Estate
house type science park,0.85,IAB21 Real Estate
house type arcology,0.85,IAB21 Real Estate
house type civic center,0.85,IAB21 Real Estate
house type garden city movement,0.85,IAB21 Real Estate
house type model village,0.85,IAB21 Real Estate
house type planned cities,0.85,IAB21 Real Estate
house type planned community,0.85,IAB21 Real Estate
house type urban green spaceparks,0.85,IAB21 Real Estate
house type parks,0.85,IAB21 Real Estate
house type apartment,0.85,IAB21 Real Estate
house type housetypes,0.85,IAB21 Real Estate
house type skyscraper,0.85,IAB21 Real Estate
house type tower block,0.85,IAB21 Real Estate
house type villa,0.85,IAB21 Real Estate
house type types,0.85,IAB21 Real Estate
house type brownfield land,0.85,IAB21 Real Estate
house type cemetery,0.85,IAB21 Real Estate
house type residential cluster development,0.85,IAB21 Real Estate
house type construction,0.85,IAB21 Real Estate
house type context theory,0.85,IAB21 Real Estate
house type eminent domain,0.85,IAB21 Real Estate
house type greenfield land,0.85,IAB21 Real Estate
house type greyfield land,0.85,IAB21 Real Estate
house type groundscraper,0.85,IAB21 Real Estate
house type land-use planning,0.85,IAB21 Real Estate
house type nonbuilding,0.85,IAB21 Real Estate
house type nimby,0.85,IAB21 Real Estate
house type park,0.85,IAB21 Real Estate
house type parking(multistorey car park),0.85,IAB21 Real Estate
house type planning permission,0.85,IAB21 Real Estate
house type playground,0.85,IAB21 Real Estate
house type redevelopment,0.85,IAB21 Real Estate
house type regional planning,0.85,IAB21 Real Estate
house type urban design,0.85,IAB21 Real Estate
house type urban planning,0.85,IAB21 Real Estate
house type yimby,0.85,IAB21 Real Estate
house type zoning,0.85,IAB21 Real Estate
house type housebarn,0.85,IAB21 Real Estate
house type longhouse,0.85,IAB21 Real Estate
house type neolithic long house,0.85,IAB21 Real Estate
house type ansitz,0.85,IAB21 Real Estate
house type black forest house,0.85,IAB21 Real Estate
house type cimbrian house,0.85,IAB21 Real Estate
house type east frisian house,0.85,IAB21 Real Estate
house type geestharden house,0.85,IAB21 Real Estate
house type gulf house,0.85,IAB21 Real Estate
house type haubarg,0.85,IAB21 Real Estate
house type lorraine house,0.85,IAB21 Real Estate
house type low german house,0.85,IAB21 Real Estate
house type middle german house,0.85,IAB21 Real Estate
house type old frisian farmhouse,0.85,IAB21 Real Estate
house type schleswig house,0.85,IAB21 Real Estate
house type upper lusatian house,0.85,IAB21 Real Estate
house type uthland-frisian house,0.85,IAB21 Real Estate
house type waldlerhaus,0.85,IAB21 Real Estate
house type bildts farmhouse,0.85,IAB21 Real Estate
house type frisian farmhouse,0.85,IAB21 Real Estate
house type frisian house,0.85,IAB21 Real Estate
house type old frisian longhouse,0.85,IAB21 Real Estate
house type bastle house,0.85,IAB21 Real Estate
house type blackhouse,0.85,IAB21 Real Estate
house type dartmoor longhouse,0.85,IAB21 Real Estate
house type hall house,0.85,IAB21 Real Estate
house type chalet,0.85,IAB21 Real Estate
house type bresse house,0.85,IAB21 Real Estate
house type mas (provençal farmhouse),0.85,IAB21 Real Estate
house type alqueria,0.85,IAB21 Real Estate
house type baserri,0.85,IAB21 Real Estate
house type cabaña pasiega,0.85,IAB21 Real Estate
house type casa montañesa,0.85,IAB21 Real Estate
house type masia,0.85,IAB21 Real Estate
house type palloza,0.85,IAB21 Real Estate
house type cascina a corte,0.85,IAB21 Real Estate
house type decorated farmhouses of hälsingland,0.85,IAB21 Real Estate
house type gozo farmhouse,0.85,IAB21 Real Estate
house type carpathian,0.85,IAB21 Real Estate
house type zakopane,0.85,IAB21 Real Estate
house type bahay kubo(nipa hut),0.85,IAB21 Real Estate
house type barabara,0.85,IAB21 Real Estate
house type beehive house,0.85,IAB21 Real Estate
house type bothy,0.85,IAB21 Real Estate
house type bunong,0.85,IAB21 Real Estate
house type burdei,0.85,IAB21 Real Estate
house type bure,0.85,IAB21 Real Estate
house type cleit,0.85,IAB21 Real Estate
house type clochán (beehive hut),0.85,IAB21 Real Estate
house type crotto,0.85,IAB21 Real Estate
house type dugout,0.85,IAB21 Real Estate
house type earth lodge,0.85,IAB21 Real Estate
house type funco,0.85,IAB21 Real Estate
house type girna,0.85,IAB21 Real Estate
house type goahti,0.85,IAB21 Real Estate
house type hogan,0.85,IAB21 Real Estate
house type humpy,0.85,IAB21 Real Estate
house type icelandic turf house,0.85,IAB21 Real Estate
house type jacal,0.85,IAB21 Real Estate
house type kapar,0.85,IAB21 Real Estate
house type log cabin,0.85,IAB21 Real Estate
house type maloca,0.85,IAB21 Real Estate
house type menstruation,0.85,IAB21 Real Estate
house type mitato,0.85,IAB21 Real Estate
house type musgum mud huts,0.85,IAB21 Real Estate
house type oca,0.85,IAB21 Real Estate
house type orri,0.85,IAB21 Real Estate
house type pit-house,0.85,IAB21 Real Estate
house type qargi,0.85,IAB21 Real Estate
house type qarmaq,0.85,IAB21 Real Estate
house type quiggly hole,0.85,IAB21 Real Estate
house type quinzhee,0.85,IAB21 Real Estate
house type rondavel,0.85,IAB21 Real Estate
house type roundhouse,0.85,IAB21 Real Estate
house type ruka,0.85,IAB21 Real Estate
house type sassi di matera,0.85,IAB21 Real Estate
house type shieling,0.85,IAB21 Real Estate
house type sukkah,0.85,IAB21 Real Estate
house type tongkonan,0.85,IAB21 Real Estate
house type trullo,0.85,IAB21 Real Estate
house type tukul,0.85,IAB21 Real Estate
"house type wigwam, wickiup and wetu",0.85,IAB21 Real Estate
house type zemlyanka,0.85,IAB21 Real Estate
house type chum,0.85,IAB21 Real Estate
house type lavvu,0.85,IAB21 Real Estate
house type shepherd's hut,0.85,IAB21 Real Estate
house type tipi,0.85,IAB21 Real Estate
house type yaranga,0.85,IAB21 Real Estate
house type yurt and gerger district,0.85,IAB21 Real Estate
house type ger district,0.85,IAB21 Real Estate
house type beach fale,0.85,IAB21 Real Estate
house type cabana,0.85,IAB21 Real Estate
house type chickee,0.85,IAB21 Real Estate
house type gazebo,0.85,IAB21 Real Estate
house type lean-to,0.85,IAB21 Real Estate
house type palapa,0.85,IAB21 Real Estate
house type pergola,0.85,IAB21 Real Estate
house type ramada,0.85,IAB21 Real Estate
house type toguna,0.85,IAB21 Real Estate
house type beach hut,0.85,IAB21 Real Estate
house type hexayurt,0.85,IAB21 Real Estate
house type hopper hut,0.85,IAB21 Real Estate
house type iris hut,0.85,IAB21 Real Estate
house type logging camp,0.85,IAB21 Real Estate
house type nissen hut,0.85,IAB21 Real Estate
house type quonset hutjamesway hut,0.85,IAB21 Real Estate
house type romney hut,0.85,IAB21 Real Estate
house type slab hut,0.85,IAB21 Real Estate
house type twynham hut,0.85,IAB21 Real Estate
house type wilderness hutalpine club hutmountain hutwinter room,0.85,IAB21 Real Estate
house type jamesway hut,0.85,IAB21 Real Estate
house type alpine club hut,0.85,IAB21 Real Estate
house type mountain hut,0.85,IAB21 Real Estate
house type winter room,0.85,IAB21 Real Estate
house type cabanes du breuil,0.85,IAB21 Real Estate
house type circular linhay,0.85,IAB21 Real Estate
house type earth sheltering,0.85,IAB21 Real Estate
house type shack,0.85,IAB21 Real Estate
house type shed,0.85,IAB21 Real Estate
house type skellig michael,0.85,IAB21 Real Estate
house type stilt house,0.85,IAB21 Real Estate
house type tent,0.85,IAB21 Real Estate
house type thatching,0.85,IAB21 Real Estate
house type transhumance,0.85,IAB21 Real Estate
house type tree house,0.85,IAB21 Real Estate
house type vernacular architecture,0.85,IAB21 Real Estate
house type village des bories,0.85,IAB21 Real Estate
house type category,0.85,IAB21 Real Estate
house type portal,0.85,IAB21 Real Estate
house type bonus room,0.85,IAB21 Real Estate
house type common room,0.85,IAB21 Real Estate
house type den,0.85,IAB21 Real Estate
house type dining room,0.85,IAB21 Real Estate
house type family room,0.85,IAB21 Real Estate
house type garret,0.85,IAB21 Real Estate
house type great room,0.85,IAB21 Real Estate
house type home cinema,0.85,IAB21 Real Estate
house type keeping room,0.85,IAB21 Real Estate
house type kitchendirty kitchenkitchenette,0.85,IAB21 Real Estate
house type living room,0.85,IAB21 Real Estate
house type gynaeceumharem,0.85,IAB21 Real Estate
house type andronman cave,0.85,IAB21 Real Estate
house type recreation roombilliard room,0.85,IAB21 Real Estate
house type shrine,0.85,IAB21 Real Estate
house type study,0.85,IAB21 Real Estate
house type sunroom,0.85,IAB21 Real Estate
house type dirty kitchen,0.85,IAB21 Real Estate
house type kitchenette,0.85,IAB21 Real Estate
house type harem,0.85,IAB21 Real Estate
house type man cave,0.85,IAB21 Real Estate
house type billiard room,0.85,IAB21 Real Estate
house type bathroomtoilet,0.85,IAB21 Real Estate
house type bedroom/ guest roomcloset,0.85,IAB21 Real Estate
house type bedsit / miniflat,0.85,IAB21 Real Estate
house type boudoir,0.85,IAB21 Real Estate
house type cabinet,0.85,IAB21 Real Estate
house type nursery,0.85,IAB21 Real Estate
house type toilet,0.85,IAB21 Real Estate
house type closet,0.85,IAB21 Real Estate
house type atrium,0.85,IAB21 Real Estate
house type balcony,0.85,IAB21 Real Estate
house type breezeway,0.85,IAB21 Real Estate
house type conversation pit,0.85,IAB21 Real Estate
house type cubby-hole,0.85,IAB21 Real Estate
house type deck,0.85,IAB21 Real Estate
house type elevatordumbwaiter,0.85,IAB21 Real Estate
house type entryway/genkan,0.85,IAB21 Real Estate
house type fireplacehearth,0.85,IAB21 Real Estate
house type foyer,0.85,IAB21 Real Estate
house type hall,0.85,IAB21 Real Estate
house type hallway,0.85,IAB21 Real Estate
house type inglenook,0.85,IAB21 Real Estate
house type lanai,0.85,IAB21 Real Estate
house type loft,0.85,IAB21 Real Estate
house type loggia,0.85,IAB21 Real Estate
house type overhang,0.85,IAB21 Real Estate
house type patio,0.85,IAB21 Real Estate
house type porchscreenedsleeping,0.85,IAB21 Real Estate
house type ramp,0.85,IAB21 Real Estate
house type secret passage,0.85,IAB21 Real Estate
house type stairs/staircase,0.85,IAB21 Real Estate
house type terrace,0.85,IAB21 Real Estate
house type veranda,0.85,IAB21 Real Estate
house type vestibule,0.85,IAB21 Real Estate
house type dumbwaiter,0.85,IAB21 Real Estate
house type hearth,0.85,IAB21 Real Estate
house type screened,0.85,IAB21 Real Estate
house type sleeping,0.85,IAB21 Real Estate
house type attic,0.85,IAB21 Real Estate
house type basement,0.85,IAB21 Real Estate
house type carport,0.85,IAB21 Real Estate
house type cloakroom,0.85,IAB21 Real Estate
house type crawl space,0.85,IAB21 Real Estate
house type electrical room,0.85,IAB21 Real Estate
house type equipment room,0.85,IAB21 Real Estate
house type furnace room/boiler room,0.85,IAB21 Real Estate
house type garage,0.85,IAB21 Real Estate
house type janitorial closet,0.85,IAB21 Real Estate
house type larder,0.85,IAB21 Real Estate
house type laundry room/utility room/storage room,0.85,IAB21 Real Estate
house type mechanical room/floor,0.85,IAB21 Real Estate
house type pantry,0.85,IAB21 Real Estate
house type root cellar,0.85,IAB21 Real Estate
house type semi-basement,0.85,IAB21 Real Estate
house type storm cellar/safe room,0.85,IAB21 Real Estate
house type studio,0.85,IAB21 Real Estate
house type wardrobe,0.85,IAB21 Real Estate
house type wine cellar,0.85,IAB21 Real Estate
house type wiring closet,0.85,IAB21 Real Estate
house type workshop,0.85,IAB21 Real Estate
house type antechamber,0.85,IAB21 Real Estate
house type ballroom,0.85,IAB21 Real Estate
house type kitchen-relatedbutler's pantrybutterysaucerysculleryspicerystill room,0.85,IAB21 Real Estate
house type conservatory/orangery,0.85,IAB21 Real Estate
house type courtyard,0.85,IAB21 Real Estate
house type drawing room,0.85,IAB21 Real Estate
house type great chamber,0.85,IAB21 Real Estate
house type great hall,0.85,IAB21 Real Estate
house type library,0.85,IAB21 Real Estate
house type long gallery,0.85,IAB21 Real Estate
house type lumber room,0.85,IAB21 Real Estate
house type parlour,0.85,IAB21 Real Estate
house type sauna,0.85,IAB21 Real Estate
house type servants' hall,0.85,IAB21 Real Estate
house type servants' quarters,0.85,IAB21 Real Estate
house type smoking room,0.85,IAB21 Real Estate
house type solar,0.85,IAB21 Real Estate
house type state room,0.85,IAB21 Real Estate
house type swimming pool,0.85,IAB21 Real Estate
house type turret,0.85,IAB21 Real Estate
house type undercroft,0.85,IAB21 Real Estate
house type butler's pantry,0.85,IAB21 Real Estate
house type buttery,0.85,IAB21 Real Estate
house type saucery,0.85,IAB21 Real Estate
house type scullery,0.85,IAB21 Real Estate
house type spicery,0.85,IAB21 Real Estate
house type still room,0.85,IAB21 Real Estate
house type furniture,0.85,IAB21 Real Estate
house type hidden room,0.85,IAB21 Real Estate
house type househouse planstylestypes,0.85,IAB21 Real Estate
house type multi-family residential,0.85,IAB21 Real Estate
house type secondary suite,0.85,IAB21 Real Estate
house type duplex,0.85,IAB21 Real Estate
house type terraced,0.85,IAB21 Real Estate
house type detached,0.85,IAB21 Real Estate
house type semi-detached,0.85,IAB21 Real Estate
house type townhouse,0.85,IAB21 Real Estate
house type studio apartment,0.85,IAB21 Real Estate
house type house plan,0.85,IAB21 Real Estate
house type styles,0.85,IAB21 Real Estate
house type arch,0.85,IAB21 Real Estate
house type balconet,0.85,IAB21 Real Estate
house type baluster,0.85,IAB21 Real Estate
house type belt course,0.85,IAB21 Real Estate
house type bressummer,0.85,IAB21 Real Estate
house type ceiling,0.85,IAB21 Real Estate
house type chimney,0.85,IAB21 Real Estate
house type colonnade/portico,0.85,IAB21 Real Estate
house type column,0.85,IAB21 Real Estate
house type cornice/eaves,0.85,IAB21 Real Estate
house type dome,0.85,IAB21 Real Estate
house type door,0.85,IAB21 Real Estate
house type ell,0.85,IAB21 Real Estate
house type floor,0.85,IAB21 Real Estate
house type foundation,0.85,IAB21 Real Estate
house type gable,0.85,IAB21 Real Estate
house type gateportal,0.85,IAB21 Real Estate
house type lighting,0.85,IAB21 Real Estate
house type molding,0.85,IAB21 Real Estate
house type ornament,0.85,IAB21 Real Estate
house type plumbing,0.85,IAB21 Real Estate
house type quoins,0.85,IAB21 Real Estate
house type roofshingles,0.85,IAB21 Real Estate
house type roof lantern,0.85,IAB21 Real Estate
house type sill plate,0.85,IAB21 Real Estate
house type stylelist,0.85,IAB21 Real Estate
house type skylight,0.85,IAB21 Real Estate
house type threshold,0.85,IAB21 Real Estate
house type transom,0.85,IAB21 Real Estate
house type vault,0.85,IAB21 Real Estate
house type wall,0.85,IAB21 Real Estate
house type window,0.85,IAB21 Real Estate
house type shingles,0.85,IAB21 Real Estate
house type list,0.85,IAB21 Real Estate
house type backyard,0.85,IAB21 Real Estate
house type driveway,0.85,IAB21 Real Estate
house type front yard,0.85,IAB21 Real Estate
house type gardenroof garden,0.85,IAB21 Real Estate
house type home improvement,0.85,IAB21 Real Estate
house type home repair,0.85,IAB21 Real Estate
house type roof garden,0.85,IAB21 Real Estate
house type category: rooms,0.85,IAB21 Real Estate
"architecture neolithic10,000–3000 bc",0.85,IAB21 Real Estate
architecture mesoamerican,0.85,IAB21 Real Estate
architecture mezcala,0.85,IAB21 Real Estate
architecture talud-tablero,0.85,IAB21 Real Estate
architecture western native americans,0.85,IAB21 Real Estate
architecture phoenician3000–500 bc,0.85,IAB21 Real Estate
architecture ancient egyptian3000 bc–373 bc,0.85,IAB21 Real Estate
architecture minoan3000?+ bc (crete)knossos(crete),0.85,IAB21 Real Estate
architecture mycenaean1600–1100 bc (greece),0.85,IAB21 Real Estate
architecture knossos(crete),0.85,IAB21 Real Estate
architecture sumerian5300–2000 bc,0.85,IAB21 Real Estate
architecture elam,0.85,IAB21 Real Estate
architecture ancient persianachaemenidsassanid,0.85,IAB21 Real Estate
"architecture iranian, c. 8th century+ (iran)",0.85,IAB21 Real Estate
architecture persian garden style(iran)classical style – hayatformal style – meidān (public) orcharbagh(private)casual style – park (public) orbāgh(private)paradise garden,0.85,IAB21 Real Estate
architecture achaemenid,0.85,IAB21 Real Estate
architecture sassanid,0.85,IAB21 Real Estate
architecture classical style – hayat,0.85,IAB21 Real Estate
architecture formal style – meidān (public) orcharbagh(private),0.85,IAB21 Real Estate
architecture casual style – park (public) orbāgh(private),0.85,IAB21 Real Estate
architecture paradise garden,0.85,IAB21 Real Estate
architecture karnataka,0.85,IAB21 Real Estate
architecture kerala,0.85,IAB21 Real Estate
architecture tamil nadu,0.85,IAB21 Real Estate
architecture dravidian architecture(south indian temple style),0.85,IAB21 Real Estate
architecture buddhist temple,0.85,IAB21 Real Estate
architecture ancient chinese,0.85,IAB21 Real Estate
architecture japanese,0.85,IAB21 Real Estate
architecture korean,0.85,IAB21 Real Estate
architecture harappan(7000–1900 bce),0.85,IAB21 Real Estate
architecture dravidian architecture,0.85,IAB21 Real Estate
architecture tamil nadu(early tamil sangam era),0.85,IAB21 Real Estate
architecture ancient greek776–265 bc,0.85,IAB21 Real Estate
architecture roman753 bc–663 ad,0.85,IAB21 Real Estate
architecture etruscan700–200 bc,0.85,IAB21 Real Estate
architecture classical600 bc–323 ad,0.85,IAB21 Real Estate
architecture herodian37–4 bc (judea),0.85,IAB21 Real Estate
architecture early christian100–500,0.85,IAB21 Real Estate
architecture byzantine527–1520,0.85,IAB21 Real Estate
architecture latin armenian4th–16th centuries,0.85,IAB21 Real Estate
architecture anglo-saxon450s–1066 (england),0.85,IAB21 Real Estate
architecture bulgarianfrom 681first bulgarian empire681–1018,0.85,IAB21 Real Estate
architecture repoblación880s–11th century (spain),0.85,IAB21 Real Estate
architecture first bulgarian empire681–1018,0.85,IAB21 Real Estate
architecture iberian pre-romanesque,0.85,IAB21 Real Estate
"architecture merovingian5th–8th centuries (france, germany, italy and neighbouring locations)",0.85,IAB21 Real Estate
architecture visigothic5th–8th centuries (spain and portugal),0.85,IAB21 Real Estate
"architecture asturian711–910 (north spain, north portugal)",0.85,IAB21 Real Estate
"architecture carolingian780s–9th century (mostly france, germany)",0.85,IAB21 Real Estate
architecture medieval,0.85,IAB21 Real Estate
architecture latebyzantine architecturebefore 1520 (see above)kievan rus' architecture988–1237tarnovo artistic school12th–14th century (bulgaria)rashka school12th–15th centuries (serbian principalities)morava school(serbian principalities/bulgaria),0.85,IAB21 Real Estate
architecture kievan rus' architecture988–1237,0.85,IAB21 Real Estate
architecture tarnovo artistic school12th–14th century (bulgaria),0.85,IAB21 Real Estate
architecture rashka school12th–15th centuries (serbian principalities),0.85,IAB21 Real Estate
architecture morava school(serbian principalities/bulgaria),0.85,IAB21 Real Estate
architecture pre-romanesque (see above),0.85,IAB21 Real Estate
"architecture first romanesque1000–? (france, italy, spain)(including ""lombard romanesque"" in italy)",0.85,IAB21 Real Estate
architecture romanesque1000–1300,0.85,IAB21 Real Estate
"architecture norman1074–1250 (normandy, uk, ireland, south italy and sicily)",0.85,IAB21 Real Estate
"architecture norman–arab–byzantine1071–1200 (sicily, malta, south italy)",0.85,IAB21 Real Estate
"architecture (including ""lombard romanesque"" in italy)",0.85,IAB21 Real Estate
"architecture stave churches, oldest 845(d) in england, in norway one 11th century, several 12th century, some with romanesque elements",0.85,IAB21 Real Estate
"architecture timber frame styles, mostly gothic or later (uk, france, germany, the netherlands)",0.85,IAB21 Real Estate
architecture gothic,0.85,IAB21 Real Estate
architecture angevin gothic or plantagenet stylesince 1148 (western france),0.85,IAB21 Real Estate
architecture early english periodc. 1190–c. 1250,0.85,IAB21 Real Estate
architecture gotico angioianosince 1266 (southern italy),0.85,IAB21 Real Estate
architecture decorated periodc. 1290–c. 1350,0.85,IAB21 Real Estate
architecture perpendicular periodc. 1350–c. 1550,0.85,IAB21 Real Estate
"architecture rayonnant gothic1240–c. 1350 (france, germany, central europe)",0.85,IAB21 Real Estate
architecture venetian gothic14th–15th centuries (venice in italy),0.85,IAB21 Real Estate
"architecture brick gothicmid 13th to 16th century (germany, netherlands, flanders, poland, northern europe)",0.85,IAB21 Real Estate
architecture brabantine gothic(belgium and netherlands) 14th century,0.85,IAB21 Real Estate
"architecture flamboyant gothic1400–1500 (spain, france, portugal)",0.85,IAB21 Real Estate
architecture manueline1495–1521 (portugal and colonies),0.85,IAB21 Real Estate
architecture isabelline gothic1474–1505 (reign) (spain),0.85,IAB21 Real Estate
"architecture plateresque1490–1560 (spain & colonies, bridging gothic and renaissance styles)",0.85,IAB21 Real Estate
architecture shinden-zukuri(heian periodjapan),0.85,IAB21 Real Estate
architecture songnic architecture,0.85,IAB21 Real Estate
architecture hanok,0.85,IAB21 Real Estate
architecture bengalese,0.85,IAB21 Real Estate
architecture pakistani,0.85,IAB21 Real Estate
architecture khmer,0.85,IAB21 Real Estate
architecture indonesian,0.85,IAB21 Real Estate
architecture myanmar architecture,0.85,IAB21 Real Estate
"architecture badami chalukyaor ""deccan architecture"" (450–700ce)",0.85,IAB21 Real Estate
architecture rashtrakuta750–983 (central and south india),0.85,IAB21 Real Estate
architecture western chalukyaor gadag (1050-1200ce),0.85,IAB21 Real Estate
architecture hoysala(900–1300ce),0.85,IAB21 Real Estate
architecture vijayanagara1336–1565 (south india),0.85,IAB21 Real Estate
architecture mauryan(321–185 bc),0.85,IAB21 Real Estate
architecture kalinga architecture( present day orissa and andhra pradesh)rekha deulapidha deulakhakhara deula,0.85,IAB21 Real Estate
architecture hemadpanthi(1200–1270 ce) (maharashtra),0.85,IAB21 Real Estate
architecture sikh architecture,0.85,IAB21 Real Estate
architecture bengal temple architecture: 1400 to presentnagara stylemāru-gurjara architecture900 to present (rajasthan and gujarat)vesara style(dravidian fusion styles)badami chalukya architecture,0.85,IAB21 Real Estate
architecture rekha deula,0.85,IAB21 Real Estate
architecture pidha deula,0.85,IAB21 Real Estate
architecture khakhara deula,0.85,IAB21 Real Estate
architecture nagara style,0.85,IAB21 Real Estate
architecture māru-gurjara architecture900 to present (rajasthan and gujarat),0.85,IAB21 Real Estate
architecture vesara style(dravidian fusion styles),0.85,IAB21 Real Estate
architecture badami chalukya architecture,0.85,IAB21 Real Estate
architecture central styles (multi-regional)prophetic era – based in medina (c. 620–630)rashidunperiod – based in medina (c. 630–660)umayyad architecture– based in damascus (c. 660–750)abbasid architecture– based in baghdad (c. 750–1256)mamluk architecture– based in cairo (c. 1256–1517)ottoman architecture– based in istanbul (c. 1517–1918),0.85,IAB21 Real Estate
"architecture regional stylesegypt incl. empires ruled from egyptearlyislamic architecture(rashidun+umayyad) (641–750)abbasid architecture(750–954)fatimid architecture(954–1170)ayyubidarchitecture (1174–1250); category seeheremamluk architecture(1254–1517)ottoman architecture(1517–1820)north africa (maghrib)umayyad architecture (705–750)abbasid architecture (750–909)fatimid architecture (909–1048)amazigharchitecture (1048–1550)ziridarchitecture (1048–1148, middle maghreb)almoravid architecture (1040–1147, far maghreb)almohad architecture(1121–1269, far maghreb)hafsids1229–1574 (near and middle maghreb)marinids(1244–1465, middle and far maghreb)zayyanids(1235–1550, middle maghreb)ottoman architecture(1550–1830, near and middle maghreb)local styles under local dynasties (1549–present, far maghreb)islamic spainumayyad architecture (756–1031)taifa kingdoms-1 (1031–1090)almoravid architecture (1090–1147)taifa kingdoms-2 (1140–1203)almohad architecture(1147–1238),taifa kingdoms-3 (1232–1492)granada architecture (1287–1492)persia and central asiakhurasani architecture (late 7th–10th century)razi style (10th–13th century)samanidarchitecture (10th c.)ghaznawidarchitecture (11th c.)seljukarchitecture (11th–12th c.)mongol-period architecture (13th c.)timuridstyle (14th–16th c.)isfahanistyle (17th–19th c.)islamic-influenced architecture insouth asiaindo-islamic architecture(1204–1857)mughal architecture(1526–1707)turkeyanatolian seljuk architecture(1071–1299)ottoman architecture(1299–1922)first national architectural movement(1908–1940)",0.85,IAB21 Real Estate
architecture prophetic era – based in medina (c. 620–630),0.85,IAB21 Real Estate
architecture rashidunperiod – based in medina (c. 630–660),0.85,IAB21 Real Estate
architecture umayyad architecture– based in damascus (c. 660–750),0.85,IAB21 Real Estate
architecture abbasid architecture– based in baghdad (c. 750–1256),0.85,IAB21 Real Estate
architecture mamluk architecture– based in cairo (c. 1256–1517),0.85,IAB21 Real Estate
architecture ottoman architecture– based in istanbul (c. 1517–1918),0.85,IAB21 Real Estate
architecture egypt incl. empires ruled from egyptearlyislamic architecture(rashidun+umayyad) (641–750)abbasid architecture(750–954)fatimid architecture(954–1170)ayyubidarchitecture (1174–1250); category seeheremamluk architecture(1254–1517)ottoman architecture(1517–1820),0.85,IAB21 Real Estate
"architecture north africa (maghrib)umayyad architecture (705–750)abbasid architecture (750–909)fatimid architecture (909–1048)amazigharchitecture (1048–1550)ziridarchitecture (1048–1148, middle maghreb)almoravid architecture (1040–1147, far maghreb)almohad architecture(1121–1269, far maghreb)hafsids1229–1574 (near and middle maghreb)marinids(1244–1465, middle and far maghreb)zayyanids(1235–1550, middle maghreb)ottoman architecture(1550–1830, near and middle maghreb)local styles under local dynasties (1549–present, far maghreb)",0.85,IAB21 Real Estate
"architecture islamic spainumayyad architecture (756–1031)taifa kingdoms-1 (1031–1090)almoravid architecture (1090–1147)taifa kingdoms-2 (1140–1203)almohad architecture(1147–1238),taifa kingdoms-3 (1232–1492)granada architecture (1287–1492)",0.85,IAB21 Real Estate
architecture persia and central asiakhurasani architecture (late 7th–10th century)razi style (10th–13th century)samanidarchitecture (10th c.)ghaznawidarchitecture (11th c.)seljukarchitecture (11th–12th c.)mongol-period architecture (13th c.)timuridstyle (14th–16th c.)isfahanistyle (17th–19th c.),0.85,IAB21 Real Estate
architecture islamic-influenced architecture insouth asiaindo-islamic architecture(1204–1857)mughal architecture(1526–1707),0.85,IAB21 Real Estate
architecture turkeyanatolian seljuk architecture(1071–1299)ottoman architecture(1299–1922)first national architectural movement(1908–1940),0.85,IAB21 Real Estate
architecture earlyislamic architecture(rashidun+umayyad) (641–750),0.85,IAB21 Real Estate
architecture abbasid architecture(750–954),0.85,IAB21 Real Estate
architecture fatimid architecture(954–1170),0.85,IAB21 Real Estate
architecture ayyubidarchitecture (1174–1250); category seehere,0.85,IAB21 Real Estate
architecture mamluk architecture(1254–1517),0.85,IAB21 Real Estate
architecture ottoman architecture(1517–1820),0.85,IAB21 Real Estate
architecture umayyad architecture (705–750),0.85,IAB21 Real Estate
architecture abbasid architecture (750–909),0.85,IAB21 Real Estate
architecture fatimid architecture (909–1048),0.85,IAB21 Real Estate
"architecture amazigharchitecture (1048–1550)ziridarchitecture (1048–1148, middle maghreb)almoravid architecture (1040–1147, far maghreb)almohad architecture(1121–1269, far maghreb)hafsids1229–1574 (near and middle maghreb)marinids(1244–1465, middle and far maghreb)zayyanids(1235–1550, middle maghreb)",0.85,IAB21 Real Estate
"architecture ottoman architecture(1550–1830, near and middle maghreb)",0.85,IAB21 Real Estate
"architecture local styles under local dynasties (1549–present, far maghreb)",0.85,IAB21 Real Estate
"architecture ziridarchitecture (1048–1148, middle maghreb)",0.85,IAB21 Real Estate
"architecture almoravid architecture (1040–1147, far maghreb)",0.85,IAB21 Real Estate
"architecture almohad architecture(1121–1269, far maghreb)",0.85,IAB21 Real Estate
architecture hafsids1229–1574 (near and middle maghreb),0.85,IAB21 Real Estate
"architecture marinids(1244–1465, middle and far maghreb)",0.85,IAB21 Real Estate
"architecture zayyanids(1235–1550, middle maghreb)",0.85,IAB21 Real Estate
architecture umayyad architecture (756–1031),0.85,IAB21 Real Estate
architecture taifa kingdoms-1 (1031–1090),0.85,IAB21 Real Estate
architecture almoravid architecture (1090–1147),0.85,IAB21 Real Estate
architecture taifa kingdoms-2 (1140–1203),0.85,IAB21 Real Estate
"architecture almohad architecture(1147–1238),",0.85,IAB21 Real Estate
architecture taifa kingdoms-3 (1232–1492)granada architecture (1287–1492),0.85,IAB21 Real Estate
architecture granada architecture (1287–1492),0.85,IAB21 Real Estate
architecture khurasani architecture (late 7th–10th century),0.85,IAB21 Real Estate
architecture razi style (10th–13th century)samanidarchitecture (10th c.)ghaznawidarchitecture (11th c.)seljukarchitecture (11th–12th c.)mongol-period architecture (13th c.),0.85,IAB21 Real Estate
architecture timuridstyle (14th–16th c.),0.85,IAB21 Real Estate
architecture isfahanistyle (17th–19th c.),0.85,IAB21 Real Estate
architecture samanidarchitecture (10th c.),0.85,IAB21 Real Estate
architecture ghaznawidarchitecture (11th c.),0.85,IAB21 Real Estate
architecture seljukarchitecture (11th–12th c.),0.85,IAB21 Real Estate
architecture mongol-period architecture (13th c.),0.85,IAB21 Real Estate
architecture indo-islamic architecture(1204–1857)mughal architecture(1526–1707),0.85,IAB21 Real Estate
architecture mughal architecture(1526–1707),0.85,IAB21 Real Estate
architecture anatolian seljuk architecture(1071–1299),0.85,IAB21 Real Estate
architecture ottoman architecture(1299–1922),0.85,IAB21 Real Estate
architecture first national architectural movement(1908–1940),0.85,IAB21 Real Estate
architecture aztec(ca. 14th century – 1521),0.85,IAB21 Real Estate
architecture maya,0.85,IAB21 Real Estate
architecture pueblo,0.85,IAB21 Real Estate
architecture puuc,0.85,IAB21 Real Estate
architecture renaissancecentral european renaissancepolish renaissancefrench renaissanceeastern european renaissance,0.85,IAB21 Real Estate
"architecture palladian1516–1580 (venezia, italy; revived in uk)",0.85,IAB21 Real Estate
architecture mannerism1520–1600polish mannerism1550–1650,0.85,IAB21 Real Estate
architecture brâncovenesc stylelate 17th and early 18th centuries,0.85,IAB21 Real Estate
architecture eastern orthodox church1400?+ (southeast and eastern europe),0.85,IAB21 Real Estate
architecture central european renaissancepolish renaissance,0.85,IAB21 Real Estate
architecture french renaissance,0.85,IAB21 Real Estate
architecture eastern european renaissance,0.85,IAB21 Real Estate
architecture polish renaissance,0.85,IAB21 Real Estate
architecture polish mannerism1550–1650,0.85,IAB21 Real Estate
architecture henry ii1530–1590,0.85,IAB21 Real Estate
architecture louis xiii1601–1643,0.85,IAB21 Real Estate
architecture tudor1485–1603,0.85,IAB21 Real Estate
architecture elizabethan1480–1620?,0.85,IAB21 Real Estate
architecture jacobean1580–1660,0.85,IAB21 Real Estate
architecture asturian pre-romanesque711 - 910 (kingdom of asturias),0.85,IAB21 Real Estate
architecture mudéjar art13th and 16th centuries,0.85,IAB21 Real Estate
architecture spanish renaissance15th and 16th centuries,0.85,IAB21 Real Estate
"architecture plateresquecontinued from spanish gothic – 1560 (spain and colonies, low countries)",0.85,IAB21 Real Estate
"architecture herrerian1550–1650 (spain and colonies, primarily in castille and the surroundings of madrid)",0.85,IAB21 Real Estate
"architecture barroque churrigueresque17th – 1750 (hispanic countries, primarily in spain and mexico)",0.85,IAB21 Real Estate
"architecture modernisme1880s - 1910s (primarily catalonia, but also in valencian community, majorca island and melilla)",0.85,IAB21 Real Estate
architecture portuguese renaissance,0.85,IAB21 Real Estate
architecture portuguese plain style1580–1640 (portugal and colonies),0.85,IAB21 Real Estate
"architecture portuguese colonialc. 1480–1820 (brazil, india, macao, africa, east timor)",0.85,IAB21 Real Estate
"architecture spanish colonial1520s – c. 1820s (new world, east indies, other colonies)",0.85,IAB21 Real Estate
"architecture cape dutch1652–1802 (cape colony, south africa)",0.85,IAB21 Real Estate
architecture netherlands indies1609–1949old indies18th century-19th centuryindies empiremid-18th century–late 19th centurynew indieslate 19th century–20th century (mixed architecture),0.85,IAB21 Real Estate
architecture dutch colonial1615–1674 (treaty of westminster) (new england),0.85,IAB21 Real Estate
architecture chilotan1600+ (chiloé and southern chile),0.85,IAB21 Real Estate
architecture first period1625–1725 pre-american vernacular,0.85,IAB21 Real Estate
"architecture architecture of the california missions1769–1823, (california, us)",0.85,IAB21 Real Estate
architecture french colonial,0.85,IAB21 Real Estate
architecture colonial georgian architecture,0.85,IAB21 Real Estate
architecture old indies18th century-19th century,0.85,IAB21 Real Estate
architecture indies empiremid-18th century–late 19th century,0.85,IAB21 Real Estate
architecture new indieslate 19th century–20th century (mixed architecture),0.85,IAB21 Real Estate
"architecture andean baroque, 1680–1780 (viceroyalty of peru)",0.85,IAB21 Real Estate
"architecture baroquec. 1600–1750 (europe, the americas)",0.85,IAB21 Real Estate
architecture english baroque1666 (great fire) – 1713 (treaty of utrecht),0.85,IAB21 Real Estate
"architecture spanish baroquec. 1600–1760churrigueresque, 1660s–1750s (spain & new world), revival 1915+ (southwest us, hawaii)earthquake baroque, 17th–18th centuries (philippines)",0.85,IAB21 Real Estate
architecture maltese baroquec. 1635–1798,0.85,IAB21 Real Estate
"architecture new spanish baroque, mid-17th-early-18th centuries (new spain)",0.85,IAB21 Real Estate
architecture french baroquec. 1650–1789,0.85,IAB21 Real Estate
architecture dutch baroquec. 1650–1700,0.85,IAB21 Real Estate
architecture sicilian baroque1693 earthquake – c. 1745,0.85,IAB21 Real Estate
architecture portuguese joanine baroquec. 1700–1750,0.85,IAB21 Real Estate
"architecture russian baroque(c. 1680–1750)naryshkin baroquec. 1690–1720 (moscow, russian empire)petrine baroquec. 1700–1745 (saint petersburg, russian empire)elizabethan baroque1736–1762 (russian empire)",0.85,IAB21 Real Estate
architecture ukrainian baroquelate 17th–18th centuries (ukrainian lands),0.85,IAB21 Real Estate
"architecture rocococ. 1720–1789 (france, germany, austria, italy, russia, spain)",0.85,IAB21 Real Estate
"architecture churrigueresque, 1660s–1750s (spain & new world), revival 1915+ (southwest us, hawaii)",0.85,IAB21 Real Estate
"architecture earthquake baroque, 17th–18th centuries (philippines)",0.85,IAB21 Real Estate
"architecture naryshkin baroquec. 1690–1720 (moscow, russian empire)",0.85,IAB21 Real Estate
"architecture petrine baroquec. 1700–1745 (saint petersburg, russian empire)",0.85,IAB21 Real Estate
architecture elizabethan baroque1736–1762 (russian empire),0.85,IAB21 Real Estate
architecture shoin-zukuri(1560s–1860s),0.85,IAB21 Real Estate
architecture sukiya-zukuri(1530s–present),0.85,IAB21 Real Estate
architecture minka(japanese commoner or folk architecture)gassho-zukuri (edo periodand later)honmune-zukuri (edo periodand later),0.85,IAB21 Real Estate
architecture imperial crown style(1919–1945),0.85,IAB21 Real Estate
architecture giyōfū architecture(1800s),0.85,IAB21 Real Estate
architecture gassho-zukuri (edo periodand later),0.85,IAB21 Real Estate
architecture honmune-zukuri (edo periodand later),0.85,IAB21 Real Estate
architecture indo-islamic,0.85,IAB21 Real Estate
"architecture mughal1540- 1860 ce (present day india, pakistan, bangladesh)akbarimughal garden style",0.85,IAB21 Real Estate
architecture sharqiaka janpur style,0.85,IAB21 Real Estate
architecture akbari,0.85,IAB21 Real Estate
architecture mughal garden style,0.85,IAB21 Real Estate
architecture neoclassicalc. 1715–1820,0.85,IAB21 Real Estate
architecture beaux-arts1670+ (france) and 1880 (us),0.85,IAB21 Real Estate
"architecture georgian1720–1840s (uk, us)jamaican georgian architecturec. 1750 – c. 1850 (jamaica)",0.85,IAB21 Real Estate
architecture american colonial1720–1780s (us),0.85,IAB21 Real Estate
architecture pombaline style1755 – c. 1860 (lisbon in portugal),0.85,IAB21 Real Estate
architecture josephinischer stil1760–1780/90 (austria),0.85,IAB21 Real Estate
"architecture adam style1760–1795 (england, scotland, russia, us)",0.85,IAB21 Real Estate
architecture federal1780–1830 (us),0.85,IAB21 Real Estate
"architecture empire1804–1830, revival 1870 (europe, us)",0.85,IAB21 Real Estate
architecture regency1811–1830 (uk),0.85,IAB21 Real Estate
architecture antebellum1812–1861 (southern united states),0.85,IAB21 Real Estate
"architecture palazzo style1814–1930? (europe, australia, us)",0.85,IAB21 Real Estate
architecture neo-palladianjeffersonian1790s–1830s (virginia in us)american empire1810,0.85,IAB21 Real Estate
"architecture greek revival architecturerundbogenstil1835–1900 (germany)neo-grec1845–65 (uk, us, france)",0.85,IAB21 Real Estate
"architecture nordic classicism1910–30 (norway, sweden, denmark & finland)",0.85,IAB21 Real Estate
architecture polish neoclassicism(poland),0.85,IAB21 Real Estate
architecture new classical architecture20th/21st century (global),0.85,IAB21 Real Estate
architecture temple1832+ (global),0.85,IAB21 Real Estate
architecture jamaican georgian architecturec. 1750 – c. 1850 (jamaica),0.85,IAB21 Real Estate
architecture jeffersonian1790s–1830s (virginia in us),0.85,IAB21 Real Estate
architecture american empire1810,0.85,IAB21 Real Estate
architecture rundbogenstil1835–1900 (germany),0.85,IAB21 Real Estate
"architecture neo-grec1845–65 (uk, us, france)",0.85,IAB21 Real Estate
architecture revivalism,0.85,IAB21 Real Estate
architecture resort architecture(germany),0.85,IAB21 Real Estate
architecture victorian1837–1901 (uk)see alsosan francisco architecture,0.85,IAB21 Real Estate
architecture edwardian1901–1910 (uk),0.85,IAB21 Real Estate
architecture see alsosan francisco architecture,0.85,IAB21 Real Estate
"architecture gothic revival1740s+ (uk, us, europe)scots baronial(uk)",0.85,IAB21 Real Estate
"architecture italianate1802–1890 (uk, europe, us)",0.85,IAB21 Real Estate
"architecture egyptian revival1809–1820s, 1840s, 1920s (europe, us)",0.85,IAB21 Real Estate
architecture biedermeier1815–1848 (central europe),0.85,IAB21 Real Estate
"architecture russian revival1826–1917 (russian empire, germany, middle asia)",0.85,IAB21 Real Estate
"architecture russo-byzantine style1861–1917 (russian empire, balkans)",0.85,IAB21 Real Estate
architecture russian neoclassical revival1900–1920 (russian empire),0.85,IAB21 Real Estate
architecture scots baronial(uk),0.85,IAB21 Real Estate
architecture renaissance revival1840–1890 (uk)timber frame revivalsin various styles (europe)black-and-white revival1811+ (uk especially chester)jacobethan1830–1870 (uk)tudorbethanaka mock tudor 1835–1885+ (uk),0.85,IAB21 Real Estate
architecture baroque revivalaka neo-baroque 1840?-bristol byzantine1850–1880edwardian baroque1901–1922 (uk & british empire),0.85,IAB21 Real Estate
"architecture second empire1855–1880 (france, uk, us, canada, australia)napoleon iii style1852–1870 (paris, france)",0.85,IAB21 Real Estate
"architecture queen anne style1870–1910s (uk, us)",0.85,IAB21 Real Estate
architecture romanian revival1884-1940s (romania),0.85,IAB21 Real Estate
architecture timber frame revivalsin various styles (europe),0.85,IAB21 Real Estate
architecture black-and-white revival1811+ (uk especially chester),0.85,IAB21 Real Estate
architecture jacobethan1830–1870 (uk),0.85,IAB21 Real Estate
architecture tudorbethanaka mock tudor 1835–1885+ (uk),0.85,IAB21 Real Estate
architecture bristol byzantine1850–1880,0.85,IAB21 Real Estate
architecture edwardian baroque1901–1922 (uk & british empire),0.85,IAB21 Real Estate
"architecture napoleon iii style1852–1870 (paris, france)",0.85,IAB21 Real Estate
architecture orientalism,0.85,IAB21 Real Estate
"architecture neo-mudéjar1880s–1920s (spain, portugal, bosnia, california)",0.85,IAB21 Real Estate
"architecture moorish revival(us, europe)",0.85,IAB21 Real Estate
"architecture egyptian revival1920s (europe, us; see above)",0.85,IAB21 Real Estate
architecture mayan revival1920–1930s (us),0.85,IAB21 Real Estate
"architecture indo-saracenic revivalor indo-gothic, mughal-gothic, neo-mughal  late 19th century (also influenced by british india, british raj)",0.85,IAB21 Real Estate
architecture romanesque revival1840–1930s (us),0.85,IAB21 Real Estate
"architecture gothic revival(see above)carpenter gothic1870+ (us)high victorian gothic(english-speaking world)collegiate gothic, 1910–1960 (us)",0.85,IAB21 Real Estate
architecture stick style1860–1890+ (us),0.85,IAB21 Real Estate
architecture queen anne style architecture (united states)1880–1910s (us)eastlake style1879–1905 (us),0.85,IAB21 Real Estate
architecture richardsonian romanesque1880s–1905 (us),0.85,IAB21 Real Estate
architecture shingle style1879–1905,0.85,IAB21 Real Estate
architecture neo-byzantine1882–1920s (us),0.85,IAB21 Real Estate
"architecture renaissance revivalamerican renaissancechâteauesque1887–1930s (canada, us, hungary)canadian chateau1880s–1920s (canada)mediterranean revival1890s+ (us, latin america, europe)",0.85,IAB21 Real Estate
"architecture mission revival1894–1936; (california, southwest us)pueblo revival1898–1930+ (southwest us)",0.85,IAB21 Real Estate
architecture colonial revival1890s+,0.85,IAB21 Real Estate
architecture dutch colonial revivalc. 1900 (new england),0.85,IAB21 Real Estate
"architecture spanish colonial revival1915+ (mexico, california, hawaii, florida, southwest us)",0.85,IAB21 Real Estate
"architecture beaux-arts revival1880+ (us, canada), 1920+ (australia)",0.85,IAB21 Real Estate
architecture city beautiful1890–20th century (us),0.85,IAB21 Real Estate
architecture territorial revival architecture1930+,0.85,IAB21 Real Estate
architecture carpenter gothic1870+ (us),0.85,IAB21 Real Estate
architecture high victorian gothic(english-speaking world),0.85,IAB21 Real Estate
"architecture collegiate gothic, 1910–1960 (us)",0.85,IAB21 Real Estate
architecture eastlake style1879–1905 (us),0.85,IAB21 Real Estate
architecture american renaissance,0.85,IAB21 Real Estate
"architecture châteauesque1887–1930s (canada, us, hungary)canadian chateau1880s–1920s (canada)",0.85,IAB21 Real Estate
"architecture mediterranean revival1890s+ (us, latin america, europe)",0.85,IAB21 Real Estate
architecture canadian chateau1880s–1920s (canada),0.85,IAB21 Real Estate
architecture pueblo revival1898–1930+ (southwest us),0.85,IAB21 Real Estate
architecture australian stylesqueenslander1840s–1960s (australian)federation1890–1920 (australian),0.85,IAB21 Real Estate
"architecture heimatstil1870–1900 (austria, germany, switzerland",0.85,IAB21 Real Estate
"architecture neoclásico isabelino1843–1897 (ponce, puerto rico)",0.85,IAB21 Real Estate
"architecture neo-manueline1840s–1910s (portugal, brazil, portuguese colonies)",0.85,IAB21 Real Estate
architecture dragestil1880s–1910s (norway),0.85,IAB21 Real Estate
architecture palazzo style architecture,0.85,IAB21 Real Estate
"architecture neo-plateresque and monterrey style19th-early 20th centuries (spain, mexico)",0.85,IAB21 Real Estate
architecture queenslander1840s–1960s (australian),0.85,IAB21 Real Estate
architecture federation1890–1920 (australian),0.85,IAB21 Real Estate
"architecture swiss chalet style1840s–1920s+ (scandinavia, austria, germany, later global)",0.85,IAB21 Real Estate
"architecture adirondack1850s (new york, us)",0.85,IAB21 Real Estate
architecture national park service rusticaka parkitecture 1903+ (us),0.85,IAB21 Real Estate
architecture western false front(western united states),0.85,IAB21 Real Estate
"architecture industrial, 1760–present (worldwide)",0.85,IAB21 Real Estate
architecture arts and crafts1880–1910 (uk),0.85,IAB21 Real Estate
"architecture art nouveauaka jugendstil 1885–1910modernisme1888–1911 (catalan art nouveau)glasgow style1890–1910 (glasgow, scotland)vienna secession1897–1905 (austrian art nouveau)liberty style1899-1914 (italian art nouveau)",0.85,IAB21 Real Estate
"architecture national romantic style1900–1923? (norway, sweden, denmark and finland)",0.85,IAB21 Real Estate
architecture modernisme1888–1911 (catalan art nouveau),0.85,IAB21 Real Estate
"architecture glasgow style1890–1910 (glasgow, scotland)",0.85,IAB21 Real Estate
architecture vienna secession1897–1905 (austrian art nouveau),0.85,IAB21 Real Estate
architecture liberty style1899-1914 (italian art nouveau),0.85,IAB21 Real Estate
"architecture american craftsman, aka american arts and crafts 1890s–1930 (us)",0.85,IAB21 Real Estate
architecture prairie style1900–1917 (us),0.85,IAB21 Real Estate
architecture american foursquaremid-1890s – late 1930s (us),0.85,IAB21 Real Estate
"architecture california bungalow1910–1939 (us, australia, then global)",0.85,IAB21 Real Estate
architecture avant-garderussian avant-garde1890–1930 (russian empire/soviet union)futurism1909 (europe),0.85,IAB21 Real Estate
"architecture chicago school1880–1920, 1940s–1960s (us)",0.85,IAB21 Real Estate
"architecture functionalismc. 1900 – 1930s (europe, us)",0.85,IAB21 Real Estate
architecture expressionism1910 – c. 1924brick expressionismamsterdam school1912–1924 (netherlands),0.85,IAB21 Real Estate
"architecture organic architecture(germany, northern europe)",0.85,IAB21 Real Estate
"architecture new objectivity1920–1939 (italy, germany, netherlands, budapest)",0.85,IAB21 Real Estate
architecture rationalism1920s–1930s (italy),0.85,IAB21 Real Estate
"architecture bauhaus1919–1930+ (germany, northern europe)",0.85,IAB21 Real Estate
"architecture de stijl1920s (netherlands, europe)",0.85,IAB21 Real Estate
"architecture moderne1925+ (global)art deco1925–1940s (global,list)streamline moderne1930–1937",0.85,IAB21 Real Estate
architecture modernism1927–1960s,0.85,IAB21 Real Estate
"architecture international style1930+ (europe, us)",0.85,IAB21 Real Estate
architecture usonian1936–1940s (us),0.85,IAB21 Real Estate
architecture russian avant-garde1890–1930 (russian empire/soviet union),0.85,IAB21 Real Estate
architecture futurism1909 (europe),0.85,IAB21 Real Estate
architecture brick expressionism,0.85,IAB21 Real Estate
architecture amsterdam school1912–1924 (netherlands),0.85,IAB21 Real Estate
"architecture art deco1925–1940s (global,list)",0.85,IAB21 Real Estate
architecture streamline moderne1930–1937,0.85,IAB21 Real Estate
architecture constructivism1925–1932 (ussr),0.85,IAB21 Real Estate
architecture postconstructivism1932–1941 (ussr),0.85,IAB21 Real Estate
architecture stalinist1933–1955 (ussr),0.85,IAB21 Real Estate
architecture fascist architecture,0.85,IAB21 Real Estate
architecture nazi1933–1944 (germany),0.85,IAB21 Real Estate
architecture modernism (continued),0.85,IAB21 Real Estate
architecture international style (continued),0.85,IAB21 Real Estate
"architecture new towns1946–1968+ (uk, global)",0.85,IAB21 Real Estate
"architecture mid-century modern1950s (california, etc.)",0.85,IAB21 Real Estate
architecture googie1950s (us),0.85,IAB21 Real Estate
architecture brutalism1950s–1970s,0.85,IAB21 Real Estate
architecture structuralism1950s–1970smegastructures1960s,0.85,IAB21 Real Estate
architecture metabolist1959 (japan),0.85,IAB21 Real Estate
architecture danish functionalism1960s (denmark),0.85,IAB21 Real Estate
architecture tendenza1965-1985 (italy),0.85,IAB21 Real Estate
architecture high-tech/structural expressionism1970s+bowellism1975s+,0.85,IAB21 Real Estate
architecture megastructures1960s,0.85,IAB21 Real Estate
architecture bowellism1975s+,0.85,IAB21 Real Estate
"architecture heimatschutz architecture1900–1940 (austria, germany)",0.85,IAB21 Real Estate
architecture ponce creole1895–1920 (poncein puerto rico),0.85,IAB21 Real Estate
architecture heliopolis style1905 – c. 1935 (egypt),0.85,IAB21 Real Estate
"architecture traditionalist school1910–1960 (netherlands, northern europe)",0.85,IAB21 Real Estate
architecture minimal traditional1930s–1940s (us),0.85,IAB21 Real Estate
architecture soft portuguese1940–1955 (portugal & colonies),0.85,IAB21 Real Estate
architecture ranch-style1940s–1970s (us),0.85,IAB21 Real Estate
architecture jengki style(indonesia),0.85,IAB21 Real Estate
"architecture postmodernism1960+ (us, uk)deconstructivism1982+ (europe, us, far east)shed style",0.85,IAB21 Real Estate
architecture arcology1970s+ (europe),0.85,IAB21 Real Estate
architecture critical regionalism1983+,0.85,IAB21 Real Estate
architecture interactive architecture2000+,0.85,IAB21 Real Estate
"architecture sustainable architecture2000+earthship1980+ (started in us, now global)green building2000+natural building2000+",0.85,IAB21 Real Estate
architecture neo-andean2005+,0.85,IAB21 Real Estate
architecture neo-futurismlate 1960s-early 21st century,0.85,IAB21 Real Estate
architecture new classical architecture1980+berlin style1990s+,0.85,IAB21 Real Estate
architecture blobitecture2003+,0.85,IAB21 Real Estate
architecture parametricism2008+,0.85,IAB21 Real Estate
architecture mass timber2010s+,0.85,IAB21 Real Estate
"architecture deconstructivism1982+ (europe, us, far east)",0.85,IAB21 Real Estate
architecture shed style,0.85,IAB21 Real Estate
"architecture earthship1980+ (started in us, now global)",0.85,IAB21 Real Estate
architecture green building2000+,0.85,IAB21 Real Estate
architecture natural building2000+,0.85,IAB21 Real Estate
architecture berlin style1990s+,0.85,IAB21 Real Estate
architecture fortification6800 bc+ringfort800 bc – 400 addzong17th century+star fort1530–1800?polygonal fort1850?-,0.85,IAB21 Real Estate
architecture ringfort800 bc – 400 ad,0.85,IAB21 Real Estate
architecture dzong17th century+,0.85,IAB21 Real Estate
architecture star fort1530–1800?,0.85,IAB21 Real Estate
architecture polygonal fort1850?-,0.85,IAB21 Real Estate
architecture vernacular architecture,0.85,IAB21 Real Estate
architecture natural building,0.85,IAB21 Real Estate
"architecture ice –igloo,quinzhee",0.85,IAB21 Real Estate
"architecture earth–cobhouse,sod house,adobe,mudbrickhouse,rammed earth",0.85,IAB21 Real Estate
"architecture timber –log cabin,log house,carpenter gothic,roundhouse,stilt house",0.85,IAB21 Real Estate
"architecture nomadic structures –yaranga,bender tent",0.85,IAB21 Real Estate
"architecture temporary structures –quonset hut,nissen hut,prefabricated home",0.85,IAB21 Real Estate
"architecture underground –underground living,rock-cut architecture,monolithic church,pit-house",0.85,IAB21 Real Estate
"architecture modern low-energy systems –straw-bale construction,earthbag construction,rice-hull bagwall construction,earthship,earth house",0.85,IAB21 Real Estate
architecture various styles –longhouse,0.85,IAB21 Real Estate
architecture bahay kubo(nipa hut),0.85,IAB21 Real Estate
architecture barabara,0.85,IAB21 Real Estate
architecture beehive house,0.85,IAB21 Real Estate
architecture bothy,0.85,IAB21 Real Estate
architecture bunong,0.85,IAB21 Real Estate
architecture burdei,0.85,IAB21 Real Estate
architecture bure,0.85,IAB21 Real Estate
architecture cleit,0.85,IAB21 Real Estate
architecture clochán (beehive hut),0.85,IAB21 Real Estate
architecture crotto,0.85,IAB21 Real Estate
architecture dugout,0.85,IAB21 Real Estate
architecture earth lodge,0.85,IAB21 Real Estate
architecture funco,0.85,IAB21 Real Estate
architecture girna,0.85,IAB21 Real Estate
architecture goahti,0.85,IAB21 Real Estate
architecture hogan,0.85,IAB21 Real Estate
architecture humpy,0.85,IAB21 Real Estate
architecture icelandic turf house,0.85,IAB21 Real Estate
architecture igloo,0.85,IAB21 Real Estate
architecture jacal,0.85,IAB21 Real Estate
architecture kapar,0.85,IAB21 Real Estate
architecture log cabin,0.85,IAB21 Real Estate
architecture maloca,0.85,IAB21 Real Estate
architecture menstruation,0.85,IAB21 Real Estate
architecture mitato,0.85,IAB21 Real Estate
architecture musgum mud huts,0.85,IAB21 Real Estate
architecture oca,0.85,IAB21 Real Estate
architecture orri,0.85,IAB21 Real Estate
architecture palloza,0.85,IAB21 Real Estate
architecture pit-house,0.85,IAB21 Real Estate
architecture qargi,0.85,IAB21 Real Estate
architecture qarmaq,0.85,IAB21 Real Estate
architecture quiggly hole,0.85,IAB21 Real Estate
architecture quinzhee,0.85,IAB21 Real Estate
architecture rondavel,0.85,IAB21 Real Estate
architecture roundhouse,0.85,IAB21 Real Estate
architecture ruka,0.85,IAB21 Real Estate
architecture sassi di matera,0.85,IAB21 Real Estate
architecture shieling,0.85,IAB21 Real Estate
architecture sod house,0.85,IAB21 Real Estate
architecture sukkah,0.85,IAB21 Real Estate
architecture tongkonan,0.85,IAB21 Real Estate
architecture trullo,0.85,IAB21 Real Estate
architecture tukul,0.85,IAB21 Real Estate
"architecture wigwam, wickiup and wetu",0.85,IAB21 Real Estate
architecture zemlyanka,0.85,IAB21 Real Estate
architecture housing portal,0.85,IAB21 Real Estate
architecture chum,0.85,IAB21 Real Estate
architecture lavvu,0.85,IAB21 Real Estate
architecture shepherd's hut,0.85,IAB21 Real Estate
architecture tipi,0.85,IAB21 Real Estate
architecture yaranga,0.85,IAB21 Real Estate
architecture yurt and gerger district,0.85,IAB21 Real Estate
architecture ger district,0.85,IAB21 Real Estate
architecture beach fale,0.85,IAB21 Real Estate
architecture cabana,0.85,IAB21 Real Estate
architecture chickee,0.85,IAB21 Real Estate
architecture gazebo,0.85,IAB21 Real Estate
architecture lean-to,0.85,IAB21 Real Estate
architecture palapa,0.85,IAB21 Real Estate
architecture pergola,0.85,IAB21 Real Estate
architecture ramada,0.85,IAB21 Real Estate
architecture toguna,0.85,IAB21 Real Estate
architecture beach hut,0.85,IAB21 Real Estate
architecture hexayurt,0.85,IAB21 Real Estate
architecture hopper hut,0.85,IAB21 Real Estate
architecture iris hut,0.85,IAB21 Real Estate
architecture logging camp,0.85,IAB21 Real Estate
architecture nissen hut,0.85,IAB21 Real Estate
architecture quonset hutjamesway hut,0.85,IAB21 Real Estate
architecture romney hut,0.85,IAB21 Real Estate
architecture slab hut,0.85,IAB21 Real Estate
architecture twynham hut,0.85,IAB21 Real Estate
architecture wilderness hutalpine club hutmountain hutwinter room,0.85,IAB21 Real Estate
architecture jamesway hut,0.85,IAB21 Real Estate
architecture alpine club hut,0.85,IAB21 Real Estate
architecture mountain hut,0.85,IAB21 Real Estate
architecture winter room,0.85,IAB21 Real Estate
architecture cabanes du breuil,0.85,IAB21 Real Estate
architecture circular linhay,0.85,IAB21 Real Estate
architecture earth sheltering,0.85,IAB21 Real Estate
architecture shack,0.85,IAB21 Real Estate
architecture shed,0.85,IAB21 Real Estate
architecture skellig michael,0.85,IAB21 Real Estate
architecture stilt house,0.85,IAB21 Real Estate
architecture tent,0.85,IAB21 Real Estate
architecture thatching,0.85,IAB21 Real Estate
architecture transhumance,0.85,IAB21 Real Estate
architecture tree house,0.85,IAB21 Real Estate
architecture village des bories,0.85,IAB21 Real Estate
architecture category,0.85,IAB21 Real Estate
architecture portal,0.85,IAB21 Real Estate
"architecture european arctic (north norway and sweden, finland, north russia) – samilavvu, samigoahti",0.85,IAB21 Real Estate
"architecture northwest europe (norway, sweden, fresia, jutland, denmark, north poland, uk, iceland) –norse architecture,heathen hofs,viking ring fortress,fogou,souterrain,grubenhaus(also known as grubhouse or grubhut)",0.85,IAB21 Real Estate
"architecture central and eastern europe –burdei,zemlyanka",0.85,IAB21 Real Estate
architecture bulgaria –rock-hewn churches of ivanovo,0.85,IAB21 Real Estate
architecture estonia,0.85,IAB21 Real Estate
"architecture germany –black forest house,swiss chalet style,gulf house(aka east frisian house),geestharden house(aka cimbrian house, schleswig house),haubarg,low german house(aka low saxon house),middle german house,reed house,seaside resort house,ständerhaus,uthland-frisian house",0.85,IAB21 Real Estate
"architecture netherlands –frisian farmhouse,old frisian longhouse,bildts farmhouse",0.85,IAB21 Real Estate
architecture iceland –turf houses,0.85,IAB21 Real Estate
"architecture ireland –clochán,crannog",0.85,IAB21 Real Estate
architecture italy –trullo,0.85,IAB21 Real Estate
"architecture lithuania –kaunas modernism,lithuanian folk architecture,polish-lithuanian wooden synagogues",0.85,IAB21 Real Estate
"architecture norway –architecture of norway:post church,palisade church,stave church,norwegian turf house,vernacular architecture in norway,rorbu,dragestil, alsonational romantic style,swiss chalet styleandnordic classicism buildings",0.85,IAB21 Real Estate
"architecture poland –zakopane,polish-lithuanian wooden synagogues,wooden churches of southern lesser poland,upper lusatian house",0.85,IAB21 Real Estate
"architecture romania –carpathian vernacular,wooden churches of maramureș",0.85,IAB21 Real Estate
architecture russia –dacha,0.85,IAB21 Real Estate
"architecture scotland–medieval turf building in cronberry,blackhouses",0.85,IAB21 Real Estate
architecture slovakia –wooden churches of the slovak carpathians,0.85,IAB21 Real Estate
"architecture spain – asturianteito, asturianhórreo, gallicianpalloza",0.85,IAB21 Real Estate
architecture ukraine –wooden churches,0.85,IAB21 Real Estate
"architecture united kingdom –dartmoor longhouse,neolithic long house,palisade church,mid-20th-century system-built housesscotland –broch,atlantic roundhouse,crannog,dun",0.85,IAB21 Real Estate
"architecture scotland –broch,atlantic roundhouse,crannog,dun",0.85,IAB21 Real Estate
architecture housebarn,0.85,IAB21 Real Estate
architecture longhouse,0.85,IAB21 Real Estate
architecture neolithic long house,0.85,IAB21 Real Estate
architecture ansitz,0.85,IAB21 Real Estate
architecture black forest house,0.85,IAB21 Real Estate
architecture cimbrian house,0.85,IAB21 Real Estate
architecture east frisian house,0.85,IAB21 Real Estate
architecture geestharden house,0.85,IAB21 Real Estate
architecture gulf house,0.85,IAB21 Real Estate
architecture haubarg,0.85,IAB21 Real Estate
architecture lorraine house,0.85,IAB21 Real Estate
architecture low german house,0.85,IAB21 Real Estate
architecture middle german house,0.85,IAB21 Real Estate
architecture old frisian farmhouse,0.85,IAB21 Real Estate
architecture schleswig house,0.85,IAB21 Real Estate
architecture upper lusatian house,0.85,IAB21 Real Estate
architecture uthland-frisian house,0.85,IAB21 Real Estate
architecture waldlerhaus,0.85,IAB21 Real Estate
architecture bildts farmhouse,0.85,IAB21 Real Estate
architecture frisian farmhouse,0.85,IAB21 Real Estate
architecture frisian house,0.85,IAB21 Real Estate
architecture old frisian longhouse,0.85,IAB21 Real Estate
architecture bastle house,0.85,IAB21 Real Estate
architecture blackhouse,0.85,IAB21 Real Estate
architecture dartmoor longhouse,0.85,IAB21 Real Estate
architecture hall house,0.85,IAB21 Real Estate
architecture chalet,0.85,IAB21 Real Estate
architecture bresse house,0.85,IAB21 Real Estate
architecture mas (provençal farmhouse),0.85,IAB21 Real Estate
architecture alqueria,0.85,IAB21 Real Estate
architecture baserri,0.85,IAB21 Real Estate
architecture cabaña pasiega,0.85,IAB21 Real Estate
architecture casa montañesa,0.85,IAB21 Real Estate
architecture masia,0.85,IAB21 Real Estate
architecture cascina a corte,0.85,IAB21 Real Estate
architecture decorated farmhouses of hälsingland,0.85,IAB21 Real Estate
architecture gozo farmhouse,0.85,IAB21 Real Estate
architecture carpathian,0.85,IAB21 Real Estate
architecture zakopane,0.85,IAB21 Real Estate
architecture shotgun house(us),0.85,IAB21 Real Estate
"architecture florida crackerc. 1800+ (florida, us)",0.85,IAB21 Real Estate
architecture tidewater(us),0.85,IAB21 Real Estate
architecture sibley tent(us),0.85,IAB21 Real Estate
architecture sod house(us),0.85,IAB21 Real Estate
"architecture cape cod(new england, us)",0.85,IAB21 Real Estate
"architecture saltbox(new england, us)",0.85,IAB21 Real Estate
architecture farmhouse(us),0.85,IAB21 Real Estate
architecture brownstone(us),0.85,IAB21 Real Estate
architecture bay-and-gable(can),0.85,IAB21 Real Estate
architecture navajohogan,0.85,IAB21 Real Estate
architecture pacific northwestplank house,0.85,IAB21 Real Estate
architecture plains nationstipiandearth lodge,0.85,IAB21 Real Estate
architecture wigwam,0.85,IAB21 Real Estate
architecture northeast nationswetu,0.85,IAB21 Real Estate
architecture pueblokiva,0.85,IAB21 Real Estate
architecture colombian plateau nationsquiggly hole,0.85,IAB21 Real Estate
architecture southwest nationsjacal,0.85,IAB21 Real Estate
architecture southwesterncliff dwellings,0.85,IAB21 Real Estate
architecture seminolechickee,0.85,IAB21 Real Estate
"architecture sweat lodge,temazcal",0.85,IAB21 Real Estate
architecture amerindian longhouses,0.85,IAB21 Real Estate
architecture argentina –mar del plata style,0.85,IAB21 Real Estate
architecture chile –chilotan architecture,0.85,IAB21 Real Estate
architecture venezuela and chile –palafito,0.85,IAB21 Real Estate
"architecture central and south african countries –rondavel,xhosa and zulu architecture,zimbabwean architecture,sotho-tswana architecture,zulu and nguni architecture, andmadagascan architecture",0.85,IAB21 Real Estate
"architecture dutch colonial,cape dutch",0.85,IAB21 Real Estate
architecture chinayaodongsiheyuantuloushanxihokkiencantonesehuihakkajiangxisichuanpang uk(architecture of hong kong),0.85,IAB21 Real Estate
"architecture india–rock-cut,toda hut",0.85,IAB21 Real Estate
architecture indonesia –rumah adat,0.85,IAB21 Real Estate
"architecture iran, turkey –caravanserai",0.85,IAB21 Real Estate
architecture iran –yakhchal,0.85,IAB21 Real Estate
architecture israel –rock-cut tombs,0.85,IAB21 Real Estate
architecture japan –minka,0.85,IAB21 Real Estate
architecture mongolia –yurt,0.85,IAB21 Real Estate
architecture papua new guinea –papua new guinea stilt house,0.85,IAB21 Real Estate
"architecture philippines –bahay kubo, jin-jin,torogan, bale",0.85,IAB21 Real Estate
architecture russia – siberianchum,0.85,IAB21 Real Estate
architecture thailand –thai stilt house,0.85,IAB21 Real Estate
architecture myanmar –shwenandaw monastery,0.85,IAB21 Real Estate
architecture yaodong,0.85,IAB21 Real Estate
architecture siheyuan,0.85,IAB21 Real Estate
architecture tulou,0.85,IAB21 Real Estate
architecture shanxi,0.85,IAB21 Real Estate
architecture hokkien,0.85,IAB21 Real Estate
architecture cantonese,0.85,IAB21 Real Estate
architecture hui,0.85,IAB21 Real Estate
architecture hakka,0.85,IAB21 Real Estate
architecture jiangxi,0.85,IAB21 Real Estate
architecture sichuan,0.85,IAB21 Real Estate
architecture pang uk(architecture of hong kong),0.85,IAB21 Real Estate
"architecture australia, new zealand –slab hut",0.85,IAB21 Real Estate
architecture australia – aboriginehumpy,0.85,IAB21 Real Estate
architecture adam style1770 england,0.85,IAB21 Real Estate
"architecture adirondack architecture1850s new york, us",0.85,IAB21 Real Estate
architecture anglo-saxon architecture450s–1066 england and wales,0.85,IAB21 Real Estate
architecture american colonial architecture1720–1780s us,0.85,IAB21 Real Estate
"architecture american craftsman1890s–1930 us, california & east",0.85,IAB21 Real Estate
architecture american foursquaremid. 1890s-late 1930s us,0.85,IAB21 Real Estate
architecture amsterdam school1912–1924 netherlands,0.85,IAB21 Real Estate
architecture ancient egyptian architecture3000 bc – 373 ad,0.85,IAB21 Real Estate
architecture ancient greek architecture776 bc – 265 bc,0.85,IAB21 Real Estate
"architecture angevin gothicsince 1148, western france",0.85,IAB21 Real Estate
architecture arcology1970s ad–present,0.85,IAB21 Real Estate
architecture art deco1925–1940s europe & us,0.85,IAB21 Real Estate
architecture art nouveauc. 1885–1910,0.85,IAB21 Real Estate
"architecture 1880s–1920s; uk, california, us",0.85,IAB21 Real Estate
architecture australian architectural styles,0.85,IAB21 Real Estate
architecture baroque architecture,0.85,IAB21 Real Estate
architecture bauhaus,0.85,IAB21 Real Estate
architecture biedermeier1815–1848,0.85,IAB21 Real Estate
architecture blobitecture2003–present,0.85,IAB21 Real Estate
architecture bowellism1957–present,0.85,IAB21 Real Estate
architecture brick gothicc. 1350 – c. 15th century,0.85,IAB21 Real Estate
architecture brownstone,0.85,IAB21 Real Estate
architecture brutalist architecture1950s–1970s,0.85,IAB21 Real Estate
architecture buddhist architecture1st century bc,0.85,IAB21 Real Estate
architecture byzantine architecture527 ad (sofia) – 1520,0.85,IAB21 Real Estate
architecture cape cod17th century,0.85,IAB21 Real Estate
architecture carolingian architecture780s–9th century; france and germany,0.85,IAB21 Real Estate
architecture carpenter gothicus and canada 1840s on,0.85,IAB21 Real Estate
architecture chicago school1880s and 1890 us,0.85,IAB21 Real Estate
architecture chilotan architecture1600–present chiloé and southern chile,0.85,IAB21 Real Estate
"architecture churrigueresque, 1660s–1750s;  spain and the new world",0.85,IAB21 Real Estate
architecture city beautiful movement1890–20th century us,0.85,IAB21 Real Estate
architecture classical architecture600 bc – 323 ad,0.85,IAB21 Real Estate
architecture colonial revival architecture,0.85,IAB21 Real Estate
architecture constructivist architecture,0.85,IAB21 Real Estate
architecture danish functionalism1960s ad denmark,0.85,IAB21 Real Estate
architecture deconstructivism1982–present,0.85,IAB21 Real Estate
architecture decorated periodc. 1290 – c. 1350,0.85,IAB21 Real Estate
"architecture dragestil1880s–1910s, norway",0.85,IAB21 Real Estate
architecture dutch colonial1615–1674 (treaty of westminster) new england,0.85,IAB21 Real Estate
architecture dutch colonial revivalc. 1900 new england,0.85,IAB21 Real Estate
architecture dzong architecturetibet and bhutan,0.85,IAB21 Real Estate
architecture early english periodc. 1190 – c. 1250,0.85,IAB21 Real Estate
architecture ephemeral architecture,0.85,IAB21 Real Estate
architecture eastlake style1879–1905 new england,0.85,IAB21 Real Estate
"architecture egyptian revival architecture1809–1820s, 1840s, 1920s",0.85,IAB21 Real Estate
architecture elizabethan architecture(1533–1603),0.85,IAB21 Real Estate
"architecture empire1804–1814, 1870 revival",0.85,IAB21 Real Estate
architecture expressionist architecture1910 – c. 1924,0.85,IAB21 Real Estate
architecture farmhouse,0.85,IAB21 Real Estate
architecture federal architecture1780–1830 us,0.85,IAB21 Real Estate
architecture federation architecture1890–1915 australia,0.85,IAB21 Real Estate
"architecture florida cracker architecturec. 1800 – present florida, us",0.85,IAB21 Real Estate
architecture florida modern1950s ortropical modernism,0.85,IAB21 Real Estate
architecture functionalismc. 1900 – 1930s europe & us,0.85,IAB21 Real Estate
architecture futurist architecture1909 europe,0.85,IAB21 Real Estate
architecture georgian architecture1720–1840s uk & us,0.85,IAB21 Real Estate
architecture googie architecture1950s us and canada,0.85,IAB21 Real Estate
architecture gothic architecture,0.85,IAB21 Real Estate
architecture gothic revival architecture1760s–1840s,0.85,IAB21 Real Estate
"architecture gotico angioiano, since 1266, southern italy",0.85,IAB21 Real Estate
architecture greek revival architecture,0.85,IAB21 Real Estate
architecture green building2000–present,0.85,IAB21 Real Estate
architecture heliopolis style1905 – c. 1935 egypt,0.85,IAB21 Real Estate
architecture indian architectureindia,0.85,IAB21 Real Estate
architecture interactive architecture2000–present,0.85,IAB21 Real Estate
architecture international style1930–present,0.85,IAB21 Real Estate
architecture isabelline gothic1474–1505 (reign) spain,0.85,IAB21 Real Estate
architecture islamic architecture691–present,0.85,IAB21 Real Estate
architecture italianate architecture1802,0.85,IAB21 Real Estate
architecture jacobean architecture1580–1660,0.85,IAB21 Real Estate
architecture jacobethan1838,0.85,IAB21 Real Estate
"architecture jeffersonian architecture1790s–1830s virginia, us",0.85,IAB21 Real Estate
architecture jengki style1950s indonesia,0.85,IAB21 Real Estate
architecture jugendstilc. 1885–1910 german term forart nouveau,0.85,IAB21 Real Estate
architecture manueline1495–1521 (reign) portugal and colonies,0.85,IAB21 Real Estate
"architecture mediterranean revival style1890s–present; us, latin america, europe",0.85,IAB21 Real Estate
architecture memphis group1981–1988,0.85,IAB21 Real Estate
architecture merovingian architecture5th–8th centuries; france and germany,0.85,IAB21 Real Estate
architecture metabolist movement1959 japan,0.85,IAB21 Real Estate
"architecture mid-century modern1950s–1960s california, us, latin america",0.85,IAB21 Real Estate
"architecture mission revival style architecture1894–1936; california, us",0.85,IAB21 Real Estate
architecture modern movement1927–1960s,0.85,IAB21 Real Estate
architecture modernisme1888–1911 catalan art nouveau,0.85,IAB21 Real Estate
architecture national park service rustic1872–present us,0.85,IAB21 Real Estate
architecture natural building2000–,0.85,IAB21 Real Estate
architecture nazi architecture1933–1944 germany,0.85,IAB21 Real Estate
architecture neo-byzantine architecture1882–1920s american,0.85,IAB21 Real Estate
architecture neoclassical architecture,0.85,IAB21 Real Estate
architecture neo-grec1848–1865,0.85,IAB21 Real Estate
architecture neo-gothic architecture,0.85,IAB21 Real Estate
"architecture neolithic architecture10,000–3000 bc",0.85,IAB21 Real Estate
architecture neo-manueline1840s–1910s ad portugal and brazil,0.85,IAB21 Real Estate
architecture new towns1946–1968 united kingdom,0.85,IAB21 Real Estate
architecture norman architecture1074–1250,0.85,IAB21 Real Estate
architecture organic architecture,0.85,IAB21 Real Estate
architecture ottonian architecture950s–1050s germany,0.85,IAB21 Real Estate
architecture palladian architecture1616–1680 (jones),0.85,IAB21 Real Estate
architecture perpendicular periodc. 1350 – c. 1550,0.85,IAB21 Real Estate
"architecture plantagenet stylesince 1148, western france",0.85,IAB21 Real Estate
architecture southern plantation architecture,0.85,IAB21 Real Estate
"architecture ponce creole1895–1920ponce, puerto rico",0.85,IAB21 Real Estate
architecture pombaline style1755 earthquake – c. 1860 portugal,0.85,IAB21 Real Estate
architecture postmodern architecture1980s,0.85,IAB21 Real Estate
architecture polish cathedral style1870–1930,0.85,IAB21 Real Estate
architecture polite architecture,0.85,IAB21 Real Estate
architecture prairie style1900–1917 us,0.85,IAB21 Real Estate
architecture pueblostyle 1898–1990s,0.85,IAB21 Real Estate
architecture shingle style1879–1905 new england,0.85,IAB21 Real Estate
architecture queen anne style architecture1870–1910s uk and us,0.85,IAB21 Real Estate
architecture queenslander1840s–1960s,0.85,IAB21 Real Estate
architecture ranch-style1940s–1970s us,0.85,IAB21 Real Estate
architecture repoblación architecture880s–11th century; spain,0.85,IAB21 Real Estate
architecture regency architecture,0.85,IAB21 Real Estate
architecture richardsonian romanesque1880s us,0.85,IAB21 Real Estate
architecture rococo,0.85,IAB21 Real Estate
architecture roman architecture753 bc – 663 ad,0.85,IAB21 Real Estate
architecture romanesque architecture1050–1100,0.85,IAB21 Real Estate
architecture romanesque revival architecture1840–1900 us,0.85,IAB21 Real Estate
architecture russian architecture989 – 18th century,0.85,IAB21 Real Estate
"architecture russian revival1826–1917, 1990s–present",0.85,IAB21 Real Estate
architecture saltbox,0.85,IAB21 Real Estate
architecture san francisco architecture,0.85,IAB21 Real Estate
architecture scottish baronial,0.85,IAB21 Real Estate
architecture second empire1865–1880,0.85,IAB21 Real Estate
architecture serbo-byzantine revivalinterwar period,0.85,IAB21 Real Estate
architecture soft portuguese style1940–1955 portugal & colonies,0.85,IAB21 Real Estate
"architecture spanish colonial revival style1915–present; california, hawaii, florida, southwest us",0.85,IAB21 Real Estate
"architecture spanish colonial style1520s – c. 1820s; new world, east indies, other colonies",0.85,IAB21 Real Estate
"architecture c. 1900–present; california, florida, us, latin america, spain.",0.85,IAB21 Real Estate
architecture stalinist architecture1933–1955 ussr,0.85,IAB21 Real Estate
"architecture stave churches, oldest 845(d) in england, norway one 11th century, several 12th century",0.85,IAB21 Real Estate
architecture stick style1860–1890s,0.85,IAB21 Real Estate
architecture storybook1920s,0.85,IAB21 Real Estate
architecture structural expressionism1980s–present,0.85,IAB21 Real Estate
architecture structuralism1950–1975,0.85,IAB21 Real Estate
architecture sumerian architecture5300 – 2000 bc,0.85,IAB21 Real Estate
architecture sustainable architecture2000–present,0.85,IAB21 Real Estate
"architecture swiss chalet style1840s–1920s, scandinavia and germany",0.85,IAB21 Real Estate
architecture tidewater architecture19th century,0.85,IAB21 Real Estate
architecture tudor architecture1485–1603,0.85,IAB21 Real Estate
architecture tudorbethan architecture1835–1885,0.85,IAB21 Real Estate
architecture ukrainian baroquelate 1600 – 19th century,0.85,IAB21 Real Estate
architecture usonian1936–1940s us,0.85,IAB21 Real Estate
architecture victorian architecture1837–1901 uk,0.85,IAB21 Real Estate
architecture vienna secession1897 – c. 1905 austrian art nouveau,0.85,IAB21 Real Estate
"architecture ancient roman architecture:colosseum, an amphitheater inrome, italy(1st century ad)",0.85,IAB21 Real Estate
"architecture persian islamic architecturefrom the 7th- to 9th-century period: theshah mosque,naqsh-i jahan square, iran",0.85,IAB21 Real Estate
architecture latebyzantine architectureof thetarnovo schoolin bulgaria,0.85,IAB21 Real Estate
"architecture gothic architecture:st. vitus cathedralinprague, czech republic",0.85,IAB21 Real Estate
"architecture weser renaissancestyle:juleuminhelmstedt, germany",0.85,IAB21 Real Estate
"architecture baroque architecture:melk abbey, austria",0.85,IAB21 Real Estate
architecture neoclassical architecture:cathedral of vilniusin lithuania,0.85,IAB21 Real Estate
"architecture historicism:resort architectureinbinzonrugia island, a specific style common in german seaside resorts",0.85,IAB21 Real Estate
"architecture secession: tenement house insopot, poland, built 1904",0.85,IAB21 Real Estate
"architecture early modern architecture:bauhaus universityinweimar, germany, built 1911",0.85,IAB21 Real Estate
"architecture postmodern architecture:wells fargo centerinminneapolis, minnesota, u.s., completed 1988",0.85,IAB21 Real Estate
architecture a stylised façade ingiyōfū architecture:kaichi school museumjapan (1800s),0.85,IAB21 Real Estate
architecture beaux-artsarchitecture in abank's building façadein puerto rico,0.85,IAB21 Real Estate
architecture art decoarchitecture in a citymarketplace building,0.85,IAB21 Real Estate
architecture national register of historic places architectural style categories,0.85,IAB21 Real Estate
architecture architectural design values,0.85,IAB21 Real Estate
architecture feminism and modern architecture,0.85,IAB21 Real Estate
architecture house styles,0.85,IAB21 Real Estate
architecture sacred architecturearchitecture of cathedrals and great churchessynagogue architecture,0.85,IAB21 Real Estate
architecture timeline of architecture,0.85,IAB21 Real Estate
architecture timeline of architectural styles,0.85,IAB21 Real Estate
architecture parametricism,0.85,IAB21 Real Estate
architecture architecture of cathedrals and great churches,0.85,IAB21 Real Estate
architecture synagogue architecture,0.85,IAB21 Real Estate
"architecture white, norval; elliott willensky (2000).aiaguide to new york(4th ed.). new york: random house.isbn0-8129-3107-6.",0.85,IAB21 Real Estate
"architecture lewis, philippa; gillian darley (1986).dictionary of ornament, ny: pantheon",0.85,IAB21 Real Estate
"architecture baker, john milnes, aia (1994)american house styles, ny: norton",0.85,IAB21 Real Estate
"architecture hamlin alfred dwight foster,history of architectural styles, bibliobazaar, 2009",0.85,IAB21 Real Estate
"architecture carson dunlop,architectural styles, dearborn real estate, 2003",0.85,IAB21 Real Estate
"architecture herbert pothorn,a guide to architectural styles, phaidon, 1983",0.85,IAB21 Real Estate
architecture victoria & albert museum microsite on introduction to architectural styles,0.85,IAB21 Real Estate
real estate personal property,0.85,IAB21 Real Estate
real estate community property,0.85,IAB21 Real Estate
real estate real property,0.85,IAB21 Real Estate
real estate unowned property,0.85,IAB21 Real Estate
real estate gift,0.85,IAB21 Real Estate
real estate adverse possession,0.85,IAB21 Real Estate
real estate deed,0.85,IAB21 Real Estate
real estate conquest,0.85,IAB21 Real Estate
real estate discovery,0.85,IAB21 Real Estate
real estate accession,0.85,IAB21 Real Estate
"real estate lost, mislaid, and abandoned property",0.85,IAB21 Real Estate
real estate treasure trove,0.85,IAB21 Real Estate
real estate bailment,0.85,IAB21 Real Estate
real estate license,0.85,IAB21 Real Estate
real estate alienation,0.85,IAB21 Real Estate
real estate allodial title,0.85,IAB21 Real Estate
real estate fee simple,0.85,IAB21 Real Estate
real estate fee tail,0.85,IAB21 Real Estate
real estate life estate,0.85,IAB21 Real Estate
real estate defeasible estate,0.85,IAB21 Real Estate
real estate future interestremainder,0.85,IAB21 Real Estate
real estate concurrent estate,0.85,IAB21 Real Estate
real estate leasehold estate,0.85,IAB21 Real Estate
real estate condominiums,0.85,IAB21 Real Estate
real estate real estate,0.85,IAB21 Real Estate
real estate land tenure,0.85,IAB21 Real Estate
real estate remainder,0.85,IAB21 Real Estate
real estate bona fidepurchaser,0.85,IAB21 Real Estate
real estate torrens title,0.85,IAB21 Real Estate
real estate strata title,0.85,IAB21 Real Estate
real estate deeds registration,0.85,IAB21 Real Estate
real estate estoppel by deed,0.85,IAB21 Real Estate
real estate quitclaim deed,0.85,IAB21 Real Estate
real estate mortgage,0.85,IAB21 Real Estate
real estate equitable conversion,0.85,IAB21 Real Estate
real estate action to quiet title,0.85,IAB21 Real Estate
real estate escheat,0.85,IAB21 Real Estate
real estate restraint on alienation,0.85,IAB21 Real Estate
real estate rule against perpetuities,0.85,IAB21 Real Estate
real estate rule inshelley's case,0.85,IAB21 Real Estate
real estate doctrine of worthier title,0.85,IAB21 Real Estate
real estate lien,0.85,IAB21 Real Estate
real estate easement,0.85,IAB21 Real Estate
real estate profit,0.85,IAB21 Real Estate
real estate usufruct,0.85,IAB21 Real Estate
real estate covenant,0.85,IAB21 Real Estate
real estate equitable servitude,0.85,IAB21 Real Estate
real estate fixtures,0.85,IAB21 Real Estate
real estate waste,0.85,IAB21 Real Estate
real estate partition,0.85,IAB21 Real Estate
real estate practicing without a license,0.85,IAB21 Real Estate
real estate property rights,0.85,IAB21 Real Estate
real estate mineral rights,0.85,IAB21 Real Estate
real estate water rightsprior appropriationriparian,0.85,IAB21 Real Estate
real estate lateral and subjacent support,0.85,IAB21 Real Estate
real estate assignment,0.85,IAB21 Real Estate
real estate nemo dat,0.85,IAB21 Real Estate
real estate quicquid plantatur,0.85,IAB21 Real Estate
real estate conflict of property laws,0.85,IAB21 Real Estate
real estate blackacre,0.85,IAB21 Real Estate
real estate security deposit,0.85,IAB21 Real Estate
real estate prior appropriation,0.85,IAB21 Real Estate
real estate riparian,0.85,IAB21 Real Estate
real estate contract law,0.85,IAB21 Real Estate
real estate tort law,0.85,IAB21 Real Estate
"real estate wills,trustsandestates",0.85,IAB21 Real Estate
real estate criminal law,0.85,IAB21 Real Estate
real estate evidence,0.85,IAB21 Real Estate
"real estate attached / multi-unit dwellingsapartment(american english) orflat(british english) – an individual unit in a multi-unit building. the boundaries of the apartment are generally defined by a perimeter of locked or lockable doors. often seen in multi-storyapartment buildings.multi-family house– often seen in multi-story detached buildings, where each floor is a separate apartment or unit.terraced house(a.k.a.townhouseorrowhouse) – a number of single or multi-unit buildings in a continuous row with shared walls and no intervening space.condominium(american english) – a building or complex, similar to apartments, owned by individuals. common grounds and common areas within the complex are owned and shared jointly. in north america, there aretownhouseorrowhousestyle condominiums as well. the british equivalent is a block of flats.housing cooperative(a.k.a. co-op) – a type of multiple ownership in which the residents of a multi-unit housing complex own shares in the cooperative corporation that owns the property, giving each resident the right to occupy a specific apartment or unit. majority of housing in indian metro cities are of these types.tenement– a type of building shared by multiple dwellings, typically with flats or apartments on each floor and with shared entrance stairway access found in britain.",0.85,IAB21 Real Estate
real estate semi-detacheddwellingsduplex– two units with one shared wall.,0.85,IAB21 Real Estate
real estate detached dwellingsbungalowssplit-level homemansionsvillasdetached houseorsingle-family detached housecottages,0.85,IAB21 Real Estate
"real estate portable dwellingsmobile homes,tiny homes, orresidential caravans– a full-time residence that can be (although might not in practice be) movable on wheels.houseboats– a floating hometents– usually temporary, with roof and walls consisting only of fabric-like material.",0.85,IAB21 Real Estate
real estate apartment(american english) orflat(british english) – an individual unit in a multi-unit building. the boundaries of the apartment are generally defined by a perimeter of locked or lockable doors. often seen in multi-storyapartment buildings.,0.85,IAB21 Real Estate
"real estate multi-family house– often seen in multi-story detached buildings, where each floor is a separate apartment or unit.",0.85,IAB21 Real Estate
real estate terraced house(a.k.a.townhouseorrowhouse) – a number of single or multi-unit buildings in a continuous row with shared walls and no intervening space.,0.85,IAB21 Real Estate
"real estate condominium(american english) – a building or complex, similar to apartments, owned by individuals. common grounds and common areas within the complex are owned and shared jointly. in north america, there aretownhouseorrowhousestyle condominiums as well. the british equivalent is a block of flats.",0.85,IAB21 Real Estate
"real estate housing cooperative(a.k.a. co-op) – a type of multiple ownership in which the residents of a multi-unit housing complex own shares in the cooperative corporation that owns the property, giving each resident the right to occupy a specific apartment or unit. majority of housing in indian metro cities are of these types.",0.85,IAB21 Real Estate
"real estate tenement– a type of building shared by multiple dwellings, typically with flats or apartments on each floor and with shared entrance stairway access found in britain.",0.85,IAB21 Real Estate
real estate duplex– two units with one shared wall.,0.85,IAB21 Real Estate
real estate bungalows,0.85,IAB21 Real Estate
real estate split-level home,0.85,IAB21 Real Estate
real estate mansions,0.85,IAB21 Real Estate
real estate villas,0.85,IAB21 Real Estate
real estate detached houseorsingle-family detached house,0.85,IAB21 Real Estate
real estate cottages,0.85,IAB21 Real Estate
"real estate mobile homes,tiny homes, orresidential caravans– a full-time residence that can be (although might not in practice be) movable on wheels.",0.85,IAB21 Real Estate
real estate houseboats– a floating home,0.85,IAB21 Real Estate
"real estate tents– usually temporary, with roof and walls consisting only of fabric-like material.",0.85,IAB21 Real Estate
real estate chawls,0.85,IAB21 Real Estate
real estate havelis,0.85,IAB21 Real Estate
real estate igloos,0.85,IAB21 Real Estate
real estate huts,0.85,IAB21 Real Estate
real estate house(detached,0.85,IAB21 Real Estate
real estate semi-detached,0.85,IAB21 Real Estate
real estate terraced),0.85,IAB21 Real Estate
real estate apartment,0.85,IAB21 Real Estate
real estate bungalow,0.85,IAB21 Real Estate
real estate cottage,0.85,IAB21 Real Estate
real estate ecohouse,0.85,IAB21 Real Estate
real estate executive,0.85,IAB21 Real Estate
real estate green home,0.85,IAB21 Real Estate
real estate human outpost,0.85,IAB21 Real Estate
real estate i-house,0.85,IAB21 Real Estate
real estate informal,0.85,IAB21 Real Estate
real estate ranch,0.85,IAB21 Real Estate
real estate tenement,0.85,IAB21 Real Estate
real estate condominium,0.85,IAB21 Real Estate
real estate luxury,0.85,IAB21 Real Estate
real estate mixed-use development,0.85,IAB21 Real Estate
real estate hotel,0.85,IAB21 Real Estate
real estate hostel,0.85,IAB21 Real Estate
real estate castle,0.85,IAB21 Real Estate
real estate public housing,0.85,IAB21 Real Estate
real estate owner-occupancy,0.85,IAB21 Real Estate
real estate squat,0.85,IAB21 Real Estate
real estate flophouse,0.85,IAB21 Real Estate
real estate shack,0.85,IAB21 Real Estate
real estate slum,0.85,IAB21 Real Estate
real estate shanty town,0.85,IAB21 Real Estate
real estate villa,0.85,IAB21 Real Estate
real estate environmentaldesignplanningracismsecurity,0.85,IAB21 Real Estate
real estate healthiness,0.85,IAB21 Real Estate
real estate crisisaffordabilityby countryindexhomelessnesshousing firstrapid re-housingright to housingstresssubsidizedhome mortgage interest deduction,0.85,IAB21 Real Estate
real estate inequality,0.85,IAB21 Real Estate
real estate housing discriminationredlining,0.85,IAB21 Real Estate
real estate developmentbuilding codeeconomicspermitplanningparticipatoryconflictimpact feenimbyyimbyzoning,0.85,IAB21 Real Estate
real estate rentcontrolregulationevictionjust causestriketenants union,0.85,IAB21 Real Estate
real estate investingappraisalbubbleprice indexsubprime lending,0.85,IAB21 Real Estate
real estate sustainablearchitecturedevelopmentlivingcity,0.85,IAB21 Real Estate
real estate design,0.85,IAB21 Real Estate
real estate planning,0.85,IAB21 Real Estate
real estate racism,0.85,IAB21 Real Estate
real estate security,0.85,IAB21 Real Estate
real estate affordabilityby countryindex,0.85,IAB21 Real Estate
real estate homelessness,0.85,IAB21 Real Estate
real estate housing first,0.85,IAB21 Real Estate
real estate rapid re-housing,0.85,IAB21 Real Estate
real estate right to housing,0.85,IAB21 Real Estate
real estate stress,0.85,IAB21 Real Estate
real estate subsidizedhome mortgage interest deduction,0.85,IAB21 Real Estate
real estate by country,0.85,IAB21 Real Estate
real estate index,0.85,IAB21 Real Estate
real estate home mortgage interest deduction,0.85,IAB21 Real Estate
real estate redlining,0.85,IAB21 Real Estate
real estate building code,0.85,IAB21 Real Estate
real estate economics,0.85,IAB21 Real Estate
real estate permit,0.85,IAB21 Real Estate
real estate planningparticipatoryconflict,0.85,IAB21 Real Estate
real estate impact fee,0.85,IAB21 Real Estate
real estate nimby,0.85,IAB21 Real Estate
real estate yimby,0.85,IAB21 Real Estate
real estate zoning,0.85,IAB21 Real Estate
real estate participatory,0.85,IAB21 Real Estate
real estate conflict,0.85,IAB21 Real Estate
real estate control,0.85,IAB21 Real Estate
real estate regulation,0.85,IAB21 Real Estate
real estate evictionjust cause,0.85,IAB21 Real Estate
real estate strike,0.85,IAB21 Real Estate
real estate tenants union,0.85,IAB21 Real Estate
real estate just cause,0.85,IAB21 Real Estate
real estate appraisal,0.85,IAB21 Real Estate
real estate bubble,0.85,IAB21 Real Estate
real estate price index,0.85,IAB21 Real Estate
real estate subprime lending,0.85,IAB21 Real Estate
real estate architecture,0.85,IAB21 Real Estate
real estate development,0.85,IAB21 Real Estate
real estate living,0.85,IAB21 Real Estate
real estate city,0.85,IAB21 Real Estate
real estate alternative lifestyle,0.85,IAB21 Real Estate
real estate assisted living,0.85,IAB21 Real Estate
real estate boomtown,0.85,IAB21 Real Estate
real estate cottage homes,0.85,IAB21 Real Estate
real estate eco-cities,0.85,IAB21 Real Estate
real estate ecovillage,0.85,IAB21 Real Estate
real estate foster care,0.85,IAB21 Real Estate
real estate green building,0.85,IAB21 Real Estate
real estate group home,0.85,IAB21 Real Estate
real estate halfway house,0.85,IAB21 Real Estate
real estate healthy community design,0.85,IAB21 Real Estate
real estate homeless shelter,0.85,IAB21 Real Estate
real estate hospital,0.85,IAB21 Real Estate
real estate local community,0.85,IAB21 Real Estate
real estate log house,0.85,IAB21 Real Estate
real estate natural building,0.85,IAB21 Real Estate
real estate nursing home,0.85,IAB21 Real Estate
real estate orphanage,0.85,IAB21 Real Estate
real estate prison,0.85,IAB21 Real Estate
real estate psychiatric hospital,0.85,IAB21 Real Estate
real estate residential care,0.85,IAB21 Real Estate
real estate residential treatment center,0.85,IAB21 Real Estate
real estate retirement community,0.85,IAB21 Real Estate
real estate retirement home,0.85,IAB21 Real Estate
real estate supportive housing,0.85,IAB21 Real Estate
real estate supported living,0.85,IAB21 Real Estate
"real estate property for sale in victoria, australia: sign. (left)",0.85,IAB21 Real Estate
real estate the property in victoria after it was sold as stated on sign,0.85,IAB21 Real Estate
real estate real estate agent– north america,0.85,IAB21 Real Estate
real estate estate agent– united kingdom,0.85,IAB21 Real Estate
real estate environmental surveying,0.85,IAB21 Real Estate
real estate green development– real estate development conceptpages displaying short descriptions of redirect targets,0.85,IAB21 Real Estate
"real estate phase i environmental site assessment– contamination assessment for us real estate, known as 'esa'",0.85,IAB21 Real Estate
"real estate commercial real estate– buildings or land intended to generate a profit, either from capital gain or rental incomepages displaying short descriptions of redirect targets",0.85,IAB21 Real Estate
real estate housing estate– group of homes and other buildings built together as a single development,0.85,IAB21 Real Estate
real estate estate (land)– comprises the buildings and supporting farmland and woods of a very large property,0.85,IAB21 Real Estate
"real estate extraterrestrial real estate– ownership claims of property on other planets, moons, or parts of outer space",0.85,IAB21 Real Estate
real estate fractional financing,0.85,IAB21 Real Estate
real estate land lot– tract or parcel of land that is owned,0.85,IAB21 Real Estate
"real estate real estate business– profession of buying, leasing, managing, or selling real estate",0.85,IAB21 Real Estate
real estate real estate economics– application of economic techniques to real estate markets,0.85,IAB21 Real Estate
real estate right to property– human right to own property,0.85,IAB21 Real Estate
real estate the dictionary definition ofreal estateat wiktionary,0.85,IAB21 Real Estate
real estate quotations related toreal estateat wikiquote,0.85,IAB21 Real Estate
real estate property,0.85,IAB21 Real Estate
real estate tertiary sector of the economy,0.85,IAB21 Real Estate
real estate bangladesh,0.85,IAB21 Real Estate
real estate canada,0.85,IAB21 Real Estate
real estate china,0.85,IAB21 Real Estate
real estate indonesia,0.85,IAB21 Real Estate
real estate italy,0.85,IAB21 Real Estate
real estate turkey,0.85,IAB21 Real Estate
real estate kenya,0.85,IAB21 Real Estate
real estate pakistan,0.85,IAB21 Real Estate
real estate panama,0.85,IAB21 Real Estate
real estate puerto rico,0.85,IAB21 Real Estate
real estate russia,0.85,IAB21 Real Estate
real estate saudi arabia,0.85,IAB21 Real Estate
real estate united arab emirates,0.85,IAB21 Real Estate
real estate united kingdom,0.85,IAB21 Real Estate
real estate commercial propertycommercial building,0.85,IAB21 Real Estate
real estate corporate real estate,0.85,IAB21 Real Estate
real estate extraterrestrial real estate,0.85,IAB21 Real Estate
real estate international real estate,0.85,IAB21 Real Estate
real estate lease administration,0.85,IAB21 Real Estate
real estate niche real estategarden real estatehealthcare real estatevacation propertyarable landgolf propertyluxury real estate,0.85,IAB21 Real Estate
real estate off-plan property,0.85,IAB21 Real Estate
real estate private equity real estate,0.85,IAB21 Real Estate
real estate real estate owned,0.85,IAB21 Real Estate
real estate residential property,0.85,IAB21 Real Estate
real estate commercial building,0.85,IAB21 Real Estate
real estate garden real estate,0.85,IAB21 Real Estate
real estate healthcare real estate,0.85,IAB21 Real Estate
real estate vacation property,0.85,IAB21 Real Estate
real estate arable land,0.85,IAB21 Real Estate
real estate golf property,0.85,IAB21 Real Estate
real estate luxury real estate,0.85,IAB21 Real Estate
real estate property management,0.85,IAB21 Real Estate
real estate real estate development,0.85,IAB21 Real Estate
real estate real estate investing,0.85,IAB21 Real Estate
real estate real estate flipping,0.85,IAB21 Real Estate
real estate relocation,0.85,IAB21 Real Estate
real estate chain of title,0.85,IAB21 Real Estate
real estate closing,0.85,IAB21 Real Estate
real estate conditional sale,0.85,IAB21 Real Estate
real estate conveyancing,0.85,IAB21 Real Estate
real estate eminent domain,0.85,IAB21 Real Estate
real estate encumbrance,0.85,IAB21 Real Estate
real estate foreclosure,0.85,IAB21 Real Estate
real estate just cause eviction,0.85,IAB21 Real Estate
real estate land law,0.85,IAB21 Real Estate
real estate land registration,0.85,IAB21 Real Estate
real estate leasehold estatelease,0.85,IAB21 Real Estate
real estate property abstract,0.85,IAB21 Real Estate
real estate real estate transactionreal estate contract,0.85,IAB21 Real Estate
