text,confidence,iab_label
"parenting parent-child relationship skills: quality time spent, positive communications, and delighted show of affection.",0.85,IAB6 Family & Parenting
"parenting encouraging desirable behavior: praise and encouragement, nonverbal attention, facilitating engaging activities.",0.85,IAB6 Family & Parenting
"parenting teaching skills and behaviors: being a good example,incidental teaching, human communication of the skill with role-playing and other methods, communicating logical incentives and consequences.",0.85,IAB6 Family & Parenting
"parenting managing misbehavior: establishing firm ground rules and limits, directing discussion, providing clear and calm instructions, communicating and enforcing appropriate consequences, using restrictive tactics like quiet time and time out with an authoritative stance rather than an authoritarian one.",0.85,IAB6 Family & Parenting
"parenting anticipating and planning: advanced planning and preparation for readying the child for challenges, finding out engaging and age-appropriate developmental activities, preparing the token economy for self-management practice with guidance, holding follow-up discussions, identifying possible negative developmental trajectories.",0.85,IAB6 Family & Parenting
"parenting mood and coping skills: reframing and discouraging unhelpful thoughts (diversions, goal orientation, andmindfulness), stress and tension management (ownandchildren's), developing personal coping statements and plans for high-risk situations, building mutual respect and consideration between members of the family through collaborative activities and rituals.",0.85,IAB6 Family & Parenting
"parenting partner support skills: improving personal communication, giving and receiving constructive feedback and support, avoidingnegativefamily interaction styles, supporting and findinghopein problems for adaptation, leading collaborative problem solving, promoting relationship happiness and cordiality.",0.85,IAB6 Family & Parenting
parenting child custody,0.85,IAB6 Family & Parenting
parenting childlessness,0.85,IAB6 Family & Parenting
parenting developmental psychology,0.85,IAB6 Family & Parenting
parenting empty nest syndrome,0.85,IAB6 Family & Parenting
parenting family law,0.85,IAB6 Family & Parenting
parenting lgbt parenting,0.85,IAB6 Family & Parenting
parenting motherhood constellation,0.85,IAB6 Family & Parenting
parenting outline of children,0.85,IAB6 Family & Parenting
parenting parent rescue(documentary series),0.85,IAB6 Family & Parenting
parenting parental alienation,0.85,IAB6 Family & Parenting
parenting parenting plan,0.85,IAB6 Family & Parenting
parenting parental supervision,0.85,IAB6 Family & Parenting
parenting parenting coordinator,0.85,IAB6 Family & Parenting
parenting paternal age effect,0.85,IAB6 Family & Parenting
parenting paternal care,0.85,IAB6 Family & Parenting
parenting pedagogy,0.85,IAB6 Family & Parenting
parenting shared parenting,0.85,IAB6 Family & Parenting
parenting sharenting,0.85,IAB6 Family & Parenting
"parenting chase-lansdale, p.l.; cherlin, a.j.; kiernan, k.e. (1995). ""the long-term effects of parental divorce on the mental health of young adults: a developmental perspective"".child development.66(6):1614–1634.doi:10.1111/j.1467-8624.1995.tb00955.x.pmid8556889.",0.85,IAB6 Family & Parenting
"parenting zill, n., morrison, d. r., & coiro, m. j. (1993). long-term effects of parental divorce on parent-child relationships, adjustment, and achievement in young adulthood. journal of family psychology, 7(1), 91–103.doi:10.1037/0893-3200.7.1.91",0.85,IAB6 Family & Parenting
"parenting bumpass, l., sweet, j., & martin, t. c. (1990). changing patterns of remarriage. journal of marriage and family, 52(3), 747–756.doi:10.2307/352939jstor352939",0.85,IAB6 Family & Parenting
"parenting hetherington, e. m., bridges, m., & insabella, g. m. (1998). what matters? what does not? five perspectives on the association between marital transitions and children's adjustment. american psychologist, 53(2), 167–184.doi:10.1037/0003-066x.53.2.167",0.85,IAB6 Family & Parenting
"parenting robert levine; sarah levine (2017).do parents matter?: why japanese babies sleep soundly, mexican siblings don't fight & parents should just relax. souvenir press.isbn978-0285643703.",0.85,IAB6 Family & Parenting
parenting quotations related toparentingat wikiquote,0.85,IAB6 Family & Parenting
parenting the dictionary definition ofparentingat wiktionary,0.85,IAB6 Family & Parenting
parenting parent,0.85,IAB6 Family & Parenting
parenting mother,0.85,IAB6 Family & Parenting
parenting father,0.85,IAB6 Family & Parenting
parenting adoptive,0.85,IAB6 Family & Parenting
parenting alloparenting,0.85,IAB6 Family & Parenting
parenting coparenting,0.85,IAB6 Family & Parenting
parenting extended family,0.85,IAB6 Family & Parenting
parenting foster care,0.85,IAB6 Family & Parenting
parenting noncustodial,0.85,IAB6 Family & Parenting
parenting nuclear family,0.85,IAB6 Family & Parenting
parenting orphaned,0.85,IAB6 Family & Parenting
parenting same-sex,0.85,IAB6 Family & Parenting
parenting single parent,0.85,IAB6 Family & Parenting
parenting blended family,0.85,IAB6 Family & Parenting
parenting surrogacy,0.85,IAB6 Family & Parenting
parenting in loco parentis,0.85,IAB6 Family & Parenting
parenting attachment theory,0.85,IAB6 Family & Parenting
parenting applied behavior analysis,0.85,IAB6 Family & Parenting
parenting behaviorism,0.85,IAB6 Family & Parenting
parenting child development,0.85,IAB6 Family & Parenting
parenting cognitive development,0.85,IAB6 Family & Parenting
parenting human development,0.85,IAB6 Family & Parenting
parenting identity formation,0.85,IAB6 Family & Parenting
parenting introjection,0.85,IAB6 Family & Parenting
parenting love,0.85,IAB6 Family & Parenting
parenting maternal bond,0.85,IAB6 Family & Parenting
parenting nature versus nurture,0.85,IAB6 Family & Parenting
parenting parental investmentcare workcost of raising a childpaternal careunpaid work,0.85,IAB6 Family & Parenting
parenting paternal bond,0.85,IAB6 Family & Parenting
parenting pediatrics,0.85,IAB6 Family & Parenting
parenting social emotional development,0.85,IAB6 Family & Parenting
parenting socialization,0.85,IAB6 Family & Parenting
parenting social psychology,0.85,IAB6 Family & Parenting
parenting care work,0.85,IAB6 Family & Parenting
parenting cost of raising a child,0.85,IAB6 Family & Parenting
parenting unpaid work,0.85,IAB6 Family & Parenting
parenting achievement ideology,0.85,IAB6 Family & Parenting
parenting atlas personality,0.85,IAB6 Family & Parenting
parenting attachment parenting,0.85,IAB6 Family & Parenting
parenting baby talk,0.85,IAB6 Family & Parenting
parenting buddha-like parenting,0.85,IAB6 Family & Parenting
parenting concerted cultivation,0.85,IAB6 Family & Parenting
parenting enmeshment,0.85,IAB6 Family & Parenting
parenting free-range parenting,0.85,IAB6 Family & Parenting
parenting gatekeeper parent,0.85,IAB6 Family & Parenting
parenting helicopter parent,0.85,IAB6 Family & Parenting
parenting nurturant parenting,0.85,IAB6 Family & Parenting
parenting reflective parenting,0.85,IAB6 Family & Parenting
parenting slow parenting,0.85,IAB6 Family & Parenting
parenting soccer mom,0.85,IAB6 Family & Parenting
parenting strict father model,0.85,IAB6 Family & Parenting
parenting taking children seriously,0.85,IAB6 Family & Parenting
parenting theybie,0.85,IAB6 Family & Parenting
parenting tiger parenting,0.85,IAB6 Family & Parenting
parenting work at home parent,0.85,IAB6 Family & Parenting
parenting after-school activity,0.85,IAB6 Family & Parenting
parenting allowance,0.85,IAB6 Family & Parenting
parenting bedtime,0.85,IAB6 Family & Parenting
parenting child care,0.85,IAB6 Family & Parenting
parenting co-sleeping,0.85,IAB6 Family & Parenting
parenting dishabituation,0.85,IAB6 Family & Parenting
parenting education,0.85,IAB6 Family & Parenting
parenting habituation,0.85,IAB6 Family & Parenting
parenting homeschooling,0.85,IAB6 Family & Parenting
parenting identification (psychology),0.85,IAB6 Family & Parenting
parenting kommune 1,0.85,IAB6 Family & Parenting
parenting latchkey kid,0.85,IAB6 Family & Parenting
parenting moral development,0.85,IAB6 Family & Parenting
parenting normative social influence,0.85,IAB6 Family & Parenting
parenting parent management training,0.85,IAB6 Family & Parenting
parenting play(date),0.85,IAB6 Family & Parenting
parenting role model,0.85,IAB6 Family & Parenting
parenting social integration,0.85,IAB6 Family & Parenting
parenting television,0.85,IAB6 Family & Parenting
parenting the talk (race),0.85,IAB6 Family & Parenting
parenting the talk (sex education),0.85,IAB6 Family & Parenting
parenting toy(educational),0.85,IAB6 Family & Parenting
parenting positive parenting program,0.85,IAB6 Family & Parenting
parenting blanket training,0.85,IAB6 Family & Parenting
parenting corporal punishment in the home,0.85,IAB6 Family & Parenting
parenting curfew,0.85,IAB6 Family & Parenting
parenting grounding,0.85,IAB6 Family & Parenting
parenting positive discipline,0.85,IAB6 Family & Parenting
parenting tactical ignoring,0.85,IAB6 Family & Parenting
parenting time-out,0.85,IAB6 Family & Parenting
parenting adverse childhood experiences,0.85,IAB6 Family & Parenting
parenting child abandonment,0.85,IAB6 Family & Parenting
parenting child abuse,0.85,IAB6 Family & Parenting
parenting child labour,0.85,IAB6 Family & Parenting
parenting child neglect,0.85,IAB6 Family & Parenting
parenting cinderella effect,0.85,IAB6 Family & Parenting
parenting codependency,0.85,IAB6 Family & Parenting
parenting deadbeat parent,0.85,IAB6 Family & Parenting
parenting dysfunctional family,0.85,IAB6 Family & Parenting
parenting effects of domestic violence,0.85,IAB6 Family & Parenting
parenting incest,0.85,IAB6 Family & Parenting
parenting management of domestic violence,0.85,IAB6 Family & Parenting
parenting narcissistic parent,0.85,IAB6 Family & Parenting
parenting parental abuse by children,0.85,IAB6 Family & Parenting
parenting stress in early childhood,0.85,IAB6 Family & Parenting
parenting child support,0.85,IAB6 Family & Parenting
parenting disownment,0.85,IAB6 Family & Parenting
parenting family disruption,0.85,IAB6 Family & Parenting
parenting right to family life,0.85,IAB6 Family & Parenting
parenting marriage,0.85,IAB6 Family & Parenting
parenting parental leave,0.85,IAB6 Family & Parenting
parenting parental responsibility,0.85,IAB6 Family & Parenting
parenting parents' rights,0.85,IAB6 Family & Parenting
parenting paternity,0.85,IAB6 Family & Parenting
parenting mary ainsworth,0.85,IAB6 Family & Parenting
parenting diana baumrind,0.85,IAB6 Family & Parenting
parenting john bowlby,0.85,IAB6 Family & Parenting
parenting t. berry brazelton,0.85,IAB6 Family & Parenting
parenting rudolf dreikurs,0.85,IAB6 Family & Parenting
parenting david elkind,0.85,IAB6 Family & Parenting
parenting jo frost,0.85,IAB6 Family & Parenting
parenting haim ginott,0.85,IAB6 Family & Parenting
parenting thomas gordon,0.85,IAB6 Family & Parenting
parenting alan e. kazdin,0.85,IAB6 Family & Parenting
parenting truby king,0.85,IAB6 Family & Parenting
parenting annette lareau,0.85,IAB6 Family & Parenting
parenting penelope leach,0.85,IAB6 Family & Parenting
parenting matthew sanders,0.85,IAB6 Family & Parenting
parenting william sears,0.85,IAB6 Family & Parenting
parenting b. f. skinner,0.85,IAB6 Family & Parenting
parenting benjamin spock,0.85,IAB6 Family & Parenting
parenting families need fathers,0.85,IAB6 Family & Parenting
parenting mothers apart from their children,0.85,IAB6 Family & Parenting
parenting mothers' union,0.85,IAB6 Family & Parenting
parenting national childbirth trust,0.85,IAB6 Family & Parenting
parenting national fatherhood initiative,0.85,IAB6 Family & Parenting
parenting national parents organization,0.85,IAB6 Family & Parenting
parenting parent–teacher association,0.85,IAB6 Family & Parenting
parenting parents against child exploitation,0.85,IAB6 Family & Parenting
parenting external female genitalia (vulva)clitorisclitoral hoodlabia minoralabia majora,0.85,IAB6 Family & Parenting
parenting vagina,0.85,IAB6 Family & Parenting
parenting cervix,0.85,IAB6 Family & Parenting
parenting uterus,0.85,IAB6 Family & Parenting
parenting fallopian tube,0.85,IAB6 Family & Parenting
parenting ovary,0.85,IAB6 Family & Parenting
parenting reproductive system disease,0.85,IAB6 Family & Parenting
parenting clitorisclitoral hood,0.85,IAB6 Family & Parenting
parenting labia minora,0.85,IAB6 Family & Parenting
parenting labia majora,0.85,IAB6 Family & Parenting
parenting clitoral hood,0.85,IAB6 Family & Parenting
parenting unintended pregnancy,0.85,IAB6 Family & Parenting
parenting gravidity and parity,0.85,IAB6 Family & Parenting
parenting obstetrics,0.85,IAB6 Family & Parenting
parenting antenatal care,0.85,IAB6 Family & Parenting
parenting adolescent pregnancy,0.85,IAB6 Family & Parenting
parenting complications of pregnancyhyperemesis gravidarumectopic pregnancymiscarriageobstetrical bleedinggestational diabeteshypertensionpreeclampsiaeclampsia,0.85,IAB6 Family & Parenting
parenting hyperemesis gravidarum,0.85,IAB6 Family & Parenting
parenting ectopic pregnancy,0.85,IAB6 Family & Parenting
parenting miscarriage,0.85,IAB6 Family & Parenting
parenting obstetrical bleeding,0.85,IAB6 Family & Parenting
parenting gestational diabetes,0.85,IAB6 Family & Parenting
parenting hypertensionpreeclampsiaeclampsia,0.85,IAB6 Family & Parenting
parenting preeclampsia,0.85,IAB6 Family & Parenting
parenting eclampsia,0.85,IAB6 Family & Parenting
parenting midwifery,0.85,IAB6 Family & Parenting
parenting preterm birth,0.85,IAB6 Family & Parenting
parenting multiple births,0.85,IAB6 Family & Parenting
parenting oxytocin,0.85,IAB6 Family & Parenting
parenting obstructed labor,0.85,IAB6 Family & Parenting
parenting cesarian section,0.85,IAB6 Family & Parenting
parenting retained placenta,0.85,IAB6 Family & Parenting
parenting obstetrical fistulaevesicovaginal fistularectovaginal fistula,0.85,IAB6 Family & Parenting
parenting episiotomyhusband stitch,0.85,IAB6 Family & Parenting
parenting postpartum care,0.85,IAB6 Family & Parenting
parenting postpartum confinement,0.85,IAB6 Family & Parenting
parenting vesicovaginal fistula,0.85,IAB6 Family & Parenting
parenting rectovaginal fistula,0.85,IAB6 Family & Parenting
parenting husband stitch,0.85,IAB6 Family & Parenting
parenting maternal deaths,0.85,IAB6 Family & Parenting
parenting perinatal mortality,0.85,IAB6 Family & Parenting
parenting stillbirths,0.85,IAB6 Family & Parenting
parenting abortion,0.85,IAB6 Family & Parenting
parenting mother-to-child transmission,0.85,IAB6 Family & Parenting
parenting sterilizationcompulsory sterilization,0.85,IAB6 Family & Parenting
parenting breastfeeding and mental health,0.85,IAB6 Family & Parenting
parenting compulsory sterilization,0.85,IAB6 Family & Parenting
parenting infertilitychildlessnessassisted reproductive technologyin vitro fertilization,0.85,IAB6 Family & Parenting
parenting parentingadoptionfostering,0.85,IAB6 Family & Parenting
parenting assisted reproductive technology,0.85,IAB6 Family & Parenting
parenting in vitro fertilization,0.85,IAB6 Family & Parenting
parenting adoption,0.85,IAB6 Family & Parenting
parenting fostering,0.85,IAB6 Family & Parenting
parenting intrauterine devices,0.85,IAB6 Family & Parenting
parenting oral contraceptives,0.85,IAB6 Family & Parenting
parenting condoms,0.85,IAB6 Family & Parenting
parenting male contraceptive,0.85,IAB6 Family & Parenting
parenting contraceptive prevalence,0.85,IAB6 Family & Parenting
parenting contraceptive security,0.85,IAB6 Family & Parenting
parenting planned parenthood,0.85,IAB6 Family & Parenting
parenting fertility awareness,0.85,IAB6 Family & Parenting
parenting culture and menstruation,0.85,IAB6 Family & Parenting
parenting feminine hygiene,0.85,IAB6 Family & Parenting
parenting menarche,0.85,IAB6 Family & Parenting
parenting menstrual cycle,0.85,IAB6 Family & Parenting
parenting menstrual aidscloth menstrual padmenstrual cuptamponsanitary pad,0.85,IAB6 Family & Parenting
parenting dysmenorrhea,0.85,IAB6 Family & Parenting
parenting menorrhagia,0.85,IAB6 Family & Parenting
parenting amenorrhoea,0.85,IAB6 Family & Parenting
parenting menopausehormone replacement therapy,0.85,IAB6 Family & Parenting
parenting cloth menstrual pad,0.85,IAB6 Family & Parenting
parenting menstrual cup,0.85,IAB6 Family & Parenting
parenting tampon,0.85,IAB6 Family & Parenting
parenting sanitary pad,0.85,IAB6 Family & Parenting
parenting hormone replacement therapy,0.85,IAB6 Family & Parenting
parenting safe sex,0.85,IAB6 Family & Parenting
parenting hiv,0.85,IAB6 Family & Parenting
parenting human papilloma virushpv vaccine,0.85,IAB6 Family & Parenting
parenting pelvic inflammatory disease,0.85,IAB6 Family & Parenting
parenting hpv vaccine,0.85,IAB6 Family & Parenting
parenting female genital mutilationclitoridectomyinfibulation,0.85,IAB6 Family & Parenting
parenting breast binding,0.85,IAB6 Family & Parenting
parenting breast health,0.85,IAB6 Family & Parenting
parenting breast ironing,0.85,IAB6 Family & Parenting
parenting child marriage,0.85,IAB6 Family & Parenting
parenting dyspareunia,0.85,IAB6 Family & Parenting
parenting forced marriage,0.85,IAB6 Family & Parenting
parenting gynaecological disordersvaginitis,0.85,IAB6 Family & Parenting
parenting leblouh,0.85,IAB6 Family & Parenting
parenting polygamy,0.85,IAB6 Family & Parenting
parenting sexual intercourse,0.85,IAB6 Family & Parenting
parenting orgasm,0.85,IAB6 Family & Parenting
parenting puberty,0.85,IAB6 Family & Parenting
parenting sex differences,0.85,IAB6 Family & Parenting
parenting sex education,0.85,IAB6 Family & Parenting
parenting clitoridectomy,0.85,IAB6 Family & Parenting
parenting infibulation,0.85,IAB6 Family & Parenting
parenting vaginitis,0.85,IAB6 Family & Parenting
parenting abuse during childbirth,0.85,IAB6 Family & Parenting
parenting domestic violencepregnancy,0.85,IAB6 Family & Parenting
parenting intimate partner violence,0.85,IAB6 Family & Parenting
parenting misogyny,0.85,IAB6 Family & Parenting
parenting sexual harassment,0.85,IAB6 Family & Parenting
parenting sexual assaultrape,0.85,IAB6 Family & Parenting
parenting femicide,0.85,IAB6 Family & Parenting
parenting gender discrimination,0.85,IAB6 Family & Parenting
parenting pregnancy,0.85,IAB6 Family & Parenting
parenting rape,0.85,IAB6 Family & Parenting
parenting lung cancer,0.85,IAB6 Family & Parenting
parenting breast cancer,0.85,IAB6 Family & Parenting
parenting uterine cancerendometrial cancercervical cancerpapanicolaou test,0.85,IAB6 Family & Parenting
parenting ovarian cancer,0.85,IAB6 Family & Parenting
parenting endometrial cancer,0.85,IAB6 Family & Parenting
parenting cervical cancerpapanicolaou test,0.85,IAB6 Family & Parenting
parenting papanicolaou test,0.85,IAB6 Family & Parenting
parenting cardiovascular disease,0.85,IAB6 Family & Parenting
parenting dementiaalzheimer's disease,0.85,IAB6 Family & Parenting
parenting bone healthosteoporosiship fracture,0.85,IAB6 Family & Parenting
parenting anaemia,0.85,IAB6 Family & Parenting
parenting alzheimer's disease,0.85,IAB6 Family & Parenting
parenting osteoporosiship fracture,0.85,IAB6 Family & Parenting
parenting hip fracture,0.85,IAB6 Family & Parenting
parenting mental healthanxietydepressionmajor depressive disorder,0.85,IAB6 Family & Parenting
parenting urinary tracturethraurinary tract infectionurinary incontinence,0.85,IAB6 Family & Parenting
parenting anxiety,0.85,IAB6 Family & Parenting
parenting depressionmajor depressive disorder,0.85,IAB6 Family & Parenting
parenting major depressive disorder,0.85,IAB6 Family & Parenting
parenting urethra,0.85,IAB6 Family & Parenting
parenting urinary tract infection,0.85,IAB6 Family & Parenting
parenting urinary incontinence,0.85,IAB6 Family & Parenting
parenting the convention on the elimination of all forms of discrimination against women,0.85,IAB6 Family & Parenting
parenting declaration on the elimination of violence against women,0.85,IAB6 Family & Parenting
parenting international day of the girl child,0.85,IAB6 Family & Parenting
parenting commission on the status of women,0.85,IAB6 Family & Parenting
parenting un women,0.85,IAB6 Family & Parenting
parenting office of research on women's health,0.85,IAB6 Family & Parenting
parenting women's health initiative,0.85,IAB6 Family & Parenting
parenting international center for research on women,0.85,IAB6 Family & Parenting
parenting nurses' health study,0.85,IAB6 Family & Parenting
parenting black women's health study,0.85,IAB6 Family & Parenting
parenting cartwright inquiry,0.85,IAB6 Family & Parenting
parenting society for women's health research,0.85,IAB6 Family & Parenting
parenting family planning,0.85,IAB6 Family & Parenting
parenting category,0.85,IAB6 Family & Parenting
parenting commons,0.85,IAB6 Family & Parenting
parenting wikiproject,0.85,IAB6 Family & Parenting
parenting reproductive justice,0.85,IAB6 Family & Parenting
parenting abortion-rights movements,0.85,IAB6 Family & Parenting
parenting genital integritycircumcision controversyintersex human rights,0.85,IAB6 Family & Parenting
parenting circumcision controversy,0.85,IAB6 Family & Parenting
parenting intersex human rights,0.85,IAB6 Family & Parenting
parenting genetic counseling,0.85,IAB6 Family & Parenting
parenting pre-conception counseling,0.85,IAB6 Family & Parenting
parenting childfreeness/childlessness,0.85,IAB6 Family & Parenting
parenting birth spacing,0.85,IAB6 Family & Parenting
parenting parentingadoptionfoster care,0.85,IAB6 Family & Parenting
parenting sperm theft,0.85,IAB6 Family & Parenting
parenting hormonal contraception,0.85,IAB6 Family & Parenting
parenting male contraception,0.85,IAB6 Family & Parenting
parenting condom,0.85,IAB6 Family & Parenting
parenting intrauterine device,0.85,IAB6 Family & Parenting
parenting sterilization,0.85,IAB6 Family & Parenting
parenting icsi,0.85,IAB6 Family & Parenting
parenting gamete cryopreservationeggsperm,0.85,IAB6 Family & Parenting
parenting sperm bank,0.85,IAB6 Family & Parenting
parenting fertility fraud,0.85,IAB6 Family & Parenting
parenting egg,0.85,IAB6 Family & Parenting
parenting sperm,0.85,IAB6 Family & Parenting
parenting men's,0.85,IAB6 Family & Parenting
parenting women'svulvovaginal,0.85,IAB6 Family & Parenting
parenting researchself-report sexual risk behaviors,0.85,IAB6 Family & Parenting
parenting vulvovaginal,0.85,IAB6 Family & Parenting
parenting self-report sexual risk behaviors,0.85,IAB6 Family & Parenting
parenting maternal health,0.85,IAB6 Family & Parenting
parenting childbirth,0.85,IAB6 Family & Parenting
parenting options counseling,0.85,IAB6 Family & Parenting
parenting pregnancy from rape,0.85,IAB6 Family & Parenting
parenting pregnant patients' rights,0.85,IAB6 Family & Parenting
parenting prenatal care,0.85,IAB6 Family & Parenting
parenting teenage pregnancy,0.85,IAB6 Family & Parenting
parenting precocious puberty and pregnancy,0.85,IAB6 Family & Parenting
parenting gender identity,0.85,IAB6 Family & Parenting
parenting sexual orientation,0.85,IAB6 Family & Parenting
parenting intersex,0.85,IAB6 Family & Parenting
parenting transgender,0.85,IAB6 Family & Parenting
parenting genital modification,0.85,IAB6 Family & Parenting
parenting andrology,0.85,IAB6 Family & Parenting
parenting genitourinary medicine,0.85,IAB6 Family & Parenting
parenting gynaecology,0.85,IAB6 Family & Parenting
parenting obstetrics and gynaecology,0.85,IAB6 Family & Parenting
parenting reproductive endocrinology and infertility,0.85,IAB6 Family & Parenting
parenting sexual medicine,0.85,IAB6 Family & Parenting
parenting transgender health care,0.85,IAB6 Family & Parenting
parenting disorders of sex development,0.85,IAB6 Family & Parenting
parenting infertility,0.85,IAB6 Family & Parenting
parenting sexual dysfunction,0.85,IAB6 Family & Parenting
parenting sexually transmitted infectionsclinic,0.85,IAB6 Family & Parenting
parenting gender dysphoria,0.85,IAB6 Family & Parenting
parenting clinic,0.85,IAB6 Family & Parenting
parenting china,0.85,IAB6 Family & Parenting
parenting india,0.85,IAB6 Family & Parenting
parenting iran,0.85,IAB6 Family & Parenting
parenting ireland,0.85,IAB6 Family & Parenting
parenting pakistan,0.85,IAB6 Family & Parenting
parenting philippines,0.85,IAB6 Family & Parenting
parenting singapore,0.85,IAB6 Family & Parenting
parenting united kingdomteen,0.85,IAB6 Family & Parenting
parenting united statesteen pregnancybirth control,0.85,IAB6 Family & Parenting
parenting teen,0.85,IAB6 Family & Parenting
parenting teen pregnancy,0.85,IAB6 Family & Parenting
parenting birth control,0.85,IAB6 Family & Parenting
parenting birth control movement in the united states,0.85,IAB6 Family & Parenting
parenting history of condoms,0.85,IAB6 Family & Parenting
parenting social hygiene movement,0.85,IAB6 Family & Parenting
parenting timeline of reproductive rights legislation,0.85,IAB6 Family & Parenting
parenting one-child policy,0.85,IAB6 Family & Parenting
parenting two-child policy,0.85,IAB6 Family & Parenting
parenting three-child policy,0.85,IAB6 Family & Parenting
parenting financialbaby bonusbachelor taxchild benefittax on childlessness,0.85,IAB6 Family & Parenting
parenting abortion law,0.85,IAB6 Family & Parenting
parenting baby bonus,0.85,IAB6 Family & Parenting
parenting bachelor tax,0.85,IAB6 Family & Parenting
parenting child benefit,0.85,IAB6 Family & Parenting
parenting tax on childlessness,0.85,IAB6 Family & Parenting
parenting baby food,0.85,IAB6 Family & Parenting
parenting birth weight,0.85,IAB6 Family & Parenting
parenting breast pump,0.85,IAB6 Family & Parenting
parenting breastfeeding,0.85,IAB6 Family & Parenting
parenting breastfeeding and medications,0.85,IAB6 Family & Parenting
parenting bottle feeding,0.85,IAB6 Family & Parenting
parenting colic,0.85,IAB6 Family & Parenting
parenting cradle cap,0.85,IAB6 Family & Parenting
parenting esotropia,0.85,IAB6 Family & Parenting
parenting failure to thrive,0.85,IAB6 Family & Parenting
parenting immunization,0.85,IAB6 Family & Parenting
parenting infant and toddler safety,0.85,IAB6 Family & Parenting
parenting infant bathing,0.85,IAB6 Family & Parenting
parenting infant feeding,0.85,IAB6 Family & Parenting
parenting infant food safety,0.85,IAB6 Family & Parenting
parenting infant formula,0.85,IAB6 Family & Parenting
parenting infant massage,0.85,IAB6 Family & Parenting
parenting infant respiratory distress syndrome,0.85,IAB6 Family & Parenting
parenting infant sleep training,0.85,IAB6 Family & Parenting
parenting neonatal intensive care unit,0.85,IAB6 Family & Parenting
parenting newborn care and safety,0.85,IAB6 Family & Parenting
parenting oral rehydration therapypedialyte,0.85,IAB6 Family & Parenting
parenting shaken baby syndrome,0.85,IAB6 Family & Parenting
parenting soy formula,0.85,IAB6 Family & Parenting
parenting sids,0.85,IAB6 Family & Parenting
parenting pedialyte,0.85,IAB6 Family & Parenting
parenting baby-led weaning,0.85,IAB6 Family & Parenting
parenting babbling,0.85,IAB6 Family & Parenting
parenting birth defect,0.85,IAB6 Family & Parenting
parenting crawling,0.85,IAB6 Family & Parenting
parenting gestational age,0.85,IAB6 Family & Parenting
parenting infant visual development,0.85,IAB6 Family & Parenting
parenting irritant diaper dermatitis,0.85,IAB6 Family & Parenting
parenting infant cognitive development,0.85,IAB6 Family & Parenting
parenting infant crying,0.85,IAB6 Family & Parenting
parenting kangaroo care,0.85,IAB6 Family & Parenting
parenting nursery rhyme,0.85,IAB6 Family & Parenting
parenting object permanence,0.85,IAB6 Family & Parenting
parenting parenting,0.85,IAB6 Family & Parenting
parenting peekaboo,0.85,IAB6 Family & Parenting
parenting play,0.85,IAB6 Family & Parenting
parenting prenatal development,0.85,IAB6 Family & Parenting
parenting prenatal development table,0.85,IAB6 Family & Parenting
parenting teething,0.85,IAB6 Family & Parenting
parenting walking,0.85,IAB6 Family & Parenting
parenting weaning,0.85,IAB6 Family & Parenting
parenting attachment,0.85,IAB6 Family & Parenting
parenting babysitting,0.85,IAB6 Family & Parenting
parenting children's rightsun child rights,0.85,IAB6 Family & Parenting
parenting circumcision,0.85,IAB6 Family & Parenting
parenting grandparent visitation,0.85,IAB6 Family & Parenting
parenting infant swimming,0.85,IAB6 Family & Parenting
parenting milk bank,0.85,IAB6 Family & Parenting
parenting nanny,0.85,IAB6 Family & Parenting
parenting wet nurse,0.85,IAB6 Family & Parenting
parenting un child rights,0.85,IAB6 Family & Parenting
parenting baby bouncer,0.85,IAB6 Family & Parenting
parenting baby gate,0.85,IAB6 Family & Parenting
parenting baby monitor/hidden camera,0.85,IAB6 Family & Parenting
parenting baby powder,0.85,IAB6 Family & Parenting
parenting baby shampoo,0.85,IAB6 Family & Parenting
parenting baby toy,0.85,IAB6 Family & Parenting
parenting baby walker,0.85,IAB6 Family & Parenting
parenting bib,0.85,IAB6 Family & Parenting
parenting baby swing,0.85,IAB6 Family & Parenting
parenting baby transport,0.85,IAB6 Family & Parenting
parenting bassinet,0.85,IAB6 Family & Parenting
parenting car seat safetychild vehicular heat stroke deaths,0.85,IAB6 Family & Parenting
parenting cloth diaper,0.85,IAB6 Family & Parenting
parenting cradle board,0.85,IAB6 Family & Parenting
parenting diaper,0.85,IAB6 Family & Parenting
parenting diaper bag,0.85,IAB6 Family & Parenting
parenting baby wipes,0.85,IAB6 Family & Parenting
parenting haberman feeder,0.85,IAB6 Family & Parenting
parenting high chair,0.85,IAB6 Family & Parenting
"parenting infant bed(american 'crib' and 'cradle', british 'cot')",0.85,IAB6 Family & Parenting
parenting infant carrier,0.85,IAB6 Family & Parenting
parenting infant clothing,0.85,IAB6 Family & Parenting
parenting pacifier,0.85,IAB6 Family & Parenting
parenting playpen,0.85,IAB6 Family & Parenting
parenting stroller,0.85,IAB6 Family & Parenting
parenting supplemental nursing system,0.85,IAB6 Family & Parenting
parenting swaddling,0.85,IAB6 Family & Parenting
parenting swim diaper,0.85,IAB6 Family & Parenting
parenting teether,0.85,IAB6 Family & Parenting
parenting travel cot,0.85,IAB6 Family & Parenting
parenting child vehicular heat stroke deaths,0.85,IAB6 Family & Parenting
parenting baby shower,0.85,IAB6 Family & Parenting
parenting babywearing,0.85,IAB6 Family & Parenting
parenting closed adoption,0.85,IAB6 Family & Parenting
parenting cry room,0.85,IAB6 Family & Parenting
parenting fetal alcohol spectrum disorder,0.85,IAB6 Family & Parenting
parenting infant ear piercing,0.85,IAB6 Family & Parenting
parenting open adoption,0.85,IAB6 Family & Parenting
parenting prenatal cocaine exposure,0.85,IAB6 Family & Parenting
parenting neonatal withdrawal syndrome,0.85,IAB6 Family & Parenting
parenting parental child abduction,0.85,IAB6 Family & Parenting
parenting paternitypaternity fraud,0.85,IAB6 Family & Parenting
parenting paternity fraud,0.85,IAB6 Family & Parenting
parenting germany,0.85,IAB6 Family & Parenting
parenting united states2,0.85,IAB6 Family & Parenting
parenting czech republic2,0.85,IAB6 Family & Parenting
parenting latvia,0.85,IAB6 Family & Parenting
parenting israel,0.85,IAB6 Family & Parenting
parenting encyclopedia of modern ukraine,0.85,IAB6 Family & Parenting
psychologist outline,0.85,IAB6 Family & Parenting
psychologist history,0.85,IAB6 Family & Parenting
psychologist subfields,0.85,IAB6 Family & Parenting
psychologist abnormal,0.85,IAB6 Family & Parenting
psychologist affective neuroscience,0.85,IAB6 Family & Parenting
psychologist affective science,0.85,IAB6 Family & Parenting
psychologist behavioral genetics,0.85,IAB6 Family & Parenting
psychologist behavioral neuroscience,0.85,IAB6 Family & Parenting
psychologist behaviorism,0.85,IAB6 Family & Parenting
psychologist cognitive/cognitivism,0.85,IAB6 Family & Parenting
psychologist cognitive neurosciencesocial,0.85,IAB6 Family & Parenting
psychologist comparative,0.85,IAB6 Family & Parenting
psychologist cross-cultural,0.85,IAB6 Family & Parenting
psychologist cultural,0.85,IAB6 Family & Parenting
psychologist developmental,0.85,IAB6 Family & Parenting
psychologist differential,0.85,IAB6 Family & Parenting
psychologist ecological,0.85,IAB6 Family & Parenting
psychologist evolutionary,0.85,IAB6 Family & Parenting
psychologist experimental,0.85,IAB6 Family & Parenting
psychologist gestalt,0.85,IAB6 Family & Parenting
psychologist intelligence,0.85,IAB6 Family & Parenting
psychologist mathematical,0.85,IAB6 Family & Parenting
psychologist moral,0.85,IAB6 Family & Parenting
psychologist neuropsychology,0.85,IAB6 Family & Parenting
psychologist perception,0.85,IAB6 Family & Parenting
psychologist personality,0.85,IAB6 Family & Parenting
psychologist psycholinguistics,0.85,IAB6 Family & Parenting
psychologist psychophysiology,0.85,IAB6 Family & Parenting
psychologist quantitative,0.85,IAB6 Family & Parenting
psychologist social,0.85,IAB6 Family & Parenting
psychologist theoretical,0.85,IAB6 Family & Parenting
psychologist anomalistic,0.85,IAB6 Family & Parenting
psychologist applied behavior analysis,0.85,IAB6 Family & Parenting
psychologist art,0.85,IAB6 Family & Parenting
psychologist assessment,0.85,IAB6 Family & Parenting
psychologist aviation,0.85,IAB6 Family & Parenting
psychologist biography of famous people,0.85,IAB6 Family & Parenting
psychologist clinical,0.85,IAB6 Family & Parenting
psychologist coaching,0.85,IAB6 Family & Parenting
psychologist color,0.85,IAB6 Family & Parenting
psychologist community,0.85,IAB6 Family & Parenting
psychologist consumer,0.85,IAB6 Family & Parenting
psychologist counseling,0.85,IAB6 Family & Parenting
psychologist critical,0.85,IAB6 Family & Parenting
psychologist educational,0.85,IAB6 Family & Parenting
psychologist ergonomics,0.85,IAB6 Family & Parenting
psychologist fashion,0.85,IAB6 Family & Parenting
psychologist feminist,0.85,IAB6 Family & Parenting
psychologist food,0.85,IAB6 Family & Parenting
psychologist forensic,0.85,IAB6 Family & Parenting
psychologist health,0.85,IAB6 Family & Parenting
psychologist humanistic,0.85,IAB6 Family & Parenting
psychologist industrial and organizational,0.85,IAB6 Family & Parenting
psychologist legal,0.85,IAB6 Family & Parenting
psychologist media,0.85,IAB6 Family & Parenting
psychologist medical,0.85,IAB6 Family & Parenting
psychologist military,0.85,IAB6 Family & Parenting
psychologist music,0.85,IAB6 Family & Parenting
psychologist occupational health,0.85,IAB6 Family & Parenting
psychologist pastoral,0.85,IAB6 Family & Parenting
psychologist peace and war,0.85,IAB6 Family & Parenting
psychologist political,0.85,IAB6 Family & Parenting
psychologist positive,0.85,IAB6 Family & Parenting
psychologist photography,0.85,IAB6 Family & Parenting
psychologist psychometrics,0.85,IAB6 Family & Parenting
psychologist psychotherapy,0.85,IAB6 Family & Parenting
psychologist religion,0.85,IAB6 Family & Parenting
psychologist school,0.85,IAB6 Family & Parenting
psychologist sex differences,0.85,IAB6 Family & Parenting
psychologist sport and exercise,0.85,IAB6 Family & Parenting
psychologist suicidology,0.85,IAB6 Family & Parenting
psychologist systems,0.85,IAB6 Family & Parenting
psychologist trading,0.85,IAB6 Family & Parenting
psychologist traffic,0.85,IAB6 Family & Parenting
psychologist behavior,0.85,IAB6 Family & Parenting
psychologist behavioral engineering,0.85,IAB6 Family & Parenting
psychologist cognition,0.85,IAB6 Family & Parenting
psychologist competence,0.85,IAB6 Family & Parenting
psychologist consciousness,0.85,IAB6 Family & Parenting
psychologist consumer behavior,0.85,IAB6 Family & Parenting
psychologist emotions,0.85,IAB6 Family & Parenting
psychologist feelings,0.85,IAB6 Family & Parenting
psychologist human factors and ergonomics,0.85,IAB6 Family & Parenting
psychologist maslow's hierarchy of needs,0.85,IAB6 Family & Parenting
psychologist mental state,0.85,IAB6 Family & Parenting
psychologist mind,0.85,IAB6 Family & Parenting
psychologist psychology of religion,0.85,IAB6 Family & Parenting
psychologist terror management theory,0.85,IAB6 Family & Parenting
psychologist counseling topics,0.85,IAB6 Family & Parenting
psychologist disciplines,0.85,IAB6 Family & Parenting
psychologist organizations,0.85,IAB6 Family & Parenting
psychologist psychologists,0.85,IAB6 Family & Parenting
psychologist psychotherapies,0.85,IAB6 Family & Parenting
psychologist research methods,0.85,IAB6 Family & Parenting
psychologist schools of thought,0.85,IAB6 Family & Parenting
psychologist timeline,0.85,IAB6 Family & Parenting
psychologist topics,0.85,IAB6 Family & Parenting
psychologist psychology portal,0.85,IAB6 Family & Parenting
psychologist top,0.85,IAB6 Family & Parenting
psychologist 0–9,0.85,IAB6 Family & Parenting
psychologist alfred adler(founder of the school ofindividual psychology),0.85,IAB6 Family & Parenting
psychologist mary ainsworth,0.85,IAB6 Family & Parenting
psychologist estefania aldaba-lim,0.85,IAB6 Family & Parenting
psychologist george albee,0.85,IAB6 Family & Parenting
psychologist joseph p. allen,0.85,IAB6 Family & Parenting
psychologist jüri allik,0.85,IAB6 Family & Parenting
psychologist lauren alloy,0.85,IAB6 Family & Parenting
"psychologist gordon allport,personality psychology",0.85,IAB6 Family & Parenting
"psychologist adelbert ames, jr.",0.85,IAB6 Family & Parenting
psychologist marie anaut,0.85,IAB6 Family & Parenting
psychologist harlene anderson,0.85,IAB6 Family & Parenting
psychologist john r. anderson,0.85,IAB6 Family & Parenting
psychologist ernst angel,0.85,IAB6 Family & Parenting
psychologist heinz ansbacher,0.85,IAB6 Family & Parenting
psychologist edgar anstey,0.85,IAB6 Family & Parenting
"psychologist michael apter,reversal theory",0.85,IAB6 Family & Parenting
"psychologist michael argyle, social psychology,discourse analysis",0.85,IAB6 Family & Parenting
"psychologist robert arkin, social psychology",0.85,IAB6 Family & Parenting
psychologist magda b. arnold,0.85,IAB6 Family & Parenting
"psychologist solomon asch(asch conformity experiments,social influence,peer pressure)",0.85,IAB6 Family & Parenting
psychologist roberto assagioli,0.85,IAB6 Family & Parenting
"psychologist john william atkinson, human motivation, achievement and behavior",0.85,IAB6 Family & Parenting
psychologist aušra augustinavičiūtė,0.85,IAB6 Family & Parenting
psychologist averroes(ibn rushd),0.85,IAB6 Family & Parenting
"psychologist virginia axline,play therapy",0.85,IAB6 Family & Parenting
"psychologist arthur j. bachrach, underwater and extreme environments",0.85,IAB6 Family & Parenting
"psychologist alan baddeley, three-component model ofworking memory",0.85,IAB6 Family & Parenting
psychologist renee baillargeon,0.85,IAB6 Family & Parenting
psychologist ahmed ibn sahl al-balkhi,0.85,IAB6 Family & Parenting
"psychologist albert bandura,social learning theory",0.85,IAB6 Family & Parenting
psychologist aron k. barbey,0.85,IAB6 Family & Parenting
psychologist russell barkley,0.85,IAB6 Family & Parenting
psychologist jerome barkow,0.85,IAB6 Family & Parenting
psychologist dermot barnes-holmes,0.85,IAB6 Family & Parenting
psychologist simon baron-cohen,0.85,IAB6 Family & Parenting
"psychologist deirdre barrett, dreams and hypnosis",0.85,IAB6 Family & Parenting
psychologist lisa feldman barrett,0.85,IAB6 Family & Parenting
psychologist lawrence w. barsalou,0.85,IAB6 Family & Parenting
"psychologist frederic bartlett,memoryschema",0.85,IAB6 Family & Parenting
psychologist daniel batson,0.85,IAB6 Family & Parenting
psychologist diana baumrind,0.85,IAB6 Family & Parenting
psychologist nancy bayley,0.85,IAB6 Family & Parenting
"psychologist geoffrey beattie,body language, psychology in sustainable consumption",0.85,IAB6 Family & Parenting
psychologist sandra bem,0.85,IAB6 Family & Parenting
psychologist erich benjamin,0.85,IAB6 Family & Parenting
psychologist gershon ben-shakhar,0.85,IAB6 Family & Parenting
psychologist hubert benoit,0.85,IAB6 Family & Parenting
psychologist richard bentall,0.85,IAB6 Family & Parenting
"psychologist larry e. beutler, systematic treatment selection",0.85,IAB6 Family & Parenting
"psychologist alfred binet(intelligence testing, first practicaliq test, the binet–simon test)",0.85,IAB6 Family & Parenting
psychologist robert a. bjork,0.85,IAB6 Family & Parenting
"psychologist randolph blake, binocular rivalry",0.85,IAB6 Family & Parenting
"psychologist ray blanchard, sexology",0.85,IAB6 Family & Parenting
"psychologist theodore h. blau, first practisingclinicianelected president of theapa",0.85,IAB6 Family & Parenting
psychologist stephen f. blinkhorn,0.85,IAB6 Family & Parenting
psychologist pavel blonsky,0.85,IAB6 Family & Parenting
psychologist paul bloom,0.85,IAB6 Family & Parenting
psychologist barbara bonner,0.85,IAB6 Family & Parenting
psychologist edmund bourne,0.85,IAB6 Family & Parenting
psychologist gordon h. bower,0.85,IAB6 Family & Parenting
"psychologist john bowlby,attachment theory",0.85,IAB6 Family & Parenting
"psychologist nathaniel branden, self-esteem, objectivism",0.85,IAB6 Family & Parenting
psychologist franz brentano,0.85,IAB6 Family & Parenting
psychologist shlomo breznitz,0.85,IAB6 Family & Parenting
psychologist carl brigham,0.85,IAB6 Family & Parenting
"psychologist donald broadbent,cognitive psychology",0.85,IAB6 Family & Parenting
"psychologist urie bronfenbrenner,ecological systems theory",0.85,IAB6 Family & Parenting
psychologist kelly brownell,0.85,IAB6 Family & Parenting
"psychologist jerome bruner, child development",0.85,IAB6 Family & Parenting
psychologist emily bushnell,0.85,IAB6 Family & Parenting
psychologist david buss,0.85,IAB6 Family & Parenting
psychologist brian butterworth,0.85,IAB6 Family & Parenting
psychologist ruth m. j. byrne,0.85,IAB6 Family & Parenting
psychologist mary whiton calkins,0.85,IAB6 Family & Parenting
psychologist donald t. campbell,0.85,IAB6 Family & Parenting
psychologist susan carey,0.85,IAB6 Family & Parenting
"psychologist james cattell, helped establish psychology as a legitimate science",0.85,IAB6 Family & Parenting
"psychologist raymond cattell,factor analysis,16pf questionnaireand thebig five,fluid versus crystallized intelligence",0.85,IAB6 Family & Parenting
"psychologist stephen j. ceci, intelligence and memory",0.85,IAB6 Family & Parenting
psychologist jean-martin charcot,0.85,IAB6 Family & Parenting
psychologist nancy chodorow,0.85,IAB6 Family & Parenting
"psychologist noam chomsky,linguistics,cognitive science",0.85,IAB6 Family & Parenting
psychologist robert cialdini,0.85,IAB6 Family & Parenting
psychologist kenneth b. clark,0.85,IAB6 Family & Parenting
psychologist mamie phipps clark,0.85,IAB6 Family & Parenting
psychologist lee anna clark,0.85,IAB6 Family & Parenting
psychologist asher cohen,0.85,IAB6 Family & Parenting
psychologist clyde coombs,0.85,IAB6 Family & Parenting
psychologist cary cooper,0.85,IAB6 Family & Parenting
psychologist suzanne corkin,0.85,IAB6 Family & Parenting
psychologist leda cosmides,0.85,IAB6 Family & Parenting
psychologist lee chambers (psychologist),0.85,IAB6 Family & Parenting
psychologist martin a. conway,0.85,IAB6 Family & Parenting
"psychologist catharine cox, intelligence, genius",0.85,IAB6 Family & Parenting
"psychologist lee cronbach, testing and measurement",0.85,IAB6 Family & Parenting
"psychologist mihaly csikszentmihalyi,positive psychology,happiness&creativity",0.85,IAB6 Family & Parenting
psychologist martin daly,0.85,IAB6 Family & Parenting
psychologist martin dannecker,0.85,IAB6 Family & Parenting
psychologist john darley,0.85,IAB6 Family & Parenting
psychologist daniel o david,0.85,IAB6 Family & Parenting
psychologist laura dean,0.85,IAB6 Family & Parenting
"psychologist raymond dean,neuropsychology",0.85,IAB6 Family & Parenting
psychologist randy dellosa,0.85,IAB6 Family & Parenting
psychologist florence denmark,0.85,IAB6 Family & Parenting
psychologist helene deutsch,0.85,IAB6 Family & Parenting
"psychologist john dewey, (functional psychology)",0.85,IAB6 Family & Parenting
"psychologist ed diener, (happiness)",0.85,IAB6 Family & Parenting
psychologist dietrich doerner,0.85,IAB6 Family & Parenting
psychologist robin dunbar,0.85,IAB6 Family & Parenting
psychologist david f. duncan,0.85,IAB6 Family & Parenting
"psychologist hermann ebbinghaus, experimental study ofmemory",0.85,IAB6 Family & Parenting
"psychologist jennifer eberhardt, racial bias in criminal justice",0.85,IAB6 Family & Parenting
"psychologist paul ekman, (emotionsandfacial expressions)",0.85,IAB6 Family & Parenting
"psychologist albert ellis, (founder ofrational emotive behavior therapy, founder ofcognitive-behavioral therapies)",0.85,IAB6 Family & Parenting
psychologist hadyn ellis,0.85,IAB6 Family & Parenting
"psychologist virgilio enriquez, founder offilipino psychology",0.85,IAB6 Family & Parenting
"psychologist erik h. erikson, (erikson's stages of psychosocial development)",0.85,IAB6 Family & Parenting
psychologist milton h. erickson,0.85,IAB6 Family & Parenting
"psychologist john e. exner, developed the comprehensive system for administering, coding, and interpreting therorschach test",0.85,IAB6 Family & Parenting
psychologist hans eysenck,0.85,IAB6 Family & Parenting
psychologist norman farberow,0.85,IAB6 Family & Parenting
"psychologist gustav fechner, founder ofpsychophysics",0.85,IAB6 Family & Parenting
"psychologist leon festinger,cognitive dissonance",0.85,IAB6 Family & Parenting
psychologist cordelia fine,0.85,IAB6 Family & Parenting
psychologist susan fiske,0.85,IAB6 Family & Parenting
psychologist edna b. foa,0.85,IAB6 Family & Parenting
psychologist donata francescato,0.85,IAB6 Family & Parenting
"psychologist viktor frankl, founder oflogotherapy",0.85,IAB6 Family & Parenting
psychologist marie-louise von franz,0.85,IAB6 Family & Parenting
psychologist barbara fredrickson,0.85,IAB6 Family & Parenting
psychologist armindo freitas-magalhães,0.85,IAB6 Family & Parenting
psychologist anna freud,0.85,IAB6 Family & Parenting
"psychologist sigmund freud, (founder ofpsychoanalysis)",0.85,IAB6 Family & Parenting
"psychologist erich fromm, (psychoanalyst)",0.85,IAB6 Family & Parenting
psychologist adrian furnham,0.85,IAB6 Family & Parenting
psychologist john gabrieli,0.85,IAB6 Family & Parenting
"psychologist gordon g. gallup, jr.,mirror self-recognition (msr) test",0.85,IAB6 Family & Parenting
"psychologist francis galton, (his bookhereditary geniuswasthefirst social scientific attempt to studygeniusandgreatness)",0.85,IAB6 Family & Parenting
psychologist laszlo garai,0.85,IAB6 Family & Parenting
psychologist riley gardner,0.85,IAB6 Family & Parenting
psychologist elmer r. gates,0.85,IAB6 Family & Parenting
psychologist susan gathercole,0.85,IAB6 Family & Parenting
"psychologist isabel gauthier, perceptual expertise, object and face recognition",0.85,IAB6 Family & Parenting
psychologist bertram gawronski,0.85,IAB6 Family & Parenting
"psychologist kenneth gergen,social constructionism",0.85,IAB6 Family & Parenting
"psychologist hans-werner gessmann, humanistic psychodrama",0.85,IAB6 Family & Parenting
psychologist eleanor j. gibson,0.85,IAB6 Family & Parenting
psychologist j. j. gibson,0.85,IAB6 Family & Parenting
"psychologist gerd gigerenzer,bounded rationality",0.85,IAB6 Family & Parenting
"psychologist daniel gilbert, (social psychology,affective forecasting)",0.85,IAB6 Family & Parenting
psychologist gustave gilbert,0.85,IAB6 Family & Parenting
psychologist carol gilligan,0.85,IAB6 Family & Parenting
"psychologist fernand gobet, cognitive psychology",0.85,IAB6 Family & Parenting
psychologist stan gooch,0.85,IAB6 Family & Parenting
"psychologist christian gostečnik, clinical psychology and marriage-and-family therapist",0.85,IAB6 Family & Parenting
"psychologist irving i. gottesman, behavioral genetics",0.85,IAB6 Family & Parenting
"psychologist clare w. graves, (emergent cyclical levels of existence theory)",0.85,IAB6 Family & Parenting
"psychologist richard green, sexology",0.85,IAB6 Family & Parenting
psychologist florence goodenough,0.85,IAB6 Family & Parenting
"psychologist john gottman, marital stability and relationships",0.85,IAB6 Family & Parenting
psychologist elizabeth gould,0.85,IAB6 Family & Parenting
"psychologist james greeno, experimental psychology and learning science",0.85,IAB6 Family & Parenting
psychologist james gross,0.85,IAB6 Family & Parenting
psychologist robert grosseteste,0.85,IAB6 Family & Parenting
"psychologist félix guattari, founder ofschizoanalysis",0.85,IAB6 Family & Parenting
psychologist germaine guex,0.85,IAB6 Family & Parenting
psychologist j. p. guilford,0.85,IAB6 Family & Parenting
psychologist edwin ray guthrie,0.85,IAB6 Family & Parenting
"psychologist jonathan haidt, (psychology of morality)",0.85,IAB6 Family & Parenting
psychologist jay haley,0.85,IAB6 Family & Parenting
psychologist g. stanley hall,0.85,IAB6 Family & Parenting
psychologist tsuruko haraguchi,0.85,IAB6 Family & Parenting
psychologist robert d. hare,0.85,IAB6 Family & Parenting
psychologist harry harlow,0.85,IAB6 Family & Parenting
psychologist chris hatcher,0.85,IAB6 Family & Parenting
psychologist steven c. hayes,0.85,IAB6 Family & Parenting
psychologist donald o. hebb,0.85,IAB6 Family & Parenting
psychologist fritz heider,0.85,IAB6 Family & Parenting
psychologist asgeir helgason,0.85,IAB6 Family & Parenting
psychologist hermann von helmholtz,0.85,IAB6 Family & Parenting
psychologist hubert hermans,0.85,IAB6 Family & Parenting
psychologist richard herrnstein,0.85,IAB6 Family & Parenting
psychologist gerard heymans,0.85,IAB6 Family & Parenting
psychologist felicitas heyne,0.85,IAB6 Family & Parenting
psychologist william edmund hick,0.85,IAB6 Family & Parenting
psychologist james hillman,0.85,IAB6 Family & Parenting
psychologist leta stetter hollingworth,0.85,IAB6 Family & Parenting
psychologist james hollis,0.85,IAB6 Family & Parenting
psychologist margie holmes,0.85,IAB6 Family & Parenting
psychologist edwin holt,0.85,IAB6 Family & Parenting
psychologist keith holyoak,0.85,IAB6 Family & Parenting
"psychologist bruce hood, developmental cognitive neuroscience",0.85,IAB6 Family & Parenting
psychologist karen horney(ten neurotic needs),0.85,IAB6 Family & Parenting
psychologist ruth winifred howard,0.85,IAB6 Family & Parenting
psychologist ethel dench puffer howes,0.85,IAB6 Family & Parenting
psychologist clark l. hull,0.85,IAB6 Family & Parenting
psychologist nicholas humphrey,0.85,IAB6 Family & Parenting
psychologist edwin hutchins,0.85,IAB6 Family & Parenting
psychologist bärbel inhelder,0.85,IAB6 Family & Parenting
"psychologist william james, (james–lange theoryof emotion,psychology of religion)",0.85,IAB6 Family & Parenting
psychologist marie jahoda,0.85,IAB6 Family & Parenting
"psychologist kay redfield jamison, clinical psychology,bipolar disorder",0.85,IAB6 Family & Parenting
psychologist joseph jastrow,0.85,IAB6 Family & Parenting
psychologist julian jaynes,0.85,IAB6 Family & Parenting
"psychologist arthur jensen, (heritability of iq,race and intelligence,gfactor)",0.85,IAB6 Family & Parenting
psychologist jaqueline jesus,0.85,IAB6 Family & Parenting
psychologist marcia k. johnson,0.85,IAB6 Family & Parenting
psychologist mark h. johnson,0.85,IAB6 Family & Parenting
"psychologist philip johnson-laird,cognition,psychology of reasoning",0.85,IAB6 Family & Parenting
psychologist ernest jones,0.85,IAB6 Family & Parenting
psychologist mary cover jones,0.85,IAB6 Family & Parenting
"psychologist carl jung, (analytical psychology)",0.85,IAB6 Family & Parenting
"psychologist j. p. das, (pass theory)",0.85,IAB6 Family & Parenting
psychologist jerome kagan,0.85,IAB6 Family & Parenting
"psychologist daniel kahneman, (nobel prize in economics, behavioral finance and hedonic psychology)",0.85,IAB6 Family & Parenting
psychologist mieko kamiya,0.85,IAB6 Family & Parenting
"psychologist jacob robert kantor, organized scientific values into a coherent system of psychology",0.85,IAB6 Family & Parenting
psychologist nancy kanwisher,0.85,IAB6 Family & Parenting
"psychologist rachel and stephen kaplan, (environmental psychology)",0.85,IAB6 Family & Parenting
psychologist leonard katz,0.85,IAB6 Family & Parenting
psychologist alan s. kaufman,0.85,IAB6 Family & Parenting
psychologist nadeen l. kaufman,0.85,IAB6 Family & Parenting
psychologist alan kazdin,0.85,IAB6 Family & Parenting
psychologist david keirsey,0.85,IAB6 Family & Parenting
psychologist george kelly,0.85,IAB6 Family & Parenting
psychologist harold kelley,0.85,IAB6 Family & Parenting
psychologist isabelle kendig,0.85,IAB6 Family & Parenting
psychologist otto f. kernberg,0.85,IAB6 Family & Parenting
psychologist antoni kępiński,0.85,IAB6 Family & Parenting
"psychologist doreen kimura, sex and cognition",0.85,IAB6 Family & Parenting
psychologist akiyoshi kitaoka,0.85,IAB6 Family & Parenting
"psychologist gary klein, (pioneer in the field ofnaturalistic decision making)",0.85,IAB6 Family & Parenting
psychologist melanie klein,0.85,IAB6 Family & Parenting
psychologist michael d. knoxantiwar activism,0.85,IAB6 Family & Parenting
psychologist brian knutson,0.85,IAB6 Family & Parenting
"psychologist kurt koffka, (co-founder ofgestalt psychology)",0.85,IAB6 Family & Parenting
"psychologist wolfgang köhler, (co-founder of gestalt psychology)",0.85,IAB6 Family & Parenting
"psychologist lawrence kohlberg,moral psychology",0.85,IAB6 Family & Parenting
psychologist heinz kohut,0.85,IAB6 Family & Parenting
"psychologist arthur kornhauser, industrial psychologist",0.85,IAB6 Family & Parenting
psychologist konstantin kornilov,0.85,IAB6 Family & Parenting
psychologist stephen kosslyn,0.85,IAB6 Family & Parenting
psychologist stanislav kozlovsky,0.85,IAB6 Family & Parenting
psychologist elizabeth kübler-ross,0.85,IAB6 Family & Parenting
"psychologist fritz künkel, we-psychology",0.85,IAB6 Family & Parenting
psychologist jacques lacan(psychoanalyst),0.85,IAB6 Family & Parenting
psychologist george trumbull ladd,0.85,IAB6 Family & Parenting
psychologist christine ladd-franklin,0.85,IAB6 Family & Parenting
psychologist ellen langer,0.85,IAB6 Family & Parenting
psychologist jan van der lans,0.85,IAB6 Family & Parenting
psychologist karl lashley,0.85,IAB6 Family & Parenting
psychologist bibb latane,0.85,IAB6 Family & Parenting
psychologist richard lazarus,0.85,IAB6 Family & Parenting
psychologist john francis leader,0.85,IAB6 Family & Parenting
psychologist timothy leary,0.85,IAB6 Family & Parenting
psychologist averil leimon,0.85,IAB6 Family & Parenting
psychologist patrick leman,0.85,IAB6 Family & Parenting
psychologist mark lepper,0.85,IAB6 Family & Parenting
"psychologist jerre levy,lateralization of brain function",0.85,IAB6 Family & Parenting
"psychologist kurt lewin,social psychology",0.85,IAB6 Family & Parenting
psychologist david lewis,0.85,IAB6 Family & Parenting
psychologist marc lewis,0.85,IAB6 Family & Parenting
"psychologist rensis likert,likert scale",0.85,IAB6 Family & Parenting
psychologist marsha m. linehan,0.85,IAB6 Family & Parenting
"psychologist elizabeth loftus,memory",0.85,IAB6 Family & Parenting
psychologist konrad lorenz,0.85,IAB6 Family & Parenting
psychologist alexander luria,0.85,IAB6 Family & Parenting
psychologist eleanor maccoby,0.85,IAB6 Family & Parenting
"psychologist margaret mahler,hungarian, central figure inpsychoanalysis",0.85,IAB6 Family & Parenting
"psychologist ernest ""mark"" mahone",0.85,IAB6 Family & Parenting
psychologist george mandler,0.85,IAB6 Family & Parenting
psychologist jean matter mandler,0.85,IAB6 Family & Parenting
"psychologist james g. march, cognitive organizational psychology",0.85,IAB6 Family & Parenting
"psychologist abraham maslow, (maslow's hierarchy of needs)",0.85,IAB6 Family & Parenting
"psychologist william masters and virginia johnson, (pioneered research into the nature ofhuman sexual response, diagnosis, treatment)",0.85,IAB6 Family & Parenting
psychologist rollo may,0.85,IAB6 Family & Parenting
psychologist rufus may,0.85,IAB6 Family & Parenting
psychologist dan p. mcadams,0.85,IAB6 Family & Parenting
psychologist francis t. mcandrew,0.85,IAB6 Family & Parenting
psychologist david mcclelland,0.85,IAB6 Family & Parenting
psychologist james mcclelland,0.85,IAB6 Family & Parenting
psychologist sally-anne mccormack,0.85,IAB6 Family & Parenting
psychologist william mcdougall,0.85,IAB6 Family & Parenting
psychologist patrick j mcgrath,0.85,IAB6 Family & Parenting
psychologist phil mcgraw,0.85,IAB6 Family & Parenting
psychologist peter mcguffin,0.85,IAB6 Family & Parenting
psychologist david mcneill,0.85,IAB6 Family & Parenting
psychologist george herbert mead,0.85,IAB6 Family & Parenting
psychologist paul meehl,0.85,IAB6 Family & Parenting
psychologist jacques mehler,0.85,IAB6 Family & Parenting
psychologist rivka bertisch meir,0.85,IAB6 Family & Parenting
psychologist andrew meltzoff,0.85,IAB6 Family & Parenting
psychologist ronald melzack,0.85,IAB6 Family & Parenting
psychologist wolfgang metzger,0.85,IAB6 Family & Parenting
psychologist david e. meyer,0.85,IAB6 Family & Parenting
"psychologist stanley milgram, (milgram experiment)",0.85,IAB6 Family & Parenting
psychologist alice miller,0.85,IAB6 Family & Parenting
psychologist george a. miller,0.85,IAB6 Family & Parenting
psychologist jacques-alain miller,0.85,IAB6 Family & Parenting
"psychologist neal e. miller,biofeedback",0.85,IAB6 Family & Parenting
"psychologist william r. miller, (motivational interviewing (mi))",0.85,IAB6 Family & Parenting
"psychologist theodore millon,personality disorders",0.85,IAB6 Family & Parenting
psychologist brenda milner,0.85,IAB6 Family & Parenting
"psychologist arnold mindell,process oriented psychology",0.85,IAB6 Family & Parenting
"psychologist walter mischel, (marshmallow experiment)",0.85,IAB6 Family & Parenting
psychologist munesuke mita,0.85,IAB6 Family & Parenting
psychologist john money,0.85,IAB6 Family & Parenting
psychologist maria montessori,0.85,IAB6 Family & Parenting
"psychologist jacob l. moreno,psychodrama",0.85,IAB6 Family & Parenting
"psychologist c. lloyd morgan,canon",0.85,IAB6 Family & Parenting
psychologist john morton,0.85,IAB6 Family & Parenting
psychologist yūjirō motora,0.85,IAB6 Family & Parenting
psychologist orval hobart mowrer,0.85,IAB6 Family & Parenting
psychologist georg elias müller,0.85,IAB6 Family & Parenting
psychologist henry murray,0.85,IAB6 Family & Parenting
psychologist hugo münsterberg,0.85,IAB6 Family & Parenting
psychologist charles samuel myers,0.85,IAB6 Family & Parenting
psychologist albert nalchajyan,0.85,IAB6 Family & Parenting
psychologist ulric neisser,0.85,IAB6 Family & Parenting
psychologist erich neumann,0.85,IAB6 Family & Parenting
psychologist richard nisbett,0.85,IAB6 Family & Parenting
psychologist donald norman,0.85,IAB6 Family & Parenting
psychologist kent norman,0.85,IAB6 Family & Parenting
psychologist charles e. osgood,0.85,IAB6 Family & Parenting
psychologist joy osofsky,0.85,IAB6 Family & Parenting
psychologist j. buzz von ornsteiner,0.85,IAB6 Family & Parenting
psychologist lise østergaard,0.85,IAB6 Family & Parenting
psychologist allan paivio,0.85,IAB6 Family & Parenting
psychologist linda papadopoulos,0.85,IAB6 Family & Parenting
psychologist ivan pavlov,0.85,IAB6 Family & Parenting
psychologist carolyn r. payton,0.85,IAB6 Family & Parenting
psychologist fritz perls,0.85,IAB6 Family & Parenting
psychologist cheves perky(perky effect),0.85,IAB6 Family & Parenting
psychologist christopher peterson,0.85,IAB6 Family & Parenting
psychologist anne c. petersen,0.85,IAB6 Family & Parenting
psychologist eva bendix petersen,0.85,IAB6 Family & Parenting
psychologist jordan peterson,0.85,IAB6 Family & Parenting
"psychologist jean piaget, (piagetian psychologyandgenetic epistemology,piaget's theory of cognitive development)",0.85,IAB6 Family & Parenting
psychologist robert o. pihl,0.85,IAB6 Family & Parenting
"psychologist steven pinker, (experimental psychology, cognitive science)",0.85,IAB6 Family & Parenting
psychologist robert plomin,0.85,IAB6 Family & Parenting
psychologist michael posner,0.85,IAB6 Family & Parenting
psychologist jonathan potter,0.85,IAB6 Family & Parenting
psychologist james w. prescott,0.85,IAB6 Family & Parenting
psychologist leshawndra price,0.85,IAB6 Family & Parenting
psychologist inez beverly prosser,0.85,IAB6 Family & Parenting
psychologist lorine livingston pruette,0.85,IAB6 Family & Parenting
"psychologist zenon pylyshyn, cognitive psychology",0.85,IAB6 Family & Parenting
"psychologist otto rank, (psychoanalyst)",0.85,IAB6 Family & Parenting
psychologist rosalie rayner,0.85,IAB6 Family & Parenting
psychologist reimut reiche,0.85,IAB6 Family & Parenting
psychologist dennis reina,0.85,IAB6 Family & Parenting
psychologist ulf-dietrich reips,0.85,IAB6 Family & Parenting
psychologist daniel reisberg,0.85,IAB6 Family & Parenting
psychologist robert remez,0.85,IAB6 Family & Parenting
psychologist samuel renshaw,0.85,IAB6 Family & Parenting
psychologist cecil r. reynolds,0.85,IAB6 Family & Parenting
psychologist judith rich harris,0.85,IAB6 Family & Parenting
psychologist sylvia rimm,0.85,IAB6 Family & Parenting
psychologist michele ritterman,0.85,IAB6 Family & Parenting
"psychologist carl rogers, (person-centered therapy)",0.85,IAB6 Family & Parenting
psychologist eleanor rosch,0.85,IAB6 Family & Parenting
psychologist paul rosenfels,0.85,IAB6 Family & Parenting
psychologist robert rosenthal,0.85,IAB6 Family & Parenting
"psychologist barbara rothbaum,virtual reality therapy",0.85,IAB6 Family & Parenting
psychologist john rowan,0.85,IAB6 Family & Parenting
psychologist philip rubin,0.85,IAB6 Family & Parenting
psychologist sergei rubinstein,0.85,IAB6 Family & Parenting
psychologist susanna rubinstein,0.85,IAB6 Family & Parenting
psychologist david rumelhart,0.85,IAB6 Family & Parenting
psychologist michelle k. ryan,0.85,IAB6 Family & Parenting
"psychologist jeanne safer,psychotherapy",0.85,IAB6 Family & Parenting
psychologist eleanor saffran,0.85,IAB6 Family & Parenting
psychologist tamaki saitō,0.85,IAB6 Family & Parenting
psychologist tora sandström,0.85,IAB6 Family & Parenting
psychologist virginia satir,0.85,IAB6 Family & Parenting
"psychologist shlomo sawilowsky,psychometrics, construct validity for themultitrait-multimethod matrix",0.85,IAB6 Family & Parenting
psychologist daniel schacter,0.85,IAB6 Family & Parenting
"psychologist stanley schachter, affiliation studies,two factor theory of emotion",0.85,IAB6 Family & Parenting
psychologist roy schafer,0.85,IAB6 Family & Parenting
psychologist k. warner schaie,0.85,IAB6 Family & Parenting
psychologist edgar schein,0.85,IAB6 Family & Parenting
psychologist gunter schmidt,0.85,IAB6 Family & Parenting
"psychologist kirk schneider, existential-integrative therapy",0.85,IAB6 Family & Parenting
psychologist erich schröger,0.85,IAB6 Family & Parenting
psychologist walter dill scott,0.85,IAB6 Family & Parenting
psychologist ivan sechenov,0.85,IAB6 Family & Parenting
"psychologist martin seligman, (founder ofpositive psychology,happiness,learned helplessness)",0.85,IAB6 Family & Parenting
psychologist deborah serani,0.85,IAB6 Family & Parenting
"psychologist francine shapiro, (founder ofemdr)",0.85,IAB6 Family & Parenting
psychologist tamara sher,0.85,IAB6 Family & Parenting
psychologist sara shettleworth,0.85,IAB6 Family & Parenting
psychologist hunter b. shirley,0.85,IAB6 Family & Parenting
psychologist morita shoma,0.85,IAB6 Family & Parenting
psychologist volkmar sigusch,0.85,IAB6 Family & Parenting
"psychologist herbert a. simon,nobel prize in economics",0.85,IAB6 Family & Parenting
"psychologist théodore simon, french psychologist who developed thebinet-simon scale",0.85,IAB6 Family & Parenting
psychologist amy singer,0.85,IAB6 Family & Parenting
"psychologist b. f. skinner, (founder ofradical behaviorism)",0.85,IAB6 Family & Parenting
psychologist victor skumin,0.85,IAB6 Family & Parenting
psychologist paul slovic,0.85,IAB6 Family & Parenting
psychologist stanley smith stevens,0.85,IAB6 Family & Parenting
psychologist eugene sokolov,0.85,IAB6 Family & Parenting
psychologist charles spearman,0.85,IAB6 Family & Parenting
psychologist elizabeth spelke,0.85,IAB6 Family & Parenting
psychologist janet taylor spence,0.85,IAB6 Family & Parenting
psychologist herbert spencer,0.85,IAB6 Family & Parenting
psychologist sabina spielrein,0.85,IAB6 Family & Parenting
psychologist clara stern,0.85,IAB6 Family & Parenting
psychologist robert sternberg,0.85,IAB6 Family & Parenting
psychologist saul sternberg,0.85,IAB6 Family & Parenting
psychologist paul stevenson,0.85,IAB6 Family & Parenting
psychologist fritz strack,0.85,IAB6 Family & Parenting
"psychologist george m. stratton, founder ofuc berkeley's department of psychology",0.85,IAB6 Family & Parenting
psychologist harry stack sullivan,0.85,IAB6 Family & Parenting
psychologist carl stumpf,0.85,IAB6 Family & Parenting
psychologist william swann,0.85,IAB6 Family & Parenting
psychologist norbert schwarz,0.85,IAB6 Family & Parenting
psychologist josé szapocznik,0.85,IAB6 Family & Parenting
psychologist ali ibn sahl rabban al-tabari,0.85,IAB6 Family & Parenting
"psychologist henri tajfel,prejudice,social identity",0.85,IAB6 Family & Parenting
psychologist jeffrey s. tanaka,0.85,IAB6 Family & Parenting
psychologist shelley e. taylor,0.85,IAB6 Family & Parenting
"psychologist lewis terman, (iq, genius, talent)",0.85,IAB6 Family & Parenting
"psychologist philip e. tetlock(the good judgment project,forecasting,decision making)",0.85,IAB6 Family & Parenting
psychologist sharon thompson-schill,0.85,IAB6 Family & Parenting
"psychologist edward thorndike, puzzle boxes,connectionism",0.85,IAB6 Family & Parenting
"psychologist l. l. thurstone, pioneer inpsychometricsandpsychophysics",0.85,IAB6 Family & Parenting
psychologist edward titchener,0.85,IAB6 Family & Parenting
psychologist edward c. tolman,0.85,IAB6 Family & Parenting
psychologist john tooby,0.85,IAB6 Family & Parenting
psychologist ellis paul torrance,0.85,IAB6 Family & Parenting
"psychologist anne treisman,feature integration theory,attenuation theory, object perception, memory",0.85,IAB6 Family & Parenting
psychologist reiko true,0.85,IAB6 Family & Parenting
psychologist jeanne tsai,0.85,IAB6 Family & Parenting
psychologist kate tsui,0.85,IAB6 Family & Parenting
psychologist endel tulving,0.85,IAB6 Family & Parenting
"psychologist elliot turiel, founder of domain theory (primary challenge tokohlberg's stages of moral development)",0.85,IAB6 Family & Parenting
"psychologist john turner, collaborated with tajfel onsocial identity theoryand later developedself-categorization theory",0.85,IAB6 Family & Parenting
psychologist amos tversky,0.85,IAB6 Family & Parenting
psychologist david tzuriel,0.85,IAB6 Family & Parenting
psychologist dimitri uznadze,0.85,IAB6 Family & Parenting
psychologist douglas vakoch,0.85,IAB6 Family & Parenting
psychologist alfons vansteenwegen,0.85,IAB6 Family & Parenting
psychologist magdalen dorothea vernon,0.85,IAB6 Family & Parenting
psychologist vaira vīķe-freiberga,0.85,IAB6 Family & Parenting
psychologist hedwig von restorff,0.85,IAB6 Family & Parenting
"psychologist lev vygotsky, (cultural-historical psychology)",0.85,IAB6 Family & Parenting
psychologist stuart vyse,0.85,IAB6 Family & Parenting
"psychologist joan scott wallace, outside of government service, a psychologist and educator",0.85,IAB6 Family & Parenting
"psychologist henri wallon, french psychology",0.85,IAB6 Family & Parenting
"psychologist hans-jürgen walter, (founder ofgestalt theoretical psychotherapy)",0.85,IAB6 Family & Parenting
"psychologist margaret floy washburn, first female psychology phd",0.85,IAB6 Family & Parenting
"psychologist john b. watson, watsonianbehaviorism",0.85,IAB6 Family & Parenting
psychologist paul watzlawick,0.85,IAB6 Family & Parenting
psychologist ernst heinrich weber,0.85,IAB6 Family & Parenting
psychologist david wechsler,0.85,IAB6 Family & Parenting
"psychologist nicole weekes, psychologist and neuroscientist",0.85,IAB6 Family & Parenting
"psychologist karl e. weick, cognitive organizational psychology",0.85,IAB6 Family & Parenting
psychologist robert weimar,0.85,IAB6 Family & Parenting
"psychologist max wertheimer, co-founder of gestalt psychology",0.85,IAB6 Family & Parenting
psychologist drew westen,0.85,IAB6 Family & Parenting
"psychologist michael white, (founder ofnarrative therapy)",0.85,IAB6 Family & Parenting
"psychologist ken wilber, transpersonal psychology, then integral psychology",0.85,IAB6 Family & Parenting
"psychologist glenn d. wilson, personality and sexual behaviour",0.85,IAB6 Family & Parenting
psychologist richard wiseman,0.85,IAB6 Family & Parenting
"psychologist władysław witwicki, one of the fathers of psychology inpoland, the creator of the theory of cratism",0.85,IAB6 Family & Parenting
psychologist gustav adolf wohlgemuth,0.85,IAB6 Family & Parenting
psychologist donald woods winnicott,0.85,IAB6 Family & Parenting
psychologist robert s. woodworth,0.85,IAB6 Family & Parenting
psychologist helen thompson woolley,0.85,IAB6 Family & Parenting
"psychologist wilhelm wundt, (one of the founders of modernpsychologyas a discipline, father ofexperimental psychology)",0.85,IAB6 Family & Parenting
psychologist karen wynn,0.85,IAB6 Family & Parenting
"psychologist fei xu, developmental psychology and cognitive science",0.85,IAB6 Family & Parenting
"psychologist rivka yahav, psychotherapist",0.85,IAB6 Family & Parenting
"psychologist irvin d. yalom, (existential psychiatrist)",0.85,IAB6 Family & Parenting
psychologist robert yerkes,0.85,IAB6 Family & Parenting
psychologist robert j. zajonc,0.85,IAB6 Family & Parenting
psychologist oliver zangwill,0.85,IAB6 Family & Parenting
psychologist rené zazzo,0.85,IAB6 Family & Parenting
"psychologist bluma zeigarnik, (zeigarnik effect)",0.85,IAB6 Family & Parenting
psychologist philip zimbardo,0.85,IAB6 Family & Parenting
psychologist clinical psychologists,0.85,IAB6 Family & Parenting
psychologist cognitive psychologists,0.85,IAB6 Family & Parenting
psychologist cognitive scientists,0.85,IAB6 Family & Parenting
psychologist developmental psychologists,0.85,IAB6 Family & Parenting
psychologist educational psychologists,0.85,IAB6 Family & Parenting
psychologist psychiatrists,0.85,IAB6 Family & Parenting
psychologist social psychologists,0.85,IAB6 Family & Parenting
psychologist eminent psychologists of the 20th century,0.85,IAB6 Family & Parenting
psychologist philosophy,0.85,IAB6 Family & Parenting
psychologist portal,0.85,IAB6 Family & Parenting
psychologist psychologist,0.85,IAB6 Family & Parenting
psychologist animal testing,0.85,IAB6 Family & Parenting
psychologist archival research,0.85,IAB6 Family & Parenting
psychologist behavior epigenetics,0.85,IAB6 Family & Parenting
psychologist case study,0.85,IAB6 Family & Parenting
psychologist content analysis,0.85,IAB6 Family & Parenting
psychologist experiments,0.85,IAB6 Family & Parenting
psychologist human subject research,0.85,IAB6 Family & Parenting
psychologist interviews,0.85,IAB6 Family & Parenting
psychologist neuroimaging,0.85,IAB6 Family & Parenting
psychologist observation,0.85,IAB6 Family & Parenting
psychologist psychophysics,0.85,IAB6 Family & Parenting
psychologist qualitative research,0.85,IAB6 Family & Parenting
psychologist quantitative research,0.85,IAB6 Family & Parenting
psychologist self-report inventory,0.85,IAB6 Family & Parenting
psychologist statistical surveys,0.85,IAB6 Family & Parenting
psychologist category,0.85,IAB6 Family & Parenting
psychologist wiktionary definition,0.85,IAB6 Family & Parenting
psychologist wiktionary category,0.85,IAB6 Family & Parenting
psychologist wikisource,0.85,IAB6 Family & Parenting
psychologist wikimedia commons,0.85,IAB6 Family & Parenting
psychologist wikiquote,0.85,IAB6 Family & Parenting
psychologist wikinews,0.85,IAB6 Family & Parenting
psychologist wikibooks,0.85,IAB6 Family & Parenting
childcare parents,0.85,IAB6 Family & Parenting
childcare extended family,0.85,IAB6 Family & Parenting
childcare au pair,0.85,IAB6 Family & Parenting
childcare babysitter,0.85,IAB6 Family & Parenting
childcare governess,0.85,IAB6 Family & Parenting
childcare nanny,0.85,IAB6 Family & Parenting
childcare daycare,0.85,IAB6 Family & Parenting
childcare pre-school playgroup,0.85,IAB6 Family & Parenting
childcare early childhood education,0.85,IAB6 Family & Parenting
childcare homeschooling,0.85,IAB6 Family & Parenting
childcare pre-kindergarten,0.85,IAB6 Family & Parenting
childcare preschool,0.85,IAB6 Family & Parenting
childcare kindergarten,0.85,IAB6 Family & Parenting
childcare primary school,0.85,IAB6 Family & Parenting
childcare child protection,0.85,IAB6 Family & Parenting
childcare in loco parentis,0.85,IAB6 Family & Parenting
childcare minor,0.85,IAB6 Family & Parenting
childcare child abuse,0.85,IAB6 Family & Parenting
childcare child marriage,0.85,IAB6 Family & Parenting
childcare child online protection,0.85,IAB6 Family & Parenting
childcare family law,0.85,IAB6 Family & Parenting
childcare men in early childhood education,0.85,IAB6 Family & Parenting
childcare orphanage,0.85,IAB6 Family & Parenting
childcare parenting,0.85,IAB6 Family & Parenting
"childcare for children over the age of three and before school (i.e., kindergarten; this law became effective in 1996)",0.85,IAB6 Family & Parenting
"childcare for children under the age of three and before kindergarten (i.e., kinderkrippe; this law becomes effective 1 august 2013)",0.85,IAB6 Family & Parenting
childcare communication and language,0.85,IAB6 Family & Parenting
childcare physical development,0.85,IAB6 Family & Parenting
"childcare personal, social and emotional development",0.85,IAB6 Family & Parenting
childcare literacy,0.85,IAB6 Family & Parenting
childcare mathematics,0.85,IAB6 Family & Parenting
childcare understanding the world,0.85,IAB6 Family & Parenting
childcare expressive arts and design,0.85,IAB6 Family & Parenting
childcare adult daycare center,0.85,IAB6 Family & Parenting
childcare after-school activity,0.85,IAB6 Family & Parenting
childcare day care sexual abuse hysteria,0.85,IAB6 Family & Parenting
childcare ladies' deborah and child's protectory,0.85,IAB6 Family & Parenting
childcare day care,0.85,IAB6 Family & Parenting
childcare corporate child care,0.85,IAB6 Family & Parenting
childcare babysitting,0.85,IAB6 Family & Parenting
childcare parental leave,0.85,IAB6 Family & Parenting
childcare magda gerber,0.85,IAB6 Family & Parenting
childcare nursery school,0.85,IAB6 Family & Parenting
childcare forest kindergarten,0.85,IAB6 Family & Parenting
childcare playwork,0.85,IAB6 Family & Parenting
childcare child development,0.85,IAB6 Family & Parenting
childcare forgotten baby syndrome,0.85,IAB6 Family & Parenting
childcare work-family balance in the united states,0.85,IAB6 Family & Parenting
childcare child care licensing in north carolina,0.85,IAB6 Family & Parenting
childcare cost of raising a child,0.85,IAB6 Family & Parenting
childcare reproductive labor,0.85,IAB6 Family & Parenting
childcare birth control,0.85,IAB6 Family & Parenting
childcare natural family planning,0.85,IAB6 Family & Parenting
childcare male contraceptive,0.85,IAB6 Family & Parenting
childcare pre-conception counseling,0.85,IAB6 Family & Parenting
childcare assisted reproductive technologyartificial inseminationfertility fraudfertility medicationin vitro fertilisationpartner-assisted reproduction,0.85,IAB6 Family & Parenting
childcare fertility awareness,0.85,IAB6 Family & Parenting
childcare unintended pregnancy,0.85,IAB6 Family & Parenting
childcare artificial insemination,0.85,IAB6 Family & Parenting
childcare fertility fraud,0.85,IAB6 Family & Parenting
childcare fertility medication,0.85,IAB6 Family & Parenting
childcare in vitro fertilisation,0.85,IAB6 Family & Parenting
childcare partner-assisted reproduction,0.85,IAB6 Family & Parenting
childcare 3d ultrasound,0.85,IAB6 Family & Parenting
childcare obstetric ultrasonography,0.85,IAB6 Family & Parenting
childcare pregnancy testhome testing,0.85,IAB6 Family & Parenting
childcare prenatal testing,0.85,IAB6 Family & Parenting
childcare medical imaging,0.85,IAB6 Family & Parenting
childcare home testing,0.85,IAB6 Family & Parenting
childcare cervical,0.85,IAB6 Family & Parenting
childcare cryptic,0.85,IAB6 Family & Parenting
childcare ectopic,0.85,IAB6 Family & Parenting
childcare abdominal,0.85,IAB6 Family & Parenting
childcare heterotopic,0.85,IAB6 Family & Parenting
childcare molar,0.85,IAB6 Family & Parenting
childcare ovarian,0.85,IAB6 Family & Parenting
childcare postterm,0.85,IAB6 Family & Parenting
childcare unintended,0.85,IAB6 Family & Parenting
childcare interstitial,0.85,IAB6 Family & Parenting
childcare rudimentary horn,0.85,IAB6 Family & Parenting
childcare bradley method,0.85,IAB6 Family & Parenting
childcare lamaze,0.85,IAB6 Family & Parenting
childcare mother,0.85,IAB6 Family & Parenting
childcare newbornpreterm birth,0.85,IAB6 Family & Parenting
childcare postterm pregnancy,0.85,IAB6 Family & Parenting
childcare doula,0.85,IAB6 Family & Parenting
childcare birth attendant,0.85,IAB6 Family & Parenting
childcare men's roles,0.85,IAB6 Family & Parenting
childcare midwifeauxiliary nurse midwife,0.85,IAB6 Family & Parenting
childcare obstetrician,0.85,IAB6 Family & Parenting
childcare perinatal nurse,0.85,IAB6 Family & Parenting
childcare traditional birth attendant,0.85,IAB6 Family & Parenting
childcare preterm birth,0.85,IAB6 Family & Parenting
childcare auxiliary nurse midwife,0.85,IAB6 Family & Parenting
childcare pelvimetry/bishop scorecervical dilationcervical effacementposition,0.85,IAB6 Family & Parenting
childcare bloody show,0.85,IAB6 Family & Parenting
childcare uterine contraction,0.85,IAB6 Family & Parenting
childcare vaginal delivery,0.85,IAB6 Family & Parenting
childcare presentationbreechcephalicshoulder,0.85,IAB6 Family & Parenting
childcare rupture of membranes,0.85,IAB6 Family & Parenting
childcare caesarean,0.85,IAB6 Family & Parenting
childcare childbirth positions,0.85,IAB6 Family & Parenting
childcare home birth,0.85,IAB6 Family & Parenting
childcare labor induction,0.85,IAB6 Family & Parenting
childcare multiple birth,0.85,IAB6 Family & Parenting
childcare natural childbirth,0.85,IAB6 Family & Parenting
childcare silent birth,0.85,IAB6 Family & Parenting
childcare unassisted childbirth,0.85,IAB6 Family & Parenting
childcare water birth,0.85,IAB6 Family & Parenting
childcare placental expulsion,0.85,IAB6 Family & Parenting
childcare cervical dilation,0.85,IAB6 Family & Parenting
childcare cervical effacement,0.85,IAB6 Family & Parenting
childcare position,0.85,IAB6 Family & Parenting
childcare breech,0.85,IAB6 Family & Parenting
childcare cephalic,0.85,IAB6 Family & Parenting
childcare shoulder,0.85,IAB6 Family & Parenting
childcare amniotic fluid,0.85,IAB6 Family & Parenting
childcare amniotic sac,0.85,IAB6 Family & Parenting
childcare endometrium,0.85,IAB6 Family & Parenting
childcare placenta,0.85,IAB6 Family & Parenting
childcare embryo,0.85,IAB6 Family & Parenting
childcare fetus,0.85,IAB6 Family & Parenting
childcare fundal height,0.85,IAB6 Family & Parenting
childcare gestational age,0.85,IAB6 Family & Parenting
childcare maternal physiological changes,0.85,IAB6 Family & Parenting
childcare postpartum physiological changes,0.85,IAB6 Family & Parenting
childcare brain health and pollution,0.85,IAB6 Family & Parenting
childcare nutritionenvironmental toxicantsin pregnancyprenatal,0.85,IAB6 Family & Parenting
childcare prenatal depression,0.85,IAB6 Family & Parenting
childcare immunization,0.85,IAB6 Family & Parenting
childcare concomitant conditionsanemiahypertensionhypercoagulabilitysubstance usesmokingalcoholcannabisopioidsendocrine diseasesdiabetesthyroid diseaseliver diseasesacute fatty liverintrahepatic cholestasisinfectionshivcovid-19hepatitis cmalariaskin diseaseslupuspruritic folliculitisdermatosesothersdrugsvaginal florableedingmotor vehicle emissionspre-existing diseasesleep,0.85,IAB6 Family & Parenting
childcare environmental toxicants,0.85,IAB6 Family & Parenting
childcare in pregnancy,0.85,IAB6 Family & Parenting
childcare prenatal,0.85,IAB6 Family & Parenting
childcare anemia,0.85,IAB6 Family & Parenting
childcare hypertension,0.85,IAB6 Family & Parenting
childcare hypercoagulability,0.85,IAB6 Family & Parenting
childcare substance usesmokingalcoholcannabisopioids,0.85,IAB6 Family & Parenting
childcare endocrine diseasesdiabetesthyroid disease,0.85,IAB6 Family & Parenting
childcare liver diseasesacute fatty liverintrahepatic cholestasis,0.85,IAB6 Family & Parenting
childcare infectionshivcovid-19hepatitis cmalaria,0.85,IAB6 Family & Parenting
childcare skin diseaseslupuspruritic folliculitisdermatoses,0.85,IAB6 Family & Parenting
childcare othersdrugsvaginal florableedingmotor vehicle emissionspre-existing diseasesleep,0.85,IAB6 Family & Parenting
childcare smoking,0.85,IAB6 Family & Parenting
childcare alcohol,0.85,IAB6 Family & Parenting
childcare cannabis,0.85,IAB6 Family & Parenting
childcare opioids,0.85,IAB6 Family & Parenting
childcare diabetes,0.85,IAB6 Family & Parenting
childcare thyroid disease,0.85,IAB6 Family & Parenting
childcare acute fatty liver,0.85,IAB6 Family & Parenting
childcare intrahepatic cholestasis,0.85,IAB6 Family & Parenting
childcare hiv,0.85,IAB6 Family & Parenting
childcare covid-19,0.85,IAB6 Family & Parenting
childcare hepatitis c,0.85,IAB6 Family & Parenting
childcare malaria,0.85,IAB6 Family & Parenting
childcare lupus,0.85,IAB6 Family & Parenting
childcare pruritic folliculitis,0.85,IAB6 Family & Parenting
childcare dermatoses,0.85,IAB6 Family & Parenting
childcare drugs,0.85,IAB6 Family & Parenting
childcare vaginal flora,0.85,IAB6 Family & Parenting
childcare bleeding,0.85,IAB6 Family & Parenting
childcare motor vehicle emissions,0.85,IAB6 Family & Parenting
childcare pre-existing disease,0.85,IAB6 Family & Parenting
childcare sleep,0.85,IAB6 Family & Parenting
childcare amniocentesis,0.85,IAB6 Family & Parenting
childcare cardiotocography,0.85,IAB6 Family & Parenting
childcare chorionic villus sampling,0.85,IAB6 Family & Parenting
childcare nonstress test,0.85,IAB6 Family & Parenting
childcare abortion,0.85,IAB6 Family & Parenting
childcare lochia,0.85,IAB6 Family & Parenting
childcare postpartum care,0.85,IAB6 Family & Parenting
childcare postpartum depression,0.85,IAB6 Family & Parenting
childcare postpartum confinement,0.85,IAB6 Family & Parenting
childcare sex after pregnancy,0.85,IAB6 Family & Parenting
childcare psychiatric disorders of childbirth,0.85,IAB6 Family & Parenting
childcare health visitor,0.85,IAB6 Family & Parenting
childcare lactation consultant,0.85,IAB6 Family & Parenting
childcare monthly nurse,0.85,IAB6 Family & Parenting
childcare confinement nanny,0.85,IAB6 Family & Parenting
childcare adaptation to extrauterine life,0.85,IAB6 Family & Parenting
childcare apgar score,0.85,IAB6 Family & Parenting
childcare child care,0.85,IAB6 Family & Parenting
childcare congenital disorders,0.85,IAB6 Family & Parenting
childcare gravidity and parity,0.85,IAB6 Family & Parenting
childcare parental brain,0.85,IAB6 Family & Parenting
childcare parent,0.85,IAB6 Family & Parenting
childcare father,0.85,IAB6 Family & Parenting
childcare adoptive,0.85,IAB6 Family & Parenting
childcare alloparenting,0.85,IAB6 Family & Parenting
childcare coparenting,0.85,IAB6 Family & Parenting
childcare foster care,0.85,IAB6 Family & Parenting
childcare noncustodial,0.85,IAB6 Family & Parenting
childcare nuclear family,0.85,IAB6 Family & Parenting
childcare orphaned,0.85,IAB6 Family & Parenting
childcare same-sex,0.85,IAB6 Family & Parenting
childcare shared parenting,0.85,IAB6 Family & Parenting
childcare single parent,0.85,IAB6 Family & Parenting
childcare blended family,0.85,IAB6 Family & Parenting
childcare surrogacy,0.85,IAB6 Family & Parenting
childcare attachment theory,0.85,IAB6 Family & Parenting
childcare applied behavior analysis,0.85,IAB6 Family & Parenting
childcare behaviorism,0.85,IAB6 Family & Parenting
childcare cognitive development,0.85,IAB6 Family & Parenting
childcare developmental psychology,0.85,IAB6 Family & Parenting
childcare human development,0.85,IAB6 Family & Parenting
childcare identity formation,0.85,IAB6 Family & Parenting
childcare introjection,0.85,IAB6 Family & Parenting
childcare love,0.85,IAB6 Family & Parenting
childcare maternal bond,0.85,IAB6 Family & Parenting
childcare nature versus nurture,0.85,IAB6 Family & Parenting
childcare parental investmentcare workcost of raising a childpaternal careunpaid work,0.85,IAB6 Family & Parenting
childcare paternal bond,0.85,IAB6 Family & Parenting
childcare pediatrics,0.85,IAB6 Family & Parenting
childcare social emotional development,0.85,IAB6 Family & Parenting
childcare socialization,0.85,IAB6 Family & Parenting
childcare social psychology,0.85,IAB6 Family & Parenting
childcare care work,0.85,IAB6 Family & Parenting
childcare paternal care,0.85,IAB6 Family & Parenting
childcare unpaid work,0.85,IAB6 Family & Parenting
childcare achievement ideology,0.85,IAB6 Family & Parenting
childcare atlas personality,0.85,IAB6 Family & Parenting
childcare attachment parenting,0.85,IAB6 Family & Parenting
childcare baby talk,0.85,IAB6 Family & Parenting
childcare buddha-like parenting,0.85,IAB6 Family & Parenting
childcare concerted cultivation,0.85,IAB6 Family & Parenting
childcare enmeshment,0.85,IAB6 Family & Parenting
childcare free-range parenting,0.85,IAB6 Family & Parenting
childcare gatekeeper parent,0.85,IAB6 Family & Parenting
childcare helicopter parent,0.85,IAB6 Family & Parenting
childcare nurturant parenting,0.85,IAB6 Family & Parenting
childcare reflective parenting,0.85,IAB6 Family & Parenting
childcare slow parenting,0.85,IAB6 Family & Parenting
childcare soccer mom,0.85,IAB6 Family & Parenting
childcare strict father model,0.85,IAB6 Family & Parenting
childcare taking children seriously,0.85,IAB6 Family & Parenting
childcare theybie,0.85,IAB6 Family & Parenting
childcare tiger parenting,0.85,IAB6 Family & Parenting
childcare work at home parent,0.85,IAB6 Family & Parenting
childcare allowance,0.85,IAB6 Family & Parenting
childcare bedtime,0.85,IAB6 Family & Parenting
childcare co-sleeping,0.85,IAB6 Family & Parenting
childcare dishabituation,0.85,IAB6 Family & Parenting
childcare education,0.85,IAB6 Family & Parenting
childcare habituation,0.85,IAB6 Family & Parenting
childcare identification (psychology),0.85,IAB6 Family & Parenting
childcare kommune 1,0.85,IAB6 Family & Parenting
childcare latchkey kid,0.85,IAB6 Family & Parenting
childcare moral development,0.85,IAB6 Family & Parenting
childcare normative social influence,0.85,IAB6 Family & Parenting
childcare parent management training,0.85,IAB6 Family & Parenting
childcare play(date),0.85,IAB6 Family & Parenting
childcare role model,0.85,IAB6 Family & Parenting
childcare social integration,0.85,IAB6 Family & Parenting
childcare television,0.85,IAB6 Family & Parenting
childcare the talk (race),0.85,IAB6 Family & Parenting
childcare the talk (sex education),0.85,IAB6 Family & Parenting
childcare toy(educational),0.85,IAB6 Family & Parenting
childcare positive parenting program,0.85,IAB6 Family & Parenting
childcare blanket training,0.85,IAB6 Family & Parenting
childcare corporal punishment in the home,0.85,IAB6 Family & Parenting
childcare curfew,0.85,IAB6 Family & Parenting
childcare grounding,0.85,IAB6 Family & Parenting
childcare positive discipline,0.85,IAB6 Family & Parenting
childcare tactical ignoring,0.85,IAB6 Family & Parenting
childcare time-out,0.85,IAB6 Family & Parenting
childcare adverse childhood experiences,0.85,IAB6 Family & Parenting
childcare child abandonment,0.85,IAB6 Family & Parenting
childcare child labour,0.85,IAB6 Family & Parenting
childcare child neglect,0.85,IAB6 Family & Parenting
childcare cinderella effect,0.85,IAB6 Family & Parenting
childcare codependency,0.85,IAB6 Family & Parenting
childcare deadbeat parent,0.85,IAB6 Family & Parenting
childcare dysfunctional family,0.85,IAB6 Family & Parenting
childcare effects of domestic violence,0.85,IAB6 Family & Parenting
childcare incest,0.85,IAB6 Family & Parenting
childcare management of domestic violence,0.85,IAB6 Family & Parenting
childcare narcissistic parent,0.85,IAB6 Family & Parenting
childcare parental abuse by children,0.85,IAB6 Family & Parenting
childcare parental alienation,0.85,IAB6 Family & Parenting
childcare stress in early childhood,0.85,IAB6 Family & Parenting
childcare child custody,0.85,IAB6 Family & Parenting
childcare child support,0.85,IAB6 Family & Parenting
childcare disownment,0.85,IAB6 Family & Parenting
childcare family disruption,0.85,IAB6 Family & Parenting
childcare right to family life,0.85,IAB6 Family & Parenting
childcare marriage,0.85,IAB6 Family & Parenting
childcare parental responsibility,0.85,IAB6 Family & Parenting
childcare parents' rights,0.85,IAB6 Family & Parenting
childcare paternity,0.85,IAB6 Family & Parenting
childcare mary ainsworth,0.85,IAB6 Family & Parenting
childcare diana baumrind,0.85,IAB6 Family & Parenting
childcare john bowlby,0.85,IAB6 Family & Parenting
childcare t. berry brazelton,0.85,IAB6 Family & Parenting
childcare rudolf dreikurs,0.85,IAB6 Family & Parenting
childcare david elkind,0.85,IAB6 Family & Parenting
childcare jo frost,0.85,IAB6 Family & Parenting
childcare haim ginott,0.85,IAB6 Family & Parenting
childcare thomas gordon,0.85,IAB6 Family & Parenting
childcare alan e. kazdin,0.85,IAB6 Family & Parenting
childcare truby king,0.85,IAB6 Family & Parenting
childcare annette lareau,0.85,IAB6 Family & Parenting
childcare penelope leach,0.85,IAB6 Family & Parenting
childcare matthew sanders,0.85,IAB6 Family & Parenting
childcare william sears,0.85,IAB6 Family & Parenting
childcare b. f. skinner,0.85,IAB6 Family & Parenting
childcare benjamin spock,0.85,IAB6 Family & Parenting
childcare families need fathers,0.85,IAB6 Family & Parenting
childcare mothers apart from their children,0.85,IAB6 Family & Parenting
childcare mothers' union,0.85,IAB6 Family & Parenting
childcare national childbirth trust,0.85,IAB6 Family & Parenting
childcare national fatherhood initiative,0.85,IAB6 Family & Parenting
childcare national parents organization,0.85,IAB6 Family & Parenting
childcare parent–teacher association,0.85,IAB6 Family & Parenting
childcare parents against child exploitation,0.85,IAB6 Family & Parenting
childcare baby food,0.85,IAB6 Family & Parenting
childcare birth weight,0.85,IAB6 Family & Parenting
childcare breast pump,0.85,IAB6 Family & Parenting
childcare breastfeeding,0.85,IAB6 Family & Parenting
childcare breastfeeding and medications,0.85,IAB6 Family & Parenting
childcare breastfeeding and mental health,0.85,IAB6 Family & Parenting
childcare bottle feeding,0.85,IAB6 Family & Parenting
childcare colic,0.85,IAB6 Family & Parenting
childcare cradle cap,0.85,IAB6 Family & Parenting
childcare esotropia,0.85,IAB6 Family & Parenting
childcare failure to thrive,0.85,IAB6 Family & Parenting
childcare infant and toddler safety,0.85,IAB6 Family & Parenting
childcare infant bathing,0.85,IAB6 Family & Parenting
childcare infant feeding,0.85,IAB6 Family & Parenting
childcare infant food safety,0.85,IAB6 Family & Parenting
childcare infant formula,0.85,IAB6 Family & Parenting
childcare infant massage,0.85,IAB6 Family & Parenting
childcare infant respiratory distress syndrome,0.85,IAB6 Family & Parenting
childcare infant sleep training,0.85,IAB6 Family & Parenting
childcare neonatal intensive care unit,0.85,IAB6 Family & Parenting
childcare newborn care and safety,0.85,IAB6 Family & Parenting
childcare oral rehydration therapypedialyte,0.85,IAB6 Family & Parenting
childcare shaken baby syndrome,0.85,IAB6 Family & Parenting
childcare soy formula,0.85,IAB6 Family & Parenting
childcare sids,0.85,IAB6 Family & Parenting
childcare pedialyte,0.85,IAB6 Family & Parenting
childcare baby-led weaning,0.85,IAB6 Family & Parenting
childcare babbling,0.85,IAB6 Family & Parenting
childcare birth defect,0.85,IAB6 Family & Parenting
childcare childbirth,0.85,IAB6 Family & Parenting
childcare crawling,0.85,IAB6 Family & Parenting
childcare infant visual development,0.85,IAB6 Family & Parenting
childcare irritant diaper dermatitis,0.85,IAB6 Family & Parenting
childcare infant cognitive development,0.85,IAB6 Family & Parenting
childcare infant crying,0.85,IAB6 Family & Parenting
childcare kangaroo care,0.85,IAB6 Family & Parenting
childcare nursery rhyme,0.85,IAB6 Family & Parenting
childcare object permanence,0.85,IAB6 Family & Parenting
childcare peekaboo,0.85,IAB6 Family & Parenting
childcare play,0.85,IAB6 Family & Parenting
childcare prenatal development,0.85,IAB6 Family & Parenting
childcare prenatal development table,0.85,IAB6 Family & Parenting
childcare teething,0.85,IAB6 Family & Parenting
childcare walking,0.85,IAB6 Family & Parenting
childcare weaning,0.85,IAB6 Family & Parenting
childcare attachment,0.85,IAB6 Family & Parenting
childcare children's rightsun child rights,0.85,IAB6 Family & Parenting
childcare circumcision,0.85,IAB6 Family & Parenting
childcare grandparent visitation,0.85,IAB6 Family & Parenting
childcare infant swimming,0.85,IAB6 Family & Parenting
childcare milk bank,0.85,IAB6 Family & Parenting
childcare wet nurse,0.85,IAB6 Family & Parenting
childcare un child rights,0.85,IAB6 Family & Parenting
childcare baby bouncer,0.85,IAB6 Family & Parenting
childcare baby gate,0.85,IAB6 Family & Parenting
childcare baby monitor/hidden camera,0.85,IAB6 Family & Parenting
childcare baby powder,0.85,IAB6 Family & Parenting
childcare baby shampoo,0.85,IAB6 Family & Parenting
childcare baby toy,0.85,IAB6 Family & Parenting
childcare baby walker,0.85,IAB6 Family & Parenting
childcare bib,0.85,IAB6 Family & Parenting
childcare baby swing,0.85,IAB6 Family & Parenting
childcare baby transport,0.85,IAB6 Family & Parenting
childcare bassinet,0.85,IAB6 Family & Parenting
childcare car seat safetychild vehicular heat stroke deaths,0.85,IAB6 Family & Parenting
childcare cloth diaper,0.85,IAB6 Family & Parenting
childcare cradle board,0.85,IAB6 Family & Parenting
childcare diaper,0.85,IAB6 Family & Parenting
childcare diaper bag,0.85,IAB6 Family & Parenting
childcare baby wipes,0.85,IAB6 Family & Parenting
childcare haberman feeder,0.85,IAB6 Family & Parenting
childcare high chair,0.85,IAB6 Family & Parenting
"childcare infant bed(american 'crib' and 'cradle', british 'cot')",0.85,IAB6 Family & Parenting
childcare infant carrier,0.85,IAB6 Family & Parenting
childcare infant clothing,0.85,IAB6 Family & Parenting
childcare pacifier,0.85,IAB6 Family & Parenting
childcare playpen,0.85,IAB6 Family & Parenting
childcare stroller,0.85,IAB6 Family & Parenting
childcare supplemental nursing system,0.85,IAB6 Family & Parenting
childcare swaddling,0.85,IAB6 Family & Parenting
childcare swim diaper,0.85,IAB6 Family & Parenting
childcare teether,0.85,IAB6 Family & Parenting
childcare travel cot,0.85,IAB6 Family & Parenting
childcare child vehicular heat stroke deaths,0.85,IAB6 Family & Parenting
childcare baby shower,0.85,IAB6 Family & Parenting
childcare babywearing,0.85,IAB6 Family & Parenting
childcare closed adoption,0.85,IAB6 Family & Parenting
childcare cry room,0.85,IAB6 Family & Parenting
childcare fetal alcohol spectrum disorder,0.85,IAB6 Family & Parenting
childcare infant ear piercing,0.85,IAB6 Family & Parenting
childcare open adoption,0.85,IAB6 Family & Parenting
childcare prenatal cocaine exposure,0.85,IAB6 Family & Parenting
childcare neonatal withdrawal syndrome,0.85,IAB6 Family & Parenting
childcare parental child abduction,0.85,IAB6 Family & Parenting
childcare parenting plan,0.85,IAB6 Family & Parenting
childcare paternitypaternity fraud,0.85,IAB6 Family & Parenting
childcare paternity fraud,0.85,IAB6 Family & Parenting
childcare germany,0.85,IAB6 Family & Parenting
childcare japan,0.85,IAB6 Family & Parenting
childcare czech republic2,0.85,IAB6 Family & Parenting
childcare latvia,0.85,IAB6 Family & Parenting
childcare nara,0.85,IAB6 Family & Parenting
"parenting styles children who experience anger and resentment coupled with the downsides of both inhibitedself-efficacyand highself-blameoften retreat intoescapist behaviors, including but not limited tosubstance abuse, and are at heightened risk forsuicide.",0.85,IAB6 Family & Parenting
parenting styles self-importance,0.85,IAB6 Family & Parenting
parenting styles no respect for boundaries,0.85,IAB6 Family & Parenting
parenting styles communication as warfare,0.85,IAB6 Family & Parenting
parenting styles gaslighting,0.85,IAB6 Family & Parenting
parenting styles playing the victim,0.85,IAB6 Family & Parenting
parenting styles unrealistic expectations,0.85,IAB6 Family & Parenting
parenting styles being under- orover-protective,0.85,IAB6 Family & Parenting
"parenting styles apathy(""i don't care!"")",0.85,IAB6 Family & Parenting
"parenting styles belittling (""you can't do anything right!"")",0.85,IAB6 Family & Parenting
"parenting styles shame(""shame on you!"")",0.85,IAB6 Family & Parenting
"parenting styles bitterness (regardless of what is said, using a bittertone of voice)",0.85,IAB6 Family & Parenting
"parenting styles hypocrisy(""do as i say, not as i do"")",0.85,IAB6 Family & Parenting
parenting styles lack offorgivenessfor minor misdeeds or accidents,0.85,IAB6 Family & Parenting
"parenting styles judgmental statements ordemonization(""you are a liar!"")",0.85,IAB6 Family & Parenting
"parenting styles double standards or giving ""mixed messages"" by having a dual system ofvalues(i.e. one set for the outside world, another when in private, or teaching divergent values to each child)",0.85,IAB6 Family & Parenting
"parenting styles the absentee parent (seldom available for their child due towork overload, alcohol/drug abuse,gambling, or other addictions)",0.85,IAB6 Family & Parenting
"parenting styles unfulfilled projects, activities, and promises affecting children (""we'll do it later"")",0.85,IAB6 Family & Parenting
parenting styles giving to one child what rightly belongs to another,0.85,IAB6 Family & Parenting
parenting styles genderprejudice(treats one gender of children fairly; the other unfairly),0.85,IAB6 Family & Parenting
"parenting styles discussion and exposure to sexuality: either too much, too soon or too little, too late",0.85,IAB6 Family & Parenting
"parenting styles faultydisciplinebased more onemotionsor familypoliticsthan on established rules (e.g.,punishmentby ""surprise"")",0.85,IAB6 Family & Parenting
"parenting styles having an unpredictable emotional state due tosubstance abuse,personality disorder(s), orstress",0.85,IAB6 Family & Parenting
"parenting styles parents always (or never) take their children's side when others report acts of misbehavior, or teachers report problems at school",0.85,IAB6 Family & Parenting
parenting styles scapegoating(knowingly or recklesslyblamingone child for the misdeeds of another),0.85,IAB6 Family & Parenting
"parenting styles ""tunnel vision"" diagnosis of children's problems (for example, a parent may think their child is either lazy or haslearning disabilitiesafter he falls behind in school despite recent absence due to illness)",0.85,IAB6 Family & Parenting
parenting styles oldersiblingsgiven either no or excessiveauthorityover younger siblings with respect to their age difference and level ofmaturity,0.85,IAB6 Family & Parenting
"parenting styles frequent withholding of consent (""blessing"") for culturally common, lawful, and age-appropriate activities a child wants to take part in",0.85,IAB6 Family & Parenting
"parenting styles the ""know-it-all"" (has no need to obtain child's side of the story when accusing, or listen to child's opinions on matters which greatly impact them)",0.85,IAB6 Family & Parenting
"parenting styles regularly forcing children to attend activities for which they are extremely over- or under-qualified (e.g. using a preschool to babysit a typical nine-year-old boy, taking a young child to poker games, etc.)",0.85,IAB6 Family & Parenting
"parenting styles either being amiser(""scrooge"") in totality or selectively allowing children's needs to go unmet (e.g. a father will not buy a bicycle for his son because he wants to save money forretirementor ""something important"")",0.85,IAB6 Family & Parenting
"parenting styles disagreements aboutnature and nurture(parents, often non-biological, blame common problems on child'sheredity, when faulty parenting may be the actual cause)",0.85,IAB6 Family & Parenting
"parenting styles ""using"" (destructivelynarcissistic parentswho rule by fear and conditional love)",0.85,IAB6 Family & Parenting
"parenting styles abusing(parents who use physical violence, oremotionally, orsexuallyabuse their children)",0.85,IAB6 Family & Parenting
"parenting styles perfectionist(fixating on order, prestige, power, or perfect appearances, while preventing their child from failing at anything)",0.85,IAB6 Family & Parenting
"parenting styles dogmaticorcult-like (harsh and inflexiblediscipline, with children not allowed, within reason, to dissent, questionauthority, or develop their ownvalue system)",0.85,IAB6 Family & Parenting
parenting styles inequitable parenting (going to extremes for one child while continually ignoring the needs of another),0.85,IAB6 Family & Parenting
"parenting styles deprivation(control orneglectby withholding love,support, necessities,sympathy,praise,attention, encouragement,supervision, or otherwise putting their children's well-being at risk)",0.85,IAB6 Family & Parenting
parenting styles abuse amongsiblings(parents fail to intervene when a sibling physically or sexually abuses another sibling),0.85,IAB6 Family & Parenting
"parenting styles abandonment(a parent who willfully separates from their children, not wishing any further contact, and in some cases without locating alternative, long-term parenting arrangements, leaving them asorphans)",0.85,IAB6 Family & Parenting
"parenting styles appeasement(parents who reward bad behavior—even by their own standards—and inevitably punish another child's good behavior in order to maintain the peace and avoidtemper tantrums.""peace at any price"")",0.85,IAB6 Family & Parenting
"parenting styles loyalty manipulation (giving unearned rewards and lavish attention trying to ensure a favored yet rebellious child will be the one most loyal and well-behaved, while subtly ignoring the wants and needs of their most loyal child currently)",0.85,IAB6 Family & Parenting
"parenting styles ""the deceivers"" (well-regarded parents in the community, likely to be involved in some charitable/non-profit works, who abuse or mistreat one or more of their children)",0.85,IAB6 Family & Parenting
"parenting styles ""public image manager"" (sometimes related to above, children warned to not disclose what fights, abuse, or damage happens at home, or face severe punishment.""don't tell anyone what goes on in this family"")",0.85,IAB6 Family & Parenting
"parenting styles ""theparanoidparent"" (a parent having persistent and irrationalfearaccompanied byangerandfalse accusationsthat their child is up to no good or others are plotting harm)",0.85,IAB6 Family & Parenting
"parenting styles ""no friends allowed"" (parents discourage, prohibit, or interfere with their child from making friends of the same age and gender)",0.85,IAB6 Family & Parenting
parenting styles role reversal (parents who expect their minor children to take care of them instead),0.85,IAB6 Family & Parenting
"parenting styles ""not your business"" (children continuously told that a particular brother or sister who is often causing problems is none of their concern)",0.85,IAB6 Family & Parenting
"parenting styles ultra-egalitarianism(either a much younger child is permitted to do whatever an older child may, or an older child must wait years until a younger child is mature enough)",0.85,IAB6 Family & Parenting
"parenting styles ""the guard dog"" (a parent who blindly attacks family members perceived as causing the slightest upset to their esteemed spouse, partner, or child)",0.85,IAB6 Family & Parenting
"parenting styles ""my baby forever"" (a parent who will not allow one or more of their young children to grow up and begin taking care of themselves)",0.85,IAB6 Family & Parenting
"parenting styles ""the cheerleader"" (one parent ""cheers on"" the other parent who is simultaneously abusing their child)",0.85,IAB6 Family & Parenting
"parenting styles ""along for the ride"" (a reluctantde facto,step,foster, oradoptiveparent who does not truly care about their non-biological child, but must co-exist in the same home for the sake of their spouse or partner) (see also:cinderella effect)",0.85,IAB6 Family & Parenting
"parenting styles ""the politician"" (a parent who repeatedly makes or agrees to children's promises while having little to no intention of keeping them)",0.85,IAB6 Family & Parenting
"parenting styles ""it's taboo"" (parents rebuff any questions children may have about sexuality,pregnancy, romance,puberty, certain areas of human anatomy, nudity, etc.)",0.85,IAB6 Family & Parenting
"parenting styles identified patient(one child, usually selected by the mother, who is forced into going to therapy while the family's overall dysfunction is kept hidden)",0.85,IAB6 Family & Parenting
"parenting styles münchausen syndrome by proxy(a much more extreme situation than above, where the child is intentionally made ill by a parentseeking attentionfrom physicians and other professionals)",0.85,IAB6 Family & Parenting
parenting styles dysfunctional family,0.85,IAB6 Family & Parenting
parenting styles neglect,0.85,IAB6 Family & Parenting
parenting styles resources for infant education(rie),0.85,IAB6 Family & Parenting
parenting styles hong kong children,0.85,IAB6 Family & Parenting
parenting styles battle hymn of the tiger mother,0.85,IAB6 Family & Parenting
parenting styles reflective parenting,0.85,IAB6 Family & Parenting
parenting styles tough love § parenting and cultures,0.85,IAB6 Family & Parenting
"parenting styles hong, j.s. (2021). ""parenting style and bullying and victimization: comparing foreign-born asian, us-born asian, and white american adolescents"".journal of family violence.36(7):799–811.doi:10.1007/s10896-020-00176-y.s2cid220294556.",0.85,IAB6 Family & Parenting
"parenting styles fatima, s. (2022). ""parenting styles, moral identity and prosocial behaviors in adolescents"".current psychology.41(2):902–910.doi:10.1007/s12144-020-00609-3.s2cid212920276.",0.85,IAB6 Family & Parenting
"parenting styles younesian, s. (2021). ""maternal interactive beliefs and style as predictors of language development in preterm and full-term children"".journal of child language.48(2):215–243.doi:10.1017/s0305000920000148.pmid32618520.s2cid220328655.",0.85,IAB6 Family & Parenting
"parenting styles sanvictores t, mendez md. (2023). ""types of parenting styles and effects on children"".statpearls. statpearls.pmid33760502.",0.85,IAB6 Family & Parenting
"parenting styles zhang, x. (2021). ""resting heart rate mediates the relationship between parenting style and callous-unemotional traits in chinese children"".research on child and adolescent psychopathology.49(11):1419–1430.doi:10.1007/s10802-021-00834-9.pmid34128174.s2cid235438369.",0.85,IAB6 Family & Parenting
"parenting styles ong, m.y. (2018).""the influence of perceived parenting styles on socio-emotional development from pre-puberty into puberty"".european child & adolescent psychiatry.27(1):37–46.doi:10.1007/s00787-017-1016-9.pmc5799331.pmid28631023.",0.85,IAB6 Family & Parenting
"parenting styles edenroth-cato, f. (2020). ""motherhood and highly sensitive children in an online discussion forum"".health: an interdisciplinary journal for the social study of health, illness and medicine.24(4):442–458.doi:10.1177/1363459318812003.pmid30458638.s2cid53943559.barnhart, c.; raval, v.; jansari, a.; raval, p. (2013). ""perception of parenting style among college students in india and the united states"".journal of child family stud.22(5):684–693.doi:10.1007/s10826-012-9621-1.s2cid145393764.",0.85,IAB6 Family & Parenting
"parenting styles bornstein, m.; putnick, d. (2012).""cognitive and socioemotional caregiving in developing countries"".child development.83(1):46–61.doi:10.1111/j.1467-8624.2011.01673.x.pmc3270892.pmid22277006.",0.85,IAB6 Family & Parenting
"parenting styles pomeranz, e.; wang, q. (2009). ""the role of parental control in children's development in western and east asia countries"".current directions in psychological science.18(5):285–289.doi:10.1111/j.1467-8721.2009.01653.x.s2cid145272128.",0.85,IAB6 Family & Parenting
"parenting styles ""ch. 1 introduction - psychology | openstax"".openstax.org. 8 december 2014. retrieved2022-01-22.",0.85,IAB6 Family & Parenting
"parenting styles bower, bruce (september 2011). ""humans: recession alters parenting style: mothers with gene variant became more aggressive"".science news.180(7): 9.doi:10.1002/scin.5591800706.",0.85,IAB6 Family & Parenting
"parenting styles robert feldman, phd at the university of massachusetts amherst. child development third edition",0.85,IAB6 Family & Parenting
"parenting styles morris, a. s., cui, l., &steinberg, l.(2013). parenting research and themes: what we have learned and where to go next. in r. e. larzelere, a. s. morris, & a. w. harrist (eds.), authoritative parenting: synthesizing nurturance and discipline for optimal child development (pp. 35–58). washington, dc: american psychological association.",0.85,IAB6 Family & Parenting
"parenting styles harris. judith r. ""the nurture assumption: why children turn out the way they do,"" new york times 1998.",0.85,IAB6 Family & Parenting
"parenting styles warash, bobbie. ""are middle-class parents authoritative with a touch of permissiveness?.""delta kappa gammabulletin 74. 22007 28-31.",0.85,IAB6 Family & Parenting
"parenting styles chua, amy.why chinese mothers are superiorthe wall street journal",0.85,IAB6 Family & Parenting
"parenting styles estep, hanna m.; olson, james n. (december 2011). ""parenting style, academic dishonesty, and infidelity in college students"".college student journal.45(4):830–839.galea278276704.",0.85,IAB6 Family & Parenting
"parenting styles grobman, k.h. (2003).  diana baumrind's (1966) prototypical descriptions of 3 parenting styles. retrieved fromdiana baumrind & parenting styles",0.85,IAB6 Family & Parenting
"parenting styles rinaldi, christina m.; howe, nina (april 2012).""mothers' and fathers' parenting styles and associations with toddlers' externalizing, internalizing, and adaptive behaviors""(pdf).early childhood research quarterly.27(2):266–273.doi:10.1016/j.ecresq.2011.08.001.",0.85,IAB6 Family & Parenting
"parenting styles rivers, j.; mullis, a. k.; fortner, l. a.; mullis, r. l. (2012). ""relationships between parenting styles and the academic performance of adolescents"".journal of family social work.15(3):202–216.doi:10.1080/10522158.2012.666644.s2cid144485738.",0.85,IAB6 Family & Parenting
"parenting styles schary, d. p.; cardinal, b. j.; loprinzi, p. d. (2012). ""parenting style associated with sedentary behaviour in preschool children"".early child development & care.182(8):1015–1026.doi:10.1080/03004430.2012.678596.s2cid144427759.",0.85,IAB6 Family & Parenting
"parenting styles williams, k.; ciarrochi, j.; heaven, p. (2012). ""inflexible parents, inflexible kids: a 6-year longitudinal study of parenting style and the development of psychological flexibility in adolescents"".journal of youth and adolescence.41(8):1053–1066.doi:10.1007/s10964-012-9744-0.pmid22311519.s2cid207207009.",0.85,IAB6 Family & Parenting
"parenting styles spera, c (2005). ""a review of the relationship among parenting practices, parenting styles, and adolescent school achievement"".educational psychology review.17(2):125–146.citeseerx10.1.1.596.237.doi:10.1007/s10648-005-3950-1.s2cid11050947.",0.85,IAB6 Family & Parenting
"parenting styles ""attachment parenting: q&a with lysa parker, co-chairman of attachment parenting international.""bundoo.com. retrieved fromattachment parenting: q&a with lysa parker",0.85,IAB6 Family & Parenting
parenting styles parent,0.85,IAB6 Family & Parenting
parenting styles mother,0.85,IAB6 Family & Parenting
parenting styles father,0.85,IAB6 Family & Parenting
parenting styles adoptive,0.85,IAB6 Family & Parenting
parenting styles alloparenting,0.85,IAB6 Family & Parenting
parenting styles coparenting,0.85,IAB6 Family & Parenting
parenting styles extended family,0.85,IAB6 Family & Parenting
parenting styles foster care,0.85,IAB6 Family & Parenting
parenting styles noncustodial,0.85,IAB6 Family & Parenting
parenting styles nuclear family,0.85,IAB6 Family & Parenting
parenting styles orphaned,0.85,IAB6 Family & Parenting
parenting styles same-sex,0.85,IAB6 Family & Parenting
parenting styles shared parenting,0.85,IAB6 Family & Parenting
parenting styles single parent,0.85,IAB6 Family & Parenting
parenting styles blended family,0.85,IAB6 Family & Parenting
